0,0,0,0,0,0,0,0,0,0,0,0,0,0,0,0,0,0,0,0,0,0,0,0,0,0,0,0,0,0,0,0,0,0,0,0,0,0,0,0,0,0,0,0,0,0,0,0,0,0,0,0,0,0,0,0,0,0,0,0,0,0,0,0,0,0,0,0,0,0,0,0,0,0,0,0,0,0,0,0,0,0,0,0,0,0,0,0,0,0,0,0,0,0,0,0,0,0,0,0,0,0,0,0,0,0,0,0,0,0,0,0,0,0,0,0,0,0,0,0,0,0,0,0,0,0,0,0,0,0,0,0,0,0,0,0,0,0,0,0,0,0,0,0,0,0,0,0,0,0,0,0,0,0,0,0,0,0,0,0,0,0,0,0,0,0,0,0,0,0,0,0,0,0,0,0,0,0,0,0
0,0,0,0,0,0,0,0,0,0,0,0,0,0,0,0,0,0,0,0,0,0,0,0,0,0,0,0,0,0,0,0,0,0,0,0,0,0,0,0,0,0,0,0,0,0,0,0,0,0,0,0,0,0,0,0,0,0,0,0,0,0,0,0,0,0,0,0,0,0,0,0,0,0,0,0,0,0,0,0,0,0,0,0,0,0,0,0,0,0,0,0,0,0,0,0,0,0,0,0,0,0,0,0,0,0,0,0,0,0,0,0,0,0,0,0,0,0,0,0,0,0,0,0,0,0,0,0,0,0,0,0,0,0,0,0,0,0,0,0,0,0,0,0,0,0,0,0,0,0,0,0,0,0,0,0,0,0,0,0,0,0,0,0,0,0,0,0,0,0,0,0,0,0,0,0,0,0,0,0
0,0,0,0,0,0,0,0,0,0,0,0,0,0,0,0,0,0,0,0,0,0,0,0,0,0,0,0,0,0,0,0,0,0,0,0,0,0,0,0,0,0,0,0,0,0,0,0,0,0,0,0,0,0,0,0,0,0,0,0,0,0,0,0,0,0,0,0,0,0,0,0,0,0,0,0,0,0,0,0,0,0,0,0,0,0,0,0,0,0,0,0,0,0,0,0,0,0,0,0,0,0,0,0,0,0,0,0,0,0,0,0,0,0,0,0,0,0,0,0,0,0,0,0,0,0,0,0,0,0,0,0,0,0,0,0,0,0,0,0,0,0,0,0,0,0,0,0,0,0,0,0,0,0,0,0,0,0,0,0,0,0,0,0,0,0,0,0,0,0,0,0,0,0,0,0,0,0,0,0
0,0,0,0,0,0,0,0,0,0,0,0,0,0,0,0,0,0,0,0,0,0,0,0,0,0,0,0,0,0,0,0,0,0,0,0,0,0,0,0,0,0,0,0,0,0,0,0,0,0,0,0,0,0,0,0,0,0,0,0,0,0,0,0,0,0,0,0,0,0,0,0,0,0,0,0,0,0,0,0,0,0,0,0,0,0,0,0,0,0,0,0,0,0,0,0,0,0,0,0,0,0,0,0,0,0,0,0,0,0,0,0,0,0,0,0,0,0,0,0,0,0,0,0,0,0,0,0,0,0,0,0,0,0,0,0,0,0,0,0,0,0,0,0,0,0,0,0,0,0,0,0,0,0,0,0,0,0,0,0,0,0,0,0,0,0,0,0,0,0,0,0,0,0,0,0,0,0,0,0
0,0,0,0,0,0,0,0,0,0,0,0,0,0,0,0,0,0,0,0,0,0,0,0,0,0,0,0,0,0,0,0,0,0,0,0,0,0,0,0,0,0,0,0,0,0,0,0,0,0,0,0,0,0,0,0,0,0,0,0,0,0,0,0,0,0,0,0,0,0,0,0,0,0,0,0,0,0,0,0,0,0,0,0,0,0,0,0,0,0,0,0,0,0,0,0,0,0,0,0,0,0,0,0,0,0,0,0,0,0,0,0,0,0,0,0,0,0,0,0,0,0,0,0,0,0,0,0,0,0,0,0,0,0,0,0,0,0,0,0,0,0,0,0,0,0,0,0,0,0,0,0,0,0,0,0,0,0,0,0,0,0,0,0,0,0,0,0,0,0,0,0,0,0,0,0,0,0,0,0
0,0,0,0,0,0,0,0,0,0,0,0,0,0,0,0,0,0,0,0,0,0,0,0,0,0,0,0,0,0,0,0,0,0,0,0,0,0,0,0,0,0,0,0,0,0,0,0,0,0,0,0,0,0,0,0,0,0,0,0,0,0,0,0,0,0,0,0,0,0,0,0,0,0,0,0,0,0,0,0,0,0,0,0,0,0,0,0,0,0,0,0,0,0,0,0,0,0,0,0,0,0,0,0,0,0,0,0,0,0,0,0,0,0,0,0,0,0,0,0,0,0,0,0,0,0,0,0,0,0,0,0,0,0,0,0,0,0,0,0,0,0,0,0,0,0,0,0,0,0,0,0,0,0,0,0,0,0,0,0,0,0,0,0,0,0,0,0,0,0,0,0,0,0,0,0,0,0,0,0
0,0,0,0,0,0,0,0,0,0,0,0,0,0,0,0,0,0,0,0,0,0,0,0,0,0,0,0,0,0,0,0,0,0,0,0,0,0,0,0,0,0,0,0,0,0,0,0,0,0,0,0,0,0,0,0,0,0,0,0,0,0,0,0,0,0,0,0,0,0,0,0,0,0,0,0,0,0,0,0,0,0,0,0,0,0,0,0,0,0,0,0,0,0,0,0,0,0,0,0,0,0,0,0,0,0,0,0,0,0,0,0,0,0,0,0,0,0,0,0,0,0,0,0,0,0,0,0,0,0,0,0,0,0,0,0,0,0,0,0,0,0,0,0,0,0,0,0,0,0,0,0,0,0,0,0,0,0,0,0,0,0,0,0,0,0,0,0,0,0,0,0,0,0,0,0,0,0,0,0
0,0,0,0,0,0,0,0,0,0,0,0,0,0,0,0,0,0,0,0,0,0,0,0,0,0,0,0,0,0,0,0,0,0,0,0,0,0,0,0,0,0,0,0,0,0,0,0,0,0,0,0,0,0,0,0,0,0,0,0,0,0,0,0,0,0,0,0,0,0,0,0,0,0,0,0,0,0,0,0,0,0,0,0,0,0,0,0,0,0,0,0,0,0,0,0,0,0,0,0,0,0,0,0,0,0,0,0,0,0,0,0,0,0,0,0,0,0,0,0,0,0,0,0,0,0,0,0,0,0,0,0,0,0,0,0,0,0,0,0,0,0,0,0,0,0,0,0,0,0,0,0,0,0,0,0,0,0,0,0,0,0,0,0,0,0,0,0,0,0,0,0,0,0,0,0,0,0,0,0
0,0,0,0,0,0,0,0,0,0,0,0,0,0,0,0,0,0,0,0,0,0,0,0,0,0,0,0,0,0,0,0,0,0,0,0,0,0,0,0,0,0,0,0,0,0,0,0,0,0,0,0,0,0,0,0,0,0,0,0,0,0,0,0,0,0,0,0,0,0,0,0,0,0,0,0,0,0,0,0,0,0,0,0,0,0,0,0,0,0,0,0,0,0,0,0,0,0,0,0,0,0,0,0,0,0,0,0,0,0,0,0,0,0,0,0,0,0,0,0,0,0,0,0,0,0,0,0,0,0,0,0,0,0,0,0,0,0,0,0,0,0,0,0,0,0,0,0,0,0,0,0,0,0,0,0,0,0,0,0,0,0,0,0,0,0,0,0,0,0,0,0,0,0,0,0,0,0,0,0
0,0,0,0,0,0,0,0,0,0,0,0,0,0,0,0,0,0,0,0,0,0,0,0,0,0,0,0,0,0,0,0,0,0,0,0,0,0,0,0,0,0,0,0,0,0,0,0,0,0,0,0,0,0,0,0,0,0,0,0,0,0,0,0,0,0,0,0,0,0,0,0,0,0,0,0,0,0,0,0,0,0,0,0,0,0,0,0,0,0,0,0,0,0,0,0,0,0,0,0,0,0,0,0,0,0,0,0,0,0,0,0,0,0,0,0,0,0,0,0,0,0,0,0,0,0,0,0,0,0,0,0,0,0,0,0,0,0,0,0,0,0,0,0,0,0,0,0,0,0,0,0,0,0,0,0,0,0,0,0,0,0,0,0,0,0,0,0,0,0,0,0,0,0,0,0,0,0,0,0
0,0,0,0,0,0,0,0,0,0,0,0,0,0,0,0,0,0,0,0,0,0,0,0,0,0,0,0,0,0,0,0,0,0,0,0,0,0,0,0,0,0,0,0,0,0,0,0,0,0,0,0,0,0,0,0,0,0,0,0,0,0,0,0,0,0,0,0,0,0,0,0,0,0,0,0,0,0,0,0,0,0,0,0,0,0,0,0,0,0,0,0,0,0,0,0,0,0,0,0,0,0,0,0,0,0,0,0,0,0,0,0,0,0,0,0,0,0,0,0,0,0,0,0,0,0,0,0,0,0,0,0,0,0,0,0,0,0,0,0,0,0,0,0,0,0,0,0,0,0,0,0,0,0,0,0,0,0,0,0,0,0,0,0,0,0,0,0,0,0,0,0,0,0,0,0,0,0,0,0
0,0,0,0,0,0,0,0,0,0,0,0,0,0,0,0,0,0,0,0,0,0,0,0,0,0,0,0,0,0,0,0,0,0,0,0,0,0,0,0,0,0,0,0,0,0,0,0,0,0,0,0,0,0,0,0,0,0,0,0,0,0,0,0,0,0,0,0,0,0,0,0,0,0,0,0,0,0,0,0,0,0,0,0,0,0,0,0,0,0,0,0,0,0,0,0,0,0,0,0,0,0,0,0,0,0,0,0,0,0,0,0,0,0,0,0,0,0,0,0,0,0,0,0,0,0,0,0,0,0,0,0,0,0,0,0,0,0,0,0,0,0,0,0,0,0,0,0,0,0,0,0,0,0,0,0,0,0,0,0,0,0,0,0,0,0,0,0,0,0,0,0,0,0,0,0,0,0,0,0
0,0,0,0,0,0,0,0,0,0,0,0,0,0,0,0,0,0,0,0,0,0,0,0,0,0,0,0,0,0,0,0,0,0,0,0,0,0,0,0,0,0,0,0,0,0,0,0,0,0,0,0,0,0,0,0,0,0,0,0,0,0,0,0,0,0,0,0,0,0,0,0,0,0,0,0,0,0,0,0,0,0,0,0,0,0,0,0,0,0,0,0,0,0,0,0,0,0,0,0,0,0,0,0,0,0,0,0,0,0,0,0,0,0,0,0,0,0,0,0,0,0,0,0,0,0,0,0,0,0,0,0,0,0,0,0,0,0,0,0,0,0,0,0,0,0,0,0,0,0,0,0,0,0,0,0,0,0,0,0,0,0,0,0,0,0,0,0,0,0,0,0,0,0,0,0,0,0,0,0
0,0,0,0,0,0,0,0,0,0,0,0,0,0,0,0,0,0,0,0,0,0,0,0,0,0,0,0,0,0,0,0,0,0,0,0,0,0,0,0,0,0,0,0,0,0,0,0,0,0,0,0,0,0,0,0,0,0,0,0,0,0,0,0,0,0,0,0,0,0,0,0,0,0,0,0,0,0,0,0,0,0,0,0,0,0,0,0,0,0,0,0,0,0,0,0,0,0,0,0,0,0,0,0,0,0,0,0,0,0,0,0,0,0,0,0,0,0,0,0,0,0,0,0,0,0,0,0,0,0,0,0,0,0,0,0,0,0,0,0,0,0,0,0,0,0,0,0,0,0,0,0,0,0,0,0,0,0,0,0,0,0,0,0,0,0,0,0,0,0,0,0,0,0,0,0,0,0,0,0
0,0,0,0,0,0,0,0,0,0,0,0,0,0,0,0,0,0,0,0,0,0,0,0,0,0,0,0,0,0,0,0,0,0,0,0,0,0,0,0,0,0,0,0,0,0,0,0,0,0,0,0,0,0,0,0,0,0,0,0,0,0,0,0,0,0,0,0,0,0,0,0,0,0,0,0,0,0,0,0,0,0,0,0,0,0,0,0,0,0,0,0,0,0,0,0,0,0,0,0,0,0,0,0,0,0,0,0,0,0,0,0,0,0,0,0,0,0,0,0,0,0,0,0,0,0,0,0,0,0,0,0,0,0,0,0,0,0,0,0,0,0,0,0,0,0,0,0,0,0,0,0,0,0,0,0,0,0,0,0,0,0,0,0,0,0,0,0,0,0,0,0,0,0,0,0,0,0,0,0
0,0,0,0,0,0,0,0,0,0,0,0,0,0,0,0,0,0,0,0,0,0,0,0,0,0,0,0,0,0,0,0,0,0,0,0,0,0,0,0,0,0,0,0,0,0,0,0,0,0,0,0,0,0,0,0,0,0,0,0,0,0,0,0,0,0,0,0,0,0,0,0,0,0,0,0,0,0,0,0,0,0,0,0,0,0,0,0,0,0,0,0,0,0,0,0,0,0,0,0,0,0,0,0,0,0,0,0,0,0,0,0,0,0,0,0,0,0,0,0,0,0,0,0,0,0,0,0,0,0,0,0,0,0,0,0,0,0,0,0,0,0,0,0,0,0,0,0,0,0,0,0,0,0,0,0,0,0,0,0,0,0,0,0,0,0,0,0,0,0,0,0,0,0,0,0,0,0,0,0
0,0,0,0,0,0,0,0,0,0,0,0,0,0,0,0,0,0,0,0,0,0,0,0,0,0,0,0,0,0,0,0,0,0,0,0,0,0,0,0,0,0,0,0,0,0,0,0,0,0,0,0,0,0,0,0,0,0,0,0,0,0,0,0,0,0,0,0,0,0,0,0,0,0,0,0,0,0,0,0,0,0,0,0,0,0,0,0,0,0,0,0,0,0,0,0,0,0,0,0,0,0,0,0,0,0,0,0,0,0,0,0,0,0,0,0,0,0,0,0,0,0,0,0,0,0,0,0,0,0,0,0,0,0,0,0,0,0,0,0,0,0,0,0,0,0,0,0,0,0,0,0,0,0,0,0,0,0,0,0,0,0,0,0,0,0,0,0,0,0,0,0,0,0,0,0,0,0,0,0
0,0,0,0,0,0,0,0,0,0,0,0,0,0,0,0,0,0,0,0,0,0,0,0,0,0,0,0,0,0,0,0,0,0,0,0,0,0,0,0,0,0,0,0,0,0,0,0,0,0,0,0,0,0,0,0,0,0,0,0,0,0,0,0,0,0,0,0,0,0,0,0,0,0,0,0,0,0,0,0,0,0,0,0,0,0,0,0,0,0,0,0,0,0,0,0,0,0,0,0,0,0,0,0,0,0,0,0,0,0,0,0,0,0,0,0,0,0,0,0,0,0,0,0,0,0,0,0,0,0,0,0,0,0,0,0,0,0,0,0,0,0,0,0,0,0,0,0,0,0,0,0,0,0,0,0,0,0,0,0,0,0,0,0,0,0,0,0,0,0,0,0,0,0,0,0,0,0,0,0
0,0,0,0,0,0,0,0,0,0,0,0,0,0,0,0,0,0,0,0,0,0,0,0,0,0,0,0,0,0,0,0,0,0,0,0,0,0,0,0,0,0,0,0,0,0,0,0,0,0,0,0,0,0,0,0,0,0,0,0,0,0,0,0,0,0,0,0,0,0,0,0,0,0,0,0,0,0,0,0,0,0,0,0,0,0,0,0,0,0,0,0.000273673,0.000273673,0.000273673,0.000273673,0.000273673,0.000273673,0.000273673,0.000273673,0.000273673,0.000273673,0,0,0,0,0,0,0,0,0,0,0,0,0,0,0,0,0,0,0,0,0,0,0,0,0,0,0,0,0,0,0,0,0,0,0,0,0,0,0,0,0,0,0,0,0,0,0,0,0,0,0,0,0,0,0,0,0,0,0,0,0,0,0,0,0,0,0,0,0,0,0,0,0,0,0,0,0,0,0
0,0,0,0,0,0,0,0,0,0,0,0,0,0,0,0,0,0,0,0,0,0,0,0,0,0,0,0,0,0,0,0,0,0,0,0,0,0,0,0,0,0,0,0,0,0,0,0,0,0,0,0,0,0,0,0,0,0,0,0,0,0,0,0,0,0,0,0,0,0,0,0,0,0,0,0,0,0,0,0,0,0,0,0,0,0,0,0.000273673,0.000273673,0.000273673,0.000273673,0.000273673,0.000273673,0.000273673,0.000273673,0.000273673,0.000273673,0.000273673,0.000273673,0.000273673,0.000273673,0.000273673,0.000273673,0.000273673,0,0,0,0,0,0,0,0,0,0,0,0,0,0,0,0,0,0,0,0,0,0,0,0,0,0,0,0,0,0,0,0,0,0,0,0,0,0,0,0,0,0,0,0,0,0,0,0,0,0,0,0,0,0,0,0,0,0,0,0,0,0,0,0,0,0,0,0,0,0,0,0,0,0,0,0
0,0,0,0,0,0,0,0,0,0,0,0,0,0,0,0,0,0,0,0,0,0,0,0,0,0,0,0,0,0,0,0,0,0,0,0,0,0,0,0,0,0,0,0,0,0,0,0,0,0,0,0,0,0,0,0,0,0,0,0,0,0,0,0,0,0,0,0,0,0,0,0,0,0,0,0,0,0,0,0,0,0,0,0,0.000273673,0.000273673,0.000273673,0.000273673,0.000273673,0.000273673,0.000273673,0.000273673,0.000273673,0.000273673,0.000273673,0.000273673,0.000273673,0.000273673,0.000273673,0.000273673,0.000273673,0.000273673,0.000273673,0.000273673,0.000273673,0.000273673,0.000273673,0.000273673,0,0,0,0,0,0,0,0,0,0,0,0,0,0,0,0,0,0,0,0,0,0,0,0,0,0,0,0,0,0,0,0,0,0,0,0,0,0,0,0,0,0,0,0,0,0,0,0,0,0,0,0,0,0,0,0,0,0,0,0,0,0,0,0,0,0,0,0,0,0,0,0
0,0,0,0,0,0,0,0,0,0,0,0,0,0,0,0,0,0,0,0,0,0,0,0,0,0,0,0,0,0,0,0,0,0,0,0,0,0,0,0,0,0,0,0,0,0,0,0,0,0,0,0,0,0,0,0,0,0,0,0,0,0,0,0,0,0,0,0,0,0,0,0,0,0,0,0,0,0,0,0,0,0,0,0.000273673,0.000273673,0.000273673,0.000273673,0.000273673,0.000273673,0.000273673,0.000273673,0.000273673,0.000273673,0.000273673,0.000273673,0.000273673,0.000273673,0.000273673,0.000273673,0.000273673,0.000273673,0.000273673,0.000273673,0.000273673,0.000273673,0.000273673,0.000273673,0.000273673,0.000273673,0.000273673,0.000273673,0.000273673,0.000273673,0.000273673,0.000273673,0,0,0,0,0,0,0,0,0,0,0,0,0,0,0,0,0,0,0,0,0,0,0,0,0,0,0,0,0,0,0,0,0,0,0,0,0,0,0,0,0,0,0,0,0,0,0,0,0,0,0,0,0,0,0,0,0,0,0,0,0,0,0,0,0
0,0,0,0,0,0,0,0,0,0,0,0,0,0,0,0,0,0,0,0,0,0,0,0,0,0,0,0,0,0,0,0,0,0,0,0,0,0,0,0,0,0,0,0,0,0,0,0,0,0,0,0,0,0,0,0,0,0,0,0,0,0,0,0,0,0,0,0,0,0,0,0,0,0,0,0,0,0,0,0,0,0.000273673,0.000273673,0.000273673,0.000273673,0.000273673,0.000273673,0.000273673,0.000273673,0.000273673,0.000273673,0.000273673,0.000273673,0.000547345,0.000547345,0.000547345,0.000547345,0.000273673,0.000273673,0.000273673,0.000273673,0.000273673,0.000273673,0.000273673,0.000273673,0.000273673,0.000273673,0.000273673,0.000273673,0.000273673,0.000273673,0.000273673,0.000273673,0.000273673,0.000273673,0.000273673,0.000273673,0.000273673,0.000273673,0.000273673,0,0,0,0,0,0,0,0,0,0,0,0,0,0,0,0,0,0,0,0,0,0,0,0,0,0,0,0,0,0,0,0,0,0,0,0,0,0,0,0,0,0,0,0,0,0.000273673,0.000273673,0.000273673,0.000273673,0.000273673,0.000273673,0.000273673,0.000273673,0.000273673,0.000273673,0.000273673,0,0,0,0
0,0,0,0,0,0,0,0,0,0,0,0,0,0,0,0,0,0,0,0,0,0,0,0,0,0,0,0,0,0,0,0,0,0,0,0,0,0,0,0,0,0,0,0,0,0,0,0,0,0,0,0,0,0,0,0,0,0,0,0,0,0,0,0,0,0,0,0,0,0,0,0,0,0,0,0,0,0,0,0,0.000273673,0.000273673,0.000273673,0.000273673,0.000273673,0.000273673,0.000273673,0.000273673,0.000273673,0.000547345,0.000821018,0.00136836,0.00136836,0.00136836,0.00136836,0.00136836,0.00136836,0.00136836,0.00109469,0.000821018,0.000547345,0.000273673,0.000273673,0.000273673,0.000273673,0.000273673,0.000273673,0.000273673,0.000273673,0.000273673,0.000273673,0.000273673,0.000273673,0.000273673,0.000273673,0.000273673,0.000273673,0.000273673,0.000273673,0.000273673,0.000273673,0.000273673,0.000273673,0.000273673,0,0,0,0,0,0,0,0,0,0,0,0,0,0,0,0,0,0,0,0,0,0,0,0,0,0,0,0,0,0,0,0,0,0,0,0,0,0,0.000273673,0.000273673,0.000273673,0.000273673,0.000273673,0.000273673,0.000273673,0.000273673,0.000273673,0.000273673,0.000273673,0.000273673,0.000273673,0.000273673,0.000273673,0.000273673,0.000273673,0
0.000273673,0.000273673,0,0,0,0,0,0,0,0,0,0,0,0,0,0,0,0,0,0,0,0,0,0,0,0,0,0,0,0,0,0,0,0,0,0,0,0,0,0,0,0,0,0,0,0,0,0,0,0,0,0,0,0,0,0,0,0,0,0,0,0,0,0,0,0,0,0,0,0,0,0,0,0,0,0,0,0,0.000273673,0.000273673,0.000273673,0.000273673,0.000273673,0.000273673,0.000273673,0.000273673,0.000547345,0.000821018,0.00136836,0.00136836,0.00136836,0.00136836,0.00136836,0.00136836,0.00136836,0.00136836,0.00136836,0.00136836,0.00136836,0.00136836,0.00136836,0.00136836,0.000821018,0.000547345,0.000273673,0.000273673,0.000273673,0.000273673,0.000273673,0.000273673,0.000273673,0.000273673,0.000273673,0.000273673,0.000273673,0.000273673,0.000273673,0.000273673,0.000273673,0.000273673,0.000273673,0.000273673,0.000273673,0.000273673,0.000273673,0.000273673,0.000273673,0,0,0,0,0,0,0,0,0,0,0,0,0,0,0,0,0,0,0,0,0,0,0,0,0,0,0,0,0,0,0,0,0.000273673,0.000273673,0.000273673,0.000273673,0.000273673,0.000273673,0.000273673,0.000273673,0.000273673,0.000273673,0.000273673,0.000273673,0.000273673,0.000273673,0.000273673,0.000273673,0.000273673,0.000273673,0.000273673,0.000273673,0.000273673
0.000273673,0.000273673,0.000273673,0,0,0,0,0,0,0,0,0,0,0,0,0,0,0,0,0,0,0,0,0,0,0,0,0,0,0,0,0,0,0,0,0,0,0,0,0,0,0,0,0,0,0,0,0,0,0,0,0,0,0,0,0,0,0,0,0,0,0,0,0,0,0,0,0,0,0,0,0,0,0,0,0,0,0.000273673,0.000273673,0.000273673,0.000273673,0.000273673,0.000273673,0.000273673,0.000547345,0.00109469,0.00136836,0.00136836,0.00136836,0.00136836,0.00136836,0.00136836,0.00136836,0.00136836,0.00164204,0.00136836,0.00136836,0.00136836,0.00136836,0.00136836,0.00136836,0.00136836,0.00136836,0.00136836,0.00136836,0.00136836,0.00109469,0.000821018,0.000821018,0.000821018,0.000821018,0.000821018,0.00109469,0.00109469,0.000821018,0.000821018,0.000547345,0.000273673,0.000273673,0.000273673,0.000273673,0.000273673,0.000273673,0.000273673,0.000273673,0.000273673,0.000273673,0.000273673,0.000273673,0.000273673,0.000273673,0.000273673,0.000273673,0,0,0,0,0,0,0,0,0,0,0,0,0,0,0,0,0,0,0,0,0,0,0.000273673,0.000273673,0.000273673,0.000273673,0.000273673,0.000273673,0.000273673,0.000273673,0.000273673,0.000273673,0.000273673,0.000273673,0.000273673,0.000273673,0.000273673,0.000273673,0.000273673,0.000273673,0.000273673,0.000273673,0.000273673,0.000273673,0.000273673,0.000273673,0.000273673
0.000273673,0.000273673,0.000273673,0.000273673,0.000273673,0,0,0,0,0,0,0,0,0,0,0,0,0,0,0,0,0,0,0,0,0,0,0,0,0,0,0,0,0,0,0,0,0,0,0,0,0,0,0,0,0,0,0,0,0,0,0,0,0,0,0,0,0,0,0,0,0,0,0,0,0,0,0,0,0,0,0,0,0,0,0,0.000273673,0.000273673,0.000273673,0.000273673,0.000273673,0.000273673,0.000547345,0.000821018,0.00136836,0.00136836,0.00136836,0.00136836,0.00136836,0.00164204,0.00164204,0.00164204,0.00164204,0.00164204,0.00164204,0.00164204,0.00164204,0.00164204,0.00164204,0.00164204,0.00136836,0.00136836,0.00136836,0.00136836,0.00136836,0.00136836,0.00136836,0.00136836,0.00136836,0.00136836,0.00136836,0.00136836,0.00136836,0.00136836,0.00136836,0.00136836,0.00136836,0.00136836,0.00136836,0.000821018,0.000273673,0.000273673,0.000273673,0.000273673,0.000273673,0.000273673,0.000273673,0.000273673,0.000273673,0.000273673,0.000273673,0.000273673,0.000273673,0.000273673,0.000273673,0.000273673,0.000273673,0.000273673,0.000273673,0.000273673,0.000273673,0.000273673,0.000273673,0.000273673,0.000273673,0.000273673,0.000273673,0.000273673,0.000273673,0.000273673,0.000273673,0.000273673,0.000273673,0.000273673,0.000273673,0.000273673,0.000273673,0.000273673,0.000273673,0.000273673,0.000273673,0.000273673,0.000273673,0.000273673,0.000273673,0.000273673,0.000273673,0.000273673,0.000273673,0.000547345,0.000547345,0.000821018,0.000821018,0.000821018,0.000821018,0.000821018,0.000821018,0.000547345,0.000273673,0.000273673
0.000821018,0.000547345,0.000273673,0.000273673,0.000273673,0.000273673,0.000273673,0,0,0,0,0,0,0,0,0,0,0,0,0,0,0,0,0,0,0,0,0,0,0,0,0,0,0,0,0,0,0,0,0,0,0,0,0,0,0,0,0,0,0,0,0,0,0,0,0,0,0,0,0,0,0,0,0,0,0,0,0,0,0,0,0,0,0,0,0,0.000273673,0.000273673,0.000273673,0.000273673,0.000273673,0.000547345,0.00136836,0.00136836,0.00136836,0.00136836,0.00164204,0.00164204,0.00164204,0.00164204,0.00218938,0.00246305,0.00246305,0.00246305,0.00246305,0.00246305,0.00246305,0.00218938,0.00191571,0.00164204,0.00164204,0.00164204,0.00164204,0.00164204,0.00164204,0.00164204,0.00164204,0.00164204,0.00164204,0.00164204,0.00164204,0.00164204,0.00164204,0.00164204,0.00164204,0.00164204,0.00164204,0.00164204,0.00136836,0.00136836,0.00136836,0.00136836,0.000547345,0.000273673,0.000273673,0.000273673,0.000273673,0.000273673,0.000273673,0.000273673,0.000273673,0.000273673,0.000273673,0.000273673,0.000273673,0.000273673,0.000273673,0.000273673,0.000273673,0.000273673,0.000273673,0.000273673,0.000273673,0.000273673,0.000273673,0.000273673,0.000273673,0.000273673,0.000273673,0.000273673,0.000273673,0.000273673,0.000273673,0.000273673,0.000273673,0.000273673,0.000273673,0.000273673,0.000273673,0.000273673,0.000273673,0.000273673,0.000273673,0.000273673,0.000273673,0.000273673,0.000547345,0.000821018,0.00136836,0.00136836,0.00136836,0.00136836,0.00136836,0.00136836,0.00136836,0.00136836,0.00136836,0.00136836,0.00136836,0.00136836
0.00136836,0.00136836,0.00136836,0.000547345,0.000273673,0.000273673,0.000273673,0.000273673,0,0,0,0,0,0,0,0,0,0,0,0,0,0,0,0,0,0,0,0,0,0,0,0,0,0,0,0,0,0,0,0,0,0,0,0,0,0,0,0,0,0,0,0,0,0,0,0,0,0,0,0,0,0,0,0,0,0,0,0,0,0,0,0,0,0,0,0.000273673,0.000273673,0.000273673,0.000273673,0.000273673,0.000821018,0.00136836,0.00136836,0.00136836,0.00136836,0.00164204,0.00164204,0.00191571,0.00246305,0.00273673,0.00273673,0.00328407,0.00328407,0.00328407,0.00328407,0.00328407,0.00328407,0.0030104,0.00273673,0.00246305,0.00246305,0.00218938,0.00191571,0.00164204,0.00164204,0.00164204,0.00191571,0.00218938,0.00246305,0.00246305,0.00246305,0.00246305,0.00246305,0.00246305,0.00246305,0.00246305,0.00246305,0.00191571,0.00164204,0.00164204,0.00136836,0.00136836,0.00136836,0.00109469,0.000273673,0.000273673,0.000273673,0.000273673,0.000273673,0.000273673,0.000273673,0.000273673,0.000273673,0.000273673,0.000273673,0.000273673,0.000273673,0.000273673,0.000273673,0.000273673,0.000273673,0.000273673,0.000273673,0.000273673,0.000273673,0.000273673,0.000273673,0.000273673,0.000273673,0.000273673,0.000273673,0.000273673,0.000273673,0.000273673,0.000273673,0.000273673,0.000273673,0.000273673,0.000273673,0.000273673,0.000273673,0.000273673,0.000273673,0.000547345,0.000821018,0.00136836,0.00136836,0.00136836,0.00136836,0.00136836,0.00136836,0.00136836,0.00164204,0.00164204,0.00164204,0.00164204,0.00164204,0.00164204,0.00136836,0.00136836
0.00164204,0.00136836,0.00136836,0.00136836,0.00109469,0.000273673,0.000273673,0.000273673,0.000273673,0.000273673,0,0,0,0,0,0,0,0,0,0,0,0,0,0,0,0,0,0,0,0,0,0,0,0,0,0,0,0,0,0,0,0,0,0,0,0,0,0,0,0,0,0,0,0,0,0,0,0,0,0,0,0,0,0,0,0,0,0,0,0,0,0,0,0,0.000273673,0.000273673,0.000273673,0.000273673,0.000273673,0.000821018,0.00136836,0.00136836,0.00136836,0.00136836,0.00164204,0.00164204,0.00246305,0.00273673,0.00328407,0.00355774,0.00383142,0.00437876,0.00492611,0.00547345,0.00547345,0.00465244,0.00437876,0.00383142,0.00383142,0.00328407,0.00328407,0.0030104,0.00273673,0.00273673,0.00273673,0.00273673,0.00273673,0.0030104,0.00328407,0.00328407,0.00355774,0.00355774,0.00355774,0.00355774,0.00328407,0.00328407,0.00328407,0.00273673,0.00246305,0.00218938,0.00164204,0.00164204,0.00136836,0.00136836,0.00136836,0.000547345,0.000273673,0.000273673,0.000273673,0.000273673,0.000273673,0.000273673,0.000273673,0.000273673,0.000273673,0.000273673,0.000273673,0.000273673,0.000273673,0.000273673,0.000273673,0.000273673,0.000273673,0.000273673,0.000273673,0.000273673,0.000273673,0.000273673,0.000273673,0.000273673,0.000273673,0.000273673,0.000273673,0.000273673,0.000273673,0.000273673,0.000273673,0.000273673,0.000273673,0.000273673,0.000547345,0.000821018,0.00136836,0.00136836,0.00136836,0.00136836,0.00136836,0.00136836,0.00136836,0.00164204,0.00164204,0.00164204,0.00164204,0.00191571,0.00218938,0.00218938,0.00218938,0.00191571,0.00164204,0.00164204
0.00218938,0.00164204,0.00164204,0.00136836,0.00136836,0.00136836,0.000547345,0.000273673,0.000273673,0.000273673,0.000273673,0.000273673,0,0,0,0,0,0,0,0,0,0,0,0,0,0,0,0,0,0,0,0,0,0,0,0,0,0,0,0,0,0,0,0,0,0,0,0,0,0,0,0,0,0,0,0,0,0,0,0,0,0,0,0,0,0,0,0,0,0,0,0,0,0.000273673,0.000273673,0.000273673,0.000273673,0.000273673,0.000821018,0.00136836,0.00136836,0.00136836,0.00164204,0.00164204,0.00218938,0.00273673,0.00328407,0.00383142,0.00465244,0.00574713,0.00629447,0.00684182,0.00766284,0.00821018,0.00766284,0.00738916,0.00629447,0.0060208,0.00574713,0.00547345,0.00465244,0.00437876,0.00383142,0.00383142,0.00383142,0.00383142,0.00383142,0.00437876,0.00465244,0.00519978,0.00547345,0.00547345,0.00547345,0.00547345,0.00492611,0.00437876,0.00383142,0.00355774,0.00328407,0.00273673,0.00246305,0.00164204,0.00164204,0.00136836,0.00136836,0.00136836,0.000821018,0.000273673,0.000273673,0.000273673,0.000273673,0.000273673,0.000273673,0.000273673,0.000273673,0.000273673,0.000273673,0.000273673,0.000273673,0.000273673,0.000273673,0.000273673,0.000273673,0.000273673,0.000273673,0.000273673,0.000273673,0.000273673,0.000273673,0.000273673,0.000273673,0.000273673,0.000273673,0.000273673,0.000547345,0.000547345,0.000821018,0.000821018,0.00136836,0.00136836,0.00136836,0.00136836,0.00136836,0.00136836,0.00136836,0.00136836,0.00164204,0.00164204,0.00164204,0.00164204,0.00218938,0.00246305,0.00273673,0.00273673,0.0030104,0.00328407,0.00328407,0.00273673,0.00273673,0.00246305
0.00328407,0.00246305,0.00218938,0.00164204,0.00164204,0.00136836,0.00136836,0.000821018,0.000273673,0.000273673,0.000273673,0.000273673,0.000273673,0.000273673,0,0,0,0,0,0,0,0,0,0,0,0,0,0,0,0,0,0,0,0,0,0,0,0,0,0,0,0,0,0,0,0,0,0,0,0,0,0,0,0,0,0,0,0,0,0,0,0,0,0,0,0,0,0,0,0,0,0,0.000273673,0.000273673,0.000273673,0.000273673,0.000273673,0.000821018,0.00136836,0.00136836,0.00136836,0.00164204,0.00164204,0.00246305,0.0030104,0.00355774,0.00519978,0.0060208,0.00848385,0.0090312,0.00985222,0.0109469,0.0112206,0.0112206,0.0112206,0.0106732,0.00985222,0.00957854,0.00848385,0.00848385,0.00766284,0.00711549,0.00629447,0.00629447,0.00629447,0.00629447,0.00629447,0.00656814,0.00656814,0.00684182,0.00738916,0.00738916,0.00711549,0.00656814,0.00629447,0.0060208,0.00574713,0.00465244,0.00383142,0.00328407,0.00273673,0.00246305,0.00164204,0.00164204,0.00136836,0.00136836,0.00136836,0.000547345,0.000273673,0.000273673,0.000273673,0.000273673,0.000273673,0.000273673,0.000273673,0.000273673,0.000273673,0.000273673,0.000273673,0.000273673,0.000273673,0.000273673,0.000273673,0.000273673,0.000273673,0.000273673,0.000273673,0.000273673,0.000273673,0.000547345,0.000821018,0.00109469,0.00136836,0.00136836,0.00136836,0.00136836,0.00136836,0.00136836,0.00136836,0.00136836,0.00136836,0.00136836,0.00136836,0.00164204,0.00164204,0.00164204,0.00164204,0.00191571,0.00246305,0.00273673,0.0030104,0.00328407,0.00383142,0.00383142,0.00437876,0.00465244,0.00437876,0.00383142,0.00383142,0.00328407
0.00383142,0.00355774,0.00273673,0.00246305,0.00164204,0.00164204,0.00136836,0.00136836,0.00136836,0.000273673,0.000273673,0.000273673,0.000273673,0.000273673,0.000273673,0,0,0,0,0,0,0,0,0,0,0,0,0,0,0,0,0,0,0,0,0,0,0,0,0,0,0,0,0,0,0,0,0,0,0,0,0,0,0,0,0,0,0,0,0,0,0,0,0,0,0,0,0,0,0,0,0.000273673,0.000273673,0.000273673,0.000273673,0.000273673,0.00136836,0.00136836,0.00136836,0.00164204,0.00164204,0.00218938,0.00273673,0.00328407,0.00437876,0.0060208,0.00848385,0.00985222,0.0123153,0.014231,0.0164204,0.0177887,0.0180624,0.0183361,0.0180624,0.0177887,0.0155993,0.014231,0.0128626,0.0125889,0.0123153,0.0114943,0.0112206,0.0112206,0.0109469,0.0106732,0.0101259,0.00985222,0.00985222,0.00985222,0.00957854,0.00957854,0.00930487,0.00875753,0.00848385,0.00848385,0.00656814,0.0060208,0.00547345,0.00410509,0.00355774,0.00273673,0.00246305,0.00164204,0.00164204,0.00136836,0.00136836,0.00136836,0.000547345,0.000273673,0.000273673,0.000273673,0.000273673,0.000273673,0.000273673,0.000273673,0.000273673,0.000273673,0.000273673,0.000273673,0.000273673,0.000273673,0.000273673,0.000273673,0.000273673,0.000273673,0.000547345,0.000821018,0.00136836,0.00136836,0.00136836,0.00136836,0.00136836,0.00136836,0.00136836,0.00136836,0.00136836,0.00136836,0.00164204,0.00164204,0.00164204,0.00164204,0.00164204,0.00164204,0.00191571,0.00218938,0.00246305,0.00273673,0.00328407,0.00355774,0.00437876,0.00547345,0.0060208,0.00629447,0.00711549,0.00738916,0.00684182,0.00629447,0.00574713,0.00547345
0.0060208,0.00547345,0.00383142,0.00328407,0.00246305,0.00191571,0.00164204,0.00136836,0.00136836,0.00136836,0.000547345,0.000273673,0.000273673,0.000273673,0.000273673,0.000273673,0.000273673,0,0,0,0,0,0,0,0,0,0,0,0,0,0,0,0,0,0,0,0,0,0,0,0,0,0,0,0,0,0,0,0,0,0,0,0,0,0,0,0,0,0,0,0,0,0,0,0,0,0,0,0,0.000273673,0.000273673,0.000273673,0.000273673,0.000273673,0.000547345,0.00136836,0.00136836,0.00136836,0.00164204,0.00164204,0.00246305,0.00328407,0.00383142,0.00574713,0.00848385,0.00985222,0.0128626,0.0177887,0.0210728,0.0243569,0.0262726,0.0273673,0.0279146,0.0279146,0.0276409,0.0273673,0.0259989,0.0251779,0.0240832,0.0224412,0.0221675,0.0218938,0.0210728,0.0202518,0.0186097,0.0180624,0.0172414,0.0155993,0.014231,0.0128626,0.0125889,0.0120416,0.0112206,0.0109469,0.00985222,0.00957854,0.00848385,0.00766284,0.0060208,0.00547345,0.00383142,0.00328407,0.00273673,0.00246305,0.00164204,0.00164204,0.00136836,0.00136836,0.00109469,0.000547345,0.000273673,0.000273673,0.000273673,0.000273673,0.000273673,0.000273673,0.000273673,0.000273673,0.000273673,0.000273673,0.000273673,0.000273673,0.000273673,0.000547345,0.000821018,0.00136836,0.00136836,0.00136836,0.00136836,0.00136836,0.00136836,0.00164204,0.00164204,0.00164204,0.00164204,0.00164204,0.00164204,0.00164204,0.00164204,0.00191571,0.00218938,0.00246305,0.00246305,0.00246305,0.00273673,0.0030104,0.00328407,0.00383142,0.00437876,0.00574713,0.00629447,0.00848385,0.00957854,0.00985222,0.0106732,0.0109469,0.0103996,0.00985222,0.00875753,0.00848385
0.0090312,0.00738916,0.00574713,0.00383142,0.00328407,0.00246305,0.00191571,0.00164204,0.00136836,0.00136836,0.00136836,0.000821018,0.000273673,0.000273673,0.000273673,0.000273673,0.000273673,0.000273673,0.000273673,0,0,0,0,0,0,0,0,0,0,0,0,0,0,0,0,0,0,0,0,0,0,0,0,0,0,0,0,0,0,0,0,0,0,0,0,0,0,0,0,0,0,0,0,0,0,0,0,0,0.000273673,0.000273673,0.000273673,0.000273673,0.000273673,0.000821018,0.00136836,0.00136836,0.00164204,0.00164204,0.00218938,0.00273673,0.00328407,0.00465244,0.00629447,0.00957854,0.0125889,0.0177887,0.0240832,0.0279146,0.0306513,0.0333881,0.0363985,0.0380405,0.0385878,0.0385878,0.0383142,0.0374932,0.0369458,0.0358511,0.0347564,0.0342091,0.0336617,0.0333881,0.032567,0.0314724,0.0303777,0.0279146,0.0268199,0.0240832,0.0210728,0.0186097,0.0177887,0.0155993,0.0139573,0.0125889,0.0120416,0.0109469,0.00985222,0.00875753,0.00766284,0.0060208,0.00547345,0.00383142,0.00328407,0.00246305,0.00191571,0.00164204,0.00136836,0.00136836,0.00136836,0.000821018,0.000547345,0.000273673,0.000273673,0.000273673,0.000273673,0.000273673,0.000273673,0.000273673,0.000273673,0.000273673,0.000547345,0.000547345,0.000821018,0.00136836,0.00136836,0.00136836,0.00136836,0.00136836,0.00164204,0.00164204,0.00164204,0.00164204,0.00218938,0.00218938,0.00246305,0.00246305,0.00246305,0.00246305,0.00273673,0.00273673,0.00273673,0.00328407,0.00328407,0.00328407,0.00355774,0.00383142,0.00465244,0.00574713,0.00656814,0.00848385,0.00985222,0.0117679,0.01341,0.0155993,0.016694,0.0172414,0.0161467,0.0145047,0.0125889,0.0112206
0.0125889,0.00985222,0.00848385,0.00574713,0.00383142,0.00328407,0.00246305,0.00218938,0.00164204,0.00164204,0.00136836,0.00136836,0.000821018,0.000273673,0.000273673,0.000273673,0.000273673,0.000273673,0.000273673,0.000273673,0,0,0,0,0,0,0,0,0,0,0,0,0,0,0,0,0,0,0,0,0,0,0,0,0,0,0,0,0,0,0,0,0,0,0,0,0,0,0,0,0,0,0,0,0,0,0.000273673,0.000273673,0.000273673,0.000273673,0.000273673,0.000273673,0.00109469,0.00136836,0.00136836,0.00164204,0.00164204,0.00246305,0.00273673,0.00383142,0.00547345,0.00821018,0.0106732,0.0155993,0.0218938,0.0279146,0.0331144,0.0407772,0.0473454,0.0511768,0.0539135,0.0552819,0.0555556,0.0555556,0.0544609,0.0544609,0.0544609,0.0544609,0.0552819,0.0555556,0.0555556,0.0544609,0.0528188,0.0500821,0.0462507,0.0410509,0.0353038,0.0314724,0.0279146,0.0257252,0.0218938,0.0191571,0.0177887,0.0155993,0.0136836,0.0125889,0.0112206,0.00985222,0.00848385,0.00656814,0.00574713,0.00437876,0.00355774,0.00273673,0.00246305,0.00164204,0.00164204,0.00136836,0.00136836,0.00136836,0.000821018,0.000273673,0.000273673,0.000273673,0.000273673,0.000273673,0.000273673,0.000273673,0.000547345,0.000547345,0.000821018,0.00136836,0.00136836,0.00136836,0.00136836,0.00136836,0.00164204,0.00164204,0.00191571,0.00246305,0.00246305,0.00273673,0.00273673,0.00328407,0.00328407,0.00328407,0.00328407,0.00355774,0.00355774,0.00383142,0.00383142,0.00437876,0.00465244,0.00547345,0.00574713,0.0060208,0.00738916,0.00848385,0.00985222,0.0125889,0.0155993,0.0180624,0.0213465,0.0240832,0.0249042,0.0254516,0.0246305,0.0221675,0.0199781,0.0164204
0.0186097,0.0139573,0.0106732,0.00848385,0.00574713,0.00383142,0.00328407,0.00246305,0.00218938,0.00164204,0.00164204,0.00136836,0.00136836,0.00136836,0.000547345,0.000273673,0.000273673,0.000273673,0.000273673,0.000273673,0.000273673,0,0,0,0,0,0,0,0,0,0,0,0,0,0,0,0,0,0,0,0,0,0,0,0,0,0,0,0,0,0,0,0,0,0,0,0,0,0,0,0,0,0,0,0.000273673,0.000273673,0.000273673,0.000273673,0.000273673,0.000273673,0.000273673,0.00136836,0.00136836,0.00136836,0.00164204,0.00191571,0.00246305,0.00328407,0.00383142,0.00574713,0.00848385,0.0117679,0.0177887,0.0257252,0.031746,0.0410509,0.0511768,0.0596606,0.0645868,0.0706076,0.0749863,0.076902,0.077723,0.076902,0.0758073,0.076081,0.0771757,0.0788177,0.0799124,0.0801861,0.0801861,0.0796388,0.0758073,0.0697865,0.0634921,0.0574713,0.0503558,0.0432403,0.0344828,0.0303777,0.0273673,0.0240832,0.0207991,0.0180624,0.0155993,0.0136836,0.0123153,0.0106732,0.0090312,0.00848385,0.0060208,0.00492611,0.00383142,0.0030104,0.00246305,0.00164204,0.00164204,0.00136836,0.00136836,0.00136836,0.000821018,0.000547345,0.000273673,0.000273673,0.000273673,0.000273673,0.000547345,0.000547345,0.000821018,0.00109469,0.00136836,0.00136836,0.00136836,0.00136836,0.00164204,0.00164204,0.00191571,0.00246305,0.00273673,0.00328407,0.00355774,0.00383142,0.00383142,0.00437876,0.00465244,0.00547345,0.00547345,0.00547345,0.00574713,0.00574713,0.0060208,0.00629447,0.00738916,0.00848385,0.00848385,0.00957854,0.0109469,0.0125889,0.015873,0.0199781,0.0240832,0.0276409,0.0295567,0.0311987,0.032567,0.032567,0.0314724,0.0303777,0.0276409,0.0240832
0.0259989,0.0202518,0.014231,0.0103996,0.00848385,0.00574713,0.00383142,0.00328407,0.00273673,0.00218938,0.00164204,0.00164204,0.00136836,0.00136836,0.00136836,0.000821018,0.000273673,0.000273673,0.000273673,0.000273673,0.000273673,0.000273673,0,0,0,0,0,0,0,0,0,0,0,0,0,0,0,0,0,0,0,0,0,0,0,0,0,0,0,0,0,0,0,0,0,0,0,0,0,0,0,0,0,0.000273673,0.000273673,0.000273673,0.000273673,0.000273673,0.000273673,0.000547345,0.00136836,0.00136836,0.00136836,0.00164204,0.00218938,0.00273673,0.00328407,0.00437876,0.0060208,0.00875753,0.0125889,0.0188834,0.0276409,0.0344828,0.0481664,0.0599343,0.0703339,0.0815545,0.0900383,0.0960591,0.101806,0.103448,0.103448,0.102627,0.102354,0.102627,0.104269,0.106732,0.11029,0.112479,0.111111,0.106459,0.100712,0.0914067,0.0831965,0.0733443,0.0634921,0.0539135,0.045977,0.0366721,0.0306513,0.0273673,0.0240832,0.0202518,0.0177887,0.015052,0.0125889,0.0112206,0.00957854,0.00848385,0.00629447,0.00547345,0.00383142,0.00328407,0.00246305,0.00164204,0.00164204,0.00136836,0.00136836,0.00136836,0.00136836,0.000821018,0.000547345,0.000547345,0.000547345,0.000547345,0.000821018,0.000821018,0.00136836,0.00136836,0.00136836,0.00136836,0.00136836,0.00164204,0.00164204,0.00246305,0.00273673,0.00328407,0.00383142,0.00437876,0.00547345,0.00574713,0.0060208,0.00629447,0.00738916,0.00766284,0.00848385,0.00848385,0.00848385,0.00875753,0.00957854,0.00985222,0.0109469,0.0120416,0.0125889,0.015052,0.0177887,0.0218938,0.0257252,0.0290093,0.032567,0.0372195,0.0410509,0.0437876,0.045977,0.045977,0.0437876,0.0394089,0.0336617,0.0303777
0.031746,0.0273673,0.0205255,0.0139573,0.00985222,0.00766284,0.00547345,0.00383142,0.00328407,0.00273673,0.00246305,0.00164204,0.00164204,0.00136836,0.00136836,0.00136836,0.000821018,0.000273673,0.000273673,0.000273673,0.000273673,0.000273673,0.000273673,0,0,0,0,0,0,0,0,0,0,0,0,0,0,0,0,0,0,0,0,0,0,0,0,0,0,0,0,0,0,0,0,0,0,0,0,0,0,0,0.000273673,0.000273673,0.000273673,0.000273673,0.000273673,0.000273673,0.000821018,0.00136836,0.00136836,0.00164204,0.00164204,0.00218938,0.00273673,0.00328407,0.00437876,0.0060208,0.00875753,0.0125889,0.0205255,0.0281883,0.0385878,0.0522715,0.0645868,0.0807334,0.0938697,0.109469,0.124521,0.135742,0.143952,0.148331,0.148878,0.147236,0.14532,0.146141,0.149699,0.152983,0.157362,0.157362,0.152162,0.144499,0.132731,0.118227,0.103448,0.0897646,0.0779967,0.0643131,0.0528188,0.0437876,0.0336617,0.0290093,0.0257252,0.0218938,0.0186097,0.0155993,0.0128626,0.0112206,0.00985222,0.00848385,0.00629447,0.00547345,0.00383142,0.00328407,0.00246305,0.00191571,0.00164204,0.00136836,0.00136836,0.00136836,0.00136836,0.000821018,0.000821018,0.000547345,0.000821018,0.000821018,0.000821018,0.00136836,0.00136836,0.00136836,0.00136836,0.00136836,0.00164204,0.00164204,0.00246305,0.00273673,0.00355774,0.00437876,0.00547345,0.0060208,0.00738916,0.00848385,0.0090312,0.00985222,0.0101259,0.0109469,0.0112206,0.0117679,0.0125889,0.0125889,0.014231,0.0161467,0.0180624,0.0202518,0.0221675,0.0257252,0.0279146,0.0314724,0.0363985,0.0424193,0.0489874,0.0528188,0.0580186,0.0607553,0.0613027,0.0599343,0.0566502,0.0522715,0.0462507,0.0388615
0.0410509,0.0322934,0.0273673,0.0199781,0.0128626,0.00985222,0.00738916,0.00574713,0.00383142,0.00328407,0.00273673,0.00246305,0.00164204,0.00164204,0.00136836,0.00136836,0.00136836,0.00136836,0.000547345,0.000273673,0.000273673,0.000273673,0.000273673,0.000273673,0,0,0,0,0,0,0,0,0,0,0,0,0,0,0,0,0,0,0,0,0,0,0,0,0,0,0,0,0,0,0,0,0,0,0,0,0,0.000273673,0.000273673,0.000273673,0.000273673,0.000273673,0.000273673,0.00109469,0.00136836,0.00136836,0.00164204,0.00164204,0.00218938,0.00273673,0.00328407,0.00465244,0.0060208,0.00875753,0.0125889,0.0207991,0.030104,0.0410509,0.0555556,0.0714286,0.0878489,0.107006,0.129721,0.152709,0.172961,0.186097,0.197044,0.20416,0.205528,0.20416,0.203065,0.203339,0.205528,0.207991,0.207718,0.203339,0.193487,0.18035,0.167214,0.14751,0.125889,0.104817,0.0870279,0.0730706,0.0607553,0.0495348,0.0385878,0.0306513,0.0273673,0.0224412,0.0186097,0.015873,0.0128626,0.0112206,0.00985222,0.00848385,0.00629447,0.00547345,0.00383142,0.00328407,0.00246305,0.00164204,0.00164204,0.00136836,0.00136836,0.00136836,0.00136836,0.00109469,0.000821018,0.000821018,0.000821018,0.000821018,0.00136836,0.00136836,0.00136836,0.00136836,0.00136836,0.00164204,0.00164204,0.00246305,0.00273673,0.00355774,0.00465244,0.0060208,0.00738916,0.00848385,0.00985222,0.0112206,0.0125889,0.0136836,0.0155993,0.0169677,0.0177887,0.0186097,0.0199781,0.0218938,0.0238095,0.0259989,0.0279146,0.0303777,0.032567,0.0372195,0.0432403,0.0489874,0.0544609,0.0615764,0.0665025,0.0730706,0.0782704,0.0799124,0.0799124,0.0779967,0.0719759,0.0645868,0.0591133,0.0503558
0.0522715,0.0410509,0.031746,0.0259989,0.0186097,0.0125889,0.00985222,0.00766284,0.00574713,0.00437876,0.00355774,0.00328407,0.00246305,0.00218938,0.00164204,0.00164204,0.00136836,0.00136836,0.00136836,0.000547345,0.000273673,0.000273673,0.000273673,0.000273673,0.000273673,0,0,0,0,0,0,0,0,0,0,0,0,0,0,0,0,0,0,0,0,0,0,0,0,0,0,0,0,0,0,0,0,0,0,0,0.000273673,0.000273673,0.000273673,0.000273673,0.000273673,0.000547345,0.00136836,0.00136836,0.00136836,0.00164204,0.00164204,0.00246305,0.00273673,0.00328407,0.00465244,0.0060208,0.00875753,0.0125889,0.0207991,0.0303777,0.0437876,0.059387,0.076902,0.0938697,0.118774,0.148878,0.175424,0.203612,0.234264,0.255063,0.273946,0.283799,0.288177,0.287904,0.286262,0.284072,0.281609,0.277778,0.271757,0.257252,0.239464,0.220307,0.193487,0.171593,0.14532,0.119048,0.0971538,0.0799124,0.0645868,0.0522715,0.0410509,0.0320197,0.0276409,0.0224412,0.0186097,0.0155993,0.0125889,0.0112206,0.00957854,0.00848385,0.0060208,0.00492611,0.00355774,0.0030104,0.00246305,0.00164204,0.00164204,0.00136836,0.00136836,0.00136836,0.00136836,0.00109469,0.000821018,0.000821018,0.000821018,0.00136836,0.00136836,0.00136836,0.00136836,0.00136836,0.00164204,0.00164204,0.00246305,0.00273673,0.00355774,0.00519978,0.0060208,0.00848385,0.00985222,0.0117679,0.0136836,0.016694,0.0186097,0.0210728,0.0229885,0.0249042,0.0262726,0.0276409,0.028462,0.0303777,0.032567,0.0347564,0.0405036,0.045977,0.0511768,0.0561029,0.0629447,0.0692392,0.0779967,0.0840175,0.0908593,0.0960591,0.101259,0.102354,0.101533,0.0960591,0.0900383,0.0821018,0.0719759,0.06185
0.0632184,0.0522715,0.0405036,0.0306513,0.0249042,0.0177887,0.0125889,0.00985222,0.00848385,0.0060208,0.00519978,0.00383142,0.00328407,0.00273673,0.00218938,0.00164204,0.00164204,0.00136836,0.00136836,0.00136836,0.000547345,0.000273673,0.000273673,0.000273673,0.000273673,0.000273673,0,0,0,0,0,0,0,0,0,0,0,0,0,0,0,0,0,0,0,0,0,0,0,0,0,0,0,0,0,0,0,0,0,0.000273673,0.000273673,0.000273673,0.000273673,0.000273673,0.000547345,0.00136836,0.00136836,0.00136836,0.00164204,0.00164204,0.00246305,0.00273673,0.00355774,0.00465244,0.00629447,0.00875753,0.0123153,0.0199781,0.030104,0.0437876,0.0613027,0.0799124,0.101259,0.129174,0.162288,0.193213,0.234537,0.272852,0.304324,0.337438,0.366721,0.383963,0.390257,0.392173,0.387794,0.382594,0.369732,0.351396,0.332786,0.307061,0.282704,0.251779,0.220307,0.185276,0.159004,0.129174,0.102627,0.0829228,0.0651341,0.0528188,0.0410509,0.031746,0.0273673,0.0218938,0.0177887,0.014231,0.0123153,0.0101259,0.00848385,0.00711549,0.00574713,0.00437876,0.00328407,0.00273673,0.00246305,0.00164204,0.00164204,0.00136836,0.00136836,0.00136836,0.00136836,0.00109469,0.000821018,0.000821018,0.00109469,0.00136836,0.00136836,0.00136836,0.00136836,0.00136836,0.00164204,0.00218938,0.00273673,0.00355774,0.00465244,0.00629447,0.00848385,0.0106732,0.0125889,0.0172414,0.0202518,0.0240832,0.0270936,0.0281883,0.0303777,0.0322934,0.0336617,0.0372195,0.0405036,0.0437876,0.0489874,0.0528188,0.0582923,0.0640394,0.0703339,0.0793651,0.0856596,0.0938697,0.104817,0.116311,0.124521,0.131637,0.135468,0.135468,0.131637,0.124521,0.114669,0.10208,0.0873016,0.076902
0.0782704,0.0632184,0.0514505,0.0394089,0.0303777,0.0240832,0.0177887,0.0125889,0.00985222,0.00848385,0.00629447,0.00547345,0.00383142,0.00328407,0.00273673,0.00218938,0.00164204,0.00164204,0.00136836,0.00136836,0.00136836,0.000273673,0.000273673,0.000273673,0.000273673,0.000273673,0,0,0,0,0,0,0,0,0,0,0,0,0,0,0,0,0,0,0,0,0,0,0,0,0,0,0,0,0,0,0,0,0.000273673,0.000273673,0.000273673,0.000273673,0.000273673,0.000273673,0.00136836,0.00136836,0.00136836,0.00164204,0.00164204,0.00246305,0.00273673,0.00355774,0.00465244,0.00629447,0.00875753,0.0123153,0.0186097,0.0281883,0.0424193,0.0613027,0.0807334,0.104269,0.135194,0.171866,0.209633,0.253968,0.299124,0.350027,0.395731,0.432677,0.463328,0.485769,0.496442,0.496169,0.487137,0.466612,0.444444,0.420088,0.388342,0.351943,0.313629,0.274494,0.234811,0.194581,0.16393,0.131089,0.103448,0.0826492,0.0645868,0.0522715,0.0394089,0.0306513,0.0257252,0.0205255,0.0164204,0.0125889,0.0109469,0.00957854,0.00848385,0.0060208,0.00547345,0.00383142,0.00328407,0.00246305,0.00191571,0.00164204,0.00136836,0.00136836,0.00136836,0.00136836,0.00136836,0.000821018,0.000821018,0.000821018,0.00109469,0.00136836,0.00136836,0.00136836,0.00136836,0.00164204,0.00164204,0.00246305,0.00328407,0.00437876,0.0060208,0.00848385,0.0109469,0.0136836,0.0180624,0.0227148,0.0273673,0.0303777,0.032567,0.0372195,0.0415982,0.045977,0.0495348,0.0528188,0.0571976,0.0613027,0.0645868,0.0711549,0.0796388,0.0859332,0.0946907,0.105638,0.118227,0.133279,0.148331,0.161467,0.170772,0.176245,0.178708,0.176245,0.171866,0.161741,0.145594,0.128352,0.108648,0.091133
0.0916804,0.0779967,0.0629447,0.0503558,0.0372195,0.0290093,0.0229885,0.0177887,0.0125889,0.0101259,0.00848385,0.00629447,0.00547345,0.00383142,0.00328407,0.00273673,0.00218938,0.00164204,0.00164204,0.00136836,0.00136836,0.000821018,0.000273673,0.000273673,0.000273673,0.000273673,0.000273673,0,0,0,0,0,0,0,0,0,0,0,0,0,0,0,0,0,0,0,0,0,0,0,0,0,0,0,0,0,0,0.000273673,0.000273673,0.000273673,0.000273673,0.000273673,0.000273673,0.000821018,0.00136836,0.00136836,0.00164204,0.00164204,0.00246305,0.00273673,0.00355774,0.00465244,0.0060208,0.00848385,0.0117679,0.0177887,0.0273673,0.0385878,0.0580186,0.0799124,0.104269,0.137384,0.175424,0.219759,0.269841,0.318555,0.3815,0.431582,0.477559,0.525725,0.562945,0.589765,0.600985,0.59688,0.579912,0.548987,0.506021,0.465791,0.425835,0.382594,0.328407,0.281609,0.235906,0.192666,0.160372,0.126437,0.0987958,0.0796388,0.06185,0.0484401,0.0350301,0.0281883,0.0224412,0.0177887,0.0136836,0.0112206,0.00985222,0.00848385,0.00629447,0.00547345,0.00383142,0.00328407,0.00273673,0.00246305,0.00164204,0.00164204,0.00136836,0.00136836,0.00136836,0.00136836,0.00109469,0.000821018,0.000821018,0.000821018,0.00109469,0.00136836,0.00136836,0.00136836,0.00136836,0.00164204,0.00218938,0.00273673,0.00383142,0.00547345,0.00766284,0.00985222,0.01341,0.0186097,0.0246305,0.0281883,0.032567,0.0383142,0.0437876,0.0503558,0.0544609,0.0607553,0.0645868,0.0700602,0.076081,0.0807334,0.0864806,0.0935961,0.104817,0.117679,0.13191,0.149152,0.167214,0.180624,0.197592,0.213738,0.227148,0.234264,0.234811,0.229611,0.217296,0.199781,0.18035,0.161741,0.136015,0.113574
0.113848,0.091133,0.076081,0.0613027,0.0489874,0.0350301,0.0279146,0.0221675,0.0177887,0.0125889,0.00985222,0.00848385,0.0060208,0.00547345,0.00383142,0.00328407,0.00246305,0.00191571,0.00164204,0.00136836,0.00136836,0.00136836,0.000547345,0.000273673,0.000273673,0.000273673,0.000273673,0,0,0,0,0,0,0,0,0,0,0,0,0,0,0,0,0,0,0,0,0,0,0,0,0,0,0,0,0,0,0.000273673,0.000273673,0.000273673,0.000273673,0.000273673,0.000547345,0.00136836,0.00136836,0.00136836,0.00164204,0.00218938,0.00273673,0.00328407,0.00437876,0.0060208,0.00848385,0.0112206,0.0169677,0.0254516,0.0336617,0.0522715,0.074439,0.0993432,0.134647,0.174877,0.221401,0.273946,0.327313,0.388068,0.443076,0.498632,0.556103,0.603722,0.645868,0.670224,0.677066,0.66913,0.64231,0.595238,0.547072,0.489874,0.436234,0.383689,0.322934,0.272578,0.22277,0.179803,0.145868,0.115216,0.0900383,0.0703339,0.0544609,0.0415982,0.030925,0.0257252,0.0188834,0.014231,0.0114943,0.00985222,0.00848385,0.00629447,0.00574713,0.00437876,0.00355774,0.00273673,0.00246305,0.00164204,0.00164204,0.00136836,0.00136836,0.00136836,0.00136836,0.00109469,0.000821018,0.000821018,0.000821018,0.000821018,0.00109469,0.00136836,0.00136836,0.00136836,0.00164204,0.00164204,0.00246305,0.00328407,0.00437876,0.00629447,0.0090312,0.0125889,0.0177887,0.0240832,0.0290093,0.0333881,0.0410509,0.0489874,0.0555556,0.0629447,0.0697865,0.0782704,0.0840175,0.0908593,0.0987958,0.106732,0.118227,0.131089,0.148331,0.165572,0.180624,0.203339,0.228517,0.249589,0.272304,0.287904,0.297209,0.302135,0.298851,0.290914,0.275315,0.251779,0.226054,0.195676,0.169403,0.139847
0.138478,0.110016,0.08867,0.0730706,0.0591133,0.0457033,0.032567,0.0273673,0.0207991,0.0155993,0.0120416,0.00957854,0.00821018,0.0060208,0.00465244,0.00355774,0.00273673,0.00246305,0.00164204,0.00164204,0.00136836,0.00136836,0.00109469,0.000273673,0.000273673,0.000273673,0.000273673,0.000273673,0,0,0,0,0,0,0,0,0,0,0,0,0,0,0,0,0,0,0,0,0,0,0,0,0,0,0,0,0.000273673,0.000273673,0.000273673,0.000273673,0.000273673,0.000273673,0.00136836,0.00136836,0.00136836,0.00164204,0.00164204,0.00246305,0.00328407,0.00383142,0.00574713,0.00848385,0.0109469,0.0155993,0.0224412,0.0306513,0.046798,0.0645868,0.0908593,0.124521,0.167488,0.211549,0.267926,0.322386,0.384784,0.439245,0.494527,0.554461,0.604543,0.652983,0.683087,0.700328,0.701149,0.688834,0.658183,0.60509,0.547072,0.480022,0.422824,0.360427,0.297209,0.243842,0.19595,0.159551,0.124521,0.0971538,0.0785441,0.0607553,0.045977,0.032567,0.0273673,0.0207991,0.015052,0.0114943,0.00957854,0.00848385,0.00629447,0.00547345,0.00437876,0.00355774,0.00273673,0.00246305,0.00191571,0.00164204,0.00164204,0.00136836,0.00136836,0.00136836,0.00136836,0.000821018,0.000547345,0.000547345,0.000547345,0.000821018,0.000821018,0.00136836,0.00136836,0.00136836,0.00164204,0.00191571,0.00273673,0.00355774,0.00547345,0.00766284,0.0103996,0.0145047,0.0213465,0.0279146,0.032567,0.0410509,0.0503558,0.0591133,0.0659551,0.0779967,0.0856596,0.0957854,0.106732,0.119869,0.134647,0.150794,0.167488,0.183087,0.205802,0.233716,0.258073,0.287904,0.316366,0.341817,0.370553,0.386152,0.395731,0.395731,0.387247,0.37329,0.341544,0.310071,0.276409,0.23919,0.203339,0.171593
0.167214,0.133279,0.104817,0.0845649,0.0675972,0.0539135,0.0405036,0.0306513,0.0249042,0.0186097,0.0139573,0.0109469,0.00848385,0.00656814,0.00547345,0.00383142,0.00328407,0.00246305,0.00191571,0.00164204,0.00136836,0.00136836,0.00136836,0.000547345,0.000273673,0.000273673,0.000273673,0.000273673,0,0,0,0,0,0,0,0,0,0,0,0,0,0,0,0,0,0,0,0,0,0,0,0,0,0,0,0,0.000273673,0.000273673,0.000273673,0.000273673,0.000273673,0.000821018,0.00136836,0.00136836,0.00136836,0.00164204,0.00218938,0.00273673,0.00383142,0.00547345,0.00738916,0.00985222,0.0136836,0.0207991,0.0281883,0.0405036,0.0582923,0.0801861,0.108648,0.151341,0.193487,0.247126,0.303777,0.366995,0.422824,0.470443,0.524904,0.574986,0.620142,0.656541,0.678708,0.690476,0.687739,0.668856,0.629995,0.572797,0.505473,0.442255,0.382868,0.316092,0.256158,0.204707,0.165298,0.128352,0.100164,0.0799124,0.0623974,0.0478927,0.0336617,0.0276409,0.0207991,0.0145047,0.0112206,0.0090312,0.00766284,0.0060208,0.00547345,0.00383142,0.00328407,0.00273673,0.00246305,0.00164204,0.00164204,0.00136836,0.00136836,0.00136836,0.00136836,0.00136836,0.000821018,0.000547345,0.000547345,0.000547345,0.000547345,0.000547345,0.000821018,0.00136836,0.00136836,0.00136836,0.00164204,0.00218938,0.00273673,0.00383142,0.00574713,0.00848385,0.0117679,0.0177887,0.0249042,0.0303777,0.0383142,0.0489874,0.0580186,0.0673235,0.0796388,0.090312,0.104817,0.120142,0.139573,0.161467,0.179803,0.203339,0.233169,0.259989,0.293651,0.328955,0.371921,0.404762,0.437055,0.464149,0.487958,0.501916,0.506021,0.498358,0.480843,0.455118,0.423645,0.383689,0.334428,0.288725,0.243569,0.201697
0.189929,0.155172,0.122058,0.0963328,0.0790914,0.0615764,0.0478927,0.0339354,0.0279146,0.0218938,0.0164204,0.0123153,0.00985222,0.00848385,0.0060208,0.00437876,0.00355774,0.00273673,0.00246305,0.00164204,0.00164204,0.00136836,0.00136836,0.000821018,0.000273673,0.000273673,0.000273673,0.000273673,0,0,0,0,0,0,0,0,0,0,0,0,0,0,0,0,0,0,0,0,0,0,0,0,0,0,0,0.000273673,0.000273673,0.000273673,0.000273673,0.000273673,0.000273673,0.00136836,0.00136836,0.00136836,0.00164204,0.00164204,0.00246305,0.00328407,0.00437876,0.0060208,0.00875753,0.0123153,0.0180624,0.0259989,0.0336617,0.0503558,0.0684182,0.091954,0.126984,0.171593,0.220033,0.275315,0.33087,0.388342,0.437603,0.479201,0.522989,0.559934,0.589491,0.614943,0.63191,0.637384,0.628079,0.595512,0.555829,0.497537,0.440066,0.381773,0.313082,0.253968,0.202244,0.162288,0.125342,0.0963328,0.0779967,0.0604817,0.0462507,0.032567,0.0270936,0.0197044,0.0136836,0.0106732,0.00848385,0.00629447,0.00574713,0.00437876,0.00355774,0.00328407,0.00246305,0.00218938,0.00164204,0.00164204,0.00136836,0.00136836,0.00136836,0.00136836,0.00109469,0.000547345,0.000547345,0.000273673,0.000273673,0.000273673,0.000273673,0.000547345,0.000821018,0.00136836,0.00136836,0.00136836,0.00164204,0.00246305,0.00328407,0.00437876,0.0060208,0.00930487,0.0125889,0.0191571,0.0273673,0.032567,0.043514,0.0539135,0.0645868,0.0779967,0.0900383,0.105638,0.125889,0.150246,0.175151,0.203339,0.237274,0.276136,0.316639,0.364806,0.409962,0.455118,0.5,0.548714,0.586754,0.623426,0.646689,0.657088,0.654078,0.635194,0.597154,0.556103,0.504379,0.454297,0.402299,0.341544,0.287904,0.237274
0.218117,0.174877,0.138205,0.107006,0.0853859,0.0673235,0.0528188,0.0391352,0.0303777,0.0240832,0.0177887,0.0125889,0.0101259,0.00848385,0.00629447,0.00547345,0.00383142,0.0030104,0.00246305,0.00164204,0.00164204,0.00136836,0.00136836,0.000821018,0.000273673,0.000273673,0.000273673,0.000273673,0,0,0,0,0,0,0,0,0,0,0,0,0,0,0,0,0,0,0,0,0,0,0,0,0,0,0,0.000273673,0.000273673,0.000273673,0.000273673,0.000273673,0.000547345,0.00136836,0.00136836,0.00136836,0.00164204,0.00218938,0.00273673,0.00355774,0.00547345,0.00766284,0.0103996,0.015052,0.0221675,0.0303777,0.0418719,0.0591133,0.0790914,0.103722,0.14012,0.180624,0.234537,0.287904,0.339354,0.391626,0.432403,0.464149,0.491516,0.514231,0.532293,0.542967,0.546798,0.542146,0.523536,0.492885,0.455391,0.409141,0.351669,0.293103,0.238095,0.187739,0.151067,0.116585,0.0892173,0.0697865,0.0539135,0.0405036,0.0303777,0.0240832,0.0177887,0.0125889,0.00957854,0.00766284,0.00574713,0.00465244,0.00383142,0.00328407,0.00273673,0.00246305,0.00164204,0.00164204,0.00164204,0.00136836,0.00136836,0.00136836,0.00136836,0.000821018,0.000547345,0.000273673,0.000273673,0.000273673,0.000273673,0.000273673,0.000273673,0.000273673,0.000547345,0.00136836,0.00136836,0.00136836,0.00164204,0.00246305,0.00328407,0.00465244,0.00629447,0.00985222,0.0136836,0.0207991,0.0279146,0.0342091,0.0473454,0.0588396,0.0700602,0.0840175,0.0990695,0.119869,0.148057,0.175972,0.209907,0.253968,0.301587,0.35988,0.418446,0.474001,0.542967,0.599891,0.663109,0.703886,0.730432,0.743569,0.753968,0.756158,0.749042,0.734811,0.709633,0.66913,0.600985,0.536946,0.464149,0.399288,0.329228,0.272304
0.23919,0.188287,0.151615,0.117132,0.0908593,0.0719759,0.0558292,0.0418719,0.030925,0.0254516,0.0186097,0.0136836,0.0109469,0.00848385,0.00629447,0.00547345,0.00383142,0.00328407,0.00246305,0.00164204,0.00164204,0.00136836,0.00136836,0.00136836,0.000273673,0.000273673,0.000273673,0.000273673,0,0,0,0,0,0,0,0,0,0,0,0,0,0,0,0,0,0,0,0,0,0,0,0,0,0,0,0.000273673,0.000273673,0.000273673,0.000273673,0.000273673,0.000821018,0.00136836,0.00136836,0.00136836,0.00164204,0.00246305,0.00328407,0.00383142,0.0060208,0.00848385,0.0123153,0.0180624,0.0262726,0.0336617,0.0489874,0.0645868,0.0845649,0.112206,0.148878,0.186371,0.235906,0.284893,0.330323,0.379037,0.406951,0.430213,0.44116,0.445539,0.446086,0.443076,0.438424,0.430213,0.410509,0.384784,0.345649,0.301314,0.256431,0.209907,0.170498,0.132184,0.10208,0.0799124,0.0613027,0.045977,0.032567,0.0262726,0.0194308,0.0139573,0.0103996,0.00848385,0.0060208,0.00519978,0.00383142,0.00328407,0.00273673,0.00246305,0.00191571,0.00164204,0.00164204,0.00136836,0.00136836,0.00136836,0.00136836,0.000821018,0.000547345,0.000273673,0.000273673,0.000273673,0.000273673,0.000273673,0.000273673,0.000273673,0.000273673,0.000273673,0.000273673,0.00109469,0.00136836,0.00136836,0.00164204,0.00246305,0.00328407,0.00492611,0.00656814,0.00985222,0.0136836,0.0210728,0.0281883,0.0363985,0.0489874,0.0613027,0.0749863,0.0878489,0.106732,0.133279,0.164751,0.197592,0.24439,0.301587,0.376574,0.44116,0.518336,0.597154,0.677887,0.727969,0.757526,0.794198,0.81746,0.833607,0.841817,0.840175,0.827313,0.807882,0.767652,0.736727,0.693487,0.612206,0.528736,0.444718,0.3763,0.297482
0.253968,0.197592,0.158456,0.120416,0.092775,0.0749863,0.0574713,0.0432403,0.031746,0.0257252,0.0186097,0.0136836,0.0109469,0.00848385,0.00629447,0.00547345,0.00383142,0.00328407,0.00246305,0.00191571,0.00164204,0.00136836,0.00136836,0.00136836,0.000273673,0.000273673,0.000273673,0.000273673,0,0,0,0,0,0,0,0,0,0,0,0,0,0,0,0,0,0,0,0,0,0,0,0,0,0,0.000273673,0.000273673,0.000273673,0.000273673,0.000273673,0.000273673,0.00136836,0.00136836,0.00136836,0.00164204,0.00164204,0.00246305,0.00328407,0.00437876,0.00629447,0.00957854,0.0136836,0.0207991,0.0281883,0.0385878,0.0528188,0.0697865,0.0878489,0.115764,0.149152,0.183087,0.226054,0.269294,0.30405,0.336617,0.363437,0.378763,0.379858,0.374384,0.359332,0.343733,0.328955,0.316366,0.293651,0.27121,0.23919,0.206623,0.174877,0.14231,0.11029,0.0859332,0.0673235,0.0519978,0.0363985,0.0276409,0.0199781,0.014231,0.0112206,0.00848385,0.00629447,0.00547345,0.00383142,0.00328407,0.00273673,0.00246305,0.00164204,0.00164204,0.00164204,0.00136836,0.00136836,0.00136836,0.00136836,0.000821018,0.000547345,0.000273673,0.000273673,0.000273673,0.000273673,0.000273673,0.000273673,0.000273673,0.000273673,0.000273673,0.000273673,0.000273673,0.000273673,0.000821018,0.00136836,0.00136836,0.00164204,0.00246305,0.00328407,0.00465244,0.00629447,0.00957854,0.0131363,0.0207991,0.0279146,0.0363985,0.0492611,0.0615764,0.076902,0.0908593,0.112479,0.139847,0.174877,0.218117,0.275588,0.345375,0.428571,0.514231,0.610564,0.701423,0.748768,0.796114,0.83607,0.871374,0.895183,0.914067,0.918719,0.913246,0.892994,0.863711,0.826765,0.778051,0.734537,0.675151,0.578818,0.481664,0.401478,0.318829
0.258347,0.19896,0.158456,0.120142,0.0925014,0.0733443,0.0561029,0.0418719,0.030925,0.0254516,0.0183361,0.0131363,0.0103996,0.00848385,0.00629447,0.00547345,0.00383142,0.00328407,0.00246305,0.00164204,0.00164204,0.00136836,0.00136836,0.00136836,0.000273673,0.000273673,0.000273673,0.000273673,0,0,0,0,0,0,0,0,0,0,0,0,0,0,0,0,0,0,0,0,0,0,0,0,0,0,0.000273673,0.000273673,0.000273673,0.000273673,0.000273673,0.000547345,0.00136836,0.00136836,0.00136836,0.00164204,0.00164204,0.00246305,0.00328407,0.00465244,0.00684182,0.00985222,0.0153257,0.0224412,0.0303777,0.0418719,0.0555556,0.0714286,0.0900383,0.113848,0.142583,0.173782,0.205802,0.23919,0.270936,0.290914,0.302135,0.304324,0.297209,0.286262,0.270389,0.250958,0.235632,0.217022,0.197044,0.177887,0.158456,0.134647,0.109469,0.0883963,0.0708812,0.0552819,0.0407772,0.029283,0.0210728,0.0136836,0.0103996,0.00848385,0.00629447,0.00547345,0.00383142,0.00328407,0.00273673,0.00246305,0.00191571,0.00164204,0.00164204,0.00136836,0.00136836,0.00136836,0.00136836,0.000821018,0.000547345,0.000273673,0.000273673,0.000273673,0.000273673,0.000273673,0.000273673,0.000273673,0.000273673,0.000273673,0.000273673,0.000273673,0.000273673,0.000273673,0.000273673,0.000547345,0.00136836,0.00136836,0.00164204,0.00246305,0.00328407,0.00465244,0.00629447,0.0090312,0.0125889,0.0186097,0.0273673,0.0336617,0.047619,0.0607553,0.0749863,0.0905857,0.112479,0.14231,0.177887,0.22879,0.292282,0.379584,0.463602,0.570334,0.680077,0.743295,0.801314,0.851943,0.894636,0.934319,0.957033,0.974001,0.975369,0.963054,0.942255,0.904488,0.860701,0.811713,0.75561,0.702518,0.604269,0.501916,0.415709,0.328955
0.251232,0.192392,0.151341,0.11549,0.0878489,0.0695129,0.0528188,0.0385878,0.0295567,0.0235359,0.0177887,0.0125889,0.00985222,0.00848385,0.0060208,0.00492611,0.00355774,0.0030104,0.00246305,0.00164204,0.00164204,0.00136836,0.00136836,0.00136836,0.000273673,0.000273673,0.000273673,0.000273673,0,0,0,0,0,0,0,0,0,0,0,0,0,0,0,0,0,0,0,0,0,0,0,0,0,0,0.000273673,0.000273673,0.000273673,0.000273673,0.000273673,0.000547345,0.00136836,0.00136836,0.00136836,0.00164204,0.00164204,0.00246305,0.00328407,0.00492611,0.00738916,0.0106732,0.0155993,0.0240832,0.0306513,0.0432403,0.0561029,0.0706076,0.0870279,0.106732,0.13191,0.159004,0.180624,0.205528,0.227696,0.238643,0.242748,0.238916,0.229611,0.209907,0.191297,0.175151,0.161467,0.144226,0.128352,0.112206,0.0957854,0.0826492,0.0678708,0.0552819,0.0424193,0.0311987,0.0240832,0.0155993,0.0103996,0.00848385,0.0060208,0.00519978,0.00383142,0.00328407,0.00273673,0.00246305,0.00191571,0.00164204,0.00164204,0.00136836,0.00136836,0.00136836,0.00136836,0.000821018,0.000547345,0.000273673,0.000273673,0.000273673,0.000273673,0.000273673,0.000273673,0.000273673,0.000273673,0.000273673,0.000273673,0.000273673,0.000273673,0.000273673,0.000273673,0.000273673,0.000273673,0.000273673,0.00136836,0.00136836,0.00164204,0.00246305,0.00328407,0.00437876,0.0060208,0.00848385,0.0112206,0.0177887,0.0249042,0.031746,0.0437876,0.0566502,0.0703339,0.0864806,0.106732,0.136015,0.174877,0.227696,0.294472,0.384784,0.47838,0.593049,0.704707,0.764368,0.827313,0.882047,0.931308,0.963602,0.989327,1,0.998905,0.98659,0.957307,0.917351,0.8711,0.817734,0.757526,0.703339,0.601806,0.497811,0.409962,0.322113
0.233169,0.17734,0.135468,0.102901,0.0807334,0.0629447,0.0478927,0.0336617,0.0276409,0.0207991,0.015052,0.0112206,0.0090312,0.00738916,0.00574713,0.00437876,0.00328407,0.00273673,0.00246305,0.00164204,0.00164204,0.00136836,0.00136836,0.000821018,0.000273673,0.000273673,0.000273673,0.000273673,0,0,0,0,0,0,0,0,0,0,0,0,0,0,0,0,0,0,0,0,0,0,0,0,0,0,0.000273673,0.000273673,0.000273673,0.000273673,0.000273673,0.000547345,0.00136836,0.00136836,0.00136836,0.00164204,0.00164204,0.00246305,0.00328407,0.00492611,0.00738916,0.0106732,0.0155993,0.0240832,0.0306513,0.0418719,0.0544609,0.0675972,0.0829228,0.0990695,0.118227,0.138205,0.158456,0.173235,0.180898,0.186918,0.186097,0.179529,0.16913,0.151615,0.134647,0.118227,0.104269,0.091133,0.0807334,0.0697865,0.0599343,0.0498084,0.0391352,0.0306513,0.0249042,0.0177887,0.0117679,0.00848385,0.0060208,0.00437876,0.00355774,0.0030104,0.00246305,0.00218938,0.00164204,0.00164204,0.00164204,0.00136836,0.00136836,0.00136836,0.00136836,0.000821018,0.000547345,0.000273673,0.000273673,0.000273673,0.000273673,0.000273673,0.000273673,0.000273673,0.000273673,0.000273673,0.000273673,0.000273673,0.000273673,0.000273673,0.000273673,0.000273673,0.000273673,0.000273673,0.000273673,0.000273673,0.000821018,0.00136836,0.00164204,0.00218938,0.00273673,0.00383142,0.00574713,0.00848385,0.00985222,0.014231,0.0218938,0.0290093,0.0383142,0.0511768,0.0645868,0.0801861,0.0987958,0.125889,0.165298,0.214012,0.284346,0.377668,0.470443,0.588396,0.70416,0.764641,0.828134,0.8867,0.935413,0.965517,0.9896,0.997811,0.993706,0.979201,0.947729,0.904488,0.853585,0.799398,0.741927,0.677887,0.572523,0.469622,0.386152,0.297756
0.199234,0.154351,0.116585,0.0883963,0.0700602,0.0539135,0.0396825,0.0303777,0.0240832,0.0177887,0.0125889,0.00985222,0.00848385,0.0060208,0.00547345,0.00383142,0.00328407,0.00246305,0.00191571,0.00164204,0.00136836,0.00136836,0.00136836,0.000547345,0.000273673,0.000273673,0.000273673,0.000273673,0,0,0,0,0,0,0,0,0,0,0,0,0,0,0,0,0,0,0,0,0,0,0,0,0,0,0.000273673,0.000273673,0.000273673,0.000273673,0.000273673,0.000547345,0.00136836,0.00136836,0.00136836,0.00164204,0.00164204,0.00246305,0.00328407,0.00465244,0.00711549,0.0101259,0.0153257,0.0221675,0.0295567,0.0391352,0.0514505,0.0632184,0.0774494,0.0883963,0.102627,0.117406,0.130268,0.14012,0.146415,0.147783,0.14231,0.132458,0.118227,0.104817,0.091133,0.0804598,0.0700602,0.0607553,0.0511768,0.0418719,0.0331144,0.0279146,0.0224412,0.0177887,0.0123153,0.00930487,0.00629447,0.00465244,0.00355774,0.00273673,0.00246305,0.00218938,0.00164204,0.00164204,0.00164204,0.00136836,0.00136836,0.00136836,0.00136836,0.00136836,0.000547345,0.000273673,0.000273673,0.000273673,0.000273673,0.000273673,0.000273673,0.000273673,0.000273673,0.000273673,0.000273673,0.000273673,0.000273673,0.000273673,0.000273673,0.000273673,0.000273673,0.000273673,0.000273673,0.000273673,0.000273673,0.000273673,0.000547345,0.00136836,0.00136836,0.00164204,0.00273673,0.00355774,0.00519978,0.00629447,0.00875753,0.0123153,0.0177887,0.0257252,0.0322934,0.0437876,0.0566502,0.0706076,0.0870279,0.112206,0.148878,0.192939,0.258347,0.342091,0.442529,0.555829,0.67734,0.747947,0.810619,0.86289,0.908046,0.942802,0.958949,0.968528,0.958949,0.942802,0.907499,0.863437,0.813903,0.757526,0.705528,0.612479,0.509305,0.42474,0.337712,0.264368
0.167488,0.124521,0.092775,0.074439,0.0580186,0.0437876,0.031746,0.0257252,0.0186097,0.01341,0.0106732,0.00848385,0.00629447,0.00547345,0.00383142,0.00328407,0.00273673,0.00246305,0.00164204,0.00164204,0.00136836,0.00136836,0.00136836,0.000273673,0.000273673,0.000273673,0.000273673,0,0,0,0,0,0,0,0,0,0,0,0,0,0,0,0,0,0,0,0,0,0,0,0,0,0,0,0.000273673,0.000273673,0.000273673,0.000273673,0.000273673,0.000547345,0.00136836,0.00136836,0.00136836,0.00164204,0.00164204,0.00246305,0.00328407,0.00437876,0.00629447,0.00957854,0.0136836,0.0207991,0.0279146,0.0336617,0.0462507,0.0571976,0.0665025,0.0793651,0.0870279,0.0971538,0.104817,0.109469,0.112479,0.108648,0.102627,0.0930487,0.0845649,0.0749863,0.0640394,0.0541872,0.045977,0.0366721,0.0303777,0.0259989,0.0207991,0.0155993,0.0117679,0.00957854,0.00738916,0.00547345,0.00383142,0.0030104,0.00246305,0.00218938,0.00164204,0.00164204,0.00164204,0.00136836,0.00136836,0.00136836,0.00136836,0.00136836,0.000821018,0.000273673,0.000273673,0.000273673,0.000273673,0.000273673,0.000273673,0.000273673,0.000273673,0.000273673,0.000273673,0.000273673,0.000273673,0.000273673,0.000273673,0.000273673,0.000273673,0.000273673,0.000273673,0.000273673,0.000273673,0.000273673,0.000273673,0.000273673,0.000273673,0.00136836,0.00136836,0.00164204,0.00246305,0.00328407,0.00383142,0.00574713,0.00821018,0.00985222,0.0136836,0.0202518,0.0276409,0.0336617,0.0473454,0.0607553,0.076902,0.0946907,0.12671,0.171593,0.227969,0.30104,0.399288,0.498358,0.615216,0.713191,0.764641,0.821839,0.860974,0.890531,0.909414,0.913793,0.904488,0.880405,0.848385,0.808976,0.75561,0.706623,0.6237,0.523536,0.435687,0.357417,0.282704,0.217296
0.127258,0.0941434,0.074439,0.0580186,0.0437876,0.0322934,0.0259989,0.0186097,0.0136836,0.0109469,0.00848385,0.00656814,0.00574713,0.00437876,0.00355774,0.00273673,0.00246305,0.00191571,0.00164204,0.00136836,0.00136836,0.00136836,0.000821018,0.000273673,0.000273673,0.000273673,0.000273673,0,0,0,0,0,0,0,0,0,0,0,0,0,0,0,0,0,0,0,0,0,0,0,0,0,0,0,0.000273673,0.000273673,0.000273673,0.000273673,0.000273673,0.000547345,0.00136836,0.00136836,0.00136836,0.00164204,0.00164204,0.00218938,0.00273673,0.00383142,0.0060208,0.00848385,0.0123153,0.0177887,0.0249042,0.0306513,0.0391352,0.0492611,0.0582923,0.0645868,0.074439,0.0801861,0.0845649,0.0856596,0.0853859,0.0826492,0.0774494,0.0675972,0.0599343,0.0511768,0.0418719,0.0333881,0.0287356,0.0246305,0.0186097,0.0145047,0.0114943,0.00957854,0.00766284,0.00574713,0.00437876,0.00328407,0.00273673,0.00218938,0.00164204,0.00164204,0.00164204,0.00136836,0.00136836,0.00136836,0.00136836,0.00136836,0.000821018,0.000547345,0.000273673,0.000273673,0.000273673,0.000273673,0.000273673,0.000273673,0.000273673,0.000273673,0,0,0,0,0,0.000273673,0.000273673,0.000273673,0.000273673,0.000273673,0.000273673,0.000273673,0.000273673,0.000273673,0.000273673,0.000273673,0.000273673,0.000821018,0.00136836,0.00164204,0.00164204,0.00273673,0.00355774,0.00465244,0.0060208,0.00848385,0.0109469,0.0145047,0.0213465,0.0279146,0.0353038,0.0489874,0.0629447,0.0801861,0.104817,0.143404,0.191024,0.257252,0.340175,0.437055,0.539135,0.643678,0.72058,0.76081,0.803503,0.827586,0.842365,0.845649,0.834154,0.811713,0.772852,0.737274,0.689655,0.598796,0.506568,0.430213,0.350848,0.281609,0.221401,0.170772
0.0914067,0.0703339,0.0539135,0.0410509,0.0306513,0.0249042,0.0180624,0.0125889,0.00985222,0.00848385,0.00629447,0.00547345,0.00383142,0.00355774,0.00273673,0.00246305,0.00191571,0.00164204,0.00164204,0.00136836,0.00136836,0.00136836,0.000273673,0.000273673,0.000273673,0.000273673,0,0,0,0,0,0,0,0,0,0,0,0,0,0,0,0,0,0,0,0,0,0,0,0,0,0,0,0,0.000273673,0.000273673,0.000273673,0.000273673,0.000273673,0.000273673,0.00109469,0.00136836,0.00136836,0.00136836,0.00164204,0.00191571,0.00273673,0.00355774,0.00547345,0.00766284,0.0101259,0.014231,0.0207991,0.0273673,0.031746,0.0394089,0.0478927,0.0539135,0.0599343,0.0634921,0.0645868,0.0648604,0.0643131,0.061029,0.0539135,0.0478927,0.0391352,0.031746,0.0276409,0.0221675,0.0177887,0.0136836,0.0112206,0.00930487,0.00766284,0.0060208,0.00465244,0.00355774,0.0030104,0.00246305,0.00164204,0.00164204,0.00164204,0.00136836,0.00136836,0.00136836,0.00136836,0.00136836,0.000821018,0.000547345,0.000273673,0.000273673,0.000273673,0.000273673,0.000273673,0.000273673,0.000273673,0.000273673,0,0,0,0,0,0,0,0,0,0,0,0.000273673,0.000273673,0.000273673,0.000273673,0.000273673,0.000273673,0.000273673,0.000273673,0.000273673,0.00136836,0.00136836,0.00164204,0.00218938,0.00273673,0.00383142,0.00547345,0.00629447,0.00848385,0.0112206,0.0155993,0.0213465,0.0279146,0.0353038,0.0495348,0.0645868,0.0853859,0.116585,0.161193,0.212917,0.285441,0.37329,0.454023,0.546798,0.634647,0.702791,0.736727,0.757526,0.767378,0.767652,0.7578,0.737001,0.704707,0.643678,0.560208,0.475096,0.403667,0.328681,0.264915,0.207991,0.16393,0.122332
0.0645868,0.0492611,0.0347564,0.0279146,0.0218938,0.0155993,0.0117679,0.00957854,0.00766284,0.0060208,0.00492611,0.00383142,0.00328407,0.00273673,0.00246305,0.00191571,0.00164204,0.00164204,0.00136836,0.00136836,0.00136836,0.000547345,0.000273673,0.000273673,0.000273673,0.000273673,0,0,0,0,0,0,0,0,0,0,0,0,0,0,0,0,0,0,0,0,0,0,0,0,0,0,0,0,0,0.000273673,0.000273673,0.000273673,0.000273673,0.000273673,0.000821018,0.00136836,0.00136836,0.00136836,0.00164204,0.00164204,0.00246305,0.00328407,0.00437876,0.0060208,0.00875753,0.0117679,0.015873,0.0218938,0.0273673,0.0306513,0.0353038,0.0410509,0.045977,0.0489874,0.0495348,0.0489874,0.0462507,0.0410509,0.0342091,0.0303777,0.0259989,0.0207991,0.0164204,0.0125889,0.0103996,0.00875753,0.00738916,0.0060208,0.00492611,0.00383142,0.00328407,0.00273673,0.00218938,0.00164204,0.00164204,0.00136836,0.00136836,0.00136836,0.00136836,0.00109469,0.000821018,0.000547345,0.000273673,0.000273673,0.000273673,0.000273673,0.000273673,0.000273673,0.000273673,0.000273673,0,0,0,0,0,0,0,0,0,0,0,0,0,0,0,0.000273673,0.000273673,0.000273673,0.000273673,0.000273673,0.000273673,0.000273673,0.000547345,0.00136836,0.00136836,0.00164204,0.00246305,0.00328407,0.00383142,0.00547345,0.00629447,0.00848385,0.0109469,0.014231,0.0202518,0.0276409,0.0353038,0.0511768,0.0678708,0.0916804,0.127258,0.173782,0.233169,0.297482,0.380952,0.446634,0.519978,0.586481,0.643678,0.680077,0.697865,0.696771,0.674603,0.6341,0.574713,0.502737,0.435687,0.370553,0.297209,0.23919,0.187466,0.149152,0.112479,0.0851122
0.0410509,0.0303777,0.0240832,0.0177887,0.0125889,0.00985222,0.00848385,0.0060208,0.00547345,0.00383142,0.00328407,0.0030104,0.00246305,0.00218938,0.00164204,0.00164204,0.00164204,0.00136836,0.00136836,0.00136836,0.000821018,0.000273673,0.000273673,0.000273673,0.000273673,0,0,0,0,0,0,0,0,0,0,0,0,0,0,0,0,0,0,0,0,0,0,0,0,0,0,0,0,0,0,0.000273673,0.000273673,0.000273673,0.000273673,0.000273673,0.000547345,0.00136836,0.00136836,0.00136836,0.00164204,0.00164204,0.00218938,0.00273673,0.00355774,0.00547345,0.00684182,0.00957854,0.0123153,0.0155993,0.0207991,0.0249042,0.0279146,0.0303777,0.0322934,0.032567,0.032567,0.0322934,0.0303777,0.0279146,0.0240832,0.0191571,0.015052,0.0117679,0.00985222,0.00848385,0.00629447,0.00574713,0.00465244,0.00383142,0.00328407,0.00273673,0.00246305,0.00164204,0.00164204,0.00136836,0.00136836,0.00136836,0.00136836,0.000821018,0.000547345,0.000273673,0.000273673,0.000273673,0.000273673,0.000273673,0.000273673,0.000273673,0.000273673,0.000273673,0.000273673,0,0,0,0,0,0,0,0,0,0,0,0,0,0,0,0,0,0,0.000273673,0.000273673,0.000273673,0.000273673,0.000273673,0.000273673,0.00109469,0.00136836,0.00164204,0.00164204,0.00246305,0.00328407,0.00383142,0.00519978,0.0060208,0.00848385,0.00985222,0.0125889,0.0186097,0.0276409,0.0369458,0.0528188,0.074439,0.100164,0.138205,0.182266,0.238095,0.296935,0.360701,0.418446,0.465791,0.506021,0.541872,0.554461,0.55145,0.527094,0.487685,0.440066,0.386152,0.321292,0.264641,0.211549,0.169677,0.129721,0.0979748,0.076081,0.0571976
0.0262726,0.0183361,0.0125889,0.00985222,0.00848385,0.0060208,0.00547345,0.00383142,0.00328407,0.00273673,0.00246305,0.00246305,0.00164204,0.00164204,0.00164204,0.00136836,0.00136836,0.00136836,0.00136836,0.000547345,0.000273673,0.000273673,0.000273673,0.000273673,0.000273673,0,0,0,0,0,0,0,0,0,0,0,0,0,0,0,0,0,0,0,0,0,0,0,0,0,0,0,0,0,0,0.000273673,0.000273673,0.000273673,0.000273673,0.000273673,0.000273673,0.00109469,0.00136836,0.00136836,0.00136836,0.00164204,0.00164204,0.00246305,0.00328407,0.00383142,0.00574713,0.00738916,0.00957854,0.0114943,0.014231,0.0177887,0.0207991,0.0224412,0.0246305,0.0249042,0.0246305,0.0224412,0.0205255,0.0177887,0.0136836,0.0112206,0.00957854,0.00848385,0.0060208,0.00547345,0.00383142,0.00355774,0.00328407,0.00273673,0.00246305,0.00191571,0.00164204,0.00164204,0.00136836,0.00136836,0.00136836,0.000821018,0.000547345,0.000273673,0.000273673,0.000273673,0.000273673,0.000273673,0.000273673,0.000273673,0.000273673,0.000273673,0.000273673,0,0,0,0,0,0,0,0,0,0,0,0,0,0,0,0,0,0,0,0,0.000273673,0.000273673,0.000273673,0.000273673,0.000273673,0.000273673,0.000273673,0.00136836,0.00136836,0.00164204,0.00164204,0.00246305,0.00273673,0.00355774,0.00437876,0.00574713,0.00738916,0.00957854,0.0125889,0.0186097,0.0279146,0.0396825,0.0582923,0.0799124,0.106732,0.144773,0.183908,0.232895,0.276683,0.318555,0.362069,0.391626,0.411056,0.419267,0.414888,0.395731,0.365353,0.318829,0.275315,0.22879,0.181992,0.148057,0.112753,0.0856596,0.0645868,0.0489874,0.0331144
0.014231,0.0103996,0.00848385,0.0060208,0.00492611,0.00383142,0.00328407,0.00273673,0.00246305,0.00218938,0.00164204,0.00164204,0.00164204,0.00136836,0.00136836,0.00136836,0.00136836,0.00109469,0.000547345,0.000273673,0.000273673,0.000273673,0.000273673,0.000273673,0,0,0,0,0,0,0,0,0,0,0,0,0,0,0,0,0,0,0,0,0,0,0,0,0,0,0,0,0,0,0,0,0.000273673,0.000273673,0.000273673,0.000273673,0.000273673,0.000547345,0.00136836,0.00136836,0.00136836,0.00164204,0.00164204,0.00191571,0.00246305,0.00328407,0.00383142,0.00574713,0.00656814,0.00848385,0.00985222,0.0117679,0.0128626,0.0145047,0.0155993,0.0155993,0.0145047,0.01341,0.0123153,0.0101259,0.00875753,0.00738916,0.0060208,0.00465244,0.00383142,0.00328407,0.00273673,0.00246305,0.00218938,0.00164204,0.00164204,0.00164204,0.00136836,0.00136836,0.00136836,0.00136836,0.000547345,0.000273673,0.000273673,0.000273673,0.000273673,0.000273673,0.000273673,0.000273673,0.000273673,0.000273673,0.000273673,0.000273673,0,0,0,0,0,0,0,0,0,0,0,0,0,0,0,0,0,0,0,0,0,0,0.000273673,0.000273673,0.000273673,0.000273673,0.000273673,0.000273673,0.000547345,0.00136836,0.00136836,0.00164204,0.00164204,0.00218938,0.00273673,0.00328407,0.00383142,0.00547345,0.00629447,0.00848385,0.0123153,0.0199781,0.0295567,0.0437876,0.0629447,0.0845649,0.11029,0.143131,0.175972,0.207718,0.238643,0.265736,0.286262,0.295567,0.297209,0.292282,0.276409,0.251779,0.221949,0.186097,0.157909,0.125068,0.0971538,0.076902,0.0571976,0.0405036,0.0290093,0.0218938
0.00875753,0.00629447,0.00547345,0.00383142,0.00328407,0.00273673,0.00246305,0.00164204,0.00164204,0.00164204,0.00136836,0.00136836,0.00136836,0.00136836,0.00136836,0.00109469,0.000547345,0.000273673,0.000273673,0.000273673,0.000273673,0.000273673,0.000273673,0,0,0,0,0,0,0,0,0,0,0,0,0,0,0,0,0,0,0,0,0,0,0,0,0,0,0,0,0,0,0,0,0,0.000273673,0.000273673,0.000273673,0.000273673,0.000273673,0.000273673,0.000821018,0.00136836,0.00136836,0.00136836,0.00164204,0.00164204,0.00218938,0.00273673,0.00328407,0.00383142,0.00547345,0.0060208,0.00738916,0.00848385,0.00930487,0.00985222,0.00985222,0.00985222,0.00957854,0.00875753,0.00848385,0.00629447,0.00574713,0.00437876,0.00355774,0.00328407,0.00246305,0.00246305,0.00164204,0.00164204,0.00164204,0.00136836,0.00136836,0.00136836,0.00136836,0.00136836,0.000821018,0.000273673,0.000273673,0.000273673,0.000273673,0.000273673,0.000273673,0.000273673,0.000273673,0.000273673,0.000273673,0.000273673,0,0,0,0,0,0,0,0,0,0,0,0,0,0,0,0,0,0,0,0,0,0,0,0,0.000273673,0.000273673,0.000273673,0.000273673,0.000273673,0.000273673,0.000273673,0.000547345,0.00136836,0.00136836,0.00136836,0.00164204,0.00191571,0.00246305,0.0030104,0.00355774,0.00437876,0.0060208,0.00848385,0.0125889,0.0218938,0.0311987,0.047619,0.0645868,0.0848385,0.105638,0.131089,0.155172,0.174877,0.189655,0.201697,0.206623,0.205528,0.197044,0.184182,0.170498,0.151067,0.12671,0.104543,0.0845649,0.0656814,0.0503558,0.0336617,0.0259989,0.0177887,0.0123153
0.00574713,0.00383142,0.00328407,0.00273673,0.00246305,0.00164204,0.00164204,0.00164204,0.00136836,0.00136836,0.00136836,0.00136836,0.00109469,0.000547345,0.000273673,0.000273673,0.000273673,0.000273673,0.000273673,0.000273673,0.000273673,0.000273673,0,0,0,0,0,0,0,0,0,0,0,0,0,0,0,0,0,0,0,0,0,0,0,0,0,0,0,0,0,0,0,0,0,0,0,0.000273673,0.000273673,0.000273673,0.000273673,0.000273673,0.000547345,0.00136836,0.00136836,0.00136836,0.00136836,0.00164204,0.00164204,0.00218938,0.00246305,0.00328407,0.00355774,0.00383142,0.00547345,0.00574713,0.0060208,0.00629447,0.00629447,0.00629447,0.0060208,0.00574713,0.00492611,0.00383142,0.00328407,0.0030104,0.00246305,0.00218938,0.00164204,0.00164204,0.00136836,0.00136836,0.00136836,0.00136836,0.00136836,0.00136836,0.000821018,0.000547345,0.000273673,0.000273673,0.000273673,0.000273673,0.000273673,0.000273673,0.000273673,0.000273673,0.000273673,0.000273673,0.000273673,0,0,0,0,0,0,0,0,0,0,0,0,0,0,0,0,0,0,0,0,0,0,0,0,0,0,0.000273673,0.000273673,0.000273673,0.000273673,0.000273673,0.000273673,0.000273673,0.000547345,0.00136836,0.00136836,0.00136836,0.00164204,0.00164204,0.00246305,0.00273673,0.00328407,0.00383142,0.0060208,0.0090312,0.0139573,0.0235359,0.032567,0.0489874,0.0640394,0.0801861,0.0952381,0.110837,0.124521,0.135194,0.14231,0.143404,0.14012,0.1341,0.123153,0.112206,0.0979748,0.0848385,0.0711549,0.0580186,0.0437876,0.0306513,0.0224412,0.0155993,0.0103996,0.00848385
0.00383142,0.0030104,0.00246305,0.00164204,0.00164204,0.00164204,0.00136836,0.00136836,0.00136836,0.00109469,0.000547345,0.000273673,0.000273673,0.000273673,0.000273673,0.000273673,0.000273673,0.000273673,0.000273673,0.000273673,0,0,0,0,0,0,0,0,0,0,0,0,0,0,0,0,0,0,0,0,0,0,0,0,0,0,0,0,0,0,0,0,0,0,0,0,0,0.000273673,0.000273673,0.000273673,0.000273673,0.000273673,0.000273673,0.000547345,0.00136836,0.00136836,0.00136836,0.00136836,0.00164204,0.00164204,0.00191571,0.00246305,0.00273673,0.00328407,0.00328407,0.00383142,0.00383142,0.00383142,0.00383142,0.00383142,0.00383142,0.00355774,0.00328407,0.00273673,0.00246305,0.00191571,0.00164204,0.00164204,0.00136836,0.00136836,0.00136836,0.00136836,0.00136836,0.00136836,0.000821018,0.000547345,0.000273673,0.000273673,0.000273673,0.000273673,0.000273673,0.000273673,0.000273673,0.000273673,0.000273673,0.000273673,0.000273673,0,0,0,0,0,0,0,0,0,0,0,0,0,0,0,0,0,0,0,0,0,0,0,0,0,0,0,0,0,0.000273673,0.000273673,0.000273673,0.000273673,0.000273673,0.000273673,0.000273673,0.000547345,0.00136836,0.00136836,0.00136836,0.00164204,0.00164204,0.00191571,0.00246305,0.00328407,0.00383142,0.0060208,0.00957854,0.0145047,0.0240832,0.032567,0.0462507,0.059387,0.0703339,0.0807334,0.0873016,0.0925014,0.0957854,0.0957854,0.0925014,0.0878489,0.0826492,0.076081,0.0656814,0.0574713,0.0470717,0.0339354,0.0276409,0.0194308,0.0125889,0.00957854,0.00629447,0.00547345
0.00273673,0.00218938,0.00164204,0.00164204,0.00136836,0.00136836,0.00136836,0.000821018,0.000273673,0.000273673,0.000273673,0.000273673,0.000273673,0.000273673,0.000273673,0.000273673,0.000273673,0.000273673,0.000273673,0,0,0,0,0,0,0,0,0,0,0,0,0,0,0,0,0,0,0,0,0,0,0,0,0,0,0,0,0,0,0,0,0,0,0,0,0,0,0,0.000273673,0.000273673,0.000273673,0.000273673,0.000273673,0.000273673,0.000547345,0.00136836,0.00136836,0.00136836,0.00136836,0.00164204,0.00164204,0.00164204,0.00218938,0.00246305,0.00246305,0.00273673,0.00273673,0.00273673,0.00273673,0.00273673,0.00273673,0.00246305,0.00218938,0.00164204,0.00164204,0.00164204,0.00136836,0.00136836,0.00136836,0.00136836,0.00109469,0.000821018,0.000547345,0.000273673,0.000273673,0.000273673,0.000273673,0.000273673,0.000273673,0.000273673,0.000273673,0.000273673,0.000273673,0.000273673,0.000273673,0,0,0,0,0,0,0,0,0,0,0,0,0,0,0,0,0,0,0,0,0,0,0,0,0,0,0,0,0,0,0,0.000273673,0.000273673,0.000273673,0.000273673,0.000273673,0.000273673,0.000273673,0.000273673,0.000547345,0.00136836,0.00136836,0.00136836,0.00136836,0.00164204,0.00164204,0.00246305,0.00328407,0.00437876,0.00629447,0.00985222,0.0145047,0.0224412,0.0303777,0.0394089,0.0495348,0.0571976,0.0629447,0.0645868,0.0656814,0.0645868,0.0634921,0.0607553,0.0555556,0.0503558,0.0424193,0.0333881,0.0279146,0.0218938,0.0153257,0.0109469,0.00848385,0.00574713,0.00383142,0.00328407
0.00191571,0.00164204,0.00136836,0.00136836,0.00136836,0.00136836,0.000547345,0.000273673,0.000273673,0.000273673,0.000273673,0.000273673,0.000273673,0.000273673,0.000273673,0.000273673,0,0,0,0,0,0,0,0,0,0,0,0,0,0,0,0,0,0,0,0,0,0,0,0,0,0,0,0,0,0,0,0,0,0,0,0,0,0,0,0,0,0,0.000273673,0.000273673,0.000273673,0.000273673,0.000273673,0.000273673,0.000273673,0.000547345,0.00109469,0.00136836,0.00136836,0.00136836,0.00136836,0.00164204,0.00164204,0.00164204,0.00164204,0.00191571,0.00218938,0.00218938,0.00191571,0.00191571,0.00164204,0.00164204,0.00164204,0.00136836,0.00136836,0.00136836,0.00136836,0.000821018,0.000273673,0.000273673,0.000273673,0.000273673,0.000273673,0.000273673,0.000273673,0.000273673,0.000273673,0.000273673,0.000273673,0.000273673,0.000273673,0.000273673,0,0,0,0,0,0,0,0,0,0,0,0,0,0,0,0,0,0,0,0,0,0,0,0,0,0,0,0,0,0,0,0,0,0,0,0.000273673,0.000273673,0.000273673,0.000273673,0.000273673,0.000273673,0.000273673,0.000273673,0.000547345,0.000821018,0.00136836,0.00136836,0.00136836,0.00164204,0.00164204,0.00246305,0.00328407,0.00437876,0.00629447,0.00957854,0.0128626,0.0199781,0.0262726,0.0306513,0.0355774,0.0405036,0.0437876,0.0437876,0.0437876,0.0410509,0.0374932,0.0331144,0.0303777,0.0259989,0.0205255,0.015052,0.0112206,0.00848385,0.0060208,0.00465244,0.00355774,0.00273673,0.00246305
0.00164204,0.00136836,0.00136836,0.00136836,0.000821018,0.000273673,0.000273673,0.000273673,0.000273673,0.000273673,0.000273673,0.000273673,0.000273673,0,0,0,0,0,0,0,0,0,0,0,0,0,0,0,0,0,0,0,0,0,0,0,0,0,0,0,0,0,0,0,0,0,0,0,0,0,0,0,0,0,0,0,0,0,0,0.000273673,0.000273673,0.000273673,0.000273673,0.000273673,0.000273673,0.000273673,0.000273673,0.000821018,0.00136836,0.00136836,0.00136836,0.00136836,0.00136836,0.00136836,0.00164204,0.00164204,0.00164204,0.00164204,0.00164204,0.00164204,0.00136836,0.00136836,0.00136836,0.00136836,0.00136836,0.000547345,0.000273673,0.000273673,0.000273673,0.000273673,0.000273673,0.000273673,0.000273673,0.000273673,0.000273673,0.000273673,0.000273673,0.000273673,0.000273673,0,0,0,0,0,0,0,0,0,0,0,0,0,0,0,0,0,0,0,0,0,0,0,0,0,0,0,0,0,0,0,0,0,0,0,0,0,0,0,0.000273673,0.000273673,0.000273673,0.000273673,0.000273673,0.000273673,0.000273673,0.000273673,0.000273673,0.000821018,0.00136836,0.00136836,0.00136836,0.00164204,0.00164204,0.00246305,0.00328407,0.00437876,0.0060208,0.00848385,0.0112206,0.0145047,0.0191571,0.0240832,0.0262726,0.0279146,0.0279146,0.0279146,0.0268199,0.0246305,0.0210728,0.0177887,0.0128626,0.0106732,0.00848385,0.00629447,0.00547345,0.00355774,0.0030104,0.00246305,0.00191571,0.00164204
0.00136836,0.00136836,0.00136836,0.000547345,0.000273673,0.000273673,0.000273673,0.000273673,0.000273673,0.000273673,0.000273673,0,0,0,0,0,0,0,0,0,0,0,0,0,0,0,0,0,0,0,0,0,0,0,0,0,0,0,0,0,0,0,0,0,0,0,0,0,0,0,0,0,0,0,0,0,0,0,0,0,0.000273673,0.000273673,0.000273673,0.000273673,0.000273673,0.000273673,0.000273673,0.000273673,0.000547345,0.000821018,0.00136836,0.00136836,0.00136836,0.00136836,0.00136836,0.00136836,0.00136836,0.00136836,0.00136836,0.00136836,0.00136836,0.00136836,0.000821018,0.000273673,0.000273673,0.000273673,0.000273673,0.000273673,0.000273673,0.000273673,0.000273673,0.000273673,0.000273673,0.000273673,0.000273673,0.000273673,0,0,0,0,0,0,0,0,0,0,0,0,0,0,0,0,0,0,0,0,0,0,0,0,0,0,0,0,0,0,0,0,0,0,0,0,0,0,0,0,0,0,0.000273673,0.000273673,0.000273673,0.000273673,0.000273673,0.000273673,0.000273673,0.000273673,0.000273673,0.000273673,0.000547345,0.00136836,0.00136836,0.00136836,0.00164204,0.00164204,0.00246305,0.0030104,0.00383142,0.00547345,0.00629447,0.00848385,0.0101259,0.0123153,0.0136836,0.0155993,0.0155993,0.0155993,0.014231,0.0125889,0.0109469,0.0090312,0.00766284,0.0060208,0.00465244,0.00355774,0.0030104,0.00246305,0.00191571,0.00164204,0.00164204,0.00136836
0.00136836,0.000821018,0.000273673,0.000273673,0.000273673,0.000273673,0.000273673,0.000273673,0.000273673,0,0,0,0,0,0,0,0,0,0,0,0,0,0,0,0,0,0,0,0,0,0,0,0,0,0,0,0,0,0,0,0,0,0,0,0,0,0,0,0,0,0,0,0,0,0,0,0,0,0,0,0,0.000273673,0.000273673,0.000273673,0.000273673,0.000273673,0.000273673,0.000273673,0.000273673,0.000273673,0.000273673,0.000547345,0.000821018,0.00136836,0.00136836,0.00136836,0.00136836,0.00136836,0.00109469,0.000821018,0.000547345,0.000273673,0.000273673,0.000273673,0.000273673,0.000273673,0.000273673,0.000273673,0.000273673,0.000273673,0.000273673,0,0,0,0,0,0,0,0,0,0,0,0,0,0,0,0,0,0,0,0,0,0,0,0,0,0,0,0,0,0,0,0,0,0,0,0,0,0,0,0,0,0,0,0,0,0,0,0,0.000273673,0.000273673,0.000273673,0.000273673,0.000273673,0.000273673,0.000273673,0.000273673,0.000273673,0.000273673,0.000273673,0.000821018,0.00136836,0.00136836,0.00136836,0.00164204,0.00218938,0.00273673,0.00328407,0.00383142,0.00492611,0.00574713,0.00629447,0.00848385,0.00848385,0.00848385,0.00848385,0.00848385,0.00629447,0.00574713,0.00519978,0.00383142,0.00328407,0.00273673,0.00246305,0.00164204,0.00164204,0.00164204,0.00136836,0.00136836,0.00136836
0.000273673,0.000273673,0.000273673,0.000273673,0.000273673,0.000273673,0.000273673,0.000273673,0,0,0,0,0,0,0,0,0,0,0,0,0,0,0,0,0,0,0,0,0,0,0,0,0,0,0,0,0,0,0,0,0,0,0,0,0,0,0,0,0,0,0,0,0,0,0,0,0,0,0,0,0,0,0.000273673,0.000273673,0.000273673,0.000273673,0.000273673,0.000273673,0.000273673,0.000273673,0.000273673,0.000273673,0.000273673,0.000273673,0.000273673,0.000273673,0.000273673,0.000273673,0.000273673,0.000273673,0.000273673,0.000273673,0.000273673,0.000273673,0.000273673,0.000273673,0.000273673,0,0,0,0,0,0,0,0,0,0,0,0,0,0,0,0,0,0,0,0,0,0,0,0,0,0,0,0,0,0,0,0,0,0,0,0,0,0,0,0,0,0,0,0,0,0,0,0,0,0,0,0,0,0.000273673,0.000273673,0.000273673,0.000273673,0.000273673,0.000273673,0.000273673,0.000273673,0.000273673,0.000273673,0.000273673,0.000273673,0.00109469,0.00136836,0.00136836,0.00164204,0.00164204,0.00218938,0.00246305,0.0030104,0.00328407,0.00383142,0.00383142,0.00437876,0.00437876,0.00383142,0.00383142,0.00355774,0.00328407,0.00273673,0.00246305,0.00218938,0.00164204,0.00164204,0.00136836,0.00136836,0.00136836,0.00136836,0.00136836,0.000547345
0.000273673,0.000273673,0.000273673,0.000273673,0.000273673,0.000273673,0,0,0,0,0,0,0,0,0,0,0,0,0,0,0,0,0,0,0,0,0,0,0,0,0,0,0,0,0,0,0,0,0,0,0,0,0,0,0,0,0,0,0,0,0,0,0,0,0,0,0,0,0,0,0,0,0,0.000273673,0.000273673,0.000273673,0.000273673,0.000273673,0.000273673,0.000273673,0.000273673,0.000273673,0.000273673,0.000273673,0.000273673,0.000273673,0.000273673,0.000273673,0.000273673,0.000273673,0.000273673,0.000273673,0.000273673,0.000273673,0.000273673,0,0,0,0,0,0,0,0,0,0,0,0,0,0,0,0,0,0,0,0,0,0,0,0,0,0,0,0,0,0,0,0,0,0,0,0,0,0,0,0,0,0,0,0,0,0,0,0,0,0,0,0,0,0,0,0,0.000273673,0.000273673,0.000273673,0.000273673,0.000273673,0.000273673,0.000273673,0.000273673,0.000273673,0.000273673,0.000273673,0.000273673,0.000547345,0.00136836,0.00136836,0.00136836,0.00164204,0.00164204,0.00164204,0.00218938,0.00246305,0.00246305,0.00246305,0.00246305,0.00246305,0.00246305,0.00218938,0.00164204,0.00164204,0.00164204,0.00136836,0.00136836,0.00136836,0.00136836,0.00109469,0.000547345,0.000273673,0.000273673,0.000273673
0.000273673,0.000273673,0.000273673,0.000273673,0,0,0,0,0,0,0,0,0,0,0,0,0,0,0,0,0,0,0,0,0,0,0,0,0,0,0,0,0,0,0,0,0,0,0,0,0,0,0,0,0,0,0,0,0,0,0,0,0,0,0,0,0,0,0,0,0,0,0,0,0,0.000273673,0.000273673,0.000273673,0.000273673,0.000273673,0.000273673,0.000273673,0.000273673,0.000273673,0.000273673,0.000273673,0.000273673,0.000273673,0.000273673,0.000273673,0.000273673,0.000273673,0.000273673,0,0,0,0,0,0,0,0,0,0,0,0,0,0,0,0,0,0,0,0,0,0,0,0,0,0,0,0,0,0,0,0,0,0,0,0,0,0,0,0,0,0,0,0,0,0,0,0,0,0,0,0,0,0,0,0,0,0,0,0,0.000273673,0.000273673,0.000273673,0.000273673,0.000273673,0.000273673,0.000273673,0.000273673,0.000273673,0.000273673,0.000273673,0.000273673,0.000547345,0.00136836,0.00136836,0.00136836,0.00136836,0.00164204,0.00164204,0.00164204,0.00164204,0.00164204,0.00164204,0.00164204,0.00136836,0.00136836,0.00136836,0.00136836,0.00136836,0.00109469,0.000547345,0.000273673,0.000273673,0.000273673,0.000273673,0.000273673,0.000273673
0.000273673,0.000273673,0,0,0,0,0,0,0,0,0,0,0,0,0,0,0,0,0,0,0,0,0,0,0,0,0,0,0,0,0,0,0,0,0,0,0,0,0,0,0,0,0,0,0,0,0,0,0,0,0,0,0,0,0,0,0,0,0,0,0,0,0,0,0,0,0.000273673,0.000273673,0.000273673,0.000273673,0.000273673,0.000273673,0.000273673,0.000273673,0.000273673,0.000273673,0.000273673,0.000273673,0.000273673,0.000273673,0,0,0,0,0,0,0,0,0,0,0,0,0,0,0,0,0,0,0,0,0,0,0,0,0,0,0,0,0,0,0,0,0,0,0,0,0,0,0,0,0,0,0,0,0,0,0,0,0,0,0,0,0,0,0,0,0,0,0,0,0,0,0,0,0.000273673,0.000273673,0.000273673,0.000273673,0.000273673,0.000273673,0.000273673,0.000273673,0.000273673,0.000273673,0.000273673,0.000273673,0.000273673,0.000273673,0.000547345,0.00136836,0.00136836,0.00136836,0.00136836,0.00136836,0.00136836,0.00136836,0.00136836,0.00136836,0.000821018,0.000547345,0.000273673,0.000273673,0.000273673,0.000273673,0.000273673,0.000273673,0.000273673,0.000273673,0.000273673,0.000273673
0,0,0,0,0,0,0,0,0,0,0,0,0,0,0,0,0,0,0,0,0,0,0,0,0,0,0,0,0,0,0,0,0,0,0,0,0,0,0,0,0,0,0,0,0,0,0,0,0,0,0,0,0,0,0,0,0,0,0,0,0,0,0,0,0,0,0,0,0.000273673,0.000273673,0.000273673,0.000273673,0.000273673,0.000273673,0.000273673,0.000273673,0.000273673,0,0,0,0,0,0,0,0,0,0,0,0,0,0,0,0,0,0,0,0,0,0,0,0,0,0,0,0,0,0,0,0,0,0,0,0,0,0,0,0,0,0,0,0,0,0,0,0,0,0,0,0,0,0,0,0,0,0,0,0,0,0,0,0,0,0,0,0,0,0,0.000273673,0.000273673,0.000273673,0.000273673,0.000273673,0.000273673,0.000273673,0.000273673,0.000273673,0.000273673,0.000273673,0.000273673,0.000273673,0.000273673,0.000273673,0.000273673,0.000273673,0.000273673,0.000273673,0.000273673,0.000273673,0.000273673,0.000273673,0.000273673,0.000273673,0.000273673,0.000273673,0.000273673,0.000273673,0.000273673,0.000273673,0.000273673,0.000273673
0,0,0,0,0,0,0,0,0,0,0,0,0,0,0,0,0,0,0,0,0,0,0,0,0,0,0,0,0,0,0,0,0,0,0,0,0,0,0,0,0,0,0,0,0,0,0,0,0,0,0,0,0,0,0,0,0,0,0,0,0,0,0,0,0,0,0,0,0,0,0,0,0,0,0,0,0,0,0,0,0,0,0,0,0,0,0,0,0,0,0,0,0,0,0,0,0,0,0,0,0,0,0,0,0,0,0,0,0,0,0,0,0,0,0,0,0,0,0,0,0,0,0,0,0,0,0,0,0,0,0,0,0,0,0,0,0,0,0,0,0,0,0,0,0,0,0,0,0,0,0,0,0.000273673,0.000273673,0.000273673,0.000273673,0.000273673,0.000273673,0.000273673,0.000273673,0.000273673,0.000273673,0.000273673,0.000273673,0.000273673,0.000273673,0.000273673,0.000273673,0.000273673,0.000273673,0.000273673,0.000273673,0.000273673,0.000273673,0.000273673,0,0,0,0,0
0,0,0,0,0,0,0,0,0,0,0,0,0,0,0,0,0,0,0,0,0,0,0,0,0,0,0,0,0,0,0,0,0,0,0,0,0,0,0,0,0,0,0,0,0,0,0,0,0,0,0,0,0,0,0,0,0,0,0,0,0,0,0,0,0,0,0,0,0,0,0,0,0,0,0,0,0,0,0,0,0,0,0,0,0,0,0,0,0,0,0,0,0,0,0,0,0,0,0,0,0,0,0,0,0,0,0,0,0,0,0,0,0,0,0,0,0,0,0,0,0,0,0,0,0,0,0,0,0,0,0,0,0,0,0,0,0,0,0,0,0,0,0,0,0,0,0,0,0,0,0,0,0,0,0,0,0,0,0.000273673,0.000273673,0.000273673,0.000273673,0.000273673,0,0,0,0,0,0,0,0,0,0,0,0,0,0,0,0,0
0,0,0,0,0,0,0,0,0,0,0,0,0,0,0,0,0,0,0,0,0,0,0,0,0,0,0,0,0,0,0,0,0,0,0,0,0,0,0,0,0,0,0,0,0,0,0,0,0,0,0,0,0,0,0,0,0,0,0,0,0,0,0,0,0,0,0,0,0,0,0,0,0,0,0,0,0,0,0,0,0,0,0,0,0,0,0,0,0,0,0,0,0,0,0,0,0,0,0,0,0,0,0,0,0,0,0,0,0,0,0,0,0,0,0,0,0,0,0,0,0,0,0,0,0,0,0,0,0,0,0,0,0,0,0,0,0,0,0,0,0,0,0,0,0,0,0,0,0,0,0,0,0,0,0,0,0,0,0,0,0,0,0,0,0,0,0,0,0,0,0,0,0,0,0,0,0,0,0,0
0,0,0,0,0,0,0,0,0,0,0,0,0,0,0,0,0,0,0,0,0,0,0,0,0,0,0,0,0,0,0,0,0,0,0,0,0,0,0,0,0,0,0,0,0,0,0,0,0,0,0,0,0,0,0,0,0,0,0,0,0,0,0,0,0,0,0,0,0,0,0,0,0,0,0,0,0,0,0,0,0,0,0,0,0,0,0,0,0,0,0,0,0,0,0,0,0,0,0,0,0,0,0,0,0,0,0,0,0,0,0,0,0,0,0,0,0,0,0,0,0,0,0,0,0,0,0,0,0,0,0,0,0,0,0,0,0,0,0,0,0,0,0,0,0,0,0,0,0,0,0,0,0,0,0,0,0,0,0,0,0,0,0,0,0,0,0,0,0,0,0,0,0,0,0,0,0,0,0,0
0,0,0,0,0,0,0,0,0,0,0,0,0,0,0,0,0,0,0,0,0,0,0,0,0,0,0,0,0,0,0,0,0,0,0,0,0,0,0,0,0,0,0,0,0,0,0,0,0,0,0,0,0,0,0,0,0,0,0,0,0,0,0,0,0,0,0,0,0,0,0,0,0,0,0,0,0,0,0,0,0,0,0,0,0,0,0,0,0,0,0,0,0,0,0,0,0,0,0,0,0,0,0,0,0,0,0,0,0,0,0,0,0,0,0,0,0,0,0,0,0,0,0,0,0,0,0,0,0,0,0,0,0,0,0,0,0,0,0,0,0,0,0,0,0,0,0,0,0,0,0,0,0,0,0,0,0,0,0,0,0,0,0,0,0,0,0,0,0,0,0,0,0,0,0,0,0,0,0,0
0,0,0,0,0,0,0,0,0,0,0,0,0,0,0,0,0,0,0,0,0,0,0,0,0,0,0,0,0,0,0,0,0,0,0,0,0,0,0,0,0,0,0,0,0,0,0,0,0,0,0,0,0,0,0,0,0,0,0,0,0,0,0,0,0,0,0,0,0,0,0,0,0,0,0,0,0,0,0,0,0,0,0,0,0,0,0,0,0,0,0,0,0,0,0,0,0,0,0,0,0,0,0,0,0,0,0,0,0,0,0,0,0,0,0,0,0,0,0,0,0,0,0,0,0,0,0,0,0,0,0,0,0,0,0,0,0,0,0,0,0,0,0,0,0,0,0,0,0,0,0,0,0,0,0,0,0,0,0,0,0,0,0,0,0,0,0,0,0,0,0,0,0,0,0,0,0,0,0,0
0,0,0,0,0,0,0,0,0,0,0,0,0,0,0,0,0,0,0,0,0,0,0,0,0,0,0,0,0,0,0,0,0,0,0,0,0,0,0,0,0,0,0,0,0,0,0,0,0,0,0,0,0,0,0,0,0,0,0,0,0,0,0,0,0,0,0,0,0,0,0,0,0,0,0,0,0,0,0,0,0,0,0,0,0,0,0,0,0,0,0,0,0,0,0,0,0,0,0,0,0,0,0,0,0,0,0,0,0,0,0,0,0,0,0,0,0,0,0,0,0,0,0,0,0,0,0,0,0,0,0,0,0,0,0,0,0,0,0,0,0,0,0,0,0,0,0,0,0,0,0,0,0,0,0,0,0,0,0,0,0,0,0,0,0,0,0,0,0,0,0,0,0,0,0,0,0,0,0,0
0,0,0,0,0,0,0,0,0,0,0,0,0,0,0,0,0,0,0,0,0,0,0,0,0,0,0,0,0,0,0,0,0,0,0,0,0,0,0,0,0,0,0,0,0,0,0,0,0,0,0,0,0,0,0,0,0,0,0,0,0,0,0,0,0,0,0,0,0,0,0,0,0,0,0,0,0,0,0,0,0,0,0,0,0,0,0,0,0,0,0,0,0,0,0,0,0,0,0,0,0,0,0,0,0,0,0,0,0,0,0,0,0,0,0,0,0,0,0,0,0,0,0,0,0,0,0,0,0,0,0,0,0,0,0,0,0,0,0,0,0,0,0,0,0,0,0,0,0,0,0,0,0,0,0,0,0,0,0,0,0,0,0,0,0,0,0,0,0,0,0,0,0,0,0,0,0,0,0,0
0,0,0,0,0,0,0,0,0,0,0,0,0,0,0,0,0,0,0,0,0,0,0,0,0,0,0,0,0,0,0,0,0,0,0,0,0,0,0,0,0,0,0,0,0,0,0,0,0,0,0,0,0,0,0,0,0,0,0,0,0,0,0,0,0,0,0,0,0,0,0,0,0,0,0,0,0,0,0,0,0,0,0,0,0,0,0,0,0,0,0,0,0,0,0,0,0,0,0,0,0,0,0,0,0,0,0,0,0,0,0,0,0,0,0,0,0,0,0,0,0,0,0,0,0,0,0,0,0,0,0,0,0,0,0,0,0,0,0,0,0,0,0,0,0,0,0,0,0,0,0,0,0,0,0,0,0,0,0,0,0,0,0,0,0,0,0,0,0,0,0,0,0,0,0,0,0,0,0,0
0,0,0,0,0,0,0,0,0,0,0,0,0,0,0,0,0,0,0,0,0,0,0,0,0,0,0,0,0,0,0,0,0,0,0,0,0,0,0,0,0,0,0,0,0,0,0,0,0,0,0,0,0,0,0,0,0,0,0,0,0,0,0,0,0,0,0,0,0,0,0,0,0,0,0,0,0,0,0,0,0,0,0,0,0,0,0,0,0,0,0,0,0,0,0,0,0,0,0,0,0,0,0,0,0,0,0,0,0,0,0,0,0,0,0,0,0,0,0,0,0,0,0,0,0,0,0,0,0,0,0,0,0,0,0,0,0,0,0,0,0,0,0,0,0,0,0,0,0,0,0,0,0,0,0,0,0,0,0,0,0,0,0,0,0,0,0,0,0,0,0,0,0,0,0,0,0,0,0,0
0,0,0,0,0,0,0,0,0,0,0,0,0,0,0,0,0,0,0,0,0,0,0,0,0,0,0,0,0,0,0,0,0,0,0,0,0,0,0,0,0,0,0,0,0,0,0,0,0,0,0,0,0,0,0,0,0,0,0,0,0,0,0,0,0,0,0,0,0,0,0,0,0,0,0,0,0,0,0,0,0,0,0,0,0,0,0,0,0,0,0,0,0,0,0,0,0,0,0,0,0,0,0,0,0,0,0,0,0,0,0,0,0,0,0,0,0,0,0,0,0,0,0,0,0,0,0,0,0,0,0,0,0,0,0,0,0,0,0,0,0,0,0,0,0,0,0,0,0,0,0,0,0,0,0,0,0,0,0,0,0,0,0,0,0,0,0,0,0,0,0,0,0,0,0,0,0,0,0,0
0,0,0,0,0,0,0,0,0,0,0,0,0,0,0,0,0,0,0,0,0,0,0,0,0,0,0,0,0,0,0,0,0,0,0,0,0,0,0,0,0,0,0,0,0,0,0,0,0,0,0,0,0,0,0,0,0,0,0,0,0,0,0,0,0,0,0,0,0,0,0,0,0,0,0,0,0,0,0,0,0,0,0,0,0,0,0,0,0,0,0,0,0,0,0,0,0,0,0,0,0,0,0,0,0,0,0,0,0,0,0,0,0,0,0,0,0,0,0,0,0,0,0,0,0,0,0,0,0,0,0,0,0,0,0,0,0,0,0,0,0,0,0,0,0,0,0,0,0,0,0,0,0,0,0,0,0,0,0,0,0,0,0,0,0,0,0,0,0,0,0,0,0,0,0,0,0,0,0,0
0,0,0,0,0,0,0,0,0,0,0,0,0,0,0,0,0,0,0,0,0,0,0,0,0,0,0,0,0,0,0,0,0,0,0,0,0,0,0,0,0,0,0,0,0,0,0,0,0,0,0,0,0,0,0,0,0,0,0,0,0,0,0,0,0,0,0,0,0,0,0,0,0,0,0,0,0,0,0,0,0,0,0,0,0,0,0,0,0,0,0,0,0,0,0,0,0,0,0,0,0,0,0,0,0,0,0,0,0,0,0,0,0,0,0,0,0,0,0,0,0,0,0,0,0,0,0,0,0,0,0,0,0,0,0,0,0,0,0,0,0,0,0,0,0,0,0,0,0,0,0,0,0,0,0,0,0,0,0,0,0,0,0,0,0,0,0,0,0,0,0,0,0,0,0,0,0,0,0,0
0,0,0,0,0,0,0,0,0,0,0,0,0,0,0,0,0,0,0,0,0,0,0,0,0,0,0,0,0,0,0,0,0,0,0,0,0,0,0,0,0,0,0,0,0,0,0,0,0,0,0,0,0,0,0,0,0,0,0,0,0,0,0,0,0,0,0,0,0,0,0,0,0,0,0,0,0,0,0,0,0,0,0,0,0,0,0,0,0,0,0,0,0,0,0,0,0,0,0,0,0,0,0,0,0,0,0,0,0,0,0,0,0,0,0,0,0,0,0,0,0,0,0,0,0,0,0,0,0,0,0,0,0,0,0,0,0,0,0,0,0,0,0,0,0,0,0,0,0,0,0,0,0,0,0,0,0,0,0,0,0,0,0,0,0,0,0,0,0,0,0,0,0,0,0,0,0,0,0,0
0,0,0,0,0,0,0,0,0,0,0,0,0,0,0,0,0,0,0,0,0,0,0,0,0,0,0,0,0,0,0,0,0,0,0,0,0,0,0,0,0,0,0,0,0,0,0,0,0,0,0,0,0,0,0,0,0,0,0,0,0,0,0,0,0,0,0,0,0,0,0,0,0,0,0,0,0,0,0,0,0,0,0,0,0,0,0,0,0,0,0,0,0,0,0,0,0,0,0,0,0,0,0,0,0,0,0,0,0,0,0,0,0,0,0,0,0,0,0,0,0,0,0,0,0,0,0,0,0,0,0,0,0,0,0,0,0,0,0,0,0,0,0,0,0,0,0,0,0,0,0,0,0,0,0,0,0,0,0,0,0,0,0,0,0,0,0,0,0,0,0,0,0,0,0,0,0,0,0,0
0,0,0,0,0,0,0,0,0,0,0,0,0,0,0,0,0,0,0,0,0,0,0,0,0,0,0,0,0,0,0,0,0,0,0,0,0,0,0,0,0,0,0,0,0,0,0,0,0,0,0,0,0,0,0,0,0,0,0,0,0,0,0,0,0,0,0,0,0,0,0,0,0,0,0,0,0,0,0,0,0,0,0,0,0,0,0,0,0,0,0,0,0,0,0,0,0,0,0,0,0,0,0,0,0,0,0,0,0,0,0,0,0,0,0,0,0,0,0,0,0,0,0,0,0,0,0,0,0,0,0,0,0,0,0,0,0,0,0,0,0,0,0,0,0,0,0,0,0,0,0,0,0,0,0,0,0,0,0,0,0,0,0,0,0,0,0,0,0,0,0,0,0,0,0,0,0,0,0,0
0,0,0,0,0,0,0,0,0,0,0,0,0,0,0,0,0,0,0,0,0,0,0,0,0,0,0,0,0,0,0,0,0,0,0,0,0,0,0,0,0,0,0,0,0,0,0,0,0,0,0,0,0,0,0,0,0,0,0,0,0,0,0,0,0,0,0,0,0,0,0,0,0,0,0,0,0,0,0,0,0,0,0,0,0,0,0,0,0,0,0,0,0,0,0,0,0,0,0,0,0,0,0,0,0,0,0,0,0,0,0,0,0,0,0,0,0,0,0,0,0,0,0,0,0,0,0,0,0,0,0,0,0,0,0,0,0,0,0,0,0,0,0,0,0,0,0,0,0,0,0,0,0,0,0,0,0,0,0,0,0,0,0,0,0,0,0,0,0,0,0,0,0,0,0,0,0,0,0,0
0,0,0,0,0,0,0,0,0,0,0,0,0,0,0,0,0,0,0,0,0,0,0,0,0,0,0,0,0,0,0,0,0,0,0,0,0,0,0,0,0,0,0,0,0,0,0,0,0,0,0,0,0,0,0,0,0,0,0,0,0,0,0,0,0,0,0,0,0,0,0,0,0,0,0,0,0,0,0,0,0,0,0,0,0,0,0,0,0,0,0,0,0,0,0,0,0,0,0,0,0,0,0,0,0,0,0,0,0,0,0,0,0,0,0,0,0,0,0,0,0,0,0,0,0,0,0,0,0,0,0,0,0,0,0,0,0,0,0,0,0,0,0,0,0,0,0,0,0,0,0,0,0,0,0,0,0,0,0,0,0,0,0,0,0,0,0,0,0,0,0,0,0,0,0,0,0,0,0,0
0,0,0,0,0,0,0,0,0,0,0,0,0,0,0,0,0,0,0,0,0,0,0,0,0,0,0,0,0,0,0,0,0,0,0,0,0,0,0,0,0,0,0,0,0,0,0,0,0,0,0,0,0,0,0,0,0,0,0,0,0,0,0,0,0,0,0,0,0,0,0,0,0,0,0,0,0,0,0,0,0,0,0,0,0,0,0,0,0,0,0,0,0,0,0,0,0,0,0,0,0,0,0,0,0,0,0,0,0,0,0,0,0,0,0,0,0,0,0,0,0,0,0,0,0,0,0,0,0,0,0,0,0,0,0,0,0,0,0,0,0,0,0,0,0,0,0,0,0,0,0,0,0,0,0,0,0,0,0,0,0,0,0,0,0,0,0,0,0,0,0,0,0,0,0,0,0,0,0,0
0,0,0,0,0,0,0,0,0,0,0,0,0,0,0,0,0,0,0,0,0,0,0,0,0,0,0,0,0,0,0,0,0,0,0,0,0,0,0,0,0,0,0,0,0,0,0,0,0,0,0,0,0,0,0,0,0,0,0,0,0,0,0,0,0,0,0,0,0,0,0,0,0,0,0,0,0,0,0,0,0,0,0,0,0,0,0,0,0,0,0,0,0,0,0,0,0,0,0,0,0,0,0,0,0,0,0,0,0,0,0,0,0,0,0,0,0,0,0,0,0,0,0,0,0,0,0,0,0,0,0,0,0,0,0,0,0,0,0,0,0,0,0,0,0,0,0,0,0,0,0,0,0,0,0,0,0,0,0,0,0,0,0,0,0,0,0,0,0,0,0,0,0,0,0,0,0,0,0,0
0,0,0,0,0,0,0,0,0,0,0,0,0,0,0,0,0,0,0,0,0,0,0,0,0,0,0,0,0,0,0,0,0,0,0,0,0,0,0,0,0,0,0,0,0,0,0,0,0,0,0,0,0,0,0,0,0,0,0,0,0,0,0,0,0,0,0,0,0,0,0,0,0,0,0,0,0,0,0,0,0,0,0,0,0,0,0,0,0,0,0,0,0,0,0,0,0,0,0,0,0,0,0,0,0,0,0,0,0,0,0,0,0,0,0,0,0,0,0,0,0,0,0,0,0,0,0,0,0,0,0,0,0,0,0,0,0,0,0,0,0,0,0,0,0,0,0,0,0,0,0,0,0,0,0,0,0,0,0,0,0,0,0,0,0,0,0,0,0,0,0,0,0,0,0,0,0,0,0,0
0,0,0,0,0,0,0,0,0,0,0,0,0,0,0,0,0,0,0,0,0,0,0,0,0,0,0,0,0,0,0,0,0,0,0,0,0,0,0,0,0,0,0,0,0,0,0,0,0,0,0,0,0,0,0,0,0,0,0,0,0,0,0,0,0,0,0,0,0,0,0,0,0,0,0,0,0,0,0,0,0,0,0,0,0,0,0,0,0,0,0,0,0,0,0,0,0,0,0,0,0,0,0,0,0,0,0,0,0,0,0,0,0,0,0,0,0,0,0,0,0,0,0,0,0,0,0,0,0,0,0,0,0,0,0,0,0,0,0,0,0,0,0,0,0,0,0,0,0,0,0,0,0,0,0,0,0,0,0,0,0,0,0,0,0,0,0,0,0,0,0,0,0,0,0,0,0,0,0,0
0,0,0,0,0,0,0,0,0,0,0,0,0,0,0,0,0,0,0,0,0,0,0,0,0,0,0,0,0,0,0,0,0,0,0,0,0,0,0,0,0,0,0,0,0,0,0,0,0,0,0,0,0,0,0,0,0,0,0,0,0,0,0,0,0,0,0,0,0,0,0,0,0,0,0,0,0,0,0,0,0,0,0,0,0,0,0,0,0,0,0,0,0,0,0,0,0,0,0,0,0,0,0,0,0,0,0,0,0,0,0,0,0,0,0,0,0,0,0,0,0,0,0,0,0,0,0,0,0,0,0,0,0,0,0,0,0,0,0,0,0,0,0,0,0,0,0,0,0,0,0,0,0,0,0,0,0,0,0,0,0,0,0,0,0,0,0,0,0,0,0,0,0,0,0,0,0,0,0,0
0,0,0,0,0,0,0,0,0,0,0,0,0,0,0,0,0,0,0,0,0,0,0,0,0,0,0,0,0,0,0,0,0,0,0,0,0,0,0,0,0,0,0,0,0,0,0,0,0,0,0,0,0,0,0,0,0,0,0,0,0,0,0,0,0,0,0,0,0,0,0,0,0,0,0,0,0,0,0,0,0,0,0,0,0,0,0,0,0,0,0,0,0,0,0,0,0,0,0,0,0,0,0,0,0,0,0,0,0,0,0,0,0,0,0,0,0,0,0,0,0,0,0,0,0,0,0,0,0,0,0,0,0,0,0,0,0,0,0,0,0,0,0,0,0,0,0,0,0,0,0,0,0,0,0,0,0,0,0,0,0,0,0,0,0,0,0,0,0,0,0,0,0,0,0,0,0,0,0,0
0,0,0,0,0,0,0,0,0,0,0,0,0,0,0,0,0,0,0,0,0,0,0,0,0,0,0,0,0,0,0,0,0,0,0,0,0,0,0,0,0,0,0,0,0,0,0,0,0,0,0,0,0,0,0,0,0,0,0,0,0,0,0,0,0,0,0,0,0,0,0,0,0,0,0,0,0,0,0,0,0,0,0,0,0,0,0,0,0,0,0,0,0,0,0,0,0,0,0,0,0,0,0,0,0,0,0,0,0,0,0,0,0,0,0,0,0,0,0,0,0,0,0,0,0,0,0,0,0,0,0,0,0,0,0,0,0,0,0,0,0,0,0,0,0,0,0,0,0,0,0,0,0,0,0,0,0,0,0,0,0,0,0,0,0,0,0,0,0,0,0,0,0,0,0,0,0,0,0,0
0,0,0,0,0,0,0,0,0,0,0,0,0,0,0,0,0,0,0,0,0,0,0,0,0,0,0,0,0,0,0,0,0,0,0,0,0,0,0,0,0,0,0,0,0,0,0,0,0,0,0,0,0,0,0,0,0,0,0,0,0,0,0,0,0,0,0,0,0,0,0,0,0,0,0,0,0,0,0,0,0,0,0,0,0,0,0,0,0,0,0,0,0,0,0,0,0,0,0,0,0,0,0,0,0,0,0,0,0,0,0,0,0,0,0,0,0,0,0,0,0,0,0,0,0,0,0,0,0,0,0,0,0,0,0,0,0,0,0,0,0,0,0,0,0,0,0,0,0,0,0,0,0,0,0,0,0,0,0,0,0,0,0,0,0,0,0,0,0,0,0,0,0,0,0,0,0,0,0,0
0,0,0,0,0,0,0,0,0,0,0,0,0,0,0,0,0,0,0,0,0,0,0,0,0,0,0,0,0,0,0,0,0,0,0,0,0,0,0,0,0,0,0,0,0,0,0,0,0,0,0,0,0,0,0,0,0,0,0,0,0,0,0,0,0,0,0,0,0,0,0,0,0,0,0,0,0,0,0,0,0,0,0,0,0,0,0,0,0,0,0,0,0,0,0,0,0,0,0,0,0,0,0,0,0,0,0,0,0,0,0,0,0,0,0,0,0,0,0,0,0,0,0,0,0,0,0,0,0,0,0,0,0,0,0,0,0,0,0,0,0,0,0,0,0,0,0,0,0,0,0,0,0,0,0,0,0,0,0,0,0,0,0,0,0,0,0,0,0,0,0,0,0,0,0,0,0,0,0,0
0,0,0,0,0,0,0,0,0,0,0,0,0,0,0,0,0,0,0,0,0,0,0,0,0,0,0,0,0,0,0,0,0,0,0,0,0,0,0,0,0,0,0,0,0,0,0,0,0,0,0,0,0,0,0,0,0,0,0,0,0,0,0,0,0,0,0,0,0,0,0,0,0,0,0,0,0,0,0,0,0,0,0,0,0,0,0,0,0,0,0,0,0,0,0,0,0,0,0,0,0,0,0,0,0,0,0,0,0,0,0,0,0,0,0,0,0,0,0,0,0,0,0,0,0,0,0,0,0,0,0,0,0,0,0,0,0,0,0,0,0,0,0,0,0,0,0,0,0,0,0,0,0,0,0,0,0,0,0,0,0,0,0,0,0,0,0,0,0,0,0,0,0,0,0,0,0,0,0,0
0,0,0,0,0,0,0,0,0,0,0,0,0,0,0,0,0,0,0,0,0,0,0,0,0,0,0,0,0,0,0,0,0,0,0,0,0,0,0,0,0,0,0,0,0,0,0,0,0,0,0,0,0,0,0,0,0,0,0,0,0,0,0,0,0,0,0,0,0,0,0,0,0,0,0,0,0,0,0,0,0,0,0,0,0,0,0,0,0,0,0,0,0,0,0,0,0,0,0,0,0,0,0,0,0,0,0,0,0,0,0,0,0,0,0,0,0,0,0,0,0,0,0,0,0,0,0,0,0,0,0,0,0,0,0,0,0,0,0,0,0,0,0,0,0,0,0,0,0,0,0,0,0,0,0,0,0,0,0,0,0,0,0,0,0,0,0,0,0,0,0,0,0,0,0,0,0,0,0,0
0,0,0,0,0,0,0,0,0,0,0,0,0,0,0,0,0,0,0,0,0,0,0,0,0,0,0,0,0,0,0,0,0,0,0,0,0,0,0,0,0,0,0,0,0,0,0,0,0,0,0,0,0,0,0,0,0,0,0,0,0,0,0,0,0,0,0,0,0,0,0,0,0,0,0,0,0,0,0,0,0,0,0,0,0,0,0,0,0,0,0,0,0,0,0,0,0,0,0,0,0,0,0,0,0,0,0,0,0,0,0,0,0,0,0,0,0,0,0,0,0,0,0,0,0,0,0,0,0,0,0,0,0,0,0,0,0,0,0,0,0,0,0,0,0,0,0,0,0,0,0,0,0,0,0,0,0,0,0,0,0,0,0,0,0,0,0,0,0,0,0,0,0,0,0,0,0,0,0,0
0,0,0,0,0,0,0,0,0,0,0,0,0,0,0,0,0,0,0,0,0,0,0,0,0,0,0,0,0,0,0,0,0,0,0,0,0,0,0,0,0,0,0,0,0,0,0,0,0,0,0,0,0,0,0,0,0,0,0,0,0,0,0,0,0,0,0,0,0,0,0,0,0,0,0,0,0,0,0,0,0,0,0,0,0,0,0,0,0,0,0,0,0,0,0,0,0,0,0,0,0,0,0,0,0,0,0,0,0,0,0,0,0,0,0,0,0,0,0,0,0,0,0,0,0,0,0,0,0,0,0,0,0,0,0,0,0,0,0,0,0,0,0,0,0,0,0,0,0,0,0,0,0,0,0,0,0,0,0,0,0,0,0,0,0,0,0,0,0,0,0,0,0,0,0,0,0,0,0,0
0,0,0,0,0,0,0,0,0,0,0,0,0,0,0,0,0,0,0,0,0,0,0,0,0,0,0,0,0,0,0,0,0,0,0,0,0,0,0,0,0,0,0,0,0,0,0,0,0,0,0,0,0,0,0,0,0,0,0,0,0,0,0,0,0,0,0,0,0,0,0,0,0,0,0,0,0,0,0,0,0,0,0,0,0,0,0,0,0,0,0,0,0,0,0,0,0,0,0,0,0,0,0,0,0,0,0,0,0,0,0,0,0,0,0,0,0,0,0,0,0,0,0,0,0,0,0,0,0,0,0,0,0,0,0,0,0,0,0,0,0,0,0,0,0,0,0,0,0,0,0,0,0,0,0,0,0,0,0,0,0,0,0,0,0,0,0,0,0,0,0,0,0,0,0,0,0,0,0,0
0,0,0,0,0,0,0,0,0,0,0,0,0,0,0,0,0,0,0,0,0,0,0,0,0,0,0,0,0,0,0,0,0,0,0,0,0,0,0,0,0,0,0,0,0,0,0,0,0,0,0,0,0,0,0,0,0,0,0,0,0,0,0,0,0,0,0,0,0,0,0,0,0,0,0,0,0,0,0,0,0,0,0,0,0,0,0,0,0,0,0,0,0,0,0,0,0,0,0,0,0,0,0,0,0,0,0,0,0,0,0,0,0,0,0,0,0,0,0,0,0,0,0,0,0,0,0,0,0,0,0,0,0,0,0,0,0,0,0,0,0,0,0,0,0,0,0,0,0,0,0,0,0,0,0,0,0,0,0,0,0,0,0,0,0,0,0,0,0,0,0,0,0,0,0,0,0,0,0,0
0,0,0,0,0,0,0,0,0,0,0,0,0,0,0,0,0,0,0,0,0,0,0,0,0,0,0,0,0,0,0,0,0,0,0,0,0,0,0,0,0,0,0,0,0,0,0,0,0,0,0,0,0,0,0,0,0,0,0,0,0,0,0,0,0,0,0,0,0,0,0,0,0,0,0,0,0,0,0,0,0,0,0,0,0,0,0,0,0,0,0,0,0,0,0,0,0,0,0,0,0,0,0,0,0,0,0,0,0,0,0,0,0,0,0,0,0,0,0,0,0,0,0,0,0,0,0,0,0,0,0,0,0,0,0,0,0,0,0,0,0,0,0,0,0,0,0,0,0,0,0,0,0,0,0,0,0,0,0,0,0,0,0,0,0,0,0,0,0,0,0,0,0,0,0,0,0,0,0,0
0,0,0,0,0,0,0,0,0,0,0,0,0,0,0,0,0,0,0,0,0,0,0,0,0,0,0,0,0,0,0,0,0,0,0,0,0,0,0,0,0,0,0,0,0,0,0,0,0,0,0,0,0,0,0,0,0,0,0,0,0,0,0,0,0,0,0,0,0,0,0,0,0,0,0,0,0,0,0,0,0,0,0,0,0,0,0,0,0,0,0,0,0,0,0,0,0,0,0,0,0,0,0,0,0,0,0,0,0,0,0,0,0,0,0,0,0,0,0,0,0,0,0,0,0,0,0,0,0,0,0,0,0,0,0,0,0,0,0,0,0,0,0,0,0,0,0,0,0,0,0,0,0,0,0,0,0,0,0,0,0,0,0,0,0,0,0,0,0,0,0,0,0,0,0,0,0,0,0,0
0,0,0,0,0,0,0,0,0,0,0,0,0,0,0,0,0,0,0,0,0,0,0,0,0,0,0,0,0,0,0,0,0,0,0,0,0,0,0,0,0,0,0,0,0,0,0,0,0,0,0,0,0,0,0,0,0,0,0,0,0,0,0,0,0,0,0,0,0,0,0,0,0,0,0,0,0,0,0,0,0,0,0,0,0,0,0,0,0,0,0,0,0,0,0,0,0,0,0,0,0,0,0,0,0,0,0,0,0,0,0,0,0,0,0,0,0,0,0,0,0,0,0,0,0,0,0,0,0,0,0,0,0,0,0,0,0,0,0,0,0,0,0,0,0,0,0,0,0,0,0,0,0,0,0,0,0,0,0,0,0,0,0,0,0,0,0,0,0,0,0,0,0,0,0,0,0,0,0,0
0,0,0,0,0,0,0,0,0,0,0,0,0,0,0,0,0,0,0,0,0,0,0,0,0,0,0,0,0,0,0,0,0,0,0,0,0,0,0,0,0,0,0,0,0,0,0,0,0,0,0,0,0,0,0,0,0,0,0,0,0,0,0,0,0,0,0,0,0,0,0,0,0,0,0,0,0,0,0,0,0,0,0,0,0,0,0,0,0,0,0,0,0,0,0,0,0,0,0,0,0,0,0,0,0,0,0,0,0,0,0,0,0,0,0,0,0,0,0,0,0,0,0,0,0,0,0,0,0,0,0,0,0,0,0,0,0,0,0,0,0,0,0,0,0,0,0,0,0,0,0,0,0,0,0,0,0,0,0,0,0,0,0,0,0,0,0,0,0,0,0,0,0,0,0,0,0,0,0,0
0,0,0,0,0,0,0,0,0,0,0,0,0,0,0,0,0,0,0,0,0,0,0,0,0,0,0,0,0,0,0,0,0,0,0,0,0,0,0,0,0,0,0,0,0,0,0,0,0,0,0,0,0,0,0,0,0,0,0,0,0,0,0,0,0,0,0,0,0,0,0,0,0,0,0,0,0,0,0,0,0,0,0,0,0,0,0,0,0,0,0,0,0,0,0,0,0,0,0,0,0,0,0,0,0,0,0,0,0,0,0,0,0,0,0,0,0,0,0,0,0,0,0,0,0,0,0,0,0,0,0,0,0,0,0,0,0,0,0,0,0,0,0,0,0,0,0,0,0,0,0,0,0,0,0,0,0,0,0,0,0,0,0,0,0,0,0,0,0,0,0,0,0,0,0,0,0,0,0,0
0,0,0,0,0,0,0,0,0,0,0,0,0,0,0,0,0,0,0,0,0,0,0,0,0,0,0,0,0,0,0,0,0,0,0,0,0,0,0,0,0,0,0,0,0,0,0,0,0,0,0,0,0,0,0,0,0,0,0,0,0,0,0,0,0,0,0,0,0,0,0,0,0,0,0,0,0,0,0,0,0,0,0,0,0,0,0,0,0,0,0,0,0,0,0,0,0,0,0,0,0,0,0,0,0,0,0,0,0,0,0,0,0,0,0,0,0,0,0,0,0,0,0,0,0,0,0,0,0,0,0,0,0,0,0,0,0,0,0,0,0,0,0,0,0,0,0,0,0,0,0,0,0,0,0,0,0,0,0,0,0,0,0,0,0,0,0,0,0,0,0,0,0,0,0,0,0,0,0,0
0,0,0,0,0,0,0,0,0,0,0,0,0,0,0,0,0,0,0,0,0,0,0,0,0,0,0,0,0,0,0,0,0,0,0,0,0,0,0,0,0,0,0,0,0,0,0,0,0,0,0,0,0,0,0,0,0,0,0,0,0,0,0,0,0,0,0,0,0,0,0,0,0,0,0,0,0,0,0,0,0,0,0,0,0,0,0,0,0,0,0,0,0,0,0,0,0,0,0,0,0,0,0,0,0,0,0,0,0,0,0,0,0,0,0,0,0,0,0,0,0,0,0,0,0,0,0,0,0,0,0,0,0,0,0,0,0,0,0,0,0,0,0,0,0,0,0,0,0,0,0,0,0,0,0,0,0,0,0,0,0,0,0,0,0,0,0,0,0,0,0,0,0,0,0,0,0,0,0,0
0,0,0,0,0,0,0,0,0,0,0,0,0,0,0,0,0,0,0,0,0,0,0,0,0,0,0,0,0,0,0,0,0,0,0,0,0,0,0,0,0,0,0,0,0,0,0,0,0,0,0,0,0,0,0,0,0,0,0,0,0,0,0,0,0,0,0,0,0,0,0,0,0,0,0,0,0,0,0,0,0,0,0,0,0,0,0,0,0,0,0,0,0,0,0,0,0,0,0,0,0,0,0,0,0,0,0,0,0,0,0,0,0,0,0,0,0,0,0,0,0,0,0,0,0,0,0,0,0,0,0,0,0,0,0,0,0,0,0,0,0,0,0,0,0,0,0,0,0,0,0,0,0,0,0,0,0,0,0,0,0,0,0,0,0,0,0,0,0,0,0,0,0,0,0,0,0,0,0,0
0,0,0,0,0,0,0,0,0,0,0,0,0,0,0,0,0,0,0,0,0,0,0,0,0,0,0,0,0,0,0,0,0,0,0,0,0,0,0,0,0,0,0,0,0,0,0,0,0,0,0,0,0,0,0,0,0,0,0,0,0,0,0,0,0,0,0,0,0,0,0,0,0,0,0,0,0,0,0,0,0,0,0,0,0,0,0,0,0,0,0,0,0,0,0,0,0,0,0,0,0,0,0,0,0,0,0,0,0,0,0,0,0,0,0,0,0,0,0,0,0,0,0,0,0,0,0,0,0,0,0,0,0,0,0,0,0,0,0,0,0,0,0,0,0,0,0,0,0,0,0,0,0,0,0,0,0,0,0,0,0,0,0,0,0,0,0,0,0,0,0,0,0,0,0,0,0,0,0,0
0,0,0,0,0,0,0,0,0,0,0,0,0,0,0,0,0,0,0,0,0,0,0,0,0,0,0,0,0,0,0,0,0,0,0,0,0,0,0,0,0,0,0,0,0,0,0,0,0,0,0,0,0,0,0,0,0,0,0,0,0,0,0,0,0,0,0,0,0,0,0,0,0,0,0,0,0,0,0,0,0,0,0,0,0,0,0,0,0,0,0,0,0,0,0,0,0,0,0,0,0,0,0,0,0,0,0,0,0,0,0,0,0,0,0,0,0,0,0,0,0,0,0,0,0,0,0,0,0,0,0,0,0,0,0,0,0,0,0,0,0,0,0,0,0,0,0,0,0,0,0,0,0,0,0,0,0,0,0,0,0,0,0,0,0,0,0,0,0,0,0,0,0,0,0,0,0,0,0,0
0,0,0,0,0,0,0,0,0,0,0,0,0,0,0,0,0,0,0,0,0,0,0,0,0,0,0,0,0,0,0,0,0,0,0,0,0,0,0,0,0,0,0,0,0,0,0,0,0,0,0,0,0,0,0,0,0,0,0,0,0,0,0,0,0,0,0,0,0,0,0,0,0,0,0,0,0,0,0,0,0,0,0,0,0,0,0,0,0,0,0,0,0,0,0,0,0,0,0,0,0,0,0,0,0,0,0,0,0,0,0,0,0,0,0,0,0,0,0,0,0,0,0,0,0,0,0,0,0,0,0,0,0,0,0,0,0,0,0,0,0,0,0,0,0,0,0,0,0,0,0,0,0,0,0,0,0,0,0,0,0,0,0,0,0,0,0,0,0,0,0,0,0,0,0,0,0,0,0,0
0,0,0,0,0,0,0,0,0,0,0,0,0,0,0,0,0,0,0,0,0,0,0,0,0,0,0,0,0,0,0,0,0,0,0,0,0,0,0,0,0,0,0,0,0,0,0,0,0,0,0,0,0,0,0,0,0,0,0,0,0,0,0,0,0,0,0,0,0,0,0,0,0,0,0,0,0,0,0,0,0,0,0,0,0,0,0,0,0,0,0,0,0,0,0,0,0,0,0,0,0,0,0,0,0,0,0,0,0,0,0,0,0,0,0,0,0,0,0,0,0,0,0,0,0,0,0,0,0,0,0,0,0,0,0,0,0,0,0,0,0,0,0,0,0,0,0,0,0,0,0,0,0,0,0,0,0,0,0,0,0,0,0,0,0,0,0,0,0,0,0,0,0,0,0,0,0,0,0,0
0,0,0,0,0,0,0,0,0,0,0,0,0,0,0,0,0,0,0,0,0,0,0,0,0,0,0,0,0,0,0,0,0,0,0,0,0,0,0,0,0,0,0,0,0,0,0,0,0,0,0,0,0,0,0,0,0,0,0,0,0,0,0,0,0,0,0,0,0,0,0,0,0,0,0,0,0,0,0,0,0,0,0,0,0,0,0,0,0,0,0,0,0,0,0,0,0,0,0,0,0,0,0,0,0,0,0,0,0,0,0,0,0,0,0,0,0,0,0,0,0,0,0,0,0,0,0,0,0,0,0,0,0,0,0,0,0,0,0,0,0,0,0,0,0,0,0,0,0,0,0,0,0,0,0,0,0,0,0,0,0,0,0,0,0,0,0,0,0,0,0,0,0,0,0,0,0,0,0,0
0,0,0,0,0,0,0,0,0,0,0,0,0,0,0,0,0,0,0,0,0,0,0,0,0,0,0,0,0,0,0,0,0,0,0,0,0,0,0,0,0,0,0,0,0,0,0,0,0,0,0,0,0,0,0,0,0,0,0,0,0,0,0,0,0,0,0,0,0,0,0,0,0,0,0,0,0,0,0,0,0,0,0,0,0,0,0,0,0,0,0,0,0,0,0,0,0,0,0,0,0,0,0,0,0,0,0,0,0,0,0,0,0,0,0,0,0,0,0,0,0,0,0,0,0,0,0,0,0,0,0,0,0,0,0,0,0,0,0,0,0,0,0,0,0,0,0,0,0,0,0,0,0,0,0,0,0,0,0,0,0,0,0,0,0,0,0,0,0,0,0,0,0,0,0,0,0,0,0,0
0,0,0,0,0,0,0,0,0,0,0,0,0,0,0,0,0,0,0,0,0,0,0,0,0,0,0,0,0,0,0,0,0,0,0,0,0,0,0,0,0,0,0,0,0,0,0,0,0,0,0,0,0,0,0,0,0,0,0,0,0,0,0,0,0,0,0,0,0,0,0,0,0,0,0,0,0,0,0,0,0,0,0,0,0,0,0,0,0,0,0,0,0,0,0,0,0,0,0,0,0,0,0,0,0,0,0,0,0,0,0,0,0,0,0,0,0,0,0,0,0,0,0,0,0,0,0,0,0,0,0,0,0,0,0,0,0,0,0,0,0,0,0,0,0,0,0,0,0,0,0,0,0,0,0,0,0,0,0,0,0,0,0,0,0,0,0,0,0,0,0,0,0,0,0,0,0,0,0,0
0,0,0,0,0,0,0,0,0,0,0,0,0,0,0,0,0,0,0,0,0,0,0,0,0,0,0,0,0,0,0,0,0,0,0,0,0,0,0,0,0,0,0,0,0,0,0,0,0,0,0,0,0,0,0,0,0,0,0,0,0,0,0,0,0,0,0,0,0,0,0,0,0,0,0,0,0,0,0,0,0,0,0,0,0,0,0,0,0,0,0,0,0,0,0,0,0,0,0,0,0,0,0,0,0,0,0,0,0,0,0,0,0,0,0,0,0,0,0,0,0,0,0,0,0,0,0,0,0,0,0,0,0,0,0,0,0,0,0,0,0,0,0,0,0,0,0,0,0,0,0,0,0,0,0,0,0,0,0,0,0,0,0,0,0,0,0,0,0,0,0,0,0,0,0,0,0,0,0,0
0,0,0,0,0,0,0,0,0,0,0,0,0,0,0,0,0,0,0,0,0,0,0,0,0,0,0,0,0,0,0,0,0,0,0,0,0,0,0,0,0,0,0,0,0,0,0,0,0,0,0,0,0,0,0,0,0,0,0,0,0,0,0,0,0,0,0,0,0,0,0,0,0,0,0,0,0,0,0,0,0,0,0,0,0,0,0,0,0,0,0,0,0,0,0,0,0,0,0,0,0,0,0,0,0,0,0,0,0,0,0,0,0,0,0,0,0,0,0,0,0,0,0,0,0,0,0,0,0,0,0,0,0,0,0,0,0,0,0,0,0,0,0,0,0,0,0,0,0,0,0,0,0,0,0,0,0,0,0,0,0,0,0,0,0,0,0,0,0,0,0,0,0,0,0,0,0,0,0,0
0,0,0,0,0,0,0,0,0,0,0,0,0,0,0,0,0,0,0,0,0,0,0,0,0,0,0,0,0,0,0,0,0,0,0,0,0,0,0,0,0,0,0,0,0,0,0,0,0,0,0,0,0,0,0,0,0,0,0,0,0,0,0,0,0,0,0,0,0,0,0,0,0,0,0,0,0,0,0,0,0,0,0,0,0,0,0,0,0,0,0,0,0,0,0,0,0,0,0,0,0,0,0,0,0,0,0,0,0,0,0,0,0,0,0,0,0,0,0,0,0,0,0,0,0,0,0,0,0,0,0,0,0,0,0,0,0,0,0,0,0,0,0,0,0,0,0,0,0,0,0,0,0,0,0,0,0,0,0,0,0,0,0,0,0,0,0,0,0,0,0,0,0,0,0,0,0,0,0,0
0,0,0,0,0,0,0,0,0,0,0,0,0,0,0,0,0,0,0,0,0,0,0,0,0,0,0,0,0,0,0,0,0,0,0,0,0,0,0,0,0,0,0,0,0,0,0,0,0,0,0,0,0,0,0,0,0,0,0,0,0,0,0,0,0,0,0,0,0,0,0,0,0,0,0,0,0,0,0,0,0,0,0,0,0,0,0,0,0,0,0,0,0,0,0,0,0,0,0,0,0,0,0,0,0,0,0,0,0,0,0,0,0,0,0,0,0,0,0,0,0,0,0,0,0,0,0,0,0,0,0,0,0,0,0,0,0,0,0,0,0,0,0,0,0,0,0,0,0,0,0,0,0,0,0,0,0,0,0,0,0,0,0,0,0,0,0,0,0,0,0,0,0,0,0,0,0,0,0,0
0,0,0,0,0,0,0,0,0,0,0,0,0,0,0,0,0,0,0,0,0,0,0,0,0,0,0,0,0,0,0,0,0,0,0,0,0,0,0,0,0,0,0,0,0,0,0,0,0,0,0,0,0,0,0,0,0,0,0,0,0,0,0,0,0,0,0,0,0,0,0,0,0,0,0,0,0,0,0,0,0,0,0,0,0,0,0,0,0,0,0,0,0,0,0,0,0,0,0,0,0,0,0,0,0,0,0,0,0,0,0,0,0,0,0,0,0,0,0,0,0,0,0,0,0,0,0,0,0,0,0,0,0,0,0,0,0,0,0,0,0,0,0,0,0,0,0,0,0,0,0,0,0,0,0,0,0,0,0,0,0,0,0,0,0,0,0,0,0,0,0,0,0,0,0,0,0,0,0,0
0,0,0,0,0,0,0,0,0,0,0,0,0,0,0,0,0,0,0,0,0,0,0,0,0,0,0,0,0,0,0,0,0,0,0,0,0,0,0,0,0,0,0,0,0,0,0,0,0,0,0,0,0,0,0,0,0,0,0,0,0,0,0,0,0,0,0,0,0,0,0,0,0,0,0,0,0,0,0,0,0,0,0,0,0,0,0,0,0,0,0,0,0,0,0,0,0,0,0,0,0,0,0,0,0,0,0,0,0,0,0,0,0,0,0,0,0,0,0,0,0,0,0,0,0,0,0,0,0,0,0,0,0,0,0,0,0,0,0,0,0,0,0,0,0,0,0,0,0,0,0,0,0,0,0,0,0,0,0,0,0,0,0,0,0,0,0,0,0,0,0,0,0,0,0,0,0,0,0,0
0,0,0,0,0,0,0,0,0,0,0,0,0,0,0,0,0,0,0,0,0,0,0,0,0,0,0,0,0,0,0,0,0,0,0,0,0,0,0,0,0,0,0,0,0,0,0,0,0,0,0,0,0,0,0,0,0,0,0,0,0,0,0,0,0,0,0,0,0,0,0,0,0,0,0,0,0,0,0,0,0,0,0,0,0,0,0,0,0,0,0,0,0,0,0,0,0,0,0,0,0,0,0,0,0,0,0,0,0,0,0,0,0,0,0,0,0,0,0,0,0,0,0,0,0,0,0,0,0,0,0,0,0,0,0,0,0,0,0,0,0,0,0,0,0,0,0,0,0,0,0,0,0,0,0,0,0,0,0,0,0,0,0,0,0,0,0,0,0,0,0,0,0,0,0,0,0,0,0,0
0,0,0,0,0,0,0,0,0,0,0,0,0,0,0,0,0,0,0,0,0,0,0,0,0,0,0,0,0,0,0,0,0,0,0,0,0,0,0,0,0,0,0,0,0,0,0,0,0,0,0,0,0,0,0,0,0,0,0,0,0,0,0,0,0,0,0,0,0,0,0,0,0,0,0,0,0,0,0,0,0,0,0,0,0,0,0,0,0,0,0,0,0,0,0,0,0,0,0,0,0,0,0,0,0,0,0,0,0,0,0,0,0,0,0,0,0,0,0,0,0,0,0,0,0,0,0,0,0,0,0,0,0,0,0,0,0,0,0,0,0,0,0,0,0,0,0,0,0,0,0,0,0,0,0,0,0,0,0,0,0,0,0,0,0,0,0,0,0,0,0,0,0,0,0,0,0,0,0,0
0,0,0,0,0,0,0,0,0,0,0,0,0,0,0,0,0,0,0,0,0,0,0,0,0,0,0,0,0,0,0,0,0,0,0,0,0,0,0,0,0,0,0,0,0,0,0,0,0,0,0,0,0,0,0,0,0,0,0,0,0,0,0,0,0,0,0,0,0,0,0,0,0,0,0,0,0,0,0,0,0,0,0,0,0,0,0,0,0,0,0,0,0,0,0,0,0,0,0,0,0,0,0,0,0,0,0,0,0,0,0,0,0,0,0,0,0,0,0,0,0,0,0,0,0,0,0,0,0,0,0,0,0,0,0,0,0,0,0,0,0,0,0,0,0,0,0,0,0,0,0,0,0,0,0,0,0,0,0,0,0,0,0,0,0,0,0,0,0,0,0,0,0,0,0,0,0,0,0,0
0,0,0,0,0,0,0,0,0,0,0,0,0,0,0,0,0,0,0,0,0,0,0,0,0,0,0,0,0,0,0,0,0,0,0,0,0,0,0,0,0,0,0,0,0,0,0,0,0,0,0,0,0,0,0,0,0,0,0,0,0,0,0,0,0,0,0,0,0,0,0,0,0,0,0,0,0,0,0,0,0,0,0,0,0,0,0,0,0,0,0,0,0,0,0,0,0,0,0,0,0,0,0,0,0,0,0,0,0,0,0,0,0,0,0,0,0,0,0,0,0,0,0,0,0,0,0,0,0,0,0,0,0,0,0,0,0,0,0,0,0,0,0,0,0,0,0,0,0,0,0,0,0,0,0,0,0,0,0,0,0,0,0,0,0,0,0,0,0,0,0,0,0,0,0,0,0,0,0,0
0,0,0,0,0,0,0,0,0,0,0,0,0,0,0,0,0,0,0,0,0,0,0,0,0,0,0,0,0,0,0,0,0,0,0,0,0,0,0,0,0,0,0,0,0,0,0,0,0,0,0,0,0,0,0,0,0,0,0,0,0,0,0,0,0,0,0,0,0,0,0,0,0,0,0,0,0,0,0,0,0,0,0,0,0,0,0,0,0,0,0,0,0,0,0,0,0,0,0,0,0,0,0,0,0,0,0,0,0,0,0,0,0,0,0,0,0,0,0,0,0,0,0,0,0,0,0,0,0,0,0,0,0,0,0,0,0,0,0,0,0,0,0,0,0,0,0,0,0,0,0,0,0,0,0,0,0,0,0,0,0,0,0,0,0,0,0,0,0,0,0,0,0,0,0,0,0,0,0,0
0,0,0,0,0,0,0,0,0,0,0,0,0,0,0,0,0,0,0,0,0,0,0,0,0,0,0,0,0,0,0,0,0,0,0,0,0,0,0,0,0,0,0,0,0,0,0,0,0,0,0,0,0,0,0,0,0,0,0,0,0,0,0,0,0,0,0,0,0,0,0,0,0,0,0,0,0,0,0,0,0,0,0,0,0,0,0,0,0,0,0,0,0,0,0,0,0,0,0,0,0,0,0,0,0,0,0,0,0,0,0,0,0,0,0,0,0,0,0,0,0,0,0,0,0,0,0,0,0,0,0,0,0,0,0,0,0,0,0,0,0,0,0,0,0,0,0,0,0,0,0,0,0,0,0,0,0,0,0,0,0,0,0,0,0,0,0,0,0,0,0,0,0,0,0,0,0,0,0,0
0,0,0,0,0,0,0,0,0,0,0,0,0,0,0,0,0,0,0,0,0,0,0,0,0,0,0,0,0,0,0,0,0,0,0,0,0,0,0,0,0,0,0,0,0,0,0,0,0,0,0,0,0,0,0,0,0,0,0,0,0,0,0,0,0,0,0,0,0,0,0,0,0,0,0,0,0,0,0,0,0,0,0,0,0,0,0,0,0,0,0,0,0,0,0,0,0,0,0,0,0,0,0,0,0,0,0,0,0,0,0,0,0,0,0,0,0,0,0,0,0,0,0,0,0,0,0,0,0,0,0,0,0,0,0,0,0,0,0,0,0,0,0,0,0,0,0,0,0,0,0,0,0,0,0,0,0,0,0,0,0,0,0,0,0,0,0,0,0,0,0,0,0,0,0,0,0,0,0,0
0,0,0,0,0,0,0,0,0,0,0,0,0,0,0,0,0,0,0,0,0,0,0,0,0,0,0,0,0,0,0,0,0,0,0,0,0,0,0,0,0,0,0,0,0,0,0,0,0,0,0,0,0,0,0,0,0,0,0,0,0,0,0,0,0,0,0,0,0,0,0,0,0,0,0,0,0,0,0,0,0,0,0,0,0,0,0,0,0,0,0,0,0,0,0,0,0,0,0,0,0,0,0,0,0,0,0,0,0,0,0,0,0,0,0,0,0,0,0,0,0,0,0,0,0,0,0,0,0,0,0,0,0,0,0,0,0,0,0,0,0,0,0,0,0,0,0,0,0,0,0,0,0,0,0,0,0,0,0,0,0,0,0,0,0,0,0,0,0,0,0,0,0,0,0,0,0,0,0,0
0,0,0,0,0,0,0,0,0,0,0,0,0,0,0,0,0,0,0,0,0,0,0,0,0,0,0,0,0,0,0,0,0,0,0,0,0,0,0,0,0,0,0,0,0,0,0,0,0,0,0,0,0,0,0,0,0,0,0,0,0,0,0,0,0,0,0,0,0,0,0,0,0,0,0,0,0,0,0,0,0,0,0,0,0,0,0,0,0,0,0,0,0,0,0,0,0,0,0,0,0,0,0,0,0,0,0,0,0,0,0,0,0,0,0,0,0,0,0,0,0,0,0,0,0,0,0,0,0,0,0,0,0,0,0,0,0,0,0,0,0,0,0,0,0,0,0,0,0,0,0,0,0,0,0,0,0,0,0,0,0,0,0,0,0,0,0,0,0,0,0,0,0,0,0,0,0,0,0,0
0,0,0,0,0,0,0,0,0,0,0,0,0,0,0,0,0,0,0,0,0,0,0,0,0,0,0,0,0,0,0,0,0,0,0,0,0,0,0,0,0,0,0,0,0,0,0,0,0,0,0,0,0,0,0,0,0,0,0,0,0,0,0,0,0,0,0,0,0,0,0,0,0,0,0,0,0,0,0,0,0,0,0,0,0,0,0,0,0,0,0,0,0,0,0,0,0,0,0,0,0,0,0,0,0,0,0,0,0,0,0,0,0,0,0,0,0,0,0,0,0,0,0,0,0,0,0,0,0,0,0,0,0,0,0,0,0,0,0,0,0,0,0,0,0,0,0,0,0,0,0,0,0,0,0,0,0,0,0,0,0,0,0,0,0,0,0,0,0,0,0,0,0,0,0,0,0,0,0,0
0,0,0,0,0,0,0,0,0,0,0,0,0,0,0,0,0,0,0,0,0,0,0,0,0,0,0,0,0,0,0,0,0,0,0,0,0,0,0,0,0,0,0,0,0,0,0,0,0,0,0,0,0,0,0,0,0,0,0,0,0,0,0,0,0,0,0,0,0,0,0,0,0,0,0,0,0,0,0,0,0,0,0,0,0,0,0,0,0,0,0,0,0,0,0,0,0,0,0,0,0,0,0,0,0,0,0,0,0,0,0,0,0,0,0,0,0,0,0,0,0,0,0,0,0,0,0,0,0,0,0,0,0,0,0,0,0,0,0,0,0,0,0,0,0,0,0,0,0,0,0,0,0,0,0,0,0,0,0,0,0,0,0,0,0,0,0,0,0,0,0,0,0,0,0,0,0,0,0,0
0,0,0,0,0,0,0,0,0,0,0,0,0,0,0,0,0,0,0,0,0,0,0,0,0,0,0,0,0,0,0,0,0,0,0,0,0,0,0,0,0,0,0,0,0,0,0,0,0,0,0,0,0,0,0,0,0,0,0,0,0,0,0,0,0,0,0,0,0,0,0,0,0,0,0,0,0,0,0,0,0,0,0,0,0,0,0,0,0,0,0,0,0,0,0,0,0,0,0,0,0,0,0,0,0,0,0,0,0,0,0,0,0,0,0,0,0,0,0,0,0,0,0,0,0,0,0,0,0,0,0,0,0,0,0,0,0,0,0,0,0,0,0,0,0,0,0,0,0,0,0,0,0,0,0,0,0,0,0,0,0,0,0,0,0,0,0,0,0,0,0,0,0,0,0,0,0,0,0,0
0,0,0,0,0,0,0,0,0,0,0,0,0,0,0,0,0,0,0,0,0,0,0,0,0,0,0,0,0,0,0,0,0,0,0,0,0,0,0,0,0,0,0,0,0,0,0,0,0,0,0,0,0,0,0,0,0,0,0,0,0,0,0,0,0,0,0,0,0,0,0,0,0,0,0,0,0,0,0,0,0,0,0,0,0,0,0,0,0,0,0,0,0,0,0,0,0,0,0,0,0,0,0,0,0,0,0,0,0,0,0,0,0,0,0,0,0,0,0,0,0,0,0,0,0,0,0,0,0,0,0,0,0,0,0,0,0,0,0,0,0,0,0,0,0,0,0,0,0,0,0,0,0,0,0,0,0,0,0,0,0,0,0,0,0,0,0,0,0,0,0,0,0,0,0,0,0,0,0,0
0,0,0,0,0,0,0,0,0,0,0,0,0,0,0,0,0,0,0,0,0,0,0,0,0,0,0,0,0,0,0,0,0,0,0,0,0,0,0,0,0,0,0,0,0,0,0,0,0,0,0,0,0,0,0,0,0,0,0,0,0,0,0,0,0,0,0,0,0,0,0,0,0,0,0,0,0,0,0,0,0,0,0,0,0,0,0,0,0,0,0,0,0,0,0,0,0,0,0,0,0,0,0,0,0,0,0,0,0,0,0,0,0,0,0,0,0,0,0,0,0,0,0,0,0,0,0,0,0,0,0,0,0,0,0,0,0,0,0,0,0,0,0,0,0,0,0,0,0,0,0,0,0,0,0,0,0,0,0,0,0,0,0,0,0,0,0,0,0,0,0,0,0,0,0,0,0,0,0,0
0,0,0,0,0,0,0,0,0,0,0,0,0,0,0,0,0,0,0,0,0,0,0,0,0,0,0,0,0,0,0,0,0,0,0,0,0,0,0,0,0,0,0,0,0,0,0,0,0,0,0,0,0,0,0,0,0,0,0,0,0,0,0,0,0,0,0,0,0,0,0,0,0,0,0,0,0,0,0,0,0,0,0,0,0,0,0,0,0,0,0,0,0,0,0,0,0,0,0,0,0,0,0,0,0,0,0,0,0,0,0,0,0,0,0,0,0,0,0,0,0,0,0,0,0,0,0,0,0,0,0,0,0,0,0,0,0,0,0,0,0,0,0,0,0,0,0,0,0,0,0,0,0,0,0,0,0,0,0,0,0,0,0,0,0,0,0,0,0,0,0,0,0,0,0,0,0,0,0,0
0,0,0,0,0,0,0,0,0,0,0,0,0,0,0,0,0,0,0,0,0,0,0,0,0,0,0,0,0,0,0,0,0,0,0,0,0,0,0,0,0,0,0,0,0,0,0,0,0,0,0,0,0,0,0,0,0,0,0,0,0,0,0,0,0,0,0,0,0,0,0,0,0,0,0,0,0,0,0,0,0,0,0,0,0,0,0,0,0,0,0,0,0,0,0,0,0,0,0,0,0,0,0,0,0,0,0,0,0,0,0,0,0,0,0,0,0,0,0,0,0,0,0,0,0,0,0,0,0,0,0,0,0,0,0,0,0,0,0,0,0,0,0,0,0,0,0,0,0,0,0,0,0,0,0,0,0,0,0,0,0,0,0,0,0,0,0,0,0,0,0,0,0,0,0,0,0,0,0,0
0,0,0,0,0,0,0,0,0,0,0,0,0,0,0,0,0,0,0,0,0,0,0,0,0,0,0,0,0,0,0,0,0,0,0,0,0,0,0,0,0,0,0,0,0,0,0,0,0,0,0,0,0,0,0,0,0,0,0,0,0,0,0,0,0,0,0,0,0,0,0,0,0,0,0,0,0,0,0,0,0,0,0,0,0,0,0,0,0,0,0,0,0,0,0,0,0,0,0,0,0,0,0,0,0,0,0,0,0,0,0,0,0,0,0,0,0,0,0,0,0,0,0,0,0,0,0,0,0,0,0,0,0,0,0,0,0,0,0,0,0,0,0,0,0,0,0,0,0,0,0,0,0,0,0,0,0,0,0,0,0,0,0,0,0,0,0,0,0,0,0,0,0,0,0,0,0,0,0,0
0,0,0,0,0,0,0,0,0,0,0,0,0,0,0,0,0,0,0,0,0,0,0,0,0,0,0,0,0,0,0,0,0,0,0,0,0,0,0,0,0,0,0,0,0,0,0,0,0,0,0,0,0,0,0,0,0,0,0,0,0,0,0,0,0,0,0,0,0,0,0,0,0,0,0,0,0,0,0,0,0,0,0,0,0,0,0,0,0,0,0,0,0,0,0,0,0,0,0,0,0,0,0,0,0,0,0,0,0,0,0,0,0,0,0,0,0,0,0,0,0,0,0,0,0,0,0,0,0,0,0,0,0,0,0,0,0,0,0,0,0,0,0,0,0,0,0,0,0,0,0,0,0,0,0,0,0,0,0,0,0,0,0,0,0,0,0,0,0,0,0,0,0,0,0,0,0,0,0,0
0,0,0,0,0,0,0,0,0,0,0,0,0,0,0,0,0,0,0,0,0,0,0,0,0,0,0,0,0,0,0,0,0,0,0,0,0,0,0,0,0,0,0,0,0,0,0,0,0,0,0,0,0,0,0,0,0,0,0,0,0,0,0,0,0,0,0,0,0,0,0,0,0,0,0,0,0,0,0,0,0,0,0,0,0,0,0,0,0,0,0,0,0,0,0,0,0,0,0,0,0,0,0,0,0,0,0,0,0,0,0,0,0,0,0,0,0,0,0,0,0,0,0,0,0,0,0,0,0,0,0,0,0,0,0,0,0,0,0,0,0,0,0,0,0,0,0,0,0,0,0,0,0,0,0,0,0,0,0,0,0,0,0,0,0,0,0,0,0,0,0,0,0,0,0,0,0,0,0,0
0,0,0,0,0,0,0,0,0,0,0,0,0,0,0,0,0,0,0,0,0,0,0,0,0,0,0,0,0,0,0,0,0,0,0,0,0,0,0,0,0,0,0,0,0,0,0,0,0,0,0,0,0,0,0,0,0,0,0,0,0,0,0,0,0,0,0,0,0,0,0,0,0,0,0,0,0,0,0,0,0,0,0,0,0,0,0,0,0,0,0,0,0,0,0,0,0,0,0,0,0,0,0,0,0,0,0,0,0,0,0,0,0,0,0,0,0,0,0,0,0,0,0,0,0,0,0,0,0,0,0,0,0,0,0,0,0,0,0,0,0,0,0,0,0,0,0,0,0,0,0,0,0,0,0,0,0,0,0,0,0,0,0,0,0,0,0,0,0,0,0,0,0,0,0,0,0,0,0,0
0,0,0,0,0,0,0,0,0,0,0,0,0,0,0,0,0,0,0,0,0,0,0,0,0,0,0,0,0,0,0,0,0,0,0,0,0,0,0,0,0,0,0,0,0,0,0,0,0,0,0,0,0,0,0,0,0,0,0,0,0,0,0,0,0,0,0,0,0,0,0,0,0,0,0,0,0,0,0,0,0,0,0,0,0,0,0,0,0,0,0,0,0,0,0,0,0,0,0,0,0,0,0,0,0,0,0,0,0,0,0,0,0,0,0,0,0,0,0,0,0,0,0,0,0,0,0,0,0,0,0,0,0,0,0,0,0,0,0,0,0,0,0,0,0,0,0,0,0,0,0,0,0,0,0,0,0,0,0,0,0,0,0,0,0,0,0,0,0,0,0,0,0,0,0,0,0,0,0,0
0,0,0,0,0,0,0,0,0,0,0,0,0,0,0,0,0,0,0,0,0,0,0,0,0,0,0,0,0,0,0,0,0,0,0,0,0,0,0,0,0,0,0,0,0,0,0,0,0,0,0,0,0,0,0,0,0,0,0,0,0,0,0,0,0,0,0,0,0,0,0,0,0,0,0,0,0,0,0,0,0,0,0,0,0,0,0,0,0,0,0,0,0,0,0,0,0,0,0,0,0,0,0,0,0,0,0,0,0,0,0,0,0,0,0,0,0,0,0,0,0,0,0,0,0,0,0,0,0,0,0,0,0,0,0,0,0,0,0,0,0,0,0,0,0,0,0,0,0,0,0,0,0,0,0,0,0,0,0,0,0,0,0,0,0,0,0,0,0,0,0,0,0,0,0,0,0,0,0,0
0,0,0,0,0,0,0,0,0,0,0,0,0,0,0,0,0,0,0,0,0,0,0,0,0,0,0,0,0,0,0,0,0,0,0,0,0,0,0,0,0,0,0,0,0,0,0,0,0,0,0,0,0,0,0,0,0,0,0,0,0,0,0,0,0,0,0,0,0,0,0,0,0,0,0,0,0,0,0,0,0,0,0,0,0,0,0,0,0,0,0,0,0,0,0,0,0,0,0,0,0,0,0,0,0,0,0,0,0,0,0,0,0,0,0,0,0,0,0,0,0,0,0,0,0,0,0,0,0,0,0,0,0,0,0,0,0,0,0,0,0,0,0,0,0,0,0,0,0,0,0,0,0,0,0,0,0,0,0,0,0,0,0,0,0,0,0,0,0,0,0,0,0,0,0,0,0,0,0,0
0,0,0,0,0,0,0,0,0,0,0,0,0,0,0,0,0,0,0,0,0,0,0,0,0,0,0,0,0,0,0,0,0,0,0,0,0,0,0,0,0,0,0,0,0,0,0,0,0,0,0,0,0,0,0,0,0,0,0,0,0,0,0,0,0,0,0,0,0,0,0,0,0,0,0,0,0,0,0,0,0,0,0,0,0,0,0,0,0,0,0,0,0,0,0,0,0,0,0,0,0,0,0,0,0,0,0,0,0,0,0,0,0,0,0,0,0,0,0,0,0,0,0,0,0,0,0,0,0,0,0,0,0,0,0,0,0,0,0,0,0,0,0,0,0,0,0,0,0,0,0,0,0,0,0,0,0,0,0,0,0,0,0,0,0,0,0,0,0,0,0,0,0,0,0,0,0,0,0,0
0,0,0,0,0,0,0,0,0,0,0,0,0,0,0,0,0,0,0,0,0,0,0,0,0,0,0,0,0,0,0,0,0,0,0,0,0,0,0,0,0,0,0,0,0,0,0,0,0,0,0,0,0,0,0,0,0,0,0,0,0,0,0,0,0,0,0,0,0,0,0,0,0,0,0,0,0,0,0,0,0,0,0,0,0,0,0,0,0,0,0,0,0,0,0,0,0,0,0,0,0,0,0,0,0,0,0,0,0,0,0,0,0,0,0,0,0,0,0,0,0,0,0,0,0,0,0,0,0,0,0,0,0,0,0,0,0,0,0,0,0,0,0,0,0,0,0,0,0,0,0,0,0,0,0,0,0,0,0,0,0,0,0,0,0,0,0,0,0,0,0,0,0,0,0,0,0,0,0,0
0,0,0,0,0,0,0,0,0,0,0,0,0,0,0,0,0,0,0,0,0,0,0,0,0,0,0,0,0,0,0,0,0,0,0,0,0,0,0,0,0,0,0,0,0,0,0,0,0,0,0,0,0,0,0,0,0,0,0,0,0,0,0,0,0,0,0,0,0,0,0,0,0,0,0,0,0,0,0,0,0,0,0,0,0,0,0,0,0,0,0,0,0,0,0,0,0,0,0,0,0,0,0,0,0,0,0,0,0,0,0,0,0,0,0,0,0,0,0,0,0,0,0,0,0,0,0,0,0,0,0,0,0,0,0,0,0,0,0,0,0,0,0,0,0,0,0,0,0,0,0,0,0,0,0,0,0,0,0,0,0,0,0,0,0,0,0,0,0,0,0,0,0,0,0,0,0,0,0,0
0,0,0,0,0,0,0,0,0,0,0,0,0,0,0,0,0,0,0,0,0,0,0,0,0,0,0,0,0,0,0,0,0,0,0,0,0,0,0,0,0,0,0,0,0,0,0,0,0,0,0,0,0,0,0,0,0,0,0,0,0,0,0,0,0,0,0,0,0,0,0,0,0,0,0,0,0,0,0,0,0,0,0,0,0,0,0,0,0,0,0,0,0,0,0,0,0,0,0,0,0,0,0,0,0,0,0,0,0,0,0,0,0,0,0,0,0,0,0,0,0,0,0,0,0,0,0,0,0,0,0,0,0,0,0,0,0,0,0,0,0,0,0,0,0,0,0,0,0,0,0,0,0,0,0,0,0,0,0,0,0,0,0,0,0,0,0,0,0,0,0,0,0,0,0,0,0,0,0,0
0,0,0,0,0,0,0,0,0,0,0,0,0,0,0,0,0,0,0,0,0,0,0,0,0,0,0,0,0,0,0,0,0,0,0,0,0,0,0,0,0,0,0,0,0,0,0,0,0,0,0,0,0,0,0,0,0,0,0,0,0,0,0,0,0,0,0,0,0,0,0,0,0,0,0,0,0,0,0,0,0,0,0,0,0,0,0,0,0,0,0,0,0,0,0,0,0,0,0,0,0,0,0,0,0,0,0,0,0,0,0,0,0,0,0,0,0,0,0,0,0,0,0,0,0,0,0,0,0,0,0,0,0,0,0,0,0,0,0,0,0,0,0,0,0,0,0,0,0,0,0,0,0,0,0,0,0,0,0,0,0,0,0,0,0,0,0,0,0,0,0,0,0,0,0,0,0,0,0,0
0,0,0,0,0,0,0,0,0,0,0,0,0,0,0,0,0,0,0,0,0,0,0,0,0,0,0,0,0,0,0,0,0,0,0,0,0,0,0,0,0,0,0,0,0,0,0,0,0,0,0,0,0,0,0,0,0,0,0,0,0,0,0,0,0,0,0,0,0,0,0,0,0,0,0,0,0,0,0,0,0,0,0,0,0,0,0,0,0,0,0,0,0,0,0,0,0,0,0,0,0,0,0,0,0,0,0,0,0,0,0,0,0,0,0,0,0,0,0,0,0,0,0,0,0,0,0,0,0,0,0,0,0,0,0,0,0,0,0,0,0,0,0,0,0,0,0,0,0,0,0,0,0,0,0,0,0,0,0,0,0,0,0,0,0,0,0,0,0,0,0,0,0,0,0,0,0,0,0,0
0,0,0,0,0,0,0,0,0,0,0,0,0,0,0,0,0,0,0,0,0,0,0,0,0,0,0,0,0,0,0,0,0,0,0,0,0,0,0,0,0,0,0,0,0,0,0,0,0,0,0,0,0,0,0,0,0,0,0,0,0,0,0,0,0,0,0,0,0,0,0,0,0,0,0,0,0,0,0,0,0,0,0,0,0,0,0,0,0,0,0,0,0,0,0,0,0,0,0,0,0,0,0,0,0,0,0,0,0,0,0,0,0,0,0,0,0,0,0,0,0,0,0,0,0,0,0,0,0,0,0,0,0,0,0,0,0,0,0,0,0,0,0,0,0,0,0,0,0,0,0,0,0,0,0,0,0,0,0,0,0,0,0,0,0,0,0,0,0,0,0,0,0,0,0,0,0,0,0,0
0,0,0,0,0,0,0,0,0,0,0,0,0,0,0,0,0,0,0,0,0,0,0,0,0,0,0,0,0,0,0,0,0,0,0,0,0,0,0,0,0,0,0,0,0,0,0,0,0,0,0,0,0,0,0,0,0,0,0,0,0,0,0,0,0,0,0,0,0,0,0,0,0,0,0,0,0,0,0,0,0,0,0,0,0,0,0,0,0,0,0,0,0,0,0,0,0,0,0,0,0,0,0,0,0,0,0,0,0,0,0,0,0,0,0,0,0,0,0,0,0,0,0,0,0,0,0,0,0,0,0,0,0,0,0,0,0,0,0,0,0,0,0,0,0,0,0,0,0,0,0,0,0,0,0,0,0,0,0,0,0,0,0,0,0,0,0,0,0,0,0,0,0,0,0,0,0,0,0,0
0,0,0,0,0,0,0,0,0,0,0,0,0,0,0,0,0,0,0,0,0,0,0,0,0,0,0,0,0,0,0,0,0,0,0,0,0,0,0,0,0,0,0,0,0,0,0,0,0,0,0,0,0,0,0,0,0,0,0,0,0,0,0,0,0,0,0,0,0,0,0,0,0,0,0,0,0,0,0,0,0,0,0,0,0,0,0,0,0,0,0,0,0,0,0,0,0,0,0,0,0,0,0,0,0,0,0,0,0,0,0,0,0,0,0,0,0,0,0,0,0,0,0,0,0,0,0,0,0,0,0,0,0,0,0,0,0,0,0,0,0,0,0,0,0,0,0,0,0,0,0,0,0,0,0,0,0,0,0,0,0,0,0,0,0,0,0,0,0,0,0,0,0,0,0,0,0,0,0,0
0,0,0,0,0,0,0,0,0,0,0,0,0,0,0,0,0,0,0,0,0,0,0,0,0,0,0,0,0,0,0,0,0,0,0,0,0,0,0,0,0,0,0,0,0,0,0,0,0,0,0,0,0,0,0,0,0,0,0,0,0,0,0,0,0,0,0,0,0,0,0,0,0,0,0,0,0,0,0,0,0,0,0,0,0,0,0,0,0,0,0,0,0,0,0,0,0,0,0,0,0,0,0,0,0,0,0,0,0,0,0,0,0,0,0,0,0,0,0,0,0,0,0,0,0,0,0,0,0,0,0,0,0,0,0,0,0,0,0,0,0,0,0,0,0,0,0,0,0,0,0,0,0,0,0,0,0,0,0,0,0,0,0,0,0,0,0,0,0,0,0,0,0,0,0,0,0,0,0,0
0,0,0,0,0,0,0,0,0,0,0,0,0,0,0,0,0,0,0,0,0,0,0,0,0,0,0,0,0,0,0,0,0,0,0,0,0,0,0,0,0,0,0,0,0,0,0,0,0,0,0,0,0,0,0,0,0,0,0,0,0,0,0,0,0,0,0,0,0,0,0,0,0,0,0,0,0,0,0,0,0,0,0,0,0,0,0,0,0,0,0,0,0,0,0,0,0,0,0,0,0,0,0,0,0,0,0,0,0,0,0,0,0,0,0,0,0,0,0,0,0,0,0,0,0,0,0,0,0,0,0,0,0,0,0,0,0,0,0,0,0,0,0,0,0,0,0,0,0,0,0,0,0,0,0,0,0,0,0,0,0,0,0,0,0,0,0,0,0,0,0,0,0,0,0,0,0,0,0,0
0,0,0,0,0,0,0,0,0,0,0,0,0,0,0,0,0,0,0,0,0,0,0,0,0,0,0,0,0,0,0,0,0,0,0,0,0,0,0,0,0,0,0,0,0,0,0,0,0,0,0,0,0,0,0,0,0,0,0,0,0,0,0,0,0,0,0,0,0,0,0,0,0,0,0,0,0,0,0,0,0,0,0,0,0,0,0,0,0,0,0,0,0,0,0,0,0,0,0,0,0,0,0,0,0,0,0,0,0,0,0,0,0,0,0,0,0,0,0,0,0,0,0,0,0,0,0,0,0,0,0,0,0,0,0,0,0,0,0,0,0,0,0,0,0,0,0,0,0,0,0,0,0,0,0,0,0,0,0,0,0,0,0,0,0,0,0,0,0,0,0,0,0,0,0,0,0,0,0,0
0,0,0,0,0,0,0,0,0,0,0,0,0,0,0,0,0,0,0,0,0,0,0,0,0,0,0,0,0,0,0,0,0,0,0,0,0,0,0,0,0,0,0,0,0,0,0,0,0,0,0,0,0,0,0,0,0,0,0,0,0,0,0,0,0,0,0,0,0,0,0,0,0,0,0,0,0,0,0,0,0,0,0,0,0,0,0,0,0,0,0,0,0,0,0,0,0,0,0,0,0,0,0,0,0,0,0,0,0,0,0,0,0,0,0,0,0,0,0,0,0,0,0,0,0,0,0,0,0,0,0,0,0,0,0,0,0,0,0,0,0,0,0,0,0,0,0,0,0,0,0,0,0,0,0,0,0,0,0,0,0,0,0,0,0,0,0,0,0,0,0,0,0,0,0,0,0,0,0,0
0,0,0,0,0,0,0,0,0,0,0,0,0,0,0,0,0,0,0,0,0,0,0,0,0,0,0,0,0,0,0,0,0,0,0,0,0,0,0,0,0,0,0,0,0,0,0,0,0,0,0,0,0,0,0,0,0,0,0,0,0,0,0,0,0,0,0,0,0,0,0,0,0,0,0,0,0,0,0,0,0,0,0,0,0,0,0,0,0,0,0,0,0,0,0,0,0,0,0,0,0,0,0,0,0,0,0,0,0,0,0,0,0,0,0,0,0,0,0,0,0,0,0,0,0,0,0,0,0,0,0,0,0,0,0,0,0,0,0,0,0,0,0,0,0,0,0,0,0,0,0,0,0,0,0,0,0,0,0,0,0,0,0,0,0,0,0,0,0,0,0,0,0,0,0,0,0,0,0,0
0,0,0,0,0,0,0,0,0,0,0,0,0,0,0,0,0,0,0,0,0,0,0,0,0,0,0,0,0,0,0,0,0,0,0,0,0,0,0,0,0,0,0,0,0,0,0,0,0,0,0,0,0,0,0,0,0,0,0,0,0,0,0,0,0,0,0,0,0,0,0,0,0,0,0,0,0,0,0,0,0,0,0,0,0,0,0,0,0,0,0,0,0,0,0,0,0,0,0,0,0,0,0,0,0,0,0,0,0,0,0,0,0,0,0,0,0,0,0,0,0,0,0,0,0,0,0,0,0,0,0,0,0,0,0,0,0,0,0,0,0,0,0,0,0,0,0,0,0,0,0,0,0,0,0,0,0,0,0,0,0,0,0,0,0,0,0,0,0,0,0,0,0,0,0,0,0,0,0,0
0,0,0,0,0,0,0,0,0,0,0,0,0,0,0,0,0,0,0,0,0,0,0,0,0,0,0,0,0,0,0,0,0,0,0,0,0,0,0,0,0,0,0,0,0,0,0,0,0,0,0,0,0,0,0,0,0,0,0,0,0,0,0,0,0,0,0,0,0,0,0,0,0,0,0,0,0,0,0,0,0,0,0,0,0,0,0,0,0,0,0,0,0,0,0,0,0,0,0,0,0,0,0,0,0,0,0,0,0,0,0,0,0,0,0,0,0,0,0,0,0,0,0,0,0,0,0,0,0,0,0,0,0,0,0,0,0,0,0,0,0,0,0,0,0,0,0,0,0,0,0,0,0,0,0,0,0,0,0,0,0,0,0,0,0,0,0,0,0,0,0,0,0,0,0,0,0,0,0,0
0,0,0,0,0,0,0,0,0,0,0,0,0,0,0,0,0,0,0,0,0,0,0,0,0,0,0,0,0,0,0,0,0,0,0,0,0,0,0,0,0,0,0,0,0,0,0,0,0,0,0,0,0,0,0,0,0,0,0,0,0,0,0,0,0,0,0,0,0,0,0,0,0,0,0,0,0,0,0,0,0,0,0,0,0,0,0,0,0,0,0,0,0,0,0,0,0,0,0,0,0,0,0,0,0,0,0,0,0,0,0,0,0,0,0,0,0,0,0,0,0,0,0,0,0,0,0,0,0,0,0,0,0,0,0,0,0,0,0,0,0,0,0,0,0,0,0,0,0,0,0,0,0,0,0,0,0,0,0,0,0,0,0,0,0,0,0,0,0,0,0,0,0,0,0,0,0,0,0,0
0,0,0,0,0,0,0,0,0,0,0,0,0,0,0,0,0,0,0,0,0,0,0,0,0,0,0,0,0,0,0,0,0,0,0,0,0,0,0,0,0,0,0,0,0,0,0,0,0,0,0,0,0,0,0,0,0,0,0,0,0,0,0,0,0,0,0,0,0,0,0,0,0,0,0,0,0,0,0,0,0,0,0,0,0,0,0,0,0,0,0,0,0,0,0,0,0,0,0,0,0,0,0,0,0,0,0,0,0,0,0,0,0,0,0,0,0,0,0,0,0,0,0,0,0,0,0,0,0,0,0,0,0,0,0,0,0,0,0,0,0,0,0,0,0,0,0,0,0,0,0,0,0,0,0,0,0,0,0,0,0,0,0,0,0,0,0,0,0,0,0,0,0,0,0,0,0,0,0,0
0,0,0,0,0,0,0,0,0,0,0,0,0,0,0,0,0,0,0,0,0,0,0,0,0,0,0,0,0,0,0,0,0,0,0,0,0,0,0,0,0,0,0,0,0,0,0,0,0,0,0,0,0,0,0,0,0,0,0,0,0,0,0,0,0,0,0,0,0,0,0,0,0,0,0,0,0,0,0,0,0,0,0,0,0,0,0,0,0,0,0,0,0,0,0,0,0,0,0,0,0,0,0,0,0,0,0,0,0,0,0,0,0,0,0,0,0,0,0,0,0,0,0,0,0,0,0,0,0,0,0,0,0,0,0,0,0,0,0,0,0,0,0,0,0,0,0,0,0,0,0,0,0,0,0,0,0,0,0,0,0,0,0,0,0,0,0,0,0,0,0,0,0,0,0,0,0,0,0,0
0,0,0,0,0,0,0,0,0,0,0,0,0,0,0,0,0,0,0,0,0,0,0,0,0,0,0,0,0,0,0,0,0,0,0,0,0,0,0,0,0,0,0,0,0,0,0,0,0,0,0,0,0,0,0,0,0,0,0,0,0,0,0,0,0,0,0,0,0,0,0,0,0,0,0,0,0,0,0,0,0,0,0,0,0,0,0,0,0,0,0,0,0,0,0,0,0,0,0,0,0,0,0,0,0,0,0,0,0,0,0,0,0,0,0,0,0,0,0,0,0,0,0,0,0,0,0,0,0,0,0,0,0,0,0,0,0,0,0,0,0,0,0,0,0,0,0,0,0,0,0,0,0,0,0,0,0,0,0,0,0,0,0,0,0,0,0,0,0,0,0,0,0,0,0,0,0,0,0,0
0,0,0,0,0,0,0,0,0,0,0,0,0,0,0,0,0,0,0,0,0,0,0,0,0,0,0,0,0,0,0,0,0,0,0,0,0,0,0,0,0,0,0,0,0,0,0,0,0,0,0,0,0,0,0,0,0,0,0,0,0,0,0,0,0,0,0,0,0,0,0,0,0,0,0,0,0,0,0,0,0,0,0,0,0,0,0,0,0,0,0,0,0,0,0,0,0,0,0,0,0,0,0,0,0,0,0,0,0,0,0,0,0,0,0,0,0,0,0,0,0,0,0,0,0,0,0,0,0,0,0,0,0,0,0,0,0,0,0,0,0,0,0,0,0,0,0,0,0,0,0,0,0,0,0,0,0,0,0,0,0,0,0,0,0,0,0,0,0,0,0,0,0,0,0,0,0,0,0,0
0,0,0,0,0,0,0,0,0,0,0,0,0,0,0,0,0,0,0,0,0,0,0,0,0,0,0,0,0,0,0,0,0,0,0,0,0,0,0,0,0,0,0,0,0,0,0,0,0,0,0,0,0,0,0,0,0,0,0,0,0,0,0,0,0,0,0,0,0,0,0,0,0,0,0,0,0,0,0,0,0,0,0,0,0,0,0,0,0,0,0,0,0,0,0,0,0,0,0,0,0,0,0,0,0,0,0,0,0,0,0,0,0,0,0,0,0,0,0,0,0,0,0,0,0,0,0,0,0,0,0,0,0,0,0,0,0,0,0,0,0,0,0,0,0,0,0,0,0,0,0,0,0,0,0,0,0,0,0,0,0,0,0,0,0,0,0,0,0,0,0,0,0,0,0,0,0,0,0,0
0,0,0,0,0,0,0,0,0,0,0,0,0,0,0,0,0,0,0,0,0,0,0,0,0,0,0,0,0,0,0,0,0,0,0,0,0,0,0,0,0,0,0,0,0,0,0,0,0,0,0,0,0,0,0,0,0,0,0,0,0,0,0,0,0,0,0,0,0,0,0,0,0,0,0,0,0,0,0,0,0,0,0,0,0,0,0,0,0,0,0,0,0,0,0,0,0,0,0,0,0,0,0,0,0,0,0,0,0,0,0,0,0,0,0,0,0,0,0,0,0,0,0,0,0,0,0,0,0,0,0,0,0,0,0,0,0,0,0,0,0,0,0,0,0,0,0,0,0,0,0,0,0,0,0,0,0,0,0,0,0,0,0,0,0,0,0,0,0,0,0,0,0,0,0,0,0,0,0,0
0,0,0,0,0,0,0,0,0,0,0,0,0,0,0,0,0,0,0,0,0,0,0,0,0,0,0,0,0,0,0,0,0,0,0,0,0,0,0,0,0,0,0,0,0,0,0,0,0,0,0,0,0,0,0,0,0,0,0,0,0,0,0,0,0,0,0,0,0,0,0,0,0,0,0,0,0,0,0,0,0,0,0,0,0,0,0,0,0,0,0,0,0,0,0,0,0,0,0,0,0,0,0,0,0,0,0,0,0,0,0,0,0,0,0,0,0,0,0,0,0,0,0,0,0,0,0,0,0,0,0,0,0,0,0,0,0,0,0,0,0,0,0,0,0,0,0,0,0,0,0,0,0,0,0,0,0,0,0,0,0,0,0,0,0,0,0,0,0,0,0,0,0,0,0,0,0,0,0,0
0,0,0,0,0,0,0,0,0,0,0,0,0,0,0,0,0,0,0,0,0,0,0,0,0,0,0,0,0,0,0,0,0,0,0,0,0,0,0,0,0,0,0,0,0,0,0,0,0,0,0,0,0,0,0,0,0,0,0,0,0,0,0,0,0,0,0,0,0,0,0,0,0,0,0,0,0,0,0,0,0,0,0,0,0,0,0,0,0,0,0,0,0,0,0,0,0,0,0,0,0,0,0,0,0,0,0,0,0,0,0,0,0,0,0,0,0,0,0,0,0,0,0,0,0,0,0,0,0,0,0,0,0,0,0,0,0,0,0,0,0,0,0,0,0,0,0,0,0,0,0,0,0,0,0,0,0,0,0,0,0,0,0,0,0,0,0,0,0,0,0,0,0,0,0,0,0,0,0,0
0,0,0,0,0,0,0,0,0,0,0,0,0,0,0,0,0,0,0,0,0,0,0,0,0,0,0,0,0,0,0,0,0,0,0,0,0,0,0,0,0,0,0,0,0,0,0,0,0,0,0,0,0,0,0,0,0,0,0,0,0,0,0,0,0,0,0,0,0,0,0,0,0,0,0,0,0,0,0,0,0,0,0,0,0,0,0,0,0,0,0,0,0,0,0,0,0,0,0,0,0,0,0,0,0,0,0,0,0,0,0,0,0,0,0,0,0,0,0,0,0,0,0,0,0,0,0,0,0,0,0,0,0,0,0,0,0,0,0,0,0,0,0,0,0,0,0,0,0,0,0,0,0,0,0,0,0,0,0,0,0,0,0,0,0,0,0,0,0,0,0,0,0,0,0,0,0,0,0,0
0,0,0,0,0,0,0,0,0,0,0,0,0,0,0,0,0,0,0,0,0,0,0,0,0,0,0,0,0,0,0,0,0,0,0,0,0,0,0,0,0,0,0,0,0,0,0,0,0,0,0,0,0,0,0,0,0,0,0,0,0,0,0,0,0,0,0,0,0,0,0,0,0,0,0,0,0,0,0,0,0,0,0,0,0,0,0,0,0,0,0,0,0,0,0,0,0,0,0,0,0,0,0,0,0,0,0,0,0,0,0,0,0,0,0,0,0,0,0,0,0,0,0,0,0,0,0,0,0,0,0,0,0,0,0,0,0,0,0,0,0,0,0,0,0,0,0,0,0,0,0,0,0,0,0,0,0,0,0,0,0,0,0,0,0,0,0,0,0,0,0,0,0,0,0,0,0,0,0,0
0,0,0,0,0,0,0,0,0,0,0,0,0,0,0,0,0,0,0,0,0,0,0,0,0,0,0,0,0,0,0,0,0,0,0,0,0,0,0,0,0,0,0,0,0,0,0,0,0,0,0,0,0,0,0,0,0,0,0,0,0,0,0,0,0,0,0,0,0,0,0,0,0,0,0,0,0,0,0,0,0,0,0,0,0,0,0,0,0,0,0,0,0,0,0,0,0,0,0,0,0,0,0,0,0,0,0,0,0,0,0,0,0,0,0,0,0,0,0,0,0,0,0,0,0,0,0,0,0,0,0,0,0,0,0,0,0,0,0,0,0,0,0,0,0,0,0,0,0,0,0,0,0,0,0,0,0,0,0,0,0,0,0,0,0,0,0,0,0,0,0,0,0,0,0,0,0,0,0,0
