0.00556027,0.00457123,0.00366791,0.00271184,0.00196865,0.00141762,0.00099563,0.000746016,0.000536906,0.000390905,0.000338156,0.000303305,0.000272221,0.00024773,0.000232659,0.000204401,0.000182736,0.000159188,0.000135639,0.000118684,9.51359e-05,7.62971e-05,6.40519e-05,5.55744e-05,4.80389e-05,4.14454e-05,3.01421e-05,2.63743e-05,2.16646e-05,1.88388e-05,1.41291e-05,1.31872e-05,1.13033e-05,1.31872e-05,1.41291e-05,1.5071e-05,1.78969e-05,1.88388e-05,1.97807e-05,2.07227e-05,2.07227e-05,2.07227e-05,2.07227e-05,2.07227e-05,2.54324e-05,2.63743e-05,2.82582e-05,3.67357e-05,4.14454e-05,4.7097e-05,5.18067e-05,5.93422e-05,6.49938e-05,7.34713e-05,7.72391e-05,8.28907e-05,9.04262e-05,9.60779e-05,0.000101729,0.000105497,0.000105497,0.000105497,0.000105497,0.000105497,0.000102671,9.89037e-05,9.51359e-05,9.3252e-05,8.85423e-05,8.38326e-05,8.00649e-05,7.8181e-05,7.62971e-05,6.97035e-05,6.59358e-05,6.12261e-05,5.84003e-05,5.08647e-05,4.99228e-05,4.80389e-05,4.7097e-05,4.7097e-05,4.80389e-05,4.99228e-05,5.08647e-05,5.55744e-05,5.84003e-05,6.02841e-05,6.2168e-05,6.311e-05,6.311e-05,6.02841e-05,5.84003e-05,5.08647e-05,4.80389e-05,4.23873e-05,3.57937e-05,2.73163e-05,2.54324e-05,2.16646e-05,2.07227e-05,1.88388e-05,1.78969e-05,1.78969e-05,1.69549e-05,1.78969e-05,2.07227e-05,2.16646e-05,2.73163e-05,3.1084e-05,4.05034e-05,4.33292e-05,4.80389e-05,4.80389e-05,4.99228e-05,5.27486e-05,5.93422e-05,6.87616e-05,8.00649e-05,9.60779e-05,0.000112091,0.000123394,0.000129988,0.000137523,0.000144117,0.000146001,0.000143175,0.000137523,0.000134697,0.000134697,0.000135639,0.000146001,0.000153536,0.000174259,0.000195923,0.000224182,0.00024302,0.000271279,0.000295769,0.000312724,0.000325911,0.000339098,0.000356995,0.000385253,0.000438944,0.000516183,0.000578351,0.00062168,0.000666893,0.000719642,0.000785578,0.000852455,0.000917449,0.000970198,0.00104273,0.00112468,0.0012038,0.00126691,0.00136487,0.00150145,0.00168419,0.00204307,0.00255642,0.00329396,0.00413135,0.00490562,0.00595871,0.00721903,0.00828059,0.00963699,0.011162,0.0129752,0.0150343,0.0161637,0.0158368,0.0142261,0.0121944,0.0102427,0.00846521,0.00701934
0.0086941,0.00717099,0.00555839,0.00439886,0.00333823,0.00228232,0.00154949,0.00107004,0.000813836,0.000617912,0.000494518,0.00040315,0.000355111,0.00032026,0.000293885,0.000262801,0.000233601,0.000199691,0.000174259,0.000151652,0.000123394,0.000106439,8.28907e-05,7.34713e-05,6.311e-05,5.55744e-05,4.80389e-05,4.05034e-05,2.82582e-05,2.54324e-05,2.16646e-05,2.07227e-05,1.97807e-05,2.07227e-05,2.07227e-05,2.16646e-05,2.35485e-05,2.54324e-05,2.54324e-05,2.63743e-05,2.63743e-05,2.73163e-05,2.73163e-05,2.73163e-05,3.01421e-05,3.67357e-05,4.05034e-05,4.33292e-05,4.99228e-05,5.65164e-05,6.311e-05,6.87616e-05,7.62971e-05,8.76004e-05,9.60779e-05,0.000105497,0.000111149,0.000117742,0.000118684,0.000120568,0.00012151,0.000120568,0.000120568,0.000118684,0.000117742,0.000115859,0.000112091,0.000111149,0.000109265,0.000105497,0.000105497,9.98456e-05,9.3252e-05,8.57165e-05,7.91229e-05,7.53552e-05,6.87616e-05,6.40519e-05,6.2168e-05,5.93422e-05,5.84003e-05,5.84003e-05,5.93422e-05,6.311e-05,6.59358e-05,6.87616e-05,7.53552e-05,7.62971e-05,7.91229e-05,7.91229e-05,7.91229e-05,7.62971e-05,7.53552e-05,6.87616e-05,6.311e-05,5.93422e-05,5.08647e-05,4.7097e-05,4.14454e-05,3.95615e-05,3.1084e-05,2.82582e-05,2.73163e-05,2.73163e-05,2.73163e-05,2.82582e-05,3.67357e-05,4.23873e-05,4.80389e-05,5.55744e-05,6.311e-05,6.78197e-05,7.53552e-05,7.62971e-05,7.8181e-05,8.19488e-05,9.3252e-05,0.000105497,0.000118684,0.000128104,0.000146001,0.000153536,0.000169549,0.000177085,0.00018462,0.00018933,0.000190272,0.000190272,0.00018933,0.00018933,0.000192156,0.000199691,0.000226066,0.000254324,0.000297653,0.000336272,0.000377718,0.000417279,0.000460609,0.000494518,0.000516183,0.000536906,0.000565164,0.00062639,0.000722468,0.000826081,0.000910856,0.00096643,0.00103802,0.00113033,0.00124242,0.00135734,0.00146566,0.00156268,0.00166064,0.0017473,0.00182925,0.00199597,0.00221262,0.00262801,0.0032431,0.00393448,0.00460326,0.00541427,0.00672262,0.00796975,0.0095362,0.0114286,0.0136204,0.0162485,0.0186598,0.0211268,0.0234675,0.0247627,0.0242041,0.0218351,0.0190658,0.0163389,0.0132917,0.0106938
0.0129846,0.0102125,0.0081751,0.00650598,0.00488207,0.00375551,0.00253288,0.00167383,0.00120192,0.000924985,0.000769565,0.00062168,0.000527486,0.000428583,0.000373008,0.000333447,0.000296711,0.00025244,0.000219472,0.000186504,0.000157304,0.00013093,0.000114917,9.3252e-05,7.91229e-05,6.87616e-05,6.2168e-05,5.27486e-05,4.42712e-05,4.05034e-05,2.82582e-05,2.73163e-05,2.63743e-05,2.63743e-05,2.73163e-05,2.73163e-05,3.01421e-05,3.48518e-05,3.95615e-05,4.05034e-05,4.14454e-05,4.23873e-05,4.23873e-05,4.33292e-05,4.7097e-05,4.99228e-05,5.18067e-05,5.84003e-05,6.311e-05,6.87616e-05,7.72391e-05,8.85423e-05,0.000102671,0.000112091,0.000119626,0.000123394,0.000129988,0.000134697,0.000137523,0.000140349,0.000141291,0.000138465,0.000135639,0.000133755,0.000129988,0.000129988,0.000127162,0.000125278,0.000123394,0.000123394,0.00012151,0.000120568,0.000117742,0.000111149,0.000105497,9.60779e-05,8.85423e-05,8.00649e-05,7.62971e-05,7.53552e-05,7.15874e-05,7.15874e-05,7.53552e-05,7.62971e-05,8.19488e-05,9.04262e-05,9.79617e-05,0.000105497,0.000105497,0.000106439,0.000105497,0.000104555,9.98456e-05,9.3252e-05,8.47746e-05,7.8181e-05,7.53552e-05,6.87616e-05,6.49938e-05,6.2168e-05,5.93422e-05,5.84003e-05,5.55744e-05,5.18067e-05,5.08647e-05,5.55744e-05,5.93422e-05,6.59358e-05,7.62971e-05,8.76004e-05,0.000101729,0.000111149,0.000118684,0.00012151,0.000123394,0.000129988,0.000137523,0.000149768,0.000157304,0.000171433,0.00018462,0.000195923,0.000217588,0.000232659,0.000237369,0.000244904,0.000251498,0.000258091,0.000262801,0.000266569,0.000275046,0.000297653,0.000326853,0.000379602,0.00047097,0.000580235,0.000664068,0.000746016,0.000800649,0.00082043,0.000829849,0.000861875,0.000901436,0.000964546,0.00108511,0.00124713,0.00139313,0.00154196,0.0016889,0.00187823,0.00213349,0.00234731,0.00259128,0.00279474,0.0029511,0.00307638,0.00321955,0.00348047,0.00400795,0.00467673,0.00554803,0.00679704,0.00788309,0.00909631,0.0105996,0.0126738,0.0156946,0.019225,0.0226781,0.0257988,0.0287094,0.0316991,0.0345277,0.0356449,0.0344307,0.0312611,0.0274142,0.0238584,0.0204015,0.0167628
0.0192062,0.0150286,0.0114389,0.00892394,0.00699955,0.00513075,0.00392035,0.0026704,0.00180381,0.0013611,0.0010691,0.00090803,0.000773333,0.000628274,0.00053408,0.000427641,0.000363589,0.000317434,0.000265627,0.000227007,0.000190272,0.000159188,0.000134697,0.000118684,0.000105497,8.85423e-05,7.62971e-05,6.78197e-05,5.93422e-05,5.08647e-05,4.42712e-05,4.14454e-05,4.05034e-05,4.05034e-05,4.14454e-05,4.23873e-05,4.7097e-05,4.99228e-05,5.08647e-05,5.55744e-05,5.84003e-05,5.93422e-05,6.2168e-05,6.311e-05,6.49938e-05,6.68777e-05,7.15874e-05,7.62971e-05,8.00649e-05,9.3252e-05,0.000106439,0.000118684,0.000125278,0.000134697,0.000146001,0.000151652,0.000153536,0.000159188,0.000161072,0.000162014,0.000162014,0.000161072,0.000159188,0.000153536,0.000152594,0.000151652,0.000151652,0.000149768,0.000148826,0.000147885,0.000144117,0.000141291,0.000135639,0.000132814,0.000127162,0.000123394,0.000118684,0.000114917,0.000106439,0.000102671,9.60779e-05,9.3252e-05,9.60779e-05,0.000103613,0.000110207,0.000117742,0.000120568,0.000123394,0.000123394,0.000125278,0.000125278,0.000123394,0.000123394,0.00012151,0.000119626,0.000118684,0.000115859,0.000111149,0.000109265,0.000105497,0.000102671,9.60779e-05,9.3252e-05,8.94843e-05,8.85423e-05,9.3252e-05,0.000102671,0.000111149,0.00012151,0.000133755,0.000148826,0.000153536,0.000164839,0.000174259,0.000177085,0.00018462,0.000192156,0.000199691,0.000215704,0.000232659,0.00024302,0.000261859,0.00027693,0.000299537,0.000314608,0.000331563,0.000350402,0.000366415,0.000385253,0.000398441,0.000420105,0.000468144,0.000550093,0.000643345,0.000801591,0.000925927,0.00103425,0.00115482,0.00123206,0.00126032,0.00127068,0.00130364,0.00137806,0.00153725,0.00175295,0.00206285,0.00232282,0.00262613,0.00295487,0.00333352,0.00373762,0.00408802,0.00435741,0.00459101,0.00477187,0.00493765,0.00522777,0.00579858,0.00689029,0.0079754,0.00942222,0.0111837,0.0131749,0.0157191,0.0181286,0.0207067,0.0245705,0.0294658,0.0342631,0.038887,0.0433094,0.0472477,0.0500971,0.0504701,0.0477808,0.0431748,0.0381137,0.0335858,0.0288309,0.0237633
0.0262387,0.020993,0.0163474,0.012136,0.00921782,0.00708527,0.00511285,0.00392883,0.00276836,0.00201952,0.0015429,0.00124619,0.000998456,0.000879772,0.000717758,0.000599074,0.00047568,0.000381486,0.00032026,0.000268453,0.00022324,0.000187446,0.000159188,0.000137523,0.000123394,0.000112091,0.000101729,8.76004e-05,7.62971e-05,6.68777e-05,6.2168e-05,5.65164e-05,5.18067e-05,5.08647e-05,5.55744e-05,5.84003e-05,6.2168e-05,6.59358e-05,6.87616e-05,7.53552e-05,7.62971e-05,8.00649e-05,8.28907e-05,8.85423e-05,9.3252e-05,9.60779e-05,0.000102671,0.000108323,0.000117742,0.000123394,0.000134697,0.000149768,0.000157304,0.000169549,0.000174259,0.00017991,0.00018462,0.00018933,0.000190272,0.000191214,0.000191214,0.00018933,0.00018462,0.00017991,0.000177085,0.000175201,0.000174259,0.000174259,0.000171433,0.000170491,0.000168607,0.000165781,0.000162014,0.000161072,0.000159188,0.000153536,0.000151652,0.000148826,0.000138465,0.00013093,0.000125278,0.000123394,0.000123394,0.000124336,0.000129988,0.000135639,0.000144117,0.000149768,0.000151652,0.000152594,0.000152594,0.000152594,0.000152594,0.000152594,0.000153536,0.000153536,0.000153536,0.000156362,0.000156362,0.000153536,0.000152594,0.000151652,0.000149768,0.000149768,0.000149768,0.000151652,0.000153536,0.000162956,0.000175201,0.000192156,0.000205343,0.000219472,0.000232659,0.000237369,0.000249614,0.000262801,0.000274104,0.000290117,0.000307072,0.000321201,0.00034004,0.000356995,0.000376776,0.000395615,0.000436118,0.000491693,0.000553861,0.000617912,0.000671603,0.000742249,0.000800649,0.000852455,0.000918391,0.00100788,0.00122358,0.00144117,0.001671,0.00190083,0.00207509,0.0021269,0.0021382,0.00218153,0.00232565,0.00264968,0.00305942,0.00349177,0.00392412,0.00426134,0.00457312,0.00494801,0.00538884,0.00587017,0.00651351,0.00703817,0.00744792,0.00790099,0.00866585,0.00984421,0.0114125,0.013449,0.0162682,0.0191525,0.0222995,0.025601,0.0286519,0.0317669,0.0365915,0.0431926,0.0507432,0.0588675,0.0675748,0.0737944,0.0759392,0.0738198,0.0679035,0.0602587,0.052467,0.0451914,0.0385291,0.0322548
0.0347029,0.028034,0.0219293,0.0168466,0.0122867,0.00910573,0.00688275,0.00502336,0.00397781,0.00296334,0.00220414,0.00168419,0.00135357,0.00108511,0.000919333,0.000774274,0.000620738,0.000499228,0.000385253,0.000317434,0.00025715,0.000214762,0.000181794,0.000157304,0.000143175,0.000128104,0.00012151,0.000112091,0.000102671,8.85423e-05,7.8181e-05,7.53552e-05,6.87616e-05,6.78197e-05,7.06455e-05,7.62971e-05,7.91229e-05,8.47746e-05,9.3252e-05,0.000102671,0.000109265,0.000113033,0.000118684,0.000120568,0.000123394,0.000123394,0.000129988,0.000136581,0.000149768,0.000161072,0.000174259,0.00018933,0.000195923,0.000209111,0.000217588,0.000222298,0.000226066,0.000229833,0.000230775,0.000229833,0.000226066,0.000222298,0.00021853,0.000214762,0.000208169,0.000204401,0.000199691,0.000196865,0.000195923,0.000195923,0.000195923,0.000195923,0.000195923,0.000195923,0.000195923,0.000195923,0.000192156,0.00018933,0.00017991,0.000174259,0.000165781,0.000159188,0.000153536,0.000153536,0.000159188,0.000164839,0.000171433,0.000174259,0.000178027,0.000182736,0.00018462,0.00018462,0.000190272,0.00019404,0.000196865,0.000206285,0.000214762,0.00021853,0.000219472,0.000219472,0.000219472,0.000219472,0.000220414,0.000222298,0.000224182,0.000230775,0.000232659,0.000237369,0.000255266,0.000275046,0.000303305,0.000318376,0.000334389,0.000350402,0.00036924,0.000389963,0.000417279,0.000450247,0.000483215,0.000515241,0.000537848,0.000560454,0.00058777,0.000619796,0.000671603,0.000768623,0.00087412,0.000955127,0.00107664,0.0012217,0.00132343,0.00138277,0.00148732,0.00165876,0.00198278,0.00238311,0.00288328,0.0033128,0.00360857,0.00372349,0.00374421,0.00380826,0.00401737,0.00430655,0.00467108,0.00503749,0.00550187,0.00596059,0.0065154,0.00707868,0.00763254,0.00826552,0.00912363,0.00998362,0.0109237,0.0121746,0.0140933,0.0168654,0.0195396,0.0224219,0.0256876,0.0297229,0.0340182,0.0381241,0.0421104,0.0465073,0.05383,0.0643166,0.0762821,0.0898224,0.103952,0.113007,0.114816,0.109208,0.0985702,0.0855733,0.07174,0.0600732,0.0510701,0.0423666
0.0443786,0.0359359,0.0286237,0.0220696,0.0166931,0.0118647,0.00868374,0.00668683,0.00504409,0.0041257,0.00318093,0.00233601,0.0017699,0.00140349,0.0011275,0.000935346,0.000797823,0.000628274,0.000487925,0.000368298,0.000303305,0.00024302,0.000205343,0.000178027,0.000161072,0.000151652,0.000141291,0.000129988,0.000122452,0.000115859,0.000105497,9.60779e-05,9.04262e-05,8.85423e-05,9.3252e-05,9.98456e-05,0.000106439,0.000115859,0.000120568,0.000123394,0.00013093,0.000137523,0.000147885,0.000149768,0.000152594,0.000156362,0.000162956,0.000174259,0.000190272,0.000204401,0.000224182,0.000237369,0.000253382,0.000265627,0.000274104,0.000275046,0.000275046,0.000274104,0.000272221,0.000271279,0.000268453,0.000263743,0.000258091,0.000254324,0.00024773,0.000240195,0.000237369,0.000236427,0.000235485,0.000236427,0.000237369,0.000237369,0.000240195,0.00024773,0.00024773,0.00024773,0.00024773,0.000240195,0.000235485,0.000230775,0.000217588,0.000205343,0.000195923,0.000194982,0.000195923,0.000197807,0.000206285,0.000214762,0.000219472,0.000224182,0.000232659,0.000233601,0.000238311,0.000251498,0.000265627,0.000278814,0.000293885,0.000303305,0.000308014,0.000314608,0.00032026,0.000325911,0.000334389,0.000339098,0.000343808,0.000347576,0.000354169,0.000363589,0.000381486,0.00041257,0.000454015,0.000501112,0.000551035,0.000599074,0.000635809,0.000693268,0.000746958,0.000797823,0.00082043,0.000835501,0.000850572,0.000863759,0.000886365,0.000913682,0.000964546,0.00108511,0.00128292,0.00151087,0.00175954,0.00202988,0.00218813,0.00232471,0.00251686,0.00284183,0.00332599,0.00392412,0.00441581,0.00484816,0.00519197,0.0053587,0.00539637,0.0054576,0.00563563,0.00610377,0.00671886,0.00725105,0.00774557,0.0082156,0.00874308,0.00933651,0.0101334,0.0113805,0.013011,0.014909,0.0168513,0.0191233,0.0220838,0.0258186,0.0298783,0.03368,0.0378971,0.0432953,0.0491721,0.0550168,0.0606647,0.0681748,0.0798332,0.0953959,0.11185,0.128483,0.146508,0.159102,0.160601,0.150088,0.133569,0.115255,0.096562,0.0789807,0.0655486,0.0543631
0.0546918,0.0441572,0.0352248,0.0275659,0.020929,0.0155872,0.0110669,0.00833617,0.00663597,0.00517219,0.00421612,0.00325817,0.00238405,0.00179251,0.0014195,0.00114728,0.000940998,0.000792171,0.000616029,0.000450247,0.00034475,0.00028164,0.000235485,0.000200633,0.00018462,0.000171433,0.000161072,0.000152594,0.000146001,0.000134697,0.000125278,0.00012151,0.000118684,0.000118684,0.000118684,0.000122452,0.00012622,0.000134697,0.000146001,0.000151652,0.000157304,0.000165781,0.000174259,0.000177085,0.00018462,0.000192156,0.000197807,0.00021853,0.000237369,0.000258091,0.000285408,0.000309898,0.000325911,0.00034004,0.000347576,0.000348518,0.000345692,0.00034004,0.000334389,0.000327795,0.000324027,0.00032026,0.000318376,0.00031084,0.000305188,0.000296711,0.000287292,0.000282582,0.000285408,0.000289176,0.000294827,0.000302363,0.000305188,0.00031084,0.000317434,0.00032026,0.00032026,0.000317434,0.000308956,0.000301421,0.00028164,0.000271279,0.000258091,0.000250556,0.00024773,0.000250556,0.000258091,0.000268453,0.000274104,0.000282582,0.000295769,0.000307072,0.000319318,0.000335331,0.000355111,0.00037866,0.00040315,0.000428583,0.000460609,0.000487925,0.000516183,0.000544441,0.000564222,0.000588712,0.000607551,0.000617912,0.000619796,0.000634867,0.00065559,0.000692326,0.000742249,0.000802533,0.000879772,0.000928753,0.000992805,0.0010757,0.00116047,0.00122358,0.0012443,0.00124807,0.00124619,0.00124336,0.0012622,0.00132908,0.00143646,0.0016597,0.00204778,0.0024773,0.00295487,0.00332976,0.00355488,0.00373856,0.0039731,0.00428206,0.00470028,0.00526827,0.00602465,0.00678762,0.00726801,0.00752704,0.00762312,0.00769,0.00783694,0.00819582,0.00880902,0.00950323,0.0102135,0.0110706,0.0118223,0.0127181,0.0141178,0.0163841,0.0189264,0.0213453,0.0240298,0.0275207,0.0319544,0.0372518,0.0430655,0.0489856,0.0556526,0.0627144,0.0708367,0.0794903,0.0875043,0.0998786,0.116145,0.134631,0.15493,0.175251,0.196063,0.208006,0.204724,0.188814,0.16892,0.145067,0.120346,0.0985966,0.0811491,0.0668052
0.0641904,0.0519037,0.0412645,0.0325779,0.0249925,0.0190036,0.0138465,0.0103331,0.00809315,0.00662372,0.00512792,0.00415019,0.0031847,0.0023021,0.00174447,0.00140066,0.0011341,0.000926869,0.000749784,0.000564222,0.000405034,0.000321201,0.000269395,0.000232659,0.000206285,0.000192156,0.000183678,0.000174259,0.000165781,0.000157304,0.000151652,0.000147885,0.000141291,0.000138465,0.000143175,0.000148826,0.000152594,0.000161072,0.000170491,0.000177085,0.00018462,0.000192156,0.000197807,0.000207227,0.00021853,0.000232659,0.00024302,0.000268453,0.000301421,0.000327795,0.000359821,0.000389963,0.000421047,0.000452131,0.000464376,0.000463434,0.000454957,0.000435176,0.000417279,0.00040786,0.000395615,0.000389021,0.000385253,0.000376776,0.000363589,0.000356053,0.000350402,0.000347576,0.00034946,0.000354169,0.000357937,0.000364531,0.00037395,0.000384311,0.000389963,0.000401266,0.00040786,0.000406918,0.000393731,0.000384311,0.000364531,0.000350402,0.000338156,0.000327795,0.000324969,0.000325911,0.000333447,0.00034475,0.000356995,0.000373008,0.000393731,0.000417279,0.000444596,0.000483215,0.000537848,0.000599074,0.000644287,0.000704571,0.000764855,0.000808184,0.000852455,0.000891075,0.000910856,0.000926869,0.000944766,0.000957011,0.000968314,0.000978675,0.000990921,0.00100505,0.00105497,0.00114728,0.00126126,0.00137994,0.00152688,0.00166723,0.00179816,0.00190554,0.00194887,0.00193663,0.00189801,0.00186221,0.00188388,0.00198467,0.00220226,0.00266098,0.00328454,0.00391282,0.00434894,0.00463717,0.00480672,0.00494895,0.00517219,0.0055452,0.00622151,0.00707397,0.00783694,0.00854528,0.00917638,0.00961721,0.00984421,0.00993464,0.0101409,0.0106543,0.0115039,0.0125683,0.0138051,0.0153169,0.0166196,0.0180193,0.019939,0.0225661,0.0256942,0.0292435,0.032869,0.0373696,0.043884,0.0520846,0.0609567,0.0705682,0.080922,0.0910291,0.101602,0.111554,0.120805,0.136818,0.158949,0.18135,0.203812,0.228968,0.253036,0.262522,0.25403,0.230836,0.202684,0.171703,0.141767,0.115813,0.0955956,0.0786642
0.0717212,0.0581761,0.0465996,0.0368148,0.0289656,0.0221667,0.0170501,0.0126587,0.00973966,0.00784918,0.00628368,0.00486983,0.00392035,0.00288987,0.00215987,0.001671,0.0013611,0.00107664,0.000890133,0.000670661,0.000503938,0.000370182,0.000307072,0.000262801,0.000235485,0.000219472,0.000206285,0.000195923,0.000191214,0.00018462,0.000174259,0.000171433,0.000169549,0.000168607,0.000171433,0.000174259,0.00018462,0.000192156,0.000197807,0.000208169,0.000219472,0.000231717,0.000234543,0.000240195,0.000251498,0.000271279,0.000295769,0.000323085,0.000361705,0.00041257,0.000482273,0.000551035,0.000599074,0.00062168,0.000634867,0.000633925,0.00062168,0.000611319,0.000580235,0.000556686,0.000536906,0.000519951,0.00050488,0.000481331,0.00046155,0.000448363,0.000436118,0.000429525,0.000438002,0.000444596,0.000459667,0.000471912,0.000494518,0.000514299,0.00053408,0.000551035,0.000559512,0.000564222,0.00055857,0.000539731,0.000514299,0.000483215,0.000460609,0.000447421,0.00044177,0.000448363,0.000464376,0.000494518,0.000536906,0.000570816,0.000616029,0.000640519,0.000681022,0.000746958,0.000822313,0.000910856,0.00097585,0.00104838,0.00113315,0.00121981,0.00127821,0.00133473,0.00136675,0.00139595,0.00142515,0.00144023,0.00144682,0.00145906,0.00146754,0.00149109,0.00154949,0.00165876,0.0018057,0.00206567,0.00227949,0.00256302,0.00280604,0.00296523,0.00303776,0.00301986,0.00293979,0.00288705,0.00288893,0.0030321,0.0033891,0.00399288,0.00455616,0.00511379,0.00562526,0.0060529,0.00629216,0.00648337,0.00674052,0.0071465,0.00774745,0.00855941,0.00951736,0.0104047,0.0113155,0.0120361,0.0125787,0.0128876,0.0133143,0.0141055,0.0153922,0.01697,0.0187672,0.0204589,0.0221356,0.0241221,0.0269668,0.0304896,0.0344383,0.0386544,0.0435233,0.0498135,0.0582298,0.0692627,0.0821079,0.0953092,0.109322,0.12243,0.134539,0.146364,0.157521,0.174149,0.198661,0.226173,0.25563,0.288877,0.313578,0.32014,0.305805,0.27346,0.234156,0.194385,0.158921,0.129472,0.107759,0.0881185
0.0764761,0.0618892,0.0503015,0.0401954,0.0321211,0.0252195,0.0197845,0.0151803,0.0114681,0.0090511,0.00733959,0.00562903,0.00446197,0.00345504,0.00256019,0.00198749,0.00157021,0.00126126,0.000973024,0.000796881,0.000604725,0.000438002,0.000350402,0.000303305,0.000270337,0.00024773,0.000235485,0.000232659,0.000219472,0.000210995,0.000204401,0.000197807,0.000196865,0.000199691,0.000206285,0.000216646,0.000226066,0.000234543,0.000242079,0.000250556,0.000258091,0.000268453,0.000274104,0.00028164,0.000296711,0.000317434,0.00034475,0.000387137,0.000460609,0.000556686,0.000628274,0.000706455,0.00078181,0.00082043,0.000846804,0.000846804,0.000826081,0.000805359,0.000772391,0.000726236,0.000683848,0.000651822,0.000628274,0.000617912,0.0006019,0.000578351,0.000564222,0.00056328,0.000564222,0.000575525,0.000598132,0.000615087,0.00062639,0.000644287,0.000671603,0.000701745,0.000725294,0.000742249,0.000739423,0.0007187,0.00069421,0.000666893,0.000648997,0.000644287,0.000648997,0.000666893,0.000699861,0.000746016,0.000800649,0.000850572,0.000892017,0.000925927,0.000977733,0.0010757,0.00123206,0.00137994,0.00153536,0.00166441,0.00179157,0.00190837,0.00198938,0.00204589,0.00209299,0.00211277,0.00211842,0.00211277,0.00210618,0.00210147,0.00211277,0.00216081,0.0022437,0.00242738,0.00269112,0.00303681,0.00338062,0.00373102,0.00401078,0.00416526,0.00422837,0.0041954,0.004137,0.00408613,0.00408613,0.00421047,0.00455145,0.00508365,0.00584945,0.00675465,0.00731228,0.00764573,0.00779738,0.00790005,0.00805924,0.0084087,0.00913116,0.0100976,0.0112826,0.0124882,0.0137033,0.014991,0.0158981,0.0165659,0.0173939,0.0183895,0.0197054,0.0216222,0.0238527,0.026088,0.028521,0.0311857,0.034718,0.0390745,0.0443946,0.0505727,0.0572916,0.065462,0.0760277,0.0889964,0.104341,0.120055,0.136768,0.153062,0.166021,0.178758,0.192165,0.2097,0.234357,0.267068,0.304126,0.343023,0.365971,0.368249,0.35045,0.304865,0.25288,0.208332,0.17159,0.140872,0.116046,0.0946659
0.0779229,0.0629122,0.0518462,0.0425389,0.0347613,0.0281188,0.0222025,0.0173383,0.0131109,0.0101795,0.0081572,0.00651351,0.00491881,0.00392977,0.00296711,0.00225595,0.00176331,0.00139501,0.0010804,0.000886365,0.000674429,0.000528428,0.000395615,0.00034004,0.000307072,0.000282582,0.000271279,0.000258091,0.000249614,0.000243962,0.000240195,0.000239253,0.00024302,0.00024773,0.000258091,0.000270337,0.000278814,0.000293885,0.000303305,0.000309898,0.000316492,0.000319318,0.00032026,0.000326853,0.00034004,0.000363589,0.000405034,0.000487925,0.000588712,0.000680081,0.000800649,0.000888249,0.000933462,0.00097114,0.00099563,0.00100505,0.000999398,0.000980559,0.000951359,0.000924043,0.000888249,0.000834559,0.000799707,0.000764855,0.000734713,0.000703629,0.000691384,0.000690442,0.00069421,0.000706455,0.000732829,0.00075732,0.000791229,0.000818546,0.000856223,0.000891075,0.000908972,0.000924043,0.000924985,0.000920275,0.000907088,0.000898611,0.000897669,0.000898611,0.00090803,0.000925927,0.000957953,0.00100222,0.0010691,0.00113692,0.00121793,0.0013206,0.00145153,0.00163332,0.00191496,0.00220508,0.00247919,0.00271844,0.00292849,0.00306319,0.00313383,0.00314514,0.00315173,0.00313666,0.00307072,0.00298783,0.00293791,0.00292472,0.00296428,0.00307732,0.00326476,0.0035172,0.00386478,0.00418315,0.00448458,0.00475491,0.00500735,0.00519668,0.00525885,0.00521929,0.00514111,0.00505068,0.00505822,0.00525602,0.00567425,0.00651446,0.00737539,0.0081101,0.0087233,0.00910762,0.00927716,0.00936382,0.00944389,0.00978299,0.0105073,0.0116669,0.0130591,0.014698,0.0164368,0.0179392,0.0191063,0.0201236,0.0212897,0.0225858,0.0243199,0.0266305,0.0293678,0.0320523,0.0349318,0.0383106,0.0428083,0.048168,0.0550837,0.0631213,0.0722713,0.0831836,0.0957717,0.110349,0.125919,0.144317,0.162715,0.17883,0.192976,0.208805,0.227789,0.248038,0.273009,0.305247,0.338964,0.375941,0.395688,0.395806,0.373873,0.317771,0.258203,0.212517,0.176814,0.146792,0.120144,0.0972025
0.0764149,0.0621887,0.052159,0.0439321,0.0367102,0.0305264,0.0244424,0.0192165,0.0146274,0.0112439,0.00892111,0.00713614,0.00533891,0.00425851,0.00332787,0.00253664,0.00196771,0.00150993,0.00118213,0.00093252,0.000766739,0.000606609,0.000468144,0.000385253,0.00034475,0.00032026,0.000308014,0.000303305,0.000293885,0.000289176,0.000290117,0.000295769,0.000303305,0.000314608,0.000324969,0.000338156,0.000350402,0.000359821,0.00036924,0.000376776,0.00037866,0.000379602,0.000379602,0.000385253,0.000393731,0.000427641,0.00050017,0.000599074,0.000702687,0.000826081,0.000924985,0.000996572,0.00109265,0.00117366,0.00123488,0.00126503,0.00127727,0.00126314,0.00122546,0.00115293,0.0010691,0.000992805,0.000944766,0.000910856,0.000884481,0.000854339,0.000841152,0.000841152,0.000850572,0.000866585,0.000886365,0.00090332,0.000928753,0.00096643,0.00101164,0.00107099,0.00112091,0.00115293,0.00116612,0.00116518,0.00115199,0.00115199,0.00115859,0.00117366,0.00121228,0.00125278,0.00133473,0.00140632,0.00151276,0.00160695,0.00175389,0.0019809,0.00222675,0.00258374,0.00302834,0.00344844,0.00381768,0.00409932,0.00428771,0.00437437,0.00439509,0.00436966,0.00431126,0.00422837,0.0041257,0.00401737,0.00392035,0.00389492,0.00397499,0.00413135,0.00436212,0.00466449,0.00496873,0.00530595,0.00561961,0.00597001,0.00632042,0.00654648,0.00664256,0.00662843,0.00651728,0.00642497,0.00644852,0.00666234,0.00711824,0.007771,0.0085773,0.00943918,0.0101004,0.0105394,0.01074,0.0107777,0.0108323,0.0111987,0.0119749,0.0131947,0.014958,0.01697,0.0189829,0.0207462,0.02234,0.0236615,0.0251281,0.0268434,0.0290607,0.0316313,0.0344769,0.0377586,0.0415603,0.0461937,0.0517181,0.0581827,0.0662975,0.0762802,0.0877822,0.101547,0.115702,0.129726,0.146297,0.163834,0.183316,0.201157,0.216991,0.235851,0.257807,0.279474,0.30339,0.33393,0.369802,0.400159,0.414929,0.409298,0.381123,0.318202,0.251086,0.20455,0.171838,0.143799,0.118152,0.0955702
0.0727856,0.0601391,0.0513621,0.044226,0.0379253,0.0320325,0.0260136,0.0206454,0.0159941,0.0120239,0.00944106,0.00749784,0.00564599,0.00447516,0.00357184,0.00274293,0.00210147,0.00157587,0.00124336,0.000973024,0.000822313,0.000652764,0.000544441,0.000442712,0.000387137,0.000363589,0.000350402,0.000340982,0.000339098,0.000339098,0.00034475,0.000354169,0.000368298,0.000386195,0.00040786,0.000426699,0.000450247,0.000467202,0.000476622,0.000487925,0.000487925,0.000482273,0.00047568,0.000479447,0.000501112,0.000537848,0.000608493,0.000700803,0.000828907,0.00093723,0.00104838,0.00119155,0.00129799,0.001379,0.00146566,0.00152217,0.00155232,0.00155703,0.00152406,0.00146095,0.00136675,0.00127727,0.00117742,0.00107664,0.00100222,0.000973024,0.000964546,0.000965488,0.000970198,0.000980559,0.00100317,0.00104838,0.00113033,0.00123582,0.00133473,0.00141008,0.00148638,0.001525,0.00153725,0.00152688,0.00152029,0.001525,0.00154101,0.00157021,0.00160507,0.00169455,0.00180947,0.00201952,0.00220791,0.00244245,0.00272315,0.00309239,0.00348047,0.00392883,0.00431974,0.00469274,0.00502996,0.00539355,0.00567048,0.00580988,0.00580423,0.0056799,0.00553955,0.00534174,0.00510531,0.00490185,0.0047794,0.00474643,0.0048557,0.00515618,0.00559324,0.00616782,0.00666046,0.00699579,0.00718512,0.00736126,0.0075553,0.00773333,0.00785107,0.00786896,0.00782281,0.00775687,0.00777383,0.00791229,0.00827023,0.00894372,0.00977074,0.0106543,0.0114559,0.0119137,0.0120634,0.0120841,0.012151,0.0125692,0.0134509,0.0149156,0.0168862,0.0191694,0.0215092,0.0236521,0.0254305,0.0270054,0.0288158,0.0308372,0.033356,0.0361743,0.0394136,0.0434121,0.048167,0.0542623,0.0613014,0.0696385,0.0792963,0.0899769,0.103209,0.117989,0.133393,0.147495,0.163047,0.181475,0.202874,0.222654,0.237291,0.254109,0.277333,0.297847,0.320251,0.360978,0.398947,0.428642,0.43067,0.406478,0.369366,0.306514,0.239741,0.190309,0.159722,0.134439,0.112582,0.0908341
0.069274,0.0575977,0.0497146,0.0435685,0.0381599,0.0326712,0.0269065,0.0214612,0.0166752,0.0124515,0.00970763,0.00769,0.00583908,0.00461645,0.00371313,0.00284277,0.00214668,0.00161354,0.0012801,0.00100788,0.000880714,0.000732829,0.000615087,0.00052466,0.000459667,0.000420105,0.000406918,0.000395615,0.000393731,0.000401266,0.000416337,0.000438944,0.000471912,0.000516183,0.000552919,0.000580235,0.000607551,0.000617912,0.000619796,0.000619796,0.000617912,0.000612261,0.000607551,0.000607551,0.000617912,0.000638635,0.000716816,0.000822313,0.000935346,0.00106816,0.00123677,0.00136581,0.00149297,0.00159376,0.00170585,0.00179628,0.00186787,0.00191402,0.00189236,0.00180852,0.0017115,0.0015834,0.00147037,0.0013498,0.00124901,0.00119909,0.00116801,0.00117083,0.00118779,0.00121416,0.0012622,0.00134415,0.00145059,0.0015834,0.00175766,0.0019517,0.00209299,0.00213444,0.00214103,0.00212219,0.00211465,0.00212407,0.00215516,0.00219472,0.00226725,0.00239347,0.00261859,0.00292472,0.00328925,0.0036811,0.00408613,0.00442523,0.00478411,0.00518915,0.00564316,0.00627803,0.00686203,0.00728967,0.00762877,0.007771,0.00773898,0.00759203,0.00736691,0.00707397,0.00665386,0.00622811,0.00593705,0.00588901,0.00617347,0.0067603,0.00736691,0.00787838,0.00825139,0.0084605,0.00849441,0.00850195,0.00859426,0.00880902,0.00904451,0.00916884,0.00917167,0.00911515,0.00908689,0.00917638,0.00948533,0.0100439,0.0108879,0.0117987,0.0125824,0.0130901,0.0132295,0.0132738,0.0133803,0.0138211,0.0149297,0.0165725,0.018755,0.0213123,0.0240317,0.026493,0.0284795,0.0301214,0.0319751,0.0342376,0.0370569,0.0409433,0.0452301,0.0499953,0.0554916,0.0622707,0.0713661,0.0817896,0.0923346,0.104093,0.117451,0.133682,0.151748,0.166532,0.182322,0.199968,0.220483,0.239808,0.252518,0.26599,0.290538,0.314347,0.3432,0.381441,0.423254,0.448528,0.435735,0.397635,0.350906,0.289766,0.228539,0.179868,0.148231,0.124957,0.105869,0.0862534
0.066809,0.0556451,0.0478571,0.0425022,0.0377096,0.0325968,0.0270949,0.0216326,0.0168051,0.0125203,0.00975002,0.00772296,0.00591538,0.00466072,0.00372349,0.00280039,0.00211936,0.00161543,0.00131212,0.00105026,0.000919333,0.000802533,0.000678197,0.000611319,0.000553861,0.00052466,0.000510531,0.000505822,0.000508647,0.000520893,0.000537848,0.000565164,0.000612261,0.000645229,0.000701745,0.00074319,0.000769565,0.00078181,0.00078181,0.000773333,0.000755436,0.000745074,0.000731887,0.000725294,0.000742249,0.00078181,0.00084963,0.000933462,0.00105968,0.00124619,0.00140255,0.00155797,0.00170114,0.0018462,0.002028,0.00214668,0.00223522,0.00230304,0.00232565,0.00227478,0.00218436,0.00204778,0.0018349,0.001671,0.00154196,0.0014666,0.00142704,0.00143175,0.00145059,0.00149486,0.00157021,0.00169926,0.00190083,0.002174,0.00246035,0.00274293,0.00293979,0.00302268,0.00302268,0.00299066,0.0029737,0.00298689,0.00304529,0.00314137,0.00324216,0.00342113,0.00371972,0.00408802,0.00448269,0.00492917,0.00542934,0.00595023,0.00650598,0.00705513,0.00758073,0.00813082,0.00871483,0.0092376,0.00964735,0.00985552,0.00985081,0.00964358,0.00924702,0.00873743,0.00818922,0.00777571,0.00748842,0.00744886,0.00775593,0.00829472,0.00901625,0.00960873,0.00995065,0.0100081,0.00987718,0.00972459,0.00969821,0.00988001,0.0101814,0.0104433,0.0105337,0.0104838,0.0103783,0.0103585,0.0105893,0.0111733,0.0119476,0.0128038,0.0135611,0.0140801,0.0142845,0.0144202,0.0146029,0.015186,0.0163069,0.0180494,0.0203751,0.0233092,0.0263498,0.0291738,0.0312479,0.0330998,0.0348414,0.0370013,0.0407304,0.0459846,0.0516061,0.057318,0.0632682,0.0713604,0.0822313,0.0940678,0.106573,0.119296,0.134716,0.152879,0.171642,0.190478,0.207133,0.220987,0.237889,0.258299,0.271067,0.280469,0.304095,0.337773,0.372848,0.401588,0.43082,0.446138,0.427984,0.387833,0.329461,0.269751,0.216073,0.170842,0.138241,0.116814,0.099563,0.0820232
0.0650108,0.0542991,0.0464301,0.0412268,0.0367432,0.0319336,0.0265495,0.0212775,0.0165706,0.0123648,0.00965394,0.00766268,0.00585321,0.00461739,0.00362741,0.00269018,0.00206285,0.00159753,0.00133473,0.00110584,0.000951359,0.000876946,0.000780868,0.000698919,0.000645229,0.00062639,0.000619796,0.000619796,0.000627332,0.000637693,0.000661242,0.000702687,0.000758262,0.000816662,0.000877888,0.00090332,0.000924043,0.000925927,0.000924043,0.000910856,0.000896727,0.000884481,0.000873178,0.000873178,0.000887307,0.000908972,0.000957011,0.00106816,0.00124619,0.00142139,0.00159565,0.00178874,0.00199503,0.00216646,0.00232565,0.00250839,0.00266852,0.00279662,0.00288045,0.00288139,0.00278532,0.00259504,0.00237746,0.00218247,0.00200351,0.00184055,0.00177179,0.00176708,0.00179251,0.00186881,0.00203553,0.00222204,0.00253664,0.00294733,0.00337214,0.00373479,0.00395426,0.00405317,0.00406164,0.00404469,0.00403715,0.00405317,0.00410968,0.00422837,0.00436683,0.00455993,0.00484063,0.0052758,0.00595023,0.00682906,0.00748654,0.00799613,0.0084784,0.00902661,0.0096822,0.0103726,0.0111366,0.0117347,0.0122226,0.0125457,0.0125146,0.0121181,0.0115227,0.0107504,0.00997514,0.00942222,0.00909631,0.0090511,0.0094194,0.0100354,0.0107777,0.0113833,0.011697,0.0116367,0.0112948,0.0109331,0.0108078,0.0110169,0.011422,0.0117677,0.011892,0.0118223,0.0116452,0.0115152,0.0116122,0.0120898,0.0128791,0.0136515,0.0144399,0.0150607,0.0154196,0.0156918,0.0160167,0.0165555,0.017699,0.0194991,0.0219943,0.0249991,0.0282912,0.0311961,0.0337695,0.0357146,0.0373912,0.0398035,0.0441035,0.0504851,0.0578681,0.0652971,0.0723749,0.0816878,0.0937136,0.107367,0.120109,0.136311,0.154733,0.17203,0.191721,0.214411,0.233194,0.244642,0.2596,0.280932,0.295836,0.302494,0.322677,0.362487,0.395306,0.418987,0.434846,0.440952,0.41692,0.37634,0.311843,0.251071,0.201182,0.159355,0.128436,0.110115,0.094892,0.0791455
0.063288,0.0531216,0.0451312,0.0396302,0.0355168,0.0308532,0.0255398,0.0205465,0.0161166,0.012086,0.00942976,0.00749219,0.0057025,0.00450907,0.00348235,0.00256867,0.00199503,0.00159282,0.00135922,0.00116141,0.00100222,0.000925927,0.00087412,0.000811952,0.00078652,0.000769565,0.000764855,0.000774274,0.000783694,0.000800649,0.000822313,0.000871294,0.000910856,0.000947591,0.00099563,0.00104555,0.00107287,0.0010804,0.00106345,0.00103708,0.00100222,0.000980559,0.000973024,0.000978675,0.000996572,0.00104838,0.00114728,0.00128575,0.00145059,0.00163709,0.00185562,0.00210618,0.00229268,0.00251686,0.00273068,0.00294733,0.00318187,0.00336272,0.00351249,0.00357937,0.00352662,0.00336743,0.00316209,0.00288705,0.00263743,0.0024368,0.00230398,0.00226819,0.00230869,0.00240289,0.00259787,0.00292001,0.00333918,0.00384688,0.00428112,0.00459855,0.00481143,0.00491598,0.00496214,0.00497344,0.00499228,0.00504409,0.00520516,0.00541898,0.0056733,0.00603124,0.00648902,0.00711259,0.00782658,0.00869693,0.00964735,0.0104084,0.0111479,0.0118223,0.0126371,0.0134905,0.0143994,0.015186,0.0157765,0.0161072,0.0160469,0.0155194,0.0144333,0.0132003,0.0121039,0.0114173,0.0110857,0.0110687,0.0114182,0.0120239,0.0126917,0.013254,0.0134989,0.01332,0.0128565,0.012314,0.0120841,0.0122339,0.0126371,0.0130054,0.0131259,0.0129988,0.0127077,0.0124138,0.0124063,0.0128396,0.0134914,0.0142977,0.0151379,0.0158076,0.0163248,0.0167929,0.0173138,0.0180476,0.0192391,0.0209855,0.023346,0.0261501,0.0294639,0.0326222,0.0357419,0.0383492,0.0403508,0.0429298,0.0474926,0.0547681,0.0641612,0.0741457,0.0829312,0.0934772,0.106986,0.120354,0.135203,0.155167,0.175029,0.192582,0.213238,0.238058,0.257705,0.271678,0.285599,0.302744,0.313238,0.321509,0.343692,0.378906,0.410294,0.431301,0.442655,0.436349,0.404672,0.35536,0.2943,0.236968,0.189296,0.150769,0.122589,0.105473,0.0907474,0.076347
0.0610302,0.0512905,0.0434036,0.0378528,0.0337243,0.0292689,0.0242898,0.0196602,0.0153819,0.01173,0.00921217,0.00733583,0.00555556,0.00438661,0.00337403,0.00251215,0.0019809,0.00160883,0.00139878,0.00124148,0.00109265,0.000992805,0.000944766,0.000924043,0.000906146,0.000899552,0.000900494,0.000907088,0.000917449,0.000928753,0.000953243,0.000992805,0.0010578,0.0011341,0.00121228,0.00126032,0.00129046,0.00129328,0.00126879,0.00123677,0.0012038,0.00116895,0.00116612,0.00119721,0.00123582,0.00130835,0.00140349,0.00155232,0.00174259,0.00199503,0.00221921,0.00246223,0.00270713,0.00293697,0.00318658,0.00342207,0.003699,0.00396557,0.00415207,0.0042717,0.0042943,0.0042133,0.00407201,0.00381015,0.00353133,0.00328078,0.00308674,0.00297465,0.00300008,0.00313383,0.003342,0.00371313,0.00414642,0.0046042,0.00506858,0.00552165,0.00584945,0.0061179,0.00630252,0.00640707,0.00650598,0.0067198,0.0070297,0.00733583,0.0076316,0.00790099,0.00828907,0.00897009,0.00986023,0.011081,0.0123846,0.0136431,0.0148666,0.0159423,0.0168805,0.0177593,0.0184733,0.0190036,0.0193729,0.0195481,0.0195019,0.01903,0.0179553,0.0164896,0.0150984,0.014099,0.0136591,0.0136544,0.0140274,0.0145643,0.0151869,0.0156202,0.0157257,0.0154205,0.0147611,0.0140867,0.0137043,0.013773,0.0140161,0.0141913,0.0141658,0.0138946,0.0134594,0.0130807,0.0129978,0.0132729,0.0138465,0.014649,0.0155194,0.0163031,0.0170519,0.0178093,0.018544,0.0194906,0.0207698,0.0224549,0.0244989,0.0269979,0.0301684,0.0337469,0.0375212,0.0410695,0.0438661,0.0467796,0.0518849,0.059865,0.0709102,0.0828342,0.0940734,0.106533,0.120549,0.135599,0.152091,0.173237,0.195953,0.217014,0.242163,0.270093,0.290072,0.304192,0.312534,0.317395,0.325174,0.34402,0.377162,0.403776,0.425368,0.445759,0.449563,0.430672,0.392873,0.339686,0.285545,0.230936,0.183836,0.146435,0.11937,0.101755,0.0866038,0.0729655
0.0582759,0.0488801,0.0415075,0.035983,0.031636,0.0273115,0.0227855,0.0185967,0.0145426,0.0114097,0.00910479,0.00726047,0.00547455,0.00435365,0.00338156,0.00256019,0.00204778,0.00168419,0.00148167,0.00133473,0.00121604,0.00112091,0.00106251,0.00103142,0.00101353,0.00100976,0.00101164,0.00102295,0.0010399,0.00107664,0.00113221,0.00121228,0.00127727,0.00135168,0.00140914,0.00146283,0.00148921,0.00149109,0.00147037,0.00144117,0.00141008,0.00139501,0.00141762,0.00146001,0.00151935,0.00160224,0.00175389,0.00197996,0.00220226,0.00245752,0.00271844,0.0029803,0.00322238,0.00340982,0.00363212,0.00391188,0.00418033,0.00445914,0.00470876,0.00490468,0.00502242,0.00502054,0.0048962,0.00469745,0.00445161,0.00419257,0.00398346,0.00384688,0.00383275,0.00394013,0.00413983,0.00443465,0.00483969,0.00539637,0.00610565,0.00673204,0.00713425,0.00743002,0.00769471,0.00787838,0.00808279,0.00843319,0.00894089,0.00941375,0.00982066,0.0101739,0.0106609,0.0114662,0.0125824,0.0142195,0.0161684,0.0177819,0.0190234,0.0201208,0.0211268,0.0219133,0.0224116,0.022696,0.0228656,0.0229089,0.0229014,0.0224549,0.0213641,0.0199955,0.0187503,0.0179195,0.0175267,0.0174033,0.017554,0.0178545,0.0180975,0.0181173,0.0178695,0.0173571,0.0167769,0.0161995,0.0157897,0.0156409,0.0155665,0.0153725,0.0150607,0.014617,0.0140688,0.0135526,0.0133831,0.0135385,0.0140387,0.0148214,0.0157662,0.0167326,0.0177207,0.0186363,0.0195716,0.0207057,0.0221525,0.0236794,0.0254032,0.027726,0.0309135,0.0349488,0.0394823,0.0438256,0.0477224,0.0516381,0.0571079,0.0657031,0.0778127,0.0913682,0.104927,0.118651,0.136445,0.155102,0.171572,0.193578,0.219208,0.245475,0.277444,0.306938,0.326877,0.341123,0.344145,0.341901,0.353592,0.380083,0.411934,0.43775,0.453586,0.46278,0.45945,0.431489,0.388758,0.341635,0.287535,0.232442,0.184388,0.146701,0.119003,0.0997458,0.0835303,0.0697968
0.0558297,0.0469303,0.0399976,0.0345701,0.0299235,0.0254211,0.0213123,0.0175578,0.0139539,0.0112289,0.0090803,0.00728308,0.00554803,0.00444784,0.00354923,0.00271844,0.00216646,0.00179628,0.00157869,0.00144211,0.00134697,0.00127633,0.00123582,0.00121604,0.00121228,0.00121133,0.00121228,0.00121416,0.00123582,0.00127727,0.00134038,0.00139878,0.00148261,0.00155232,0.00160601,0.00166818,0.00170114,0.00170585,0.00169361,0.00167665,0.001671,0.00168701,0.001736,0.0018057,0.00194887,0.00211277,0.00230116,0.00254983,0.00282488,0.0030971,0.00333352,0.00354923,0.00374233,0.00391376,0.00408708,0.00431503,0.00461645,0.00494989,0.00534268,0.0056912,0.00600675,0.00609718,0.00595871,0.00567613,0.0053587,0.00502054,0.00478788,0.00468615,0.00467673,0.00474267,0.0049141,0.00524189,0.00572699,0.00655119,0.00725105,0.00779549,0.00827871,0.00881561,0.00926869,0.00966995,0.0100599,0.0107004,0.0115124,0.0122349,0.0128763,0.0133746,0.014034,0.0149712,0.0163078,0.0181512,0.0200793,0.0217701,0.0230851,0.0243152,0.0254211,0.0261916,0.0265288,0.0265137,0.0263771,0.0262895,0.0263517,0.0261294,0.0253674,0.0241363,0.0229136,0.022096,0.0215695,0.0213679,0.0213952,0.0214103,0.0212662,0.0207971,0.0200746,0.0192966,0.0186966,0.018106,0.0176293,0.0172102,0.0167938,0.0162918,0.015785,0.0152462,0.0145897,0.0140236,0.0137005,0.0137561,0.0141526,0.0149401,0.0159819,0.0170293,0.0181823,0.0192862,0.020425,0.0217711,0.0232226,0.024805,0.0264732,0.028765,0.0321145,0.0365482,0.0417844,0.0467466,0.05185,0.0569035,0.0632635,0.0725623,0.0857071,0.101698,0.116582,0.133317,0.156006,0.178539,0.199061,0.223487,0.251149,0.278712,0.311173,0.338198,0.359467,0.377471,0.383382,0.382965,0.391407,0.415649,0.441818,0.464834,0.480921,0.483267,0.467848,0.431838,0.384396,0.335395,0.282732,0.230255,0.185856,0.149623,0.120183,0.0992465,0.0820891,0.0675154
0.0544338,0.0456012,0.0389257,0.0332731,0.0283128,0.0238433,0.020052,0.0167025,0.0135215,0.0111394,0.00910573,0.00742154,0.00576938,0.00467108,0.00381768,0.00297841,0.00234543,0.0019922,0.00172846,0.00157587,0.00149392,0.00143269,0.00139878,0.00139219,0.00138842,0.00138465,0.00138371,0.00139125,0.00142045,0.00146754,0.00153065,0.00159659,0.00168796,0.0017699,0.00184526,0.00191685,0.0019696,0.00198278,0.00198184,0.0019922,0.00203742,0.00210147,0.00218624,0.00231246,0.00249614,0.0027467,0.00304435,0.00330998,0.00355394,0.00377529,0.00395332,0.00409367,0.00420199,0.00432162,0.00446479,0.00470876,0.0050488,0.00555273,0.00618101,0.0067603,0.00710976,0.00722185,0.00716251,0.00692797,0.00657851,0.00615275,0.00582684,0.0056912,0.00572699,0.00590125,0.00617818,0.00660677,0.00713614,0.00775593,0.00846898,0.00924796,0.0100505,0.0109208,0.0116669,0.0123686,0.0131325,0.0141282,0.015412,0.0165659,0.0174108,0.0179421,0.0183782,0.0190724,0.0203026,0.0222156,0.0243915,0.0263187,0.0278268,0.0290607,0.030078,0.0308146,0.0310275,0.0306564,0.0302005,0.0299829,0.0302353,0.0305151,0.0303116,0.0295496,0.0283307,0.0272136,0.0263056,0.0258515,0.0257583,0.0255548,0.0249652,0.0240308,0.0227733,0.0215224,0.0205654,0.0198382,0.0191044,0.0184328,0.0177593,0.0170114,0.0163841,0.0158001,0.0151841,0.0144917,0.0141065,0.0140227,0.0142911,0.0150767,0.0161618,0.0172723,0.0184705,0.0196903,0.0210269,0.0224737,0.0240261,0.0258402,0.0278362,0.0302852,0.0340238,0.0389106,0.0444002,0.0501442,0.0562084,0.0628246,0.0713491,0.0824866,0.0967137,0.114699,0.132646,0.153153,0.176732,0.202346,0.227742,0.2591,0.293191,0.32287,0.350741,0.372317,0.389646,0.411156,0.425424,0.425347,0.435929,0.459963,0.472198,0.48472,0.507843,0.502602,0.477263,0.431836,0.372551,0.317516,0.270286,0.223458,0.185134,0.151643,0.121712,0.100135,0.0820232,0.0664096
0.0534645,0.0443522,0.0376399,0.0318781,0.0268924,0.0227036,0.0191393,0.016028,0.0131598,0.0110254,0.0091971,0.00766268,0.00616782,0.00491316,0.00410026,0.0032836,0.00261859,0.00218624,0.00192909,0.00174541,0.00165876,0.00159659,0.00157587,0.00157587,0.00157587,0.0015721,0.0015721,0.00157587,0.00160412,0.00166629,0.00173694,0.00181794,0.00194228,0.00204213,0.00211089,0.00216458,0.00219566,0.00222769,0.0022437,0.00228326,0.00237463,0.00251875,0.00270054,0.00292001,0.00320071,0.00348518,0.00378283,0.00405317,0.00422083,0.00434988,0.00443654,0.00451472,0.00459101,0.00468803,0.00484063,0.00515429,0.00561773,0.00637411,0.00707868,0.00760993,0.00796881,0.00816568,0.00813836,0.00793678,0.00768623,0.00739894,0.00720584,0.00717946,0.0072859,0.00748654,0.00773615,0.00808467,0.0085952,0.00934027,0.0102483,0.0114493,0.0127699,0.0141574,0.0155825,0.0167345,0.01783,0.0189735,0.0202649,0.0216938,0.0227092,0.0232716,0.0235532,0.024044,0.0252317,0.0271203,0.0294639,0.0314711,0.032902,0.0341237,0.0351739,0.0360075,0.0361554,0.0356072,0.03488,0.0345164,0.0347717,0.0354132,0.0359943,0.0357315,0.0345588,0.033014,0.031604,0.0308287,0.030371,0.0297926,0.0287546,0.0273982,0.0256481,0.0238292,0.0223993,0.0212247,0.0201001,0.0191186,0.0182256,0.0174881,0.0168136,0.0162927,0.0157587,0.0151021,0.0145219,0.0143457,0.0145982,0.0154563,0.0165612,0.0176614,0.0187032,0.019922,0.0214056,0.0229749,0.0247683,0.0269677,0.0294432,0.0322737,0.0362477,0.0415546,0.0473702,0.0540447,0.0616641,0.0707284,0.0815249,0.0944398,0.110457,0.130261,0.152899,0.174235,0.198365,0.226316,0.257106,0.296511,0.334618,0.366055,0.389995,0.410479,0.425865,0.445178,0.461144,0.465711,0.476745,0.495882,0.501138,0.504205,0.52243,0.515364,0.4807,0.428941,0.365285,0.308514,0.263553,0.217358,0.180841,0.150444,0.12213,0.0998004,0.0814872,0.0658746
0.0521759,0.0430702,0.0363608,0.0306997,0.0256782,0.0217258,0.018398,0.0154742,0.0129244,0.0109557,0.009296,0.00784918,0.00648902,0.00516371,0.00432633,0.00355676,0.00288705,0.00239912,0.00214009,0.00197148,0.00184997,0.00179251,0.00177556,0.00177461,0.00177085,0.00176614,0.00176708,0.00178969,0.00181606,0.00189424,0.00199032,0.00209299,0.00217776,0.00223899,0.00230304,0.00237086,0.00244151,0.00248955,0.00254512,0.00263272,0.00277778,0.00297841,0.00324216,0.00351815,0.00385442,0.0041549,0.00439227,0.00461362,0.00474738,0.00483686,0.0048736,0.00488961,0.0049254,0.00502713,0.00527957,0.00570062,0.00645417,0.00719548,0.00784542,0.0084605,0.00897763,0.00923289,0.00924985,0.00912269,0.00890792,0.00864795,0.00849818,0.00856223,0.00882127,0.00916978,0.00958424,0.0100392,0.0107306,0.0117827,0.0131175,0.0149081,0.0167825,0.0185091,0.0200793,0.0215158,0.0228402,0.0245291,0.0264478,0.0283505,0.0297606,0.0304727,0.030776,0.0310642,0.0317933,0.0332976,0.0351607,0.036893,0.0383643,0.0396547,0.0411015,0.0425003,0.0430787,0.0425173,0.0416498,0.0410121,0.0410789,0.0417477,0.0426736,0.0425559,0.0412485,0.0392469,0.03707,0.0355366,0.0344279,0.033306,0.0318178,0.0300714,0.0278532,0.0254955,0.0235118,0.0218982,0.0204542,0.0192165,0.0182256,0.0174843,0.0168843,0.0164566,0.0160356,0.0154638,0.0148808,0.0146302,0.0150032,0.0159772,0.0171414,0.0181804,0.0191412,0.0202668,0.0217955,0.0235589,0.0256292,0.0282149,0.0310963,0.0346314,0.0389388,0.0443936,0.0506151,0.0582967,0.0682285,0.079917,0.0924448,0.106419,0.123019,0.146368,0.170911,0.19507,0.221126,0.250418,0.287516,0.331868,0.375901,0.402103,0.425448,0.452117,0.463687,0.470171,0.480461,0.491431,0.504693,0.522773,0.522605,0.521211,0.519022,0.49974,0.463027,0.412935,0.355139,0.301988,0.257438,0.210889,0.174569,0.145556,0.118782,0.0975595,0.0799735,0.0645144
0.050698,0.0418476,0.0353859,0.0297041,0.0246562,0.0208112,0.0177405,0.01499,0.0126992,0.0108775,0.00931673,0.00791983,0.00666988,0.00533138,0.00447704,0.00377529,0.00313949,0.00264402,0.00233789,0.00218436,0.00210053,0.00205154,0.00202894,0.00200916,0.00199409,0.0019809,0.00198561,0.00202046,0.00206756,0.00213067,0.00219095,0.0022729,0.00236333,0.00245281,0.00251969,0.00259504,0.00268641,0.002758,0.00285219,0.00297182,0.00317151,0.00341171,0.00373102,0.00407766,0.00436777,0.00468992,0.00493576,0.00514958,0.00527015,0.00530783,0.00528428,0.00524943,0.00527015,0.00543405,0.00582119,0.00653518,0.00726236,0.00796787,0.00874308,0.00947874,0.0100232,0.0103726,0.0105036,0.010464,0.0103152,0.0101814,0.010156,0.0103312,0.010821,0.0114587,0.0121652,0.013044,0.0142063,0.0157897,0.0173421,0.0190517,0.0209723,0.0231218,0.0252176,0.0271693,0.0291869,0.0315107,0.0340784,0.0361601,0.0377934,0.0387778,0.0392101,0.0394249,0.0400927,0.041321,0.0425361,0.0436071,0.0449673,0.0464216,0.0482772,0.0505125,0.0522136,0.0522569,0.0511191,0.0499285,0.0492098,0.0491222,0.0496204,0.0490977,0.0475152,0.0451877,0.0423355,0.0398911,0.038093,0.0362129,0.0341255,0.0316294,0.0288026,0.0258939,0.0236615,0.0217598,0.0200991,0.0187032,0.0176557,0.0168975,0.0164142,0.0160554,0.0156673,0.015218,0.0147461,0.0146142,0.0151954,0.0163022,0.0175945,0.0187107,0.0196988,0.0207943,0.0222806,0.0242342,0.0267586,0.0297399,0.0330743,0.0370757,0.0418758,0.0474672,0.0542501,0.0627539,0.0744707,0.0877313,0.102014,0.116424,0.134312,0.158965,0.185589,0.214179,0.242938,0.278173,0.321598,0.374544,0.415161,0.440686,0.453665,0.472217,0.490198,0.499305,0.502054,0.503902,0.519059,0.525795,0.528247,0.518817,0.496968,0.475746,0.441667,0.387724,0.329199,0.285343,0.241413,0.197774,0.164259,0.13723,0.114317,0.0944671,0.0777618,0.0625175
0.0486022,0.0403734,0.0341594,0.028619,0.023719,0.0200803,0.0171678,0.0145219,0.0124477,0.0107343,0.0092376,0.00791418,0.00673204,0.0054171,0.00457029,0.00392412,0.00330903,0.00286915,0.00258939,0.0024189,0.00231152,0.00225595,0.00223051,0.00219849,0.00217871,0.00215516,0.00215987,0.00218436,0.00223334,0.00229739,0.00238311,0.00247448,0.00255454,0.0026299,0.00271373,0.0028051,0.00292001,0.00302645,0.00315927,0.00329585,0.00351155,0.00381957,0.00414548,0.00446856,0.00481237,0.00515995,0.00545477,0.0056328,0.00571475,0.00570721,0.00561961,0.00554708,0.00556781,0.00582684,0.0064683,0.00721149,0.00798577,0.00887684,0.00978487,0.0106213,0.0113118,0.0117554,0.0120182,0.0121143,0.0121661,0.0121708,0.0123017,0.0127407,0.0135413,0.0146698,0.0160017,0.0173458,0.018754,0.0201735,0.0217296,0.0233761,0.0255473,0.0283288,0.0310831,0.0337177,0.0365049,0.0398883,0.0433424,0.0462313,0.0479494,0.0487002,0.0493369,0.050292,0.051493,0.0524821,0.0528278,0.0528278,0.0534428,0.0548463,0.0570712,0.0597633,0.0623461,0.0631571,0.0620333,0.060254,0.0584634,0.0569459,0.0560106,0.0545939,0.0525461,0.0497768,0.0466128,0.043658,0.0413135,0.0385197,0.0354923,0.0322539,0.0287169,0.0253231,0.0227695,0.0207971,0.0190554,0.0175851,0.0164821,0.0158057,0.0153103,0.0149081,0.0145294,0.014228,0.013953,0.0140886,0.0148487,0.0161693,0.0176152,0.0188981,0.0200322,0.0211616,0.0227271,0.0250151,0.0279869,0.0312658,0.0349582,0.039569,0.0449343,0.0511144,0.0586141,0.0675597,0.0790466,0.0926247,0.10847,0.125432,0.146272,0.171133,0.202014,0.235088,0.270238,0.312596,0.364307,0.407471,0.448174,0.473624,0.475878,0.483665,0.510817,0.522796,0.51395,0.507319,0.513625,0.508274,0.510064,0.501726,0.479965,0.460774,0.429209,0.372932,0.309494,0.263074,0.219836,0.181025,0.152219,0.127772,0.108266,0.090251,0.0743859,0.0599224
0.0462342,0.038758,0.0329425,0.0277618,0.0231114,0.0195566,0.0166987,0.0140632,0.012037,0.0103896,0.00901813,0.00779267,0.00665575,0.0054171,0.00459572,0.00400795,0.00345598,0.00307638,0.00283806,0.00267793,0.00257715,0.00251215,0.00246129,0.002401,0.00233695,0.00229268,0.00228797,0.00232565,0.00239064,0.0024773,0.00257526,0.00265721,0.00271844,0.00279945,0.00288799,0.00300196,0.00315267,0.00327607,0.00341359,0.00360386,0.00384688,0.00414454,0.00445443,0.00480672,0.00519103,0.00556781,0.00589183,0.00610283,0.00614239,0.00606798,0.00589466,0.00574206,0.005808,0.00622811,0.00694963,0.00773898,0.00866867,0.00975379,0.0108511,0.011892,0.0127379,0.0133567,0.0138277,0.0141705,0.0144041,0.0146773,0.0151031,0.0158905,0.0169813,0.0182699,0.0197336,0.0213123,0.0229833,0.0248276,0.0265768,0.0283722,0.0306008,0.0336866,0.0369448,0.0406541,0.0449757,0.0496751,0.0543264,0.0580225,0.0597406,0.0598169,0.0603821,0.0624092,0.0645709,0.065446,0.065672,0.0653734,0.0649383,0.0658378,0.0678894,0.0703459,0.0726716,0.0738198,0.0729806,0.0711899,0.0689349,0.0661411,0.0631881,0.0602531,0.05696,0.0535097,0.0499803,0.0466223,0.0435609,0.0399929,0.0361017,0.032107,0.0278805,0.0239893,0.0211757,0.0191534,0.0173788,0.0159065,0.0148064,0.0141282,0.0135912,0.0132098,0.0129545,0.0127284,0.012654,0.0129931,0.0138465,0.015412,0.0169738,0.0185044,0.019873,0.0212568,0.0231717,0.0257752,0.0290626,0.0324715,0.0364267,0.0417505,0.0479363,0.0553569,0.0636525,0.072275,0.0830009,0.0966656,0.114393,0.135629,0.158955,0.185537,0.216145,0.256007,0.304097,0.360802,0.407193,0.441137,0.472397,0.511277,0.506417,0.50233,0.53018,0.533473,0.518978,0.514146,0.508688,0.501412,0.500925,0.491706,0.464806,0.43893,0.407245,0.354319,0.294033,0.246749,0.202631,0.16494,0.13793,0.117135,0.0999276,0.0842113,0.0691308,0.0562837
0.0436514,0.0370578,0.0317669,0.0269979,0.0226433,0.0190931,0.016094,0.0133755,0.011438,0.00986305,0.00859237,0.00754871,0.00648997,0.00537188,0.00461174,0.0040786,0.00358314,0.00324687,0.00304623,0.00292284,0.00283901,0.002758,0.00269489,0.00260635,0.00253193,0.00246129,0.00243868,0.00247448,0.00254889,0.00265062,0.00273445,0.00281075,0.00288328,0.00296146,0.00306225,0.00319318,0.00333352,0.00349836,0.00367733,0.00387043,0.00410121,0.00436777,0.00469745,0.00504315,0.0054576,0.00585698,0.00622811,0.00640896,0.00641838,0.00627049,0.00604631,0.00587959,0.00597849,0.00647866,0.00724634,0.00815626,0.00928753,0.0105441,0.0119127,0.0132484,0.0144023,0.0153743,0.0160384,0.0164792,0.0168372,0.0173091,0.0180099,0.0188963,0.0199446,0.0212134,0.0228392,0.0248173,0.0271495,0.0296278,0.0316821,0.033875,0.0361997,0.0393816,0.043301,0.0478364,0.0532394,0.0591199,0.0650042,0.0693475,0.0713953,0.0715808,0.0720735,0.0743774,0.0766569,0.0782545,0.0797653,0.0802467,0.0796504,0.0795798,0.0807412,0.0824941,0.0841265,0.0851052,0.0853039,0.0843827,0.0823284,0.0789119,0.0741438,0.0683811,0.0625269,0.0572973,0.052823,0.048638,0.0449079,0.0407841,0.0361752,0.031457,0.0265005,0.0222138,0.0191289,0.0169596,0.0152962,0.0138427,0.0130044,0.0123743,0.0118581,0.011503,0.0112392,0.0111243,0.0111733,0.0116292,0.0125834,0.0140227,0.0158105,0.0175267,0.0191996,0.0210985,0.0234835,0.0263621,0.0298369,0.0334097,0.0376145,0.0434074,0.0507244,0.0592565,0.0684234,0.0778466,0.088677,0.103746,0.124215,0.14887,0.172195,0.198555,0.230364,0.274704,0.331511,0.389278,0.431981,0.463202,0.494391,0.534866,0.53167,0.523659,0.542507,0.542118,0.52411,0.511284,0.500973,0.491525,0.481884,0.461301,0.434795,0.403614,0.372256,0.322998,0.276763,0.232853,0.189308,0.153357,0.125432,0.105833,0.0896708,0.0762463,0.0629122,0.0522042
0.0411411,0.0354942,0.0306696,0.0261077,0.0220659,0.0184865,0.0152396,0.0125156,0.0106307,0.00926398,0.00815814,0.00726707,0.00629969,0.00531066,0.00463152,0.00413135,0.003699,0.00338722,0.0032431,0.00316492,0.00308297,0.00300856,0.00291436,0.00280415,0.00270337,0.00260635,0.00257809,0.00260541,0.00269677,0.00279662,0.00288328,0.00296146,0.00303776,0.0031263,0.00321767,0.00333447,0.00350213,0.00369994,0.00389869,0.00408613,0.00428865,0.00454392,0.00484251,0.00521929,0.0056149,0.00607363,0.00642026,0.00657662,0.00655025,0.00635433,0.00606986,0.00588241,0.00600675,0.00659264,0.00744415,0.00847181,0.00975944,0.0112901,0.0129696,0.0146858,0.0162061,0.0172535,0.0180391,0.0185939,0.0191091,0.0197826,0.0206162,0.0215572,0.0225142,0.0236455,0.0254013,0.0277891,0.030808,0.0340521,0.0369401,0.0398525,0.0428762,0.0463218,0.050683,0.0559927,0.0622264,0.068642,0.0747222,0.0790269,0.0813977,0.082772,0.0838826,0.0849102,0.0861979,0.0887138,0.0921735,0.0937729,0.0932615,0.0924683,0.0930297,0.0951519,0.0973137,0.09932,0.100619,0.100758,0.0991015,0.0945255,0.0874996,0.0785992,0.069485,0.0616424,0.0552071,0.0497919,0.0451933,0.0406051,0.0357494,0.0305264,0.0250942,0.020442,0.0170529,0.0146811,0.0131335,0.0120983,0.0113965,0.0107824,0.0102483,0.0099271,0.00975944,0.00970763,0.00985175,0.0102832,0.0112223,0.0125203,0.0141347,0.0161091,0.0182133,0.0206068,0.0235014,0.026736,0.0302852,0.033956,0.0382296,0.0444247,0.0523615,0.0615482,0.0717249,0.0831884,0.0958725,0.113208,0.13555,0.160751,0.184755,0.211594,0.244753,0.290747,0.350226,0.398951,0.444127,0.482093,0.509592,0.535189,0.543786,0.542964,0.550747,0.545397,0.52443,0.502231,0.488797,0.471371,0.448783,0.422779,0.40373,0.377022,0.336483,0.292775,0.25102,0.212703,0.174843,0.141662,0.116146,0.0957096,0.080922,0.0683688,0.057058,0.0481322
0.038871,0.0338816,0.0295496,0.0250669,0.0210834,0.0175832,0.0141517,0.0116424,0.00991486,0.00872236,0.00779267,0.00703817,0.00611131,0.00526168,0.00466731,0.00419257,0.00381674,0.00354546,0.00341453,0.00335613,0.00330715,0.00324216,0.0031376,0.00298501,0.00285879,0.00274104,0.00269489,0.00271279,0.00280415,0.00292001,0.00301327,0.00309898,0.00318281,0.00324216,0.00332787,0.00346069,0.00364625,0.00385724,0.00406259,0.00422366,0.00439886,0.00464847,0.00491504,0.00527957,0.00567801,0.00614051,0.00647866,0.00662937,0.00656249,0.00631853,0.00600675,0.00579387,0.0059427,0.00662372,0.007544,0.00865077,0.0100345,0.0118223,0.0138258,0.0160017,0.0177009,0.0190055,0.0200115,0.0206878,0.0213396,0.0221525,0.0230351,0.0238782,0.0246515,0.0256518,0.0274962,0.0302466,0.0340822,0.0382654,0.0426397,0.0467268,0.0504691,0.0543772,0.0596408,0.066532,0.0736107,0.0794168,0.0834869,0.0865972,0.089781,0.0929111,0.0949993,0.0956596,0.0963011,0.0991269,0.103516,0.105073,0.104147,0.103167,0.104826,0.109122,0.112781,0.115774,0.117095,0.117056,0.114751,0.108623,0.0990167,0.0871323,0.0758073,0.0658133,0.0571673,0.0501611,0.0443559,0.039164,0.0342122,0.0290617,0.0236295,0.0190055,0.0153612,0.0128839,0.0115548,0.0106373,0.00996196,0.00942222,0.00901719,0.00873084,0.00858861,0.00860085,0.00882315,0.00923289,0.00997043,0.0111545,0.0125749,0.014504,0.0171226,0.02002,0.0232358,0.0267275,0.0304388,0.0343007,0.038855,0.0452206,0.053246,0.0625052,0.0739037,0.0870522,0.10233,0.121209,0.14541,0.169382,0.194463,0.223237,0.261489,0.312746,0.370319,0.413336,0.462329,0.513697,0.532239,0.540246,0.552497,0.553197,0.548553,0.538932,0.511375,0.492711,0.482274,0.460956,0.433346,0.402674,0.379106,0.35281,0.309194,0.265296,0.223736,0.189545,0.158793,0.130567,0.109071,0.0896388,0.0752676,0.0628076,0.0528259,0.0451142
0.0368967,0.0322869,0.0282111,0.0240487,0.0201707,0.016532,0.0131325,0.0108587,0.00934593,0.00823821,0.00746676,0.00675277,0.00589183,0.00520422,0.00469463,0.004283,0.00394296,0.003699,0.00359538,0.00354169,0.00349648,0.00342207,0.00329962,0.00316115,0.00298689,0.00286632,0.00279097,0.00279474,0.00287197,0.00298689,0.00310087,0.00320071,0.0032723,0.00333447,0.00342207,0.00356053,0.00375269,0.00396086,0.00414265,0.0043122,0.00447516,0.00467579,0.00490656,0.00524943,0.00562244,0.00608399,0.00641461,0.00656061,0.00649373,0.00623753,0.00591444,0.00569591,0.00585227,0.00660206,0.00757414,0.00874968,0.0101899,0.0121265,0.0145012,0.0169643,0.0189829,0.0205936,0.0219962,0.0229174,0.0235881,0.02427,0.0250999,0.0258478,0.0266739,0.0278607,0.0297662,0.0328605,0.0373781,0.0429647,0.0486842,0.0538969,0.0583993,0.063498,0.0702508,0.0788074,0.0865191,0.0912806,0.0933217,0.0944634,0.0972741,0.101324,0.104549,0.105687,0.107149,0.110359,0.11418,0.115221,0.113476,0.1133,0.117268,0.123489,0.129374,0.133023,0.13366,0.131076,0.125843,0.116439,0.104963,0.0913295,0.0793264,0.0686288,0.0584059,0.0497966,0.042505,0.0364766,0.0315974,0.0267878,0.0218182,0.0175003,0.0136967,0.0115096,0.0102163,0.00943635,0.00887401,0.00837761,0.00804417,0.00784353,0.00775876,0.00780303,0.00800837,0.00838138,0.00908124,0.010042,0.0114549,0.0133595,0.016305,0.0195321,0.0228656,0.026493,0.0303983,0.0344844,0.0393976,0.0463378,0.0547267,0.0645681,0.0770959,0.0916592,0.110085,0.129935,0.154321,0.177689,0.202834,0.234126,0.276165,0.330001,0.389014,0.434717,0.483578,0.530491,0.549138,0.559769,0.560973,0.548411,0.538265,0.5243,0.490602,0.473037,0.461982,0.445608,0.42382,0.389932,0.353729,0.321593,0.286252,0.246687,0.209569,0.175968,0.146425,0.121692,0.102746,0.0855564,0.071546,0.0597171,0.0502336,0.0428714
0.0356873,0.0309691,0.0269225,0.023134,0.0194473,0.0156192,0.012281,0.0102012,0.00886271,0.00786802,0.00716251,0.00645417,0.00569591,0.00516277,0.00471347,0.00434894,0.00405222,0.00382804,0.00373008,0.00368204,0.00364342,0.00355959,0.00343054,0.00327041,0.0030971,0.00293979,0.00286255,0.00284277,0.00289458,0.00302363,0.00315738,0.0032431,0.00332599,0.00339852,0.00349177,0.00363212,0.00380638,0.00401078,0.00417185,0.00433198,0.00446856,0.00462398,0.00483121,0.00512038,0.00549057,0.00587017,0.00622811,0.0063986,0.00636092,0.00613391,0.00582872,0.00565917,0.00583908,0.00660677,0.00759203,0.00877794,0.0102483,0.0123187,0.015039,0.0177659,0.020085,0.0221158,0.023816,0.0250396,0.0256942,0.0262594,0.0270299,0.0277458,0.0288846,0.0305631,0.0329133,0.036601,0.0421848,0.0487218,0.0552985,0.0609972,0.0666884,0.073558,0.0817783,0.0911911,0.099661,0.104686,0.106156,0.106097,0.10823,0.111786,0.113994,0.114523,0.11626,0.120255,0.125494,0.127714,0.127955,0.130235,0.135517,0.141555,0.147711,0.151312,0.150465,0.145101,0.135462,0.121919,0.108104,0.0940169,0.0817378,0.0700134,0.058405,0.0481962,0.0396952,0.0333833,0.028488,0.0238038,0.0195321,0.0155721,0.0122104,0.0102879,0.0091971,0.00844166,0.00794997,0.00763913,0.00738952,0.00724634,0.00720113,0.00725859,0.0074856,0.00783694,0.00843413,0.00941092,0.0107409,0.0126719,0.0156569,0.0189961,0.0224455,0.0261087,0.0301675,0.0345588,0.0401605,0.0480191,0.0570957,0.0677264,0.0812753,0.098185,0.118357,0.140178,0.164493,0.189641,0.2174,0.245803,0.284571,0.339492,0.401197,0.458321,0.507097,0.537428,0.55737,0.570638,0.565641,0.540269,0.525108,0.511975,0.488054,0.462278,0.439359,0.426884,0.409788,0.376768,0.334213,0.299285,0.265285,0.231793,0.20082,0.168882,0.138598,0.115288,0.0974653,0.0820241,0.0689575,0.0578643,0.0486653,0.0414595
0.034994,0.0302316,0.025941,0.0223108,0.0186061,0.0146848,0.0116622,0.00978487,0.00846898,0.00757131,0.00688275,0.00619891,0.00559041,0.00514582,0.00473984,0.00438002,0.00410026,0.00391282,0.00380826,0.00377435,0.00373762,0.00364907,0.00350684,0.00333352,0.00315738,0.00297182,0.00287197,0.00285125,0.00289364,0.00301327,0.00314137,0.00323651,0.00332599,0.00340888,0.00350402,0.00363777,0.0038092,0.00400513,0.00415301,0.00428771,0.00438002,0.00450718,0.00469745,0.00493953,0.00527392,0.00560925,0.00594364,0.00614333,0.00616688,0.00602182,0.00579764,0.00568837,0.00592386,0.00666988,0.00765043,0.00882409,0.0102737,0.012363,0.0152001,0.0181399,0.0207538,0.0231811,0.0252242,0.0266965,0.0274585,0.0280717,0.0288827,0.0298397,0.0313628,0.0339654,0.0374308,0.042538,0.0488236,0.0556046,0.0620908,0.0681767,0.0751056,0.0832863,0.0927792,0.102722,0.111021,0.115909,0.118167,0.1192,0.121899,0.124472,0.125576,0.124955,0.126784,0.131903,0.138559,0.143768,0.148728,0.154299,0.15935,0.163785,0.168747,0.172667,0.170614,0.160885,0.146525,0.129072,0.112425,0.0970565,0.0832939,0.0697874,0.0566483,0.0452263,0.0362327,0.0299753,0.0249605,0.0206417,0.0168758,0.0133058,0.0108464,0.00930825,0.00828624,0.00767869,0.00726141,0.00702028,0.00686015,0.00677914,0.0067782,0.00688746,0.00710882,0.00748654,0.00808467,0.0090624,0.0102945,0.0121416,0.0149665,0.0183245,0.021755,0.0255812,0.029932,0.034735,0.0411769,0.0499501,0.0597425,0.0713293,0.0860113,0.10481,0.12458,0.147946,0.174378,0.20458,0.235282,0.261504,0.293657,0.350023,0.417789,0.47963,0.531017,0.554045,0.566175,0.57068,0.564135,0.547093,0.52508,0.502041,0.485902,0.458675,0.427172,0.406573,0.380991,0.349476,0.314445,0.277739,0.240451,0.212925,0.189217,0.162196,0.133576,0.111884,0.0941733,0.0792445,0.0670981,0.0569045,0.0481115,0.0407502
0.035205,0.0302598,0.0256622,0.0216109,0.0178168,0.0139822,0.0112957,0.0095362,0.00823632,0.00736691,0.00668212,0.00605479,0.00555179,0.00513169,0.00474549,0.00439321,0.0041257,0.00394296,0.00385348,0.00382145,0.00378,0.00369429,0.00354075,0.00335142,0.00316021,0.00295487,0.00284183,0.00279945,0.00285408,0.00294262,0.00305283,0.00317151,0.00326665,0.00335236,0.00345315,0.00358408,0.00375269,0.00393542,0.00408519,0.00417374,0.00426322,0.00434988,0.0044987,0.00473325,0.00501677,0.00534457,0.00562903,0.00585604,0.00595494,0.0059135,0.00580235,0.00579764,0.00608681,0.00680928,0.00773992,0.00889945,0.0102973,0.0122763,0.0150437,0.0180334,0.0207971,0.0234929,0.0257573,0.0275037,0.0285266,0.0294771,0.0306441,0.0321041,0.0345343,0.0381994,0.0433311,0.0492964,0.0555829,0.0618496,0.0682172,0.0749436,0.0822323,0.0917779,0.103033,0.113213,0.120727,0.125548,0.129288,0.131519,0.134449,0.136347,0.137198,0.138047,0.141,0.145893,0.152122,0.159635,0.170068,0.179723,0.186396,0.189103,0.193976,0.197552,0.192029,0.176414,0.158559,0.1383,0.117931,0.0998654,0.0832901,0.0673063,0.053115,0.041046,0.0326316,0.0265165,0.0217296,0.0177857,0.0140848,0.0115227,0.00972176,0.00847652,0.00764761,0.0070702,0.00668212,0.0064796,0.00638258,0.00635056,0.00638824,0.00654366,0.00683001,0.00726801,0.00791418,0.00890039,0.0101004,0.0117912,0.0141931,0.017521,0.0208555,0.024871,0.0296419,0.0349648,0.0421104,0.0516475,0.0624657,0.0752167,0.0905468,0.109487,0.129584,0.153692,0.18117,0.214273,0.248567,0.277003,0.308233,0.363907,0.433228,0.493148,0.539314,0.561149,0.566513,0.559357,0.551525,0.542553,0.520723,0.490239,0.473429,0.45054,0.416181,0.380766,0.339121,0.311324,0.287665,0.25585,0.220631,0.195735,0.175449,0.152272,0.127604,0.108793,0.0923779,0.0780058,0.0659631,0.0562423,0.0477808,0.0408613
0.0361083,0.0309964,0.0260013,0.0214056,0.0173995,0.013725,0.0112439,0.00952113,0.00820335,0.00731134,0.00663691,0.00601334,0.00552259,0.0050893,0.0047097,0.00437154,0.00411722,0.00394296,0.00385913,0.00382993,0.00378189,0.003699,0.00354075,0.00334106,0.00313383,0.00289458,0.002758,0.00271279,0.00273351,0.00281452,0.00291625,0.00302834,0.00314231,0.00323651,0.00333352,0.00346069,0.00362835,0.00379508,0.00393731,0.00403433,0.00408519,0.00413794,0.00427829,0.00448552,0.00475209,0.00504503,0.00536623,0.00560172,0.00575996,0.00582778,0.00584191,0.0059361,0.00625919,0.00694869,0.00780962,0.00893524,0.0102671,0.0120889,0.0145614,0.0175446,0.0202592,0.0229739,0.0254663,0.0274575,0.0289816,0.0306027,0.0325968,0.0350449,0.0383643,0.0432831,0.0492013,0.0549857,0.0605168,0.0661986,0.0727526,0.0808137,0.0896359,0.1003,0.112065,0.122198,0.129255,0.133822,0.138485,0.141608,0.143579,0.144247,0.145663,0.148954,0.157207,0.164893,0.17176,0.183327,0.199801,0.213983,0.221607,0.221437,0.220708,0.219492,0.208888,0.189128,0.169217,0.146716,0.122381,0.101098,0.0817632,0.0636563,0.0485636,0.0369956,0.0294036,0.0235768,0.0190658,0.0151577,0.0120323,0.0101805,0.00889945,0.00787838,0.00715309,0.00659546,0.00622811,0.0061,0.00606327,0.00606327,0.0061179,0.00631853,0.00673299,0.00728119,0.00799142,0.00895596,0.010058,0.0115689,0.0136148,0.0168372,0.0202734,0.0243049,0.0292086,0.0349252,0.0426247,0.0527618,0.0649486,0.0796052,0.0959234,0.114279,0.136239,0.162689,0.189226,0.218,0.252222,0.287335,0.321475,0.375971,0.442536,0.493233,0.532715,0.553855,0.560308,0.554134,0.537378,0.521565,0.491596,0.46713,0.450654,0.423857,0.392204,0.356818,0.313203,0.2847,0.261795,0.233683,0.204246,0.181472,0.163055,0.142806,0.122298,0.105853,0.0906099,0.0772607,0.0654158,0.0559239,0.0480154,0.041679
0.0372999,0.0318847,0.0264845,0.0216156,0.0175926,0.0140867,0.0115943,0.00981313,0.00838515,0.00740741,0.00666799,0.00600204,0.00545477,0.00500735,0.00463811,0.00432727,0.00408519,0.00391941,0.00382899,0.00379508,0.00376117,0.00367733,0.00351438,0.00330715,0.00305848,0.00283147,0.00266286,0.00257809,0.00257715,0.0026233,0.00271561,0.00282582,0.00292472,0.00303681,0.0031668,0.00329302,0.00344844,0.00361234,0.00373102,0.00378942,0.00383369,0.00388173,0.00402868,0.00423025,0.00449211,0.00478788,0.00509495,0.00538601,0.00559324,0.00574018,0.00585416,0.00602559,0.00638918,0.00701651,0.00779078,0.00881656,0.0100788,0.011778,0.0139822,0.0167825,0.0194765,0.0220762,0.024595,0.0269743,0.0293169,0.0318988,0.035042,0.0385668,0.0429214,0.0483498,0.0542934,0.0593846,0.064504,0.070328,0.0780133,0.0879046,0.0989753,0.109385,0.119013,0.128358,0.135438,0.140148,0.144537,0.147978,0.150141,0.151034,0.15443,0.162284,0.178014,0.192669,0.202933,0.216689,0.23829,0.256514,0.265192,0.261153,0.249339,0.237107,0.221739,0.200561,0.177758,0.151813,0.123195,0.0995385,0.0790391,0.0602973,0.044891,0.0340474,0.0267464,0.0212897,0.0169446,0.0131514,0.0107419,0.00937136,0.00834182,0.00756849,0.00694398,0.00640236,0.00609341,0.00600675,0.00599356,0.00600675,0.0061,0.00641838,0.00692326,0.00756095,0.00833899,0.0093139,0.0103538,0.0117554,0.0137646,0.0168014,0.0201509,0.0238735,0.0285954,0.0346153,0.0427989,0.0534513,0.0669908,0.0838534,0.101179,0.119482,0.143295,0.171942,0.199389,0.224212,0.254966,0.292369,0.330686,0.382597,0.442141,0.484353,0.515999,0.536993,0.554397,0.554904,0.535685,0.508982,0.476011,0.444668,0.417448,0.388546,0.362532,0.329778,0.298863,0.269239,0.242099,0.213925,0.190831,0.171815,0.155684,0.136944,0.11911,0.104099,0.0895747,0.0769084,0.0651502,0.0561556,0.0489536,0.0429675
0.0380958,0.0323594,0.0267096,0.0218794,0.018008,0.0147724,0.012184,0.0102907,0.00876475,0.00760993,0.00676501,0.00596248,0.0053521,0.00488867,0.0045279,0.00423214,0.00400795,0.00384688,0.00376682,0.00374233,0.00371218,0.00363212,0.00346916,0.00324687,0.00296523,0.00271561,0.00252628,0.00240195,0.00236333,0.00238876,0.00246882,0.00256208,0.00267511,0.00279191,0.00292378,0.00308203,0.00323745,0.00336555,0.00347011,0.00351155,0.00353227,0.0035822,0.00371595,0.00394861,0.00421424,0.00452131,0.00483686,0.00513828,0.00538978,0.00559041,0.00577221,0.00601994,0.00641555,0.00700521,0.00769659,0.00856223,0.00974531,0.0112844,0.0133171,0.016013,0.0186598,0.0212059,0.0238725,0.0267436,0.0298943,0.0336706,0.037914,0.0425917,0.0475133,0.0529568,0.0587168,0.0644607,0.0701058,0.0762029,0.0849102,0.0968653,0.109241,0.118019,0.124783,0.131473,0.137569,0.142993,0.148022,0.153033,0.1577,0.163588,0.171212,0.184113,0.205532,0.226282,0.240762,0.255305,0.277012,0.296115,0.307306,0.30242,0.280486,0.257849,0.236154,0.210772,0.182447,0.151132,0.118972,0.0942684,0.0747052,0.0566219,0.0418334,0.0317302,0.0247146,0.0195594,0.0154186,0.0120474,0.0100712,0.00898328,0.00814684,0.00752233,0.0070118,0.0065964,0.00636092,0.00626484,0.00622811,0.00625542,0.00646359,0.00688935,0.00744132,0.00816662,0.00910762,0.0101032,0.0112816,0.0127341,0.0148949,0.0176237,0.0206275,0.0240477,0.0286547,0.0347397,0.0431578,0.0540711,0.0683048,0.085935,0.104593,0.123121,0.148154,0.178064,0.207829,0.232861,0.262184,0.294214,0.329007,0.381845,0.435904,0.475578,0.504318,0.530637,0.548602,0.545566,0.523046,0.493088,0.459093,0.420947,0.388966,0.357241,0.328089,0.304345,0.280036,0.25905,0.232306,0.202702,0.181322,0.166093,0.151205,0.133444,0.116704,0.101929,0.0881288,0.0760965,0.0651427,0.0564505,0.0498719,0.0439358
0.0381533,0.0323867,0.026672,0.0220009,0.0183838,0.015444,0.0128744,0.0108728,0.0091971,0.00785295,0.00688275,0.00591632,0.00523907,0.00474549,0.0043706,0.00409744,0.00387891,0.00374421,0.0036811,0.0036632,0.00363212,0.00354169,0.0033778,0.00315738,0.00285125,0.0025715,0.0023426,0.00221262,0.00215893,0.00215987,0.00219472,0.00226913,0.00237651,0.0025065,0.00265156,0.00280604,0.0029624,0.00310275,0.00320071,0.00322991,0.00324404,0.00328266,0.00338722,0.00361234,0.00392224,0.00424721,0.00455805,0.00484628,0.0051185,0.00537094,0.00559983,0.00590408,0.00634867,0.00690442,0.00755342,0.0082919,0.00932615,0.0107164,0.012687,0.0152811,0.0180947,0.0208555,0.0239196,0.0274142,0.0312027,0.035837,0.0412296,0.0465573,0.0516852,0.0571239,0.0639229,0.0711852,0.078084,0.0847115,0.0941808,0.10731,0.119251,0.127357,0.130235,0.133557,0.139686,0.146511,0.152315,0.159049,0.168473,0.181706,0.195333,0.213597,0.237788,0.262989,0.282336,0.301371,0.322693,0.338909,0.346213,0.339258,0.316483,0.284576,0.249158,0.213797,0.17857,0.142945,0.110572,0.0857071,0.0667637,0.0510814,0.0383059,0.0294978,0.0227215,0.0179769,0.0139859,0.0114286,0.00983762,0.00888061,0.00818451,0.00769659,0.00728685,0.00703629,0.00689406,0.00683848,0.00686203,0.00698637,0.00725294,0.00773898,0.0084087,0.00930919,0.0102898,0.0115105,0.0128433,0.0145549,0.016808,0.019274,0.0220631,0.0253834,0.0300931,0.0361959,0.0446592,0.0554991,0.0691921,0.0862845,0.10586,0.124707,0.148438,0.177429,0.208222,0.236239,0.2634,0.295383,0.328972,0.37945,0.42852,0.470352,0.505037,0.52671,0.535497,0.53081,0.505224,0.471548,0.434202,0.403408,0.373552,0.337883,0.310361,0.282715,0.261295,0.244689,0.220303,0.193634,0.175232,0.161628,0.145917,0.128671,0.113747,0.0999097,0.0868365,0.0754663,0.0648874,0.0563883,0.0497485,0.0439952
0.0382785,0.0324423,0.0268095,0.0221083,0.0187333,0.015916,0.0133049,0.0112816,0.00956351,0.00810539,0.00700332,0.00584662,0.00509118,0.00458725,0.00419917,0.00393071,0.0037282,0.00361611,0.00357278,0.00355394,0.00351532,0.00342301,0.00325252,0.00298501,0.0026817,0.00237463,0.00216364,0.00200727,0.00190366,0.001882,0.00192909,0.00200633,0.00211089,0.00220979,0.00233601,0.00249331,0.00265344,0.00279003,0.00286821,0.00288893,0.0029219,0.00296711,0.00308203,0.00327512,0.00355865,0.00393166,0.00426322,0.00454769,0.00482838,0.00509307,0.00537848,0.0056912,0.00619231,0.0067669,0.00739046,0.0080809,0.00900212,0.0102427,0.0120757,0.0145954,0.0177622,0.0211692,0.0250358,0.0292463,0.0336018,0.038822,0.0449089,0.0507574,0.0562734,0.0625505,0.070961,0.0797474,0.0871539,0.0944257,0.104295,0.116634,0.128757,0.13611,0.137243,0.13995,0.147407,0.156375,0.16244,0.170465,0.184825,0.201645,0.217861,0.238561,0.266348,0.300367,0.329568,0.357356,0.379866,0.391447,0.388612,0.378821,0.353398,0.306217,0.251164,0.203236,0.16488,0.129423,0.0991269,0.0749982,0.0574263,0.0444002,0.0343054,0.0265599,0.0205757,0.0162579,0.0129281,0.0110329,0.00977733,0.00896162,0.00840964,0.00802533,0.00775028,0.0075958,0.00757037,0.00767022,0.00783317,0.00809597,0.00861404,0.00932144,0.010108,0.0110829,0.0121303,0.0134245,0.0151539,0.0170755,0.019257,0.0215704,0.0244019,0.0281141,0.0330056,0.0393486,0.0479099,0.0584973,0.0717589,0.088645,0.109702,0.130622,0.15233,0.176339,0.2038,0.231218,0.261075,0.297618,0.336165,0.380645,0.416477,0.457715,0.495717,0.504179,0.496019,0.502916,0.488595,0.455022,0.417716,0.391301,0.365458,0.331353,0.305415,0.274948,0.249799,0.22991,0.206789,0.186714,0.17283,0.159018,0.141182,0.124685,0.112743,0.101151,0.0882946,0.0763047,0.0649712,0.0561867,0.0496101,0.0439566
0.0391809,0.0332382,0.0274886,0.0227045,0.0192165,0.0163954,0.0136836,0.0115868,0.00981595,0.00829472,0.00708998,0.00580517,0.00494895,0.00439509,0.00401737,0.00371313,0.00352474,0.00343996,0.00341171,0.00339475,0.00334671,0.00324216,0.00303776,0.00275423,0.00245375,0.00217871,0.00194416,0.00175389,0.00166158,0.00162861,0.00164934,0.00170303,0.00179251,0.00192344,0.00206567,0.00218436,0.00230398,0.00243303,0.00251121,0.00254135,0.00257715,0.00262707,0.00273257,0.0029219,0.00322238,0.00355771,0.00393825,0.00425474,0.00453638,0.00482744,0.00511662,0.00549057,0.00596154,0.00659264,0.00721055,0.00789722,0.00876475,0.00996666,0.0117319,0.0142365,0.0177339,0.0218266,0.0266701,0.0314627,0.0364436,0.0424815,0.0491222,0.0554821,0.0618195,0.0696103,0.0794667,0.0881505,0.0952631,0.103546,0.113152,0.124247,0.135247,0.142183,0.146019,0.151582,0.160256,0.169499,0.176177,0.184347,0.200309,0.218545,0.236871,0.264149,0.302297,0.354699,0.391854,0.411371,0.429335,0.437264,0.427379,0.404606,0.366382,0.30135,0.234778,0.182186,0.144669,0.113477,0.0853906,0.0637364,0.048574,0.0378179,0.0298058,0.0232,0.0182934,0.0144512,0.0121407,0.0108003,0.00985363,0.00923101,0.00886554,0.00859237,0.00843695,0.00842754,0.00861969,0.00901248,0.00944483,0.0099563,0.0107042,0.0117554,0.0128773,0.0138654,0.015088,0.0163945,0.0179289,0.0197647,0.021935,0.0244659,0.0276158,0.031636,0.0367545,0.043673,0.0527533,0.0629253,0.0761803,0.0939293,0.116893,0.14124,0.161724,0.183528,0.208554,0.230936,0.255885,0.294476,0.341762,0.381069,0.410031,0.445184,0.475859,0.477036,0.467694,0.470741,0.461492,0.431488,0.399496,0.373013,0.345136,0.316708,0.292589,0.266933,0.243843,0.223085,0.199031,0.182269,0.170806,0.155819,0.139019,0.124943,0.115444,0.105281,0.0924872,0.0790203,0.0667713,0.05748,0.0507225,0.0450615
0.0412004,0.0348668,0.0290843,0.0239074,0.0200737,0.0170472,0.0142054,0.011844,0.00997043,0.00841152,0.00711918,0.00571286,0.0048265,0.00422743,0.00376493,0.00345315,0.00329396,0.00322991,0.00320165,0.0031847,0.00310652,0.00295487,0.00273257,0.00246317,0.00218342,0.00191685,0.00168984,0.0015429,0.00145718,0.00142045,0.0014261,0.00147414,0.00154855,0.00163709,0.00174353,0.00185845,0.00199503,0.0020977,0.00216175,0.00219284,0.0022324,0.00227761,0.00238688,0.00257526,0.00285219,0.0032073,0.0035643,0.00394296,0.00426039,0.00455899,0.00486889,0.00524849,0.0057025,0.00637411,0.00707679,0.00777477,0.00866585,0.00987153,0.0116085,0.014245,0.0181201,0.0227055,0.0282921,0.0338618,0.0398167,0.0467146,0.0540391,0.061016,0.0685581,0.0776752,0.0875599,0.0954439,0.10194,0.110012,0.120231,0.131567,0.14058,0.147074,0.154566,0.164506,0.175075,0.185109,0.192327,0.20083,0.219231,0.245369,0.275336,0.312521,0.359123,0.40873,0.450423,0.46826,0.47349,0.464212,0.444692,0.403026,0.343124,0.271687,0.207465,0.159019,0.122703,0.0950135,0.0709959,0.0530435,0.0403292,0.0315531,0.0247099,0.0197129,0.0159141,0.0130845,0.0116292,0.0107287,0.010074,0.00972553,0.00956634,0.00955504,0.00970669,0.00999775,0.0106533,0.0115303,0.0123526,0.013174,0.0143938,0.0160158,0.01736,0.0183867,0.019225,0.0202187,0.0214922,0.0231218,0.0253523,0.0282431,0.0315945,0.0358549,0.0412588,0.048167,0.0576966,0.0684319,0.082009,0.0997976,0.122402,0.149157,0.170944,0.193201,0.218227,0.235254,0.24963,0.279332,0.325275,0.37055,0.403843,0.429978,0.443685,0.448252,0.452605,0.453723,0.438903,0.410311,0.381592,0.352982,0.323086,0.297747,0.275153,0.254522,0.234322,0.214045,0.191943,0.176515,0.166303,0.152687,0.138633,0.127621,0.119538,0.110068,0.0973787,0.0831997,0.0704477,0.0607231,0.0537876,0.0476273
0.0439603,0.0371972,0.0312479,0.0257244,0.0213029,0.0179279,0.0147536,0.0120521,0.0100298,0.00838044,0.0070589,0.00559324,0.00467485,0.00403244,0.00347953,0.00318752,0.00301703,0.00293132,0.00288893,0.00285314,0.00275423,0.00259316,0.00236804,0.0021448,0.00186692,0.00163709,0.00147037,0.00134226,0.00125466,0.00122735,0.00123206,0.00126314,0.00133567,0.00141197,0.00149863,0.00157304,0.0016597,0.00173505,0.00179251,0.00184243,0.00189989,0.00197336,0.00209393,0.00223522,0.00248295,0.00280698,0.0032026,0.00358031,0.00396651,0.00429619,0.00462304,0.00499605,0.00550187,0.00618195,0.00696376,0.00773238,0.0086715,0.00991203,0.0117328,0.0146867,0.0188605,0.0238066,0.0300036,0.0365058,0.0440008,0.0518576,0.0597501,0.0675531,0.0763065,0.0859341,0.0956427,0.103416,0.109829,0.11713,0.127422,0.139086,0.148145,0.155297,0.164934,0.176715,0.19066,0.2032,0.212812,0.225915,0.25077,0.290798,0.34088,0.387685,0.423285,0.464203,0.497046,0.521849,0.512367,0.47606,0.432682,0.376538,0.304767,0.236296,0.179235,0.135014,0.103157,0.0767229,0.0569205,0.0426124,0.0325525,0.0250989,0.0199098,0.0162381,0.0134339,0.0119165,0.0112223,0.0107617,0.0104584,0.0103905,0.0105865,0.0110471,0.0117403,0.0128565,0.0145445,0.0162748,0.0175502,0.0187616,0.0202753,0.0219076,0.023345,0.0244113,0.0252779,0.0261859,0.0271712,0.0283599,0.0302476,0.0329189,0.036406,0.041159,0.0467042,0.0538196,0.063483,0.0750377,0.0887825,0.105416,0.1249,0.148901,0.170649,0.194425,0.218469,0.234227,0.244989,0.266577,0.301955,0.346541,0.383993,0.406116,0.411135,0.425341,0.445276,0.442511,0.42251,0.396314,0.367647,0.336653,0.306908,0.282733,0.263554,0.244415,0.22405,0.201395,0.181705,0.169667,0.161101,0.151564,0.140258,0.131367,0.12287,0.113345,0.101285,0.0876597,0.0749746,0.0648544,0.0575337,0.0508892
0.0467551,0.0400588,0.0340568,0.0283778,0.0231811,0.0190611,0.0155524,0.0123064,0.00997891,0.00820901,0.0068366,0.00538224,0.00445443,0.00373762,0.00318941,0.00286821,0.00270148,0.00259787,0.00253664,0.00246788,0.00234449,0.00219472,0.00201858,0.00177085,0.00157021,0.0013903,0.00124619,0.00111997,0.00103708,0.00100505,0.00100788,0.00104367,0.00111055,0.00120003,0.00127162,0.00134226,0.00139407,0.00145906,0.00150428,0.00154196,0.00158057,0.00164463,0.00174353,0.00191025,0.00214668,0.00242455,0.00279285,0.0032026,0.00361234,0.00401737,0.00436212,0.00476339,0.00527957,0.00598132,0.00685921,0.00771825,0.00876192,0.0100778,0.0121312,0.015623,0.0199927,0.0255379,0.0323839,0.0398572,0.0484798,0.0574075,0.0659122,0.0743435,0.0834917,0.0937004,0.103968,0.113364,0.121366,0.12893,0.138188,0.148491,0.158522,0.166737,0.17569,0.188814,0.205647,0.223118,0.238482,0.256516,0.292379,0.352189,0.410395,0.4557,0.492147,0.533003,0.551279,0.554208,0.531675,0.474922,0.411028,0.33496,0.264736,0.199628,0.147547,0.109833,0.0817783,0.0593997,0.04408,0.0334775,0.0253288,0.0195961,0.0156579,0.0129931,0.0116377,0.011113,0.01095,0.010903,0.0109896,0.0113306,0.0119871,0.0131429,0.0151002,0.0176557,0.0202423,0.0225557,0.024465,0.0264045,0.0286529,0.0306121,0.032252,0.0335104,0.0344345,0.0350411,0.0354311,0.0358022,0.0366556,0.0386516,0.0423383,0.04786,0.054316,0.0615624,0.0713199,0.0831789,0.0964688,0.110887,0.127358,0.148396,0.168817,0.190304,0.210804,0.228409,0.246491,0.268739,0.29405,0.327689,0.361674,0.382311,0.393671,0.407265,0.422521,0.414373,0.392452,0.370613,0.346329,0.31976,0.291677,0.26825,0.252388,0.238704,0.217235,0.195457,0.178369,0.169101,0.160811,0.152233,0.143169,0.134993,0.126544,0.116626,0.104289,0.0902416,0.0780124,0.0680749,0.0603199,0.0537235
0.0497363,0.0435864,0.037396,0.0315088,0.0256368,0.0205446,0.0163756,0.0125448,0.00989979,0.00797258,0.00644475,0.00503749,0.00416714,0.00337968,0.00283901,0.00252722,0.00233978,0.00223522,0.00216929,0.00209393,0.00196489,0.00178121,0.00160601,0.00145624,0.00129988,0.00113315,0.000996572,0.000927811,0.000892017,0.00087412,0.000879772,0.000898611,0.00093252,0.000978675,0.00103802,0.00110678,0.00116141,0.00121604,0.00125466,0.00129799,0.00134038,0.00138465,0.00147319,0.00158811,0.00178686,0.0020864,0.00237369,0.00277213,0.0032252,0.00365002,0.00409461,0.00453921,0.00504597,0.00574018,0.00672733,0.00768623,0.0088288,0.0102935,0.012703,0.0166705,0.0215252,0.0277552,0.0350571,0.0432171,0.0526318,0.0623894,0.0720829,0.0813431,0.0913032,0.102335,0.113504,0.124288,0.135047,0.143074,0.150423,0.160583,0.172786,0.181657,0.188295,0.200161,0.22016,0.244248,0.266907,0.292707,0.342512,0.414136,0.470701,0.516172,0.552223,0.570783,0.575253,0.565225,0.530307,0.459159,0.375698,0.289836,0.220285,0.160124,0.114348,0.0828427,0.061049,0.0449503,0.034005,0.0256895,0.019387,0.0148393,0.01199,0.0106675,0.0102295,0.0103453,0.0106854,0.0111234,0.0116122,0.0124421,0.0137909,0.0161194,0.0190507,0.0226847,0.0268594,0.0306309,0.0339277,0.0368101,0.0398017,0.0423666,0.0445858,0.0462342,0.0474323,0.0476216,0.0470876,0.0460853,0.0456068,0.0464047,0.0498201,0.0559644,0.0634396,0.0716524,0.0810652,0.0920106,0.104387,0.117103,0.133301,0.15354,0.171674,0.188761,0.20446,0.224754,0.251554,0.277178,0.295778,0.318006,0.338847,0.35937,0.373751,0.383599,0.390628,0.383817,0.365799,0.345589,0.327517,0.309784,0.288847,0.266629,0.246943,0.231988,0.215229,0.201526,0.189859,0.178094,0.165358,0.155006,0.146217,0.138231,0.1307,0.120918,0.107603,0.0922705,0.0795939,0.069486,0.0621106,0.0557449
0.0535078,0.0480078,0.0418937,0.035238,0.0285078,0.0221412,0.0170387,0.0125937,0.00969727,0.00767022,0.00588901,0.0046692,0.00376117,0.00295487,0.00244151,0.00217871,0.00200727,0.00185468,0.0017586,0.00166441,0.00155232,0.0014261,0.00130364,0.00115199,0.00100222,0.000917449,0.000826081,0.000749784,0.000697977,0.000674429,0.000682906,0.000722468,0.00078181,0.000837384,0.000894843,0.000927811,0.000958895,0.000989037,0.00101918,0.00105309,0.00108982,0.00114728,0.001233,0.0013498,0.00151087,0.00172375,0.00204307,0.00235108,0.00278249,0.00324216,0.00373573,0.00426416,0.00480954,0.0055047,0.00652953,0.00756378,0.00879018,0.0105196,0.0132644,0.0176322,0.0228157,0.0295722,0.0371755,0.0456671,0.0555537,0.0665744,0.0782375,0.0897235,0.102218,0.113449,0.124646,0.137417,0.149153,0.157114,0.164863,0.176305,0.189366,0.199186,0.2052,0.214958,0.236888,0.270258,0.303626,0.341457,0.402189,0.475645,0.532114,0.559803,0.576179,0.578773,0.574115,0.558744,0.505781,0.425379,0.324993,0.243179,0.179185,0.123507,0.0847991,0.0600694,0.044452,0.033777,0.0257131,0.0194586,0.0144041,0.0112204,0.00960402,0.00903791,0.00917073,0.00974625,0.0104471,0.0112713,0.0121972,0.0135988,0.0158048,0.0186966,0.0225924,0.0277844,0.0335726,0.0393081,0.0450031,0.0504437,0.0552363,0.0594439,0.0625382,0.0639728,0.0643251,0.0636403,0.0614898,0.0588599,0.056637,0.0557082,0.0581846,0.0642808,0.0723589,0.0812206,0.0899487,0.0988895,0.109144,0.121153,0.137654,0.157701,0.175238,0.189118,0.20233,0.222712,0.251466,0.276688,0.292306,0.308286,0.324472,0.34135,0.356685,0.362467,0.370419,0.368644,0.356466,0.34036,0.326978,0.311775,0.29313,0.271752,0.250692,0.233795,0.220121,0.212248,0.204679,0.190344,0.17528,0.163739,0.15323,0.14476,0.137703,0.127145,0.112459,0.0957482,0.0818395,0.0711391,0.063936,0.0585576
0.0583777,0.0535342,0.04687,0.0390086,0.031133,0.0235711,0.0174344,0.0122772,0.00920558,0.00716534,0.00529841,0.00418598,0.00320919,0.00245564,0.00206285,0.00178309,0.00161825,0.00151087,0.0014195,0.00133473,0.00122829,0.00110019,0.000980559,0.000906146,0.000808184,0.000701745,0.000617912,0.00055857,0.000528428,0.000516183,0.000530312,0.000559512,0.000611319,0.000648997,0.000712106,0.000778042,0.00082043,0.000861875,0.000888249,0.00090332,0.000924043,0.000947591,0.00100222,0.00112185,0.00129046,0.00147414,0.00170114,0.00203647,0.00234731,0.00279003,0.00329585,0.00389586,0.00449305,0.00519857,0.00619043,0.00735467,0.00865266,0.0106166,0.0135837,0.0180372,0.0234308,0.0305697,0.0386299,0.0478882,0.0583598,0.0703318,0.0842989,0.099871,0.114403,0.126105,0.139996,0.155095,0.166312,0.173345,0.183176,0.198197,0.211668,0.222402,0.227208,0.237119,0.262293,0.303074,0.352217,0.398427,0.454922,0.530021,0.568163,0.582559,0.588545,0.579008,0.561844,0.531356,0.463302,0.370186,0.267421,0.194955,0.139083,0.0929205,0.0615548,0.0439556,0.0330009,0.0251818,0.019241,0.0142864,0.0108766,0.00886271,0.00791041,0.00781527,0.00826929,0.0091208,0.0100571,0.0111639,0.0125118,0.0144249,0.0170472,0.0205211,0.0254776,0.031781,0.0392525,0.0481331,0.05696,0.0654318,0.073622,0.080355,0.0845787,0.0853831,0.0835011,0.0805585,0.0774576,0.0736889,0.0691949,0.0657926,0.0661279,0.0705202,0.0779691,0.0865878,0.0945416,0.10147,0.10956,0.120794,0.136542,0.156438,0.175019,0.187944,0.198904,0.216207,0.240473,0.262394,0.277055,0.291339,0.309216,0.32909,0.34799,0.356595,0.357206,0.353753,0.344811,0.33785,0.327122,0.30895,0.28857,0.27156,0.257683,0.245138,0.234645,0.225395,0.2137,0.197585,0.185209,0.178225,0.16832,0.157281,0.148413,0.1353,0.119,0.101795,0.0871078,0.0758638,0.0676793,0.0625382
0.0641169,0.0594486,0.051882,0.0423986,0.0330734,0.0244283,0.0173355,0.0116669,0.00846615,0.00634208,0.00468144,0.00352945,0.0025357,0.00197525,0.00163332,0.00144965,0.00132343,0.00121228,0.00110584,0.00100222,0.000933462,0.000868468,0.000774274,0.000666893,0.00058777,0.000505822,0.000427641,0.000388079,0.000373008,0.000372066,0.000381486,0.000405034,0.000443654,0.000499228,0.000555744,0.000606609,0.000632042,0.000671603,0.000704571,0.00074319,0.000778984,0.000817604,0.000886365,0.000947591,0.00107664,0.00126503,0.0014666,0.00169926,0.00201952,0.00233978,0.00280415,0.00340511,0.00413794,0.00483874,0.00576185,0.00708904,0.00848311,0.01061,0.0137683,0.0182331,0.0237906,0.0313007,0.0402321,0.0511963,0.0627087,0.0763649,0.0930853,0.111707,0.126725,0.142254,0.1607,0.17918,0.190506,0.197391,0.208143,0.223097,0.234927,0.244709,0.251651,0.264195,0.293311,0.340422,0.40027,0.457503,0.517707,0.56644,0.585686,0.592275,0.590518,0.575453,0.542675,0.477039,0.395696,0.294862,0.209193,0.146621,0.099532,0.0642686,0.0440743,0.0322991,0.0243209,0.0186598,0.013903,0.0106373,0.0084963,0.00720396,0.00663879,0.00678573,0.00744132,0.00831356,0.00942128,0.0106053,0.0121887,0.0143721,0.0173468,0.0212652,0.0267709,0.0337883,0.0426369,0.0538648,0.0654752,0.0771213,0.087736,0.096643,0.102209,0.103261,0.099921,0.0959837,0.0928131,0.0886629,0.0823576,0.0757875,0.0722317,0.0735636,0.078424,0.0855281,0.0923346,0.0977715,0.104744,0.115761,0.130252,0.149385,0.168409,0.182242,0.190926,0.204302,0.223836,0.240869,0.254309,0.267455,0.288569,0.316227,0.338025,0.351035,0.350695,0.342144,0.336181,0.334315,0.32718,0.310192,0.289884,0.275243,0.266615,0.259157,0.250739,0.236565,0.218911,0.203361,0.195411,0.191327,0.184466,0.173185,0.161665,0.146295,0.128136,0.110744,0.0957548,0.0833843,0.0736135,0.0676671
0.0696998,0.0645144,0.05576,0.0448806,0.0340662,0.0243746,0.0165725,0.010756,0.00762783,0.00530689,0.00398535,0.00272692,0.00195264,0.00153442,0.00131024,0.00113033,0.00100222,0.000936288,0.00088354,0.000799707,0.000701745,0.000618854,0.000550093,0.000468144,0.000395615,0.000354169,0.00032026,0.000303305,0.000292943,0.000294827,0.000303305,0.000319318,0.00034004,0.000368298,0.000394673,0.000435176,0.000472854,0.000516183,0.000551035,0.000577409,0.000615087,0.000645229,0.00072341,0.00082043,0.000925927,0.00104838,0.00124619,0.00144305,0.001671,0.00198843,0.0023426,0.0029332,0.00373573,0.00452037,0.00542557,0.00681588,0.00831921,0.0105855,0.0140566,0.0187747,0.0246572,0.0327352,0.0428083,0.0557346,0.0699079,0.0867884,0.106728,0.125636,0.143562,0.162313,0.185639,0.209329,0.222414,0.226455,0.237258,0.253668,0.267307,0.279849,0.288627,0.296468,0.327009,0.389274,0.45661,0.519685,0.56439,0.584945,0.593233,0.59364,0.586193,0.562998,0.49538,0.40592,0.311291,0.228563,0.157868,0.103476,0.0652397,0.0431578,0.0307901,0.022631,0.0171216,0.0128038,0.0099563,0.00797823,0.00662089,0.00554803,0.00527957,0.00558759,0.00642591,0.0074093,0.00844355,0.00966713,0.0112129,0.0133454,0.016515,0.0205126,0.0258562,0.0329246,0.0419163,0.0535417,0.0659829,0.0786369,0.0901945,0.100529,0.107642,0.109928,0.107568,0.10442,0.102059,0.0980041,0.0909405,0.0820797,0.075294,0.073314,0.0750151,0.0796627,0.0848132,0.0894278,0.0956804,0.10717,0.120316,0.13645,0.154373,0.169154,0.178746,0.193133,0.211082,0.225787,0.237087,0.249088,0.271493,0.300405,0.323482,0.34004,0.348701,0.345246,0.342656,0.342119,0.333459,0.321081,0.306235,0.292099,0.279305,0.269113,0.258942,0.245028,0.230366,0.217544,0.208838,0.203217,0.199232,0.191463,0.179272,0.162541,0.144196,0.124452,0.108653,0.0931861,0.080891,0.0737416
0.0732019,0.0661835,0.0561933,0.0445227,0.0331497,0.0229711,0.0148826,0.0095833,0.00662184,0.00446197,0.0030679,0.00202517,0.00147131,0.00119344,0.000992805,0.000897669,0.000804417,0.000711165,0.000629216,0.000562338,0.000486041,0.000416337,0.000370182,0.000335331,0.000303305,0.000269395,0.000240195,0.000232659,0.000226066,0.000232659,0.000235485,0.00024773,0.000268453,0.000289176,0.00031084,0.000333447,0.000353227,0.000372066,0.000390905,0.000417279,0.000459667,0.000508647,0.000570816,0.00065088,0.00078181,0.000902378,0.00100976,0.00121133,0.00139407,0.00163144,0.0019988,0.00252534,0.00333352,0.00423779,0.00515618,0.00660677,0.00823067,0.0106223,0.0144691,0.0197789,0.0262396,0.0347425,0.0463302,0.0615887,0.0796241,0.100304,0.121937,0.146027,0.168682,0.19234,0.218686,0.245727,0.26192,0.266455,0.277057,0.292753,0.307041,0.326402,0.334853,0.340176,0.378409,0.449392,0.529185,0.567935,0.584882,0.595006,0.597142,0.589253,0.567594,0.514497,0.421171,0.32016,0.236082,0.168741,0.111248,0.0673628,0.0428055,0.0295844,0.0207349,0.0147536,0.0110085,0.00879772,0.00718323,0.00567801,0.00479542,0.00434988,0.00433952,0.00465695,0.00521458,0.00614051,0.00726047,0.00828436,0.00969633,0.0116179,0.0144173,0.0183895,0.0230097,0.0293132,0.0368732,0.0467353,0.0576646,0.0685478,0.0790627,0.0890642,0.0973071,0.101177,0.100672,0.0991533,0.0979514,0.0949202,0.088629,0.0799528,0.0724973,0.0689151,0.0684395,0.0708084,0.0747175,0.0788451,0.0850685,0.0955475,0.108078,0.121181,0.136311,0.152847,0.167158,0.18452,0.202764,0.216508,0.225063,0.238945,0.264407,0.290354,0.309406,0.331558,0.349914,0.352028,0.351219,0.350209,0.343126,0.335354,0.324071,0.309347,0.295752,0.284412,0.272338,0.26019,0.251837,0.241938,0.231157,0.222911,0.218732,0.212671,0.200188,0.183402,0.164471,0.142866,0.121692,0.103813,0.0882023,0.0789138
0.0714574,0.0622839,0.0516739,0.040267,0.029803,0.020199,0.0125184,0.00819205,0.00534739,0.00362176,0.00221921,0.00148732,0.0010983,0.000915565,0.00078652,0.000651822,0.000569874,0.000496402,0.000421989,0.000376776,0.00034004,0.000312724,0.00028164,0.000251498,0.000231717,0.000199691,0.00018462,0.000174259,0.000174259,0.000174259,0.00018462,0.000192156,0.000207227,0.000224182,0.000237369,0.000251498,0.000271279,0.000288234,0.000307072,0.000321201,0.00034475,0.000372066,0.000417279,0.000505822,0.000607551,0.000719642,0.000864701,0.000970198,0.00114163,0.00136016,0.00164651,0.00217023,0.00294733,0.00394861,0.0048962,0.00637222,0.00816191,0.0106759,0.0150079,0.0208894,0.0282525,0.0372895,0.0507404,0.0680825,0.0899562,0.11472,0.142071,0.172558,0.202695,0.234088,0.265828,0.299176,0.325275,0.339874,0.348554,0.352847,0.36039,0.375735,0.389911,0.40586,0.449277,0.518514,0.574199,0.592718,0.596379,0.59901,0.594585,0.57057,0.502179,0.420827,0.331408,0.245282,0.176896,0.117617,0.0715714,0.0434762,0.0292793,0.0198975,0.0129554,0.00922442,0.00734054,0.0058372,0.00476339,0.00405976,0.00341736,0.00315173,0.00323745,0.00363683,0.00419352,0.00480107,0.00558759,0.00674994,0.00791041,0.009507,0.011665,0.0147677,0.0187926,0.0234119,0.0294968,0.0363391,0.0441421,0.0520356,0.0596898,0.0674627,0.0749228,0.0795016,0.0805453,0.0798746,0.0794517,0.0776695,0.0737369,0.0681314,0.0633624,0.0602841,0.0590398,0.0599903,0.0627643,0.0666338,0.0728713,0.0820156,0.0925409,0.10531,0.118825,0.134404,0.151647,0.170809,0.189145,0.202564,0.21235,0.229554,0.255007,0.279882,0.296158,0.32091,0.343264,0.352804,0.354071,0.357895,0.360807,0.360387,0.348516,0.328414,0.313884,0.304003,0.294806,0.286572,0.276747,0.266092,0.256372,0.249637,0.244352,0.235924,0.221108,0.202969,0.180646,0.155352,0.130405,0.110689,0.0933896,0.0806724
0.0639615,0.0535455,0.0431964,0.0334784,0.02427,0.0163596,0.0100712,0.00675653,0.00435741,0.00264214,0.00159376,0.00108982,0.000847746,0.000662184,0.000556686,0.000450247,0.000385253,0.000345692,0.000314608,0.00028164,0.00025715,0.000235485,0.000215704,0.000192156,0.000174259,0.000152594,0.000137523,0.000129988,0.000128104,0.000132814,0.000140349,0.000149768,0.000159188,0.000172375,0.000181794,0.000192156,0.000203459,0.000217588,0.000232659,0.000245846,0.000264685,0.000293885,0.000321201,0.000363589,0.000429525,0.000544441,0.000652764,0.000808184,0.000934404,0.00110678,0.001379,0.00180381,0.00253664,0.00356618,0.00463058,0.0060237,0.0079349,0.0105299,0.015202,0.0215431,0.0295534,0.0396557,0.0545779,0.0746977,0.101989,0.134184,0.170528,0.211261,0.252381,0.300145,0.35266,0.403316,0.435489,0.453659,0.446141,0.434558,0.43261,0.433437,0.446873,0.476519,0.5268,0.561315,0.588614,0.600519,0.59996,0.594064,0.577148,0.528347,0.428831,0.334091,0.253836,0.184794,0.127562,0.0800121,0.0471799,0.0294064,0.0192033,0.0119636,0.00800272,0.00562526,0.00448834,0.00367922,0.0029219,0.00236615,0.00211089,0.00202988,0.00213349,0.00242455,0.00293697,0.00357278,0.00422366,0.00488019,0.00588524,0.0073509,0.00888626,0.010821,0.0133595,0.0169408,0.020798,0.0254983,0.0306413,0.0356534,0.0406164,0.0458951,0.050828,0.0543057,0.0555066,0.0551082,0.0547785,0.0541785,0.05305,0.0512952,0.0496694,0.0481849,0.0475378,0.0480135,0.050244,0.0537725,0.0590888,0.0666696,0.0755671,0.0864428,0.100275,0.114358,0.128919,0.147588,0.167642,0.184064,0.196542,0.215232,0.243878,0.268761,0.288015,0.314215,0.339733,0.361377,0.368485,0.367676,0.373765,0.382945,0.378554,0.361167,0.341498,0.330417,0.323414,0.318037,0.306308,0.290612,0.281842,0.278322,0.269333,0.255552,0.239205,0.217321,0.188841,0.158249,0.130204,0.109851,0.0913408,0.07591
0.0524802,0.0421198,0.0335679,0.0254512,0.0183,0.0118251,0.00779644,0.00493294,0.00314137,0.00178686,0.00114822,0.000824197,0.000607551,0.00046155,0.000377718,0.000326853,0.000292943,0.000261859,0.000237369,0.000217588,0.000195923,0.00017991,0.000164839,0.000148826,0.000127162,0.000113033,9.79617e-05,8.85423e-05,8.66585e-05,9.3252e-05,0.000101729,0.000111149,0.000120568,0.000125278,0.000134697,0.000146001,0.000151652,0.000161072,0.000174259,0.000187446,0.000198749,0.000224182,0.00024773,0.00028164,0.000325911,0.000382428,0.000483215,0.000617912,0.000769565,0.000924043,0.00114822,0.00153065,0.00216269,0.00314137,0.00428488,0.00551317,0.00752704,0.0100279,0.0146302,0.0212605,0.02964,0.0409292,0.058405,0.0837262,0.118699,0.164013,0.219041,0.288198,0.364011,0.445952,0.519871,0.559719,0.574653,0.576047,0.561586,0.552665,0.545167,0.521801,0.522545,0.553509,0.578266,0.591455,0.597687,0.600124,0.597407,0.584012,0.54851,0.469755,0.367767,0.265558,0.191058,0.132508,0.0878349,0.0534683,0.0323773,0.0195961,0.0116169,0.00743002,0.00472194,0.00320919,0.00227949,0.00180381,0.00154101,0.00139407,0.00133661,0.00134038,0.00141574,0.00155891,0.00179251,0.00218059,0.0026817,0.00336084,0.00415961,0.00500735,0.00628933,0.00769,0.00910762,0.010724,0.0128292,0.0158877,0.019063,0.0222797,0.0256989,0.0292614,0.032349,0.0346728,0.0358239,0.0357419,0.0354725,0.0353915,0.0353058,0.0351843,0.0351965,0.0351617,0.0353661,0.0358757,0.0375325,0.040639,0.0451679,0.0513291,0.0582458,0.0668579,0.0780293,0.0903396,0.104649,0.120918,0.142285,0.164117,0.181536,0.201268,0.228884,0.257044,0.285958,0.319028,0.355222,0.382298,0.39276,0.386608,0.387287,0.399447,0.405529,0.396919,0.383083,0.370723,0.359213,0.358079,0.349539,0.32915,0.314565,0.302608,0.286966,0.271054,0.252362,0.225692,0.191365,0.154977,0.122932,0.0998645,0.0812235,0.0650607
0.0404054,0.0315936,0.0241702,0.0179534,0.0122122,0.00830885,0.00534833,0.00339098,0.00192815,0.00122735,0.000847746,0.000574583,0.000409744,0.000340982,0.000296711,0.000251498,0.000225124,0.000197807,0.00018462,0.000168607,0.000152594,0.000140349,0.000123394,0.000110207,8.76004e-05,7.34713e-05,6.311e-05,5.84003e-05,5.55744e-05,5.93422e-05,6.311e-05,7.06455e-05,7.62971e-05,8.38326e-05,9.3252e-05,0.000102671,0.000109265,0.000117742,0.000123394,0.000134697,0.000151652,0.000168607,0.00018933,0.000214762,0.00024773,0.000300479,0.000355111,0.000450247,0.000600958,0.000769565,0.000953243,0.00129611,0.00178498,0.00263743,0.00381015,0.00495366,0.00689029,0.00929506,0.0135658,0.0203647,0.0293395,0.0417138,0.0619278,0.0969284,0.14699,0.213035,0.313167,0.449076,0.564061,0.603573,0.614621,0.619513,0.620183,0.617799,0.613089,0.607585,0.599706,0.585013,0.581789,0.594,0.602755,0.605976,0.606742,0.60459,0.600062,0.581203,0.523987,0.416157,0.297916,0.206974,0.140061,0.0912174,0.0565173,0.0353444,0.0213915,0.0120851,0.00736503,0.00443559,0.0024773,0.00154101,0.00121133,0.00100222,0.000925927,0.000899552,0.000907088,0.000933462,0.000973024,0.00103425,0.00114728,0.00131777,0.00153913,0.00190837,0.002466,0.00327512,0.004137,0.00488019,0.00578539,0.00691007,0.00781716,0.00893901,0.0102163,0.0118082,0.0138371,0.0165094,0.0188105,0.0205446,0.0217494,0.0220951,0.0220009,0.0218775,0.0219472,0.0223682,0.0227469,0.0232687,0.0239215,0.0247768,0.0264873,0.0293358,0.0328285,0.0373781,0.0432266,0.0501856,0.0580037,0.0677434,0.0809578,0.0976518,0.118062,0.141321,0.163649,0.185843,0.212996,0.243679,0.279885,0.322127,0.368911,0.403187,0.417685,0.413267,0.412322,0.426059,0.439966,0.437911,0.428482,0.4116,0.394078,0.388011,0.387049,0.378177,0.356484,0.322997,0.298554,0.280788,0.25958,0.227764,0.188753,0.148776,0.113096,0.0856073,0.0666253,0.0521656
0.0302174,0.0225312,0.0164453,0.0114173,0.0080809,0.00536152,0.00346916,0.00189424,0.00120003,0.000841152,0.00056328,0.000379602,0.000317434,0.000271279,0.000233601,0.000195923,0.000174259,0.00015542,0.000143175,0.000127162,0.000118684,0.000105497,8.38326e-05,6.97035e-05,5.93422e-05,4.80389e-05,4.05034e-05,3.1084e-05,2.82582e-05,3.1084e-05,4.05034e-05,4.33292e-05,4.99228e-05,5.55744e-05,5.93422e-05,6.311e-05,6.78197e-05,7.53552e-05,7.8181e-05,9.23101e-05,0.000107381,0.000122452,0.000138465,0.000161072,0.000190272,0.000232659,0.00028164,0.000350402,0.000459667,0.000618854,0.000829849,0.00107099,0.00151181,0.0021966,0.00324592,0.00441581,0.00601805,0.00854716,0.0126239,0.0196668,0.0291201,0.043479,0.0714066,0.122882,0.199076,0.314305,0.489919,0.603778,0.626694,0.647368,0.664064,0.671384,0.667486,0.655107,0.642086,0.626998,0.61531,0.608258,0.605811,0.609051,0.612931,0.614954,0.615427,0.611402,0.604041,0.582644,0.492171,0.358668,0.233266,0.153905,0.097309,0.0587243,0.036244,0.0227488,0.0129752,0.00762123,0.00442994,0.00226819,0.00129611,0.000920275,0.000742249,0.000628274,0.000593422,0.000588712,0.000613203,0.000642403,0.000697035,0.000746016,0.000794055,0.000868468,0.000947591,0.00113033,0.00141762,0.00178686,0.0022729,0.00283147,0.00339758,0.00397875,0.00442994,0.00492729,0.00555839,0.00639765,0.00731039,0.00829095,0.00953243,0.0106128,0.0115246,0.0119391,0.0118873,0.0118006,0.0120305,0.0123809,0.0127557,0.0132738,0.0140547,0.0152717,0.0170397,0.0193738,0.0222712,0.026218,0.0311076,0.036389,0.0428658,0.0511445,0.0620748,0.0770836,0.0954392,0.117807,0.141932,0.166411,0.194067,0.226359,0.265898,0.312704,0.371128,0.416011,0.441098,0.448935,0.451616,0.463522,0.477165,0.477387,0.469954,0.455683,0.436554,0.419616,0.410975,0.402773,0.38256,0.343529,0.312062,0.288241,0.258629,0.219964,0.178735,0.136734,0.0993671,0.0704835,0.0523888,0.0396048
0.0211607,0.0151238,0.0103547,0.00745357,0.00498098,0.00322991,0.00173694,0.00104555,0.000745074,0.000508647,0.000350402,0.000284466,0.000246788,0.000215704,0.00018462,0.000159188,0.000138465,0.000123394,0.000110207,9.3252e-05,7.8181e-05,6.68777e-05,5.84003e-05,4.7097e-05,3.76776e-05,2.73163e-05,2.16646e-05,2.07227e-05,1.97807e-05,1.97807e-05,2.07227e-05,2.54324e-05,2.73163e-05,2.92001e-05,3.67357e-05,4.05034e-05,4.33292e-05,4.80389e-05,5.08647e-05,5.93422e-05,6.68777e-05,7.91229e-05,0.000101729,0.00012151,0.000148826,0.00017991,0.000230775,0.000288234,0.000365473,0.000510531,0.000699861,0.000936288,0.00132248,0.00185374,0.00273257,0.00396462,0.00538413,0.00796222,0.0118581,0.0192278,0.0301995,0.0497438,0.0923374,0.163496,0.280237,0.500186,0.612876,0.647413,0.688807,0.715075,0.726755,0.726703,0.719042,0.699739,0.673999,0.648333,0.633762,0.624933,0.620965,0.623454,0.625725,0.626565,0.625442,0.618485,0.607261,0.572622,0.432273,0.278059,0.172275,0.10606,0.0622066,0.0368694,0.022388,0.0130402,0.00775028,0.00448458,0.0022324,0.00116612,0.0007771,0.000551977,0.000422931,0.000385253,0.000376776,0.00037866,0.000389021,0.000416337,0.000451189,0.000476622,0.000505822,0.000537848,0.000607551,0.000704571,0.00087883,0.00101447,0.00124713,0.00143646,0.00158528,0.00176896,0.00200727,0.0022437,0.00261294,0.00302834,0.00343054,0.00397028,0.0046042,0.00530406,0.00594835,0.00644852,0.00654083,0.00649844,0.00659075,0.00674335,0.00697412,0.00728308,0.00777477,0.00849347,0.00965771,0.0113297,0.0137043,0.0171603,0.0209167,0.0255398,0.0314928,0.0387495,0.0483903,0.0603181,0.0759232,0.0962314,0.119395,0.144863,0.173807,0.210458,0.256697,0.310914,0.378701,0.430219,0.460032,0.47591,0.486972,0.503884,0.509926,0.509429,0.502676,0.490681,0.47073,0.450831,0.429978,0.413489,0.389723,0.355586,0.318971,0.284555,0.243977,0.20131,0.158474,0.116134,0.0807101,0.0549801,0.0393156,0.0291898
0.0135875,0.00941751,0.00668212,0.0044582,0.00269018,0.00150145,0.000919333,0.000588712,0.000389021,0.000308014,0.00024773,0.000217588,0.000192156,0.000169549,0.000148826,0.000123394,0.000111149,9.3252e-05,7.62971e-05,6.49938e-05,5.55744e-05,4.52131e-05,3.67357e-05,2.73163e-05,2.07227e-05,1.78969e-05,1.41291e-05,1.13033e-05,1.13033e-05,1.13033e-05,1.13033e-05,1.41291e-05,1.69549e-05,1.97807e-05,2.07227e-05,2.54324e-05,2.63743e-05,2.73163e-05,3.1084e-05,4.05034e-05,4.7097e-05,5.55744e-05,6.68777e-05,8.66585e-05,0.000118684,0.000148826,0.000187446,0.000237369,0.000314608,0.000409744,0.000607551,0.000851514,0.00114446,0.00160507,0.00236992,0.00358031,0.00504409,0.00760522,0.0114333,0.019761,0.0334323,0.0604697,0.122024,0.228928,0.438881,0.616955,0.66589,0.716746,0.757144,0.783812,0.795932,0.784565,0.761938,0.729589,0.69515,0.671043,0.652983,0.64287,0.640462,0.641679,0.641245,0.63863,0.633725,0.621981,0.603854,0.501778,0.313235,0.190099,0.112929,0.0639144,0.0380741,0.0224907,0.0126512,0.00771825,0.00449588,0.0022437,0.00115576,0.000680081,0.000414454,0.000325911,0.000288234,0.000275046,0.000274104,0.000275046,0.000287292,0.000303305,0.000317434,0.000325911,0.000329679,0.000339098,0.000356995,0.000391847,0.000473796,0.000606609,0.000722468,0.000824197,0.000890133,0.00091274,0.000935346,0.000972082,0.00104273,0.00116612,0.00128952,0.00145059,0.00172375,0.00218247,0.00267793,0.00310652,0.00326759,0.00320165,0.00308674,0.00315079,0.0033307,0.00364813,0.00408613,0.00460138,0.00540391,0.00678856,0.00819582,0.0101334,0.0129818,0.0172563,0.0225359,0.0295722,0.0374826,0.0472637,0.0599121,0.0779323,0.101038,0.126136,0.157434,0.198364,0.25279,0.315831,0.386961,0.443679,0.475602,0.50217,0.533372,0.549837,0.55016,0.544813,0.539522,0.522453,0.492833,0.470537,0.445528,0.411058,0.376528,0.336348,0.298949,0.256294,0.210652,0.16824,0.125865,0.0877699,0.0585114,0.0397734,0.0282874,0.0199418
0.00842848,0.0057204,0.0038676,0.00213255,0.00123394,0.000764855,0.000450247,0.00032026,0.000255266,0.00021382,0.00018462,0.000162014,0.000148826,0.00012622,0.000112091,9.3252e-05,7.62971e-05,6.40519e-05,5.55744e-05,4.52131e-05,3.95615e-05,2.73163e-05,2.16646e-05,1.78969e-05,1.31872e-05,1.13033e-05,9.4194e-06,6.59358e-06,6.59358e-06,6.59358e-06,6.59358e-06,8.47746e-06,1.13033e-05,1.13033e-05,1.13033e-05,1.5071e-05,1.88388e-05,2.07227e-05,2.16646e-05,2.63743e-05,2.82582e-05,4.05034e-05,4.99228e-05,6.49938e-05,8.76004e-05,0.00012151,0.000157304,0.000204401,0.000270337,0.000354169,0.000520893,0.000751668,0.00100411,0.00145341,0.00216269,0.00334294,0.00485005,0.00736691,0.0114992,0.0215422,0.038514,0.0770836,0.163217,0.355941,0.604775,0.667077,0.728266,0.789146,0.840374,0.874658,0.870172,0.834101,0.78975,0.74613,0.712653,0.687112,0.67072,0.660875,0.658825,0.659715,0.656427,0.647236,0.634483,0.614778,0.55745,0.341535,0.192165,0.110913,0.0605168,0.0355262,0.021513,0.0120691,0.00732076,0.00434988,0.00217776,0.00112468,0.000659358,0.00036924,0.000271279,0.000230775,0.000207227,0.000200633,0.000200633,0.000205343,0.000211936,0.000219472,0.000232659,0.000234543,0.000236427,0.000237369,0.000240195,0.00025715,0.000282582,0.000323085,0.00036924,0.000417279,0.000460609,0.000464376,0.000449305,0.000442712,0.00046155,0.000512415,0.000565164,0.000627332,0.000719642,0.000879772,0.00099563,0.00115576,0.00125466,0.00123582,0.00114728,0.00113033,0.00123206,0.00137806,0.00159376,0.00193098,0.00253664,0.00358314,0.00463717,0.0060482,0.00794338,0.0105855,0.0151379,0.0210034,0.0280293,0.0359331,0.0465168,0.0623103,0.0845325,0.112369,0.14579,0.189887,0.246048,0.309207,0.384735,0.449619,0.490626,0.530701,0.561738,0.576564,0.577383,0.570409,0.558663,0.53778,0.512482,0.484721,0.447457,0.397819,0.345314,0.295505,0.25288,0.208059,0.165098,0.125576,0.0897471,0.059118,0.0393872,0.0270949,0.0186231,0.0121567
0.0049141,0.00317151,0.00166723,0.000973024,0.000607551,0.000354169,0.000259975,0.000209111,0.000174259,0.000149768,0.000129988,0.000120568,0.000106439,8.85423e-05,7.62971e-05,6.311e-05,5.18067e-05,4.33292e-05,3.67357e-05,2.73163e-05,2.16646e-05,1.78969e-05,1.31872e-05,1.13033e-05,6.59358e-06,5.65164e-06,5.65164e-06,5.65164e-06,5.65164e-06,5.65164e-06,5.65164e-06,5.65164e-06,5.65164e-06,6.59358e-06,6.59358e-06,9.4194e-06,1.13033e-05,1.31872e-05,1.5071e-05,1.88388e-05,2.07227e-05,2.63743e-05,3.57937e-05,4.80389e-05,6.59358e-05,9.60779e-05,0.000129988,0.000174259,0.000232659,0.00031084,0.000429525,0.000645229,0.000925927,0.00133473,0.00198373,0.00317151,0.0047097,0.00728402,0.0121435,0.02419,0.0463896,0.0983602,0.215579,0.530376,0.640912,0.719504,0.790639,0.874023,0.939875,0.957767,0.928137,0.862166,0.797864,0.750031,0.720256,0.698906,0.685278,0.676742,0.67088,0.667832,0.657816,0.640615,0.61819,0.567256,0.339281,0.182918,0.0989084,0.0522937,0.0304068,0.0178149,0.0101861,0.00624977,0.00376776,0.00190083,0.00103142,0.000617912,0.000348518,0.000235485,0.00018462,0.000161072,0.000152594,0.000151652,0.000152594,0.000153536,0.000157304,0.000162014,0.000167665,0.000170491,0.000171433,0.000170491,0.000169549,0.000174259,0.00018462,0.000204401,0.000232659,0.000250556,0.000264685,0.000264685,0.00025715,0.000242079,0.000233601,0.000236427,0.000251498,0.000274104,0.000303305,0.000335331,0.000385253,0.000450247,0.000479447,0.000454957,0.000408802,0.000401266,0.000459667,0.000578351,0.000719642,0.000893901,0.00106345,0.00144965,0.00210147,0.00320071,0.00461362,0.00671791,0.00944106,0.0136911,0.0197374,0.0266541,0.0357749,0.0495441,0.069956,0.0993737,0.136655,0.183226,0.235335,0.297783,0.380963,0.454237,0.50735,0.551143,0.574504,0.587157,0.589247,0.582456,0.569224,0.542833,0.506169,0.470869,0.419668,0.360527,0.295003,0.240403,0.195759,0.154937,0.116844,0.0840531,0.0572775,0.0383822,0.0255812,0.0168268,0.0106317,0.00735938
0.00248672,0.00138088,0.000823255,0.000450247,0.00028164,0.000205343,0.000168607,0.000136581,0.000118684,0.000102671,8.76004e-05,7.62971e-05,6.87616e-05,5.93422e-05,4.99228e-05,4.14454e-05,3.01421e-05,2.63743e-05,2.07227e-05,1.78969e-05,1.13033e-05,9.4194e-06,6.59358e-06,5.65164e-06,5.65164e-06,5.65164e-06,5.65164e-06,4.7097e-06,4.7097e-06,4.7097e-06,5.65164e-06,5.65164e-06,5.65164e-06,5.65164e-06,5.65164e-06,5.65164e-06,6.59358e-06,6.59358e-06,9.4194e-06,1.13033e-05,1.31872e-05,1.88388e-05,2.54324e-05,3.48518e-05,4.99228e-05,7.15874e-05,0.000109265,0.000148826,0.000194982,0.000265627,0.000364531,0.000559512,0.000841152,0.00118684,0.00176049,0.00291059,0.00460232,0.00749407,0.0133049,0.0268688,0.0541135,0.121863,0.294972,0.608016,0.685245,0.763954,0.850066,0.944697,1,0.994716,0.934473,0.854288,0.787571,0.744851,0.720378,0.704884,0.691187,0.681846,0.672488,0.658376,0.639285,0.617098,0.548785,0.297248,0.159461,0.0838439,0.0443531,0.0253928,0.014034,0.00784918,0.00474078,0.00263837,0.00144399,0.000897669,0.000499228,0.000305188,0.000204401,0.000148826,0.00012151,0.000116801,0.000111149,0.000111149,0.000112091,0.000117742,0.000118684,0.000120568,0.00012151,0.00012151,0.000120568,0.000118684,0.000117742,0.000116801,0.000118684,0.000123394,0.000143175,0.000153536,0.000161072,0.000157304,0.000151652,0.000142233,0.000133755,0.000132814,0.000143175,0.000152594,0.000162956,0.00017991,0.000195923,0.000214762,0.000217588,0.000206285,0.000194982,0.00019404,0.000217588,0.000258091,0.00032026,0.000393731,0.000551977,0.000746016,0.000980559,0.00142798,0.00234449,0.00411345,0.0061763,0.00912363,0.0133171,0.0197751,0.0283364,0.040185,0.058258,0.0860688,0.124801,0.174313,0.225321,0.292039,0.384618,0.471634,0.539094,0.570506,0.581413,0.587282,0.589304,0.58164,0.563833,0.519414,0.46032,0.409959,0.35241,0.288132,0.230079,0.179736,0.138218,0.104481,0.074093,0.0514497,0.0358003,0.0240581,0.0150823,0.00939491,0.00625919,0.00417844
0.00115388,0.000692326,0.000370182,0.000237369,0.000162956,0.000123394,0.000105497,8.00649e-05,6.87616e-05,6.311e-05,5.84003e-05,4.99228e-05,4.33292e-05,3.67357e-05,2.73163e-05,2.35485e-05,1.97807e-05,1.41291e-05,1.13033e-05,8.47746e-06,5.65164e-06,5.65164e-06,5.65164e-06,4.7097e-06,4.7097e-06,4.7097e-06,4.7097e-06,4.7097e-06,4.7097e-06,4.7097e-06,4.7097e-06,4.7097e-06,4.7097e-06,5.65164e-06,5.65164e-06,5.65164e-06,5.65164e-06,5.65164e-06,5.65164e-06,5.65164e-06,7.53552e-06,1.13033e-05,1.78969e-05,2.54324e-05,4.05034e-05,5.74583e-05,8.00649e-05,0.00012151,0.000167665,0.000232659,0.000314608,0.000450247,0.000711165,0.00100222,0.00152594,0.00255925,0.00444972,0.00762877,0.0144833,0.0289468,0.0606741,0.144649,0.380331,0.626209,0.71098,0.792161,0.884914,0.966008,0.9953,0.956787,0.880298,0.809663,0.756843,0.725682,0.70622,0.69443,0.67997,0.665804,0.650608,0.631508,0.607959,0.497074,0.267629,0.133269,0.0669437,0.036405,0.0214263,0.0117639,0.00673864,0.00361516,0.00170303,0.000957011,0.00062168,0.000361705,0.000240195,0.000171433,0.000118684,8.00649e-05,7.62971e-05,7.53552e-05,7.53552e-05,7.53552e-05,7.62971e-05,7.8181e-05,8.00649e-05,8.00649e-05,7.91229e-05,7.62971e-05,7.62971e-05,7.53552e-05,6.87616e-05,6.68777e-05,6.68777e-05,6.87616e-05,7.53552e-05,7.91229e-05,8.28907e-05,8.10068e-05,7.62971e-05,6.87616e-05,6.59358e-05,6.59358e-05,6.87616e-05,7.72391e-05,9.3252e-05,0.000111149,0.00012151,0.000125278,0.000127162,0.00012622,0.000123394,0.000123394,0.000129988,0.000152594,0.000187446,0.000233601,0.000287292,0.000357937,0.00052466,0.000805359,0.00126973,0.00229268,0.00419728,0.00654271,0.00956822,0.0150381,0.0229918,0.0339607,0.0492955,0.0744726,0.11327,0.163544,0.221228,0.294092,0.39209,0.492412,0.556582,0.576625,0.58253,0.581571,0.576895,0.561652,0.522783,0.450407,0.381677,0.317661,0.263626,0.211182,0.16438,0.122571,0.0894174,0.0631015,0.044485,0.0313299,0.0214649,0.0134396,0.00854528,0.00551129,0.00360669,0.00199503
0.000604725,0.000327795,0.000210053,0.000137523,9.60779e-05,7.15874e-05,5.93422e-05,4.99228e-05,4.33292e-05,4.05034e-05,3.1084e-05,2.73163e-05,2.54324e-05,2.07227e-05,1.69549e-05,1.13033e-05,1.13033e-05,6.59358e-06,5.65164e-06,5.65164e-06,4.7097e-06,4.7097e-06,4.7097e-06,4.7097e-06,3.76776e-06,2.82582e-06,2.82582e-06,2.82582e-06,3.76776e-06,3.76776e-06,4.7097e-06,4.7097e-06,4.7097e-06,4.7097e-06,4.7097e-06,4.7097e-06,4.7097e-06,5.65164e-06,5.65164e-06,5.65164e-06,5.65164e-06,6.59358e-06,1.13033e-05,1.88388e-05,2.73163e-05,4.23873e-05,6.311e-05,9.70198e-05,0.000141291,0.000192156,0.000262801,0.000364531,0.000583061,0.000888249,0.00127821,0.00214197,0.00413512,0.00736503,0.0146142,0.0296947,0.0617159,0.150159,0.407984,0.633454,0.719567,0.795636,0.867762,0.917501,0.914337,0.866121,0.804992,0.758586,0.725056,0.702077,0.684062,0.669127,0.650119,0.632657,0.615403,0.583097,0.394632,0.209283,0.109635,0.0528494,0.028942,0.0161383,0.00917638,0.0055047,0.00288893,0.00133661,0.000721526,0.000384311,0.000258091,0.000178969,0.000129988,8.76004e-05,6.311e-05,5.36906e-05,5.08647e-05,5.08647e-05,5.08647e-05,5.27486e-05,5.55744e-05,5.84003e-05,5.84003e-05,5.84003e-05,5.65164e-05,5.36906e-05,4.99228e-05,4.80389e-05,4.52131e-05,4.33292e-05,4.23873e-05,4.23873e-05,4.23873e-05,4.14454e-05,4.14454e-05,4.14454e-05,4.05034e-05,3.95615e-05,3.2026e-05,3.39098e-05,4.05034e-05,4.33292e-05,5.36906e-05,6.311e-05,6.87616e-05,7.62971e-05,7.62971e-05,7.72391e-05,7.62971e-05,7.62971e-05,8.00649e-05,9.60779e-05,0.000118684,0.000143175,0.000174259,0.000219472,0.000303305,0.000421989,0.000790287,0.00139125,0.00275423,0.00473419,0.00745545,0.0114681,0.0187964,0.028488,0.0418099,0.0644287,0.101432,0.151082,0.218,0.300305,0.400465,0.497553,0.557064,0.57485,0.581204,0.572858,0.551124,0.496619,0.434264,0.361532,0.286332,0.230723,0.185149,0.143043,0.106847,0.0763047,0.05383,0.0377953,0.0262189,0.0177989,0.0112006,0.00747429,0.00486794,0.00313666,0.00170585,0.000989037
0.000301421,0.00018933,0.00012151,6.97035e-05,4.99228e-05,4.14454e-05,3.01421e-05,2.73163e-05,2.54324e-05,2.16646e-05,2.07227e-05,1.78969e-05,1.31872e-05,1.13033e-05,7.53552e-06,5.65164e-06,5.65164e-06,5.65164e-06,4.7097e-06,4.7097e-06,4.7097e-06,4.7097e-06,3.76776e-06,2.82582e-06,2.82582e-06,2.82582e-06,2.82582e-06,2.82582e-06,2.82582e-06,2.82582e-06,2.82582e-06,3.76776e-06,4.7097e-06,4.7097e-06,4.7097e-06,4.7097e-06,4.7097e-06,4.7097e-06,4.7097e-06,4.7097e-06,5.65164e-06,5.65164e-06,6.59358e-06,1.22452e-05,2.07227e-05,3.01421e-05,4.99228e-05,7.62971e-05,0.000120568,0.000165781,0.000227007,0.000309898,0.000450247,0.000712106,0.00103425,0.00171716,0.00355394,0.00691855,0.0135357,0.0275423,0.0570825,0.144629,0.403705,0.630261,0.709932,0.771194,0.818852,0.833261,0.813171,0.776625,0.738633,0.710545,0.6871,0.667009,0.646385,0.629462,0.612013,0.577693,0.429405,0.271813,0.158522,0.0812235,0.0411778,0.0233441,0.0126361,0.00720019,0.00408613,0.00202894,0.000972082,0.000540673,0.000309898,0.000197807,0.000136581,9.60779e-05,6.87616e-05,5.08647e-05,4.23873e-05,3.95615e-05,3.67357e-05,3.2026e-05,3.57937e-05,3.95615e-05,4.05034e-05,4.14454e-05,4.14454e-05,4.05034e-05,4.05034e-05,3.76776e-05,3.1084e-05,2.82582e-05,2.73163e-05,2.73163e-05,2.73163e-05,2.63743e-05,2.54324e-05,2.16646e-05,2.07227e-05,2.07227e-05,1.97807e-05,1.88388e-05,1.78969e-05,1.88388e-05,2.07227e-05,2.54324e-05,2.82582e-05,4.05034e-05,4.33292e-05,4.80389e-05,5.08647e-05,5.27486e-05,5.55744e-05,5.84003e-05,6.02841e-05,6.49938e-05,7.53552e-05,8.85423e-05,0.000118684,0.000153536,0.00021853,0.000312724,0.00052466,0.000947591,0.00179251,0.00361234,0.0057091,0.00913682,0.0150258,0.0235428,0.0354716,0.0554426,0.0893684,0.136373,0.206514,0.297307,0.398087,0.485336,0.545604,0.562768,0.562912,0.535659,0.472041,0.398857,0.318394,0.252157,0.198752,0.157359,0.12003,0.0871436,0.0615181,0.0445867,0.0322944,0.021853,0.0137749,0.00883163,0.00567613,0.00387514,0.00232377,0.00141668,0.000892017,0.000498286
0.000173317,0.000105497,5.55744e-05,3.01421e-05,2.54324e-05,2.07227e-05,1.97807e-05,1.78969e-05,1.5071e-05,1.13033e-05,1.13033e-05,6.59358e-06,5.65164e-06,5.65164e-06,5.65164e-06,4.7097e-06,4.7097e-06,4.7097e-06,4.7097e-06,3.76776e-06,2.82582e-06,2.82582e-06,2.82582e-06,2.82582e-06,2.82582e-06,2.82582e-06,2.82582e-06,2.82582e-06,2.82582e-06,2.82582e-06,2.82582e-06,2.82582e-06,2.82582e-06,3.76776e-06,4.7097e-06,4.7097e-06,4.7097e-06,4.7097e-06,4.7097e-06,4.7097e-06,4.7097e-06,5.65164e-06,5.65164e-06,9.4194e-06,1.69549e-05,2.54324e-05,4.23873e-05,6.311e-05,0.000101729,0.000147885,0.000194982,0.000263743,0.000360763,0.000566106,0.000891075,0.0014261,0.00306319,0.00657662,0.0129112,0.025958,0.053473,0.134694,0.35769,0.61382,0.676112,0.725873,0.752287,0.750248,0.732018,0.707175,0.685911,0.660291,0.639083,0.622179,0.606859,0.563776,0.408249,0.269618,0.172144,0.104463,0.0582901,0.0318865,0.0171282,0.00951548,0.00564222,0.00315267,0.00146566,0.00081572,0.000395615,0.000270337,0.000190272,0.000134697,9.13682e-05,6.59358e-05,4.99228e-05,3.67357e-05,2.73163e-05,2.63743e-05,2.54324e-05,2.54324e-05,2.54324e-05,2.54324e-05,2.63743e-05,2.63743e-05,2.63743e-05,2.63743e-05,2.54324e-05,2.54324e-05,2.16646e-05,2.07227e-05,2.07227e-05,2.07227e-05,1.97807e-05,1.78969e-05,1.5071e-05,1.31872e-05,1.13033e-05,1.13033e-05,8.47746e-06,6.59358e-06,7.53552e-06,9.4194e-06,1.13033e-05,1.5071e-05,1.97807e-05,2.16646e-05,2.63743e-05,2.73163e-05,3.2026e-05,4.05034e-05,4.14454e-05,4.33292e-05,4.7097e-05,4.99228e-05,5.84003e-05,6.59358e-05,8.19488e-05,0.00012151,0.000174259,0.000251498,0.000389021,0.000764855,0.00134038,0.00256302,0.00459572,0.00744132,0.0117554,0.0196639,0.0307327,0.047811,0.0774764,0.121473,0.185826,0.269221,0.36203,0.438432,0.483207,0.492382,0.471903,0.424777,0.357187,0.279142,0.215002,0.164856,0.124757,0.0944624,0.0683066,0.0480418,0.034637,0.0255379,0.0179449,0.0111215,0.0071691,0.00438285,0.00253664,0.00151746,0.000977733,0.000642403,0.000382428,0.000259975
0.000105497,5.27486e-05,2.73163e-05,1.78969e-05,1.41291e-05,1.31872e-05,1.13033e-05,1.13033e-05,6.59358e-06,5.65164e-06,5.65164e-06,5.65164e-06,4.7097e-06,4.7097e-06,4.7097e-06,4.7097e-06,3.76776e-06,2.82582e-06,2.82582e-06,2.82582e-06,2.82582e-06,2.82582e-06,2.82582e-06,2.82582e-06,1.88388e-06,1.88388e-06,1.88388e-06,1.88388e-06,1.88388e-06,2.82582e-06,2.82582e-06,2.82582e-06,2.82582e-06,2.82582e-06,2.82582e-06,3.76776e-06,3.76776e-06,4.7097e-06,4.7097e-06,4.7097e-06,4.7097e-06,4.7097e-06,5.65164e-06,6.59358e-06,1.13033e-05,2.07227e-05,3.1084e-05,5.55744e-05,8.10068e-05,0.000125278,0.000174259,0.000234543,0.000318376,0.00046155,0.00075261,0.00125466,0.00286444,0.0063515,0.0128952,0.0257969,0.0508374,0.118334,0.26874,0.565726,0.630634,0.670835,0.685993,0.676803,0.661373,0.642137,0.627825,0.610926,0.588969,0.496285,0.385572,0.266458,0.171573,0.107009,0.0640152,0.0388192,0.0230012,0.012119,0.00665951,0.00382051,0.00197242,0.00111997,0.000649938,0.000350402,0.000237369,0.00018462,0.000137523,0.000101729,6.78197e-05,4.99228e-05,3.76776e-05,2.63743e-05,2.16646e-05,2.07227e-05,1.88388e-05,1.78969e-05,1.5071e-05,1.78969e-05,1.78969e-05,1.88388e-05,1.88388e-05,1.78969e-05,1.78969e-05,1.5071e-05,1.41291e-05,1.31872e-05,1.13033e-05,1.13033e-05,1.13033e-05,1.13033e-05,8.47746e-06,6.59358e-06,5.65164e-06,5.65164e-06,5.65164e-06,5.65164e-06,5.65164e-06,5.65164e-06,5.65164e-06,8.47746e-06,1.13033e-05,1.5071e-05,1.88388e-05,2.07227e-05,2.54324e-05,2.73163e-05,2.82582e-05,3.1084e-05,4.05034e-05,4.23873e-05,4.80389e-05,5.84003e-05,7.15874e-05,0.000105497,0.000149768,0.000217588,0.000331563,0.000612261,0.00104367,0.001882,0.00370842,0.0059135,0.00956257,0.016305,0.0265467,0.0414595,0.0652265,0.10439,0.157758,0.223776,0.292381,0.355191,0.385327,0.377254,0.339854,0.290855,0.23413,0.182463,0.137593,0.100082,0.0699079,0.050115,0.0365944,0.0262829,0.0186598,0.0126455,0.00863288,0.00551317,0.00335519,0.00174918,0.00104273,0.00069421,0.000424815,0.00031084,0.000233601,0.000164839
5.55744e-05,2.73163e-05,1.5071e-05,1.13033e-05,8.47746e-06,6.59358e-06,5.65164e-06,5.65164e-06,5.65164e-06,4.7097e-06,4.7097e-06,3.76776e-06,2.82582e-06,2.82582e-06,2.82582e-06,2.82582e-06,2.82582e-06,2.82582e-06,2.82582e-06,1.88388e-06,1.88388e-06,1.88388e-06,1.88388e-06,1.88388e-06,0,0,0,0,1.88388e-06,1.88388e-06,2.82582e-06,2.82582e-06,2.82582e-06,2.82582e-06,2.82582e-06,2.82582e-06,2.82582e-06,3.76776e-06,3.76776e-06,4.7097e-06,4.7097e-06,4.7097e-06,5.65164e-06,5.65164e-06,1.13033e-05,1.78969e-05,2.73163e-05,4.80389e-05,7.62971e-05,0.000118684,0.000161072,0.000217588,0.000295769,0.000416337,0.000700803,0.00122358,0.00287857,0.00631194,0.0126889,0.0249482,0.0462408,0.0972487,0.195293,0.371681,0.574037,0.612729,0.616743,0.610394,0.607416,0.594794,0.547274,0.42333,0.315751,0.22975,0.166679,0.111836,0.0677848,0.0414397,0.0258751,0.0154544,0.00892111,0.00510249,0.00254701,0.00125466,0.000799707,0.00047097,0.000305188,0.000219472,0.000173317,0.000134697,0.000106439,7.62971e-05,5.55744e-05,4.14454e-05,2.73163e-05,2.07227e-05,1.78969e-05,1.31872e-05,1.13033e-05,1.13033e-05,1.13033e-05,1.13033e-05,1.13033e-05,1.13033e-05,1.13033e-05,1.13033e-05,1.13033e-05,1.13033e-05,8.47746e-06,7.53552e-06,6.59358e-06,6.59358e-06,5.65164e-06,5.65164e-06,5.65164e-06,5.65164e-06,5.65164e-06,4.7097e-06,4.7097e-06,4.7097e-06,4.7097e-06,4.7097e-06,5.65164e-06,5.65164e-06,6.59358e-06,1.13033e-05,1.31872e-05,1.69549e-05,2.07227e-05,2.16646e-05,2.54324e-05,2.73163e-05,2.92001e-05,3.76776e-05,4.23873e-05,4.99228e-05,6.311e-05,9.04262e-05,0.000133755,0.000192156,0.000287292,0.00047568,0.000888249,0.00147037,0.00280415,0.0048444,0.00806677,0.013239,0.0225312,0.0355083,0.0540363,0.0835293,0.125245,0.17716,0.228873,0.267029,0.276324,0.255386,0.220956,0.183459,0.145253,0.110199,0.0791267,0.0547163,0.0381071,0.0275922,0.0198015,0.0131203,0.00896915,0.00630252,0.00417091,0.00224653,0.00123582,0.000794997,0.00047568,0.00032026,0.00024773,0.000196865,0.000153536,0.000105497
2.63743e-05,1.31872e-05,5.65164e-06,5.65164e-06,5.65164e-06,5.65164e-06,4.7097e-06,4.7097e-06,4.7097e-06,2.82582e-06,2.82582e-06,2.82582e-06,2.82582e-06,2.82582e-06,1.88388e-06,1.88388e-06,9.4194e-07,0,0,0,0,0,0,0,0,0,0,0,0,1.88388e-06,1.88388e-06,2.82582e-06,2.82582e-06,2.82582e-06,2.82582e-06,2.82582e-06,2.82582e-06,2.82582e-06,3.76776e-06,4.7097e-06,4.7097e-06,4.7097e-06,4.7097e-06,5.65164e-06,6.59358e-06,1.5071e-05,2.54324e-05,4.33292e-05,7.15874e-05,0.000115859,0.000153536,0.000210995,0.000287292,0.00041257,0.000731887,0.00129799,0.00304623,0.00641744,0.0122688,0.0229692,0.039828,0.0722816,0.132698,0.218175,0.331421,0.430383,0.447626,0.417293,0.398673,0.329461,0.249834,0.190113,0.142451,0.101833,0.0672837,0.0432614,0.0285568,0.0172705,0.0097585,0.0059135,0.00346445,0.00154761,0.000822313,0.000493576,0.000335331,0.00024773,0.00018933,0.000149768,0.000123394,0.000101729,7.53552e-05,5.84003e-05,4.23873e-05,2.73163e-05,2.07227e-05,1.5071e-05,1.13033e-05,8.47746e-06,6.59358e-06,6.59358e-06,6.59358e-06,6.59358e-06,6.59358e-06,6.59358e-06,5.65164e-06,5.65164e-06,5.65164e-06,5.65164e-06,5.65164e-06,5.65164e-06,5.65164e-06,5.65164e-06,5.65164e-06,5.65164e-06,4.7097e-06,4.7097e-06,4.7097e-06,4.7097e-06,4.7097e-06,4.7097e-06,4.7097e-06,4.7097e-06,4.7097e-06,5.65164e-06,5.65164e-06,6.59358e-06,1.13033e-05,1.13033e-05,1.5071e-05,1.88388e-05,2.07227e-05,2.54324e-05,2.73163e-05,3.01421e-05,4.05034e-05,4.7097e-05,5.93422e-05,8.00649e-05,0.000123394,0.000174259,0.000250556,0.000387137,0.000706455,0.00115859,0.00211936,0.00413794,0.00700521,0.0111648,0.0187672,0.0291474,0.0430109,0.0642196,0.0965149,0.134855,0.170392,0.189806,0.186711,0.164708,0.135727,0.109065,0.0828624,0.059622,0.0425502,0.030224,0.0203374,0.0135658,0.00946555,0.00664256,0.00452508,0.00286726,0.00158999,0.000927811,0.000554803,0.000339098,0.000237369,0.000190272,0.000156362,0.000123394,8.47746e-05,5.08647e-05
8.47746e-06,5.65164e-06,4.7097e-06,4.7097e-06,4.7097e-06,4.7097e-06,2.82582e-06,2.82582e-06,2.82582e-06,1.88388e-06,0,0,0,0,0,0,0,0,0,0,0,0,0,0,0,0,0,0,0,0,1.88388e-06,2.82582e-06,2.82582e-06,2.82582e-06,2.82582e-06,2.82582e-06,2.82582e-06,2.82582e-06,2.82582e-06,3.76776e-06,4.7097e-06,4.7097e-06,4.7097e-06,5.65164e-06,6.59358e-06,1.31872e-05,2.35485e-05,4.23873e-05,6.87616e-05,0.000114917,0.00015542,0.000214762,0.000295769,0.000429525,0.000792171,0.00142045,0.00318752,0.00632795,0.0114794,0.0207745,0.0340182,0.054559,0.0892497,0.134036,0.182179,0.216213,0.221231,0.207292,0.189995,0.156097,0.116807,0.0844732,0.0611309,0.0430353,0.0290843,0.0183961,0.0113824,0.00705042,0.003926,0.00170209,0.000861875,0.000408802,0.000314608,0.000258091,0.000205343,0.000159188,0.000123394,0.000105497,8.38326e-05,6.59358e-05,5.18067e-05,4.14454e-05,2.73163e-05,2.07227e-05,1.31872e-05,8.47746e-06,5.65164e-06,5.65164e-06,5.65164e-06,5.65164e-06,5.65164e-06,5.65164e-06,5.65164e-06,5.65164e-06,5.65164e-06,5.65164e-06,5.65164e-06,5.65164e-06,4.7097e-06,4.7097e-06,4.7097e-06,4.7097e-06,4.7097e-06,4.7097e-06,4.7097e-06,4.7097e-06,4.7097e-06,3.76776e-06,3.76776e-06,3.76776e-06,3.76776e-06,4.7097e-06,4.7097e-06,4.7097e-06,5.65164e-06,5.65164e-06,6.59358e-06,1.13033e-05,1.13033e-05,1.5071e-05,1.88388e-05,2.07227e-05,2.54324e-05,2.73163e-05,3.2026e-05,4.33292e-05,5.84003e-05,7.62971e-05,0.000118684,0.000162014,0.000232659,0.00034475,0.000591538,0.000944766,0.00163803,0.00343149,0.00587582,0.00948722,0.0152538,0.0230964,0.0335905,0.0480342,0.0695594,0.0971319,0.118358,0.124269,0.116335,0.0990845,0.0788394,0.0598716,0.044046,0.0318781,0.0224276,0.0148045,0.00954279,0.00681682,0.00462304,0.00298595,0.00174636,0.0011275,0.000745074,0.000406918,0.000275046,0.000194982,0.000148826,0.000118684,8.28907e-05,6.02841e-05,3.95615e-05,2.07227e-05
3.76776e-06,2.82582e-06,2.82582e-06,2.82582e-06,2.82582e-06,2.82582e-06,1.88388e-06,0,0,0,0,0,0,0,0,0,0,0,0,0,0,0,0,0,0,0,0,0,0,0,1.88388e-06,1.88388e-06,2.82582e-06,2.82582e-06,2.82582e-06,2.82582e-06,2.82582e-06,2.82582e-06,2.82582e-06,3.76776e-06,4.7097e-06,4.7097e-06,4.7097e-06,5.65164e-06,5.65164e-06,1.13033e-05,2.16646e-05,4.23873e-05,6.87616e-05,0.000115859,0.000159188,0.000219472,0.000307072,0.000468144,0.000848688,0.00150051,0.00322991,0.00589183,0.0101908,0.0179374,0.0280519,0.0411392,0.0593158,0.0823839,0.103438,0.115068,0.115064,0.103767,0.0879254,0.0697205,0.0517737,0.0370908,0.0268575,0.0185411,0.0113824,0.00752045,0.0048962,0.00266663,0.00109265,0.000451189,0.000237369,0.000200633,0.000192156,0.000170491,0.000138465,0.000112091,8.47746e-05,7.15874e-05,5.93422e-05,4.7097e-05,3.67357e-05,2.63743e-05,2.07227e-05,1.13033e-05,6.59358e-06,5.65164e-06,4.7097e-06,4.7097e-06,4.7097e-06,4.7097e-06,4.7097e-06,4.7097e-06,4.7097e-06,4.7097e-06,4.7097e-06,4.7097e-06,4.7097e-06,4.7097e-06,4.7097e-06,4.7097e-06,4.7097e-06,4.7097e-06,4.7097e-06,3.76776e-06,2.82582e-06,2.82582e-06,2.82582e-06,2.82582e-06,2.82582e-06,2.82582e-06,2.82582e-06,3.76776e-06,4.7097e-06,4.7097e-06,5.65164e-06,5.65164e-06,5.65164e-06,6.59358e-06,1.13033e-05,1.13033e-05,1.5071e-05,1.88388e-05,2.07227e-05,2.54324e-05,2.82582e-05,4.23873e-05,5.55744e-05,7.62971e-05,0.000115859,0.000153536,0.000217588,0.000314608,0.000498286,0.000830791,0.00135734,0.00271561,0.00497156,0.00807808,0.012054,0.0182699,0.0258478,0.0357193,0.0483761,0.0630346,0.0741815,0.0748852,0.0663079,0.055549,0.0440583,0.0335453,0.02401,0.0163022,0.0105441,0.00724634,0.0048849,0.00339852,0.00201763,0.00118873,0.000794055,0.000520893,0.000330621,0.000234543,0.000167665,0.000118684,7.8181e-05,5.27486e-05,2.92001e-05,1.97807e-05,8.47746e-06,5.65164e-06
0,0,0,0,0,0,0,0,0,0,0,0,0,0,0,0,0,0,0,0,0,0,0,0,0,0,0,0,0,0,0,1.88388e-06,1.88388e-06,2.82582e-06,2.82582e-06,2.82582e-06,2.82582e-06,2.82582e-06,2.82582e-06,3.76776e-06,4.7097e-06,4.7097e-06,4.7097e-06,5.65164e-06,5.65164e-06,1.13033e-05,2.16646e-05,4.23873e-05,6.87616e-05,0.000115859,0.000161072,0.000227007,0.000318376,0.000505822,0.000888249,0.00150522,0.00309239,0.0053116,0.00875439,0.0141112,0.0218116,0.0305556,0.0398262,0.0500019,0.0583042,0.060708,0.0569082,0.0492277,0.0400014,0.0323679,0.0245733,0.0174297,0.0109425,0.00722656,0.00464,0.00301421,0.00162579,0.00082043,0.000317434,0.000186504,0.000147885,0.000134697,0.000125278,0.000117742,9.3252e-05,7.62971e-05,6.311e-05,5.18067e-05,4.23873e-05,2.92001e-05,2.54324e-05,1.78969e-05,1.13033e-05,5.65164e-06,4.7097e-06,4.7097e-06,4.7097e-06,4.7097e-06,4.7097e-06,4.7097e-06,4.7097e-06,4.7097e-06,4.7097e-06,4.7097e-06,4.7097e-06,4.7097e-06,3.76776e-06,3.76776e-06,2.82582e-06,2.82582e-06,2.82582e-06,2.82582e-06,2.82582e-06,2.82582e-06,2.82582e-06,2.82582e-06,2.82582e-06,2.82582e-06,2.82582e-06,2.82582e-06,2.82582e-06,2.82582e-06,3.76776e-06,4.7097e-06,4.7097e-06,5.65164e-06,5.65164e-06,6.59358e-06,8.47746e-06,1.13033e-05,1.22452e-05,1.5071e-05,1.97807e-05,2.16646e-05,2.73163e-05,4.14454e-05,5.55744e-05,7.62971e-05,0.000112091,0.000152594,0.000205343,0.000289176,0.000421989,0.000730003,0.00115293,0.00216269,0.00423779,0.00678856,0.00978487,0.0138606,0.0195679,0.0262293,0.0338901,0.0406042,0.0445198,0.0433434,0.0385074,0.0324319,0.0254832,0.0187201,0.0122386,0.0081101,0.00526262,0.00352003,0.00219001,0.00144399,0.000936288,0.000599074,0.00036924,0.000270337,0.000193098,0.000137523,9.3252e-05,5.84003e-05,2.73163e-05,1.41291e-05,5.65164e-06,4.7097e-06,2.82582e-06,0
0,0,0,0,0,0,0,0,0,0,0,0,0,0,0,0,0,0,0,0,0,0,0,0,0,0,0,0,0,0,0,0,1.88388e-06,1.88388e-06,2.82582e-06,2.82582e-06,2.82582e-06,2.82582e-06,2.82582e-06,2.82582e-06,4.7097e-06,4.7097e-06,4.7097e-06,5.65164e-06,5.65164e-06,1.13033e-05,2.16646e-05,4.14454e-05,6.78197e-05,0.000115859,0.000161072,0.000232659,0.000324027,0.000526544,0.000895785,0.00146566,0.00275235,0.00470122,0.00729061,0.0105441,0.0157191,0.0212897,0.0265005,0.0306545,0.033193,0.03295,0.0297248,0.0250038,0.0202771,0.0155043,0.0107504,0.00739988,0.0047097,0.00270713,0.00148732,0.000924043,0.000498286,0.00024302,0.000157304,0.000123394,0.000109265,9.60779e-05,8.19488e-05,7.53552e-05,6.40519e-05,5.84003e-05,4.80389e-05,4.05034e-05,2.73163e-05,2.07227e-05,1.41291e-05,8.47746e-06,5.65164e-06,4.7097e-06,3.76776e-06,2.82582e-06,2.82582e-06,3.76776e-06,3.76776e-06,4.7097e-06,4.7097e-06,4.7097e-06,3.76776e-06,3.76776e-06,2.82582e-06,2.82582e-06,2.82582e-06,2.82582e-06,2.82582e-06,2.82582e-06,2.82582e-06,2.82582e-06,2.82582e-06,1.88388e-06,1.88388e-06,0,0,0,1.88388e-06,1.88388e-06,2.82582e-06,2.82582e-06,2.82582e-06,4.7097e-06,4.7097e-06,5.65164e-06,5.65164e-06,5.65164e-06,6.59358e-06,9.4194e-06,1.13033e-05,1.31872e-05,1.78969e-05,2.16646e-05,2.73163e-05,4.14454e-05,5.84003e-05,7.62971e-05,0.000112091,0.000151652,0.000195923,0.000272221,0.000386195,0.000642403,0.00100505,0.00177085,0.00343902,0.0053521,0.00794432,0.0107193,0.0143731,0.0187926,0.0229833,0.0263913,0.0275725,0.0259796,0.022778,0.0185911,0.0133953,0.00954562,0.00666234,0.00421047,0.00227855,0.00136016,0.000944766,0.000671603,0.000421989,0.000307072,0.000232659,0.000165781,0.000118684,7.62971e-05,4.7097e-05,2.35485e-05,9.4194e-06,4.7097e-06,1.88388e-06,0,0,0
0,0,0,0,0,0,0,0,0,0,0,0,0,0,0,0,0,0,0,0,0,0,0,0,0,0,0,0,0,0,0,0,0,1.88388e-06,1.88388e-06,2.82582e-06,2.82582e-06,2.82582e-06,2.82582e-06,2.82582e-06,4.7097e-06,4.7097e-06,4.7097e-06,5.65164e-06,5.65164e-06,1.13033e-05,2.07227e-05,4.05034e-05,6.59358e-05,0.000111149,0.000159188,0.000232659,0.000326853,0.00052466,0.000876004,0.00136581,0.00234543,0.00404469,0.00567236,0.00795657,0.0103011,0.0132248,0.0162984,0.0179939,0.0181022,0.0167957,0.0141357,0.0115049,0.00928941,0.00723033,0.00495366,0.00325158,0.00179157,0.00100788,0.000551035,0.000282582,0.000177085,0.000123394,0.000102671,8.47746e-05,7.62971e-05,6.59358e-05,6.02841e-05,5.46325e-05,4.80389e-05,4.23873e-05,3.1084e-05,2.54324e-05,1.88388e-05,1.13033e-05,6.59358e-06,5.65164e-06,4.7097e-06,2.82582e-06,2.82582e-06,2.82582e-06,2.82582e-06,2.82582e-06,2.82582e-06,2.82582e-06,2.82582e-06,2.82582e-06,2.82582e-06,2.82582e-06,2.82582e-06,2.82582e-06,2.82582e-06,2.82582e-06,2.82582e-06,2.82582e-06,1.88388e-06,0,0,0,0,0,0,0,0,0,1.88388e-06,2.82582e-06,2.82582e-06,3.76776e-06,4.7097e-06,4.7097e-06,5.65164e-06,5.65164e-06,6.59358e-06,7.53552e-06,1.13033e-05,1.13033e-05,1.69549e-05,2.07227e-05,2.73163e-05,4.23873e-05,5.84003e-05,7.62971e-05,0.000113033,0.000149768,0.000195923,0.000262801,0.000363589,0.000588712,0.000926869,0.00153913,0.00273822,0.00438756,0.00629969,0.00832581,0.0104235,0.0126248,0.0149015,0.0163022,0.0162551,0.0145709,0.0120691,0.00949287,0.00723504,0.00504032,0.00330715,0.00175389,0.00101353,0.000652764,0.000415395,0.000307072,0.000236427,0.000188388,0.000143175,9.98456e-05,6.59358e-05,4.33292e-05,2.54324e-05,1.13033e-05,4.7097e-06,2.82582e-06,0,0,0,0
0,0,0,0,0,0,0,0,0,0,0,0,0,0,0,0,0,0,0,0,0,0,0,0,0,0,0,0,0,0,0,0,0,1.88388e-06,1.88388e-06,2.82582e-06,2.82582e-06,2.82582e-06,2.82582e-06,3.76776e-06,4.7097e-06,4.7097e-06,4.7097e-06,5.65164e-06,5.65164e-06,1.13033e-05,2.07227e-05,4.05034e-05,6.40519e-05,0.000107381,0.000153536,0.000224182,0.000321201,0.000505822,0.000811952,0.00123582,0.00197242,0.00322049,0.00451378,0.00585698,0.00742437,0.00854528,0.00942222,0.00970669,0.00914906,0.00803192,0.00685732,0.00543405,0.00436589,0.00318847,0.00206285,0.00133944,0.00086941,0.00044177,0.000240195,0.000149768,0.000105497,7.62971e-05,6.87616e-05,6.2168e-05,5.46325e-05,4.80389e-05,4.23873e-05,4.05034e-05,3.01421e-05,2.63743e-05,2.07227e-05,1.41291e-05,8.47746e-06,5.65164e-06,4.7097e-06,4.7097e-06,2.82582e-06,2.82582e-06,2.82582e-06,2.82582e-06,2.82582e-06,2.82582e-06,2.82582e-06,2.82582e-06,2.82582e-06,2.82582e-06,2.82582e-06,2.82582e-06,2.82582e-06,2.82582e-06,2.82582e-06,2.82582e-06,1.88388e-06,0,0,0,0,0,0,0,0,0,0,0,0,1.88388e-06,2.82582e-06,2.82582e-06,4.7097e-06,4.7097e-06,4.7097e-06,5.65164e-06,5.65164e-06,6.59358e-06,9.4194e-06,1.13033e-05,1.6013e-05,2.16646e-05,2.73163e-05,4.23873e-05,5.93422e-05,7.8181e-05,0.000113975,0.000149768,0.000193098,0.00025715,0.000347576,0.00053408,0.00084963,0.0013319,0.00218436,0.00352474,0.00483027,0.00635904,0.00768623,0.00858013,0.00913022,0.00924796,0.00879018,0.00781622,0.0064683,0.00486135,0.00363495,0.00227007,0.00138088,0.000906146,0.000562338,0.00034475,0.00024773,0.00018933,0.000148826,0.000118684,7.72391e-05,5.55744e-05,4.05034e-05,2.54324e-05,1.13033e-05,5.65164e-06,2.82582e-06,0,0,0,0,0
0,0,0,0,0,0,0,0,0,0,0,0,0,0,0,0,0,0,0,0,0,0,0,0,0,0,0,0,0,0,0,0,0,0,1.88388e-06,1.88388e-06,2.82582e-06,2.82582e-06,2.82582e-06,4.7097e-06,4.7097e-06,4.7097e-06,5.65164e-06,5.65164e-06,6.59358e-06,1.13033e-05,2.07227e-05,3.95615e-05,6.311e-05,0.000105497,0.000152594,0.000217588,0.00031084,0.000463434,0.000735655,0.00104555,0.00157398,0.00237651,0.00346822,0.00438002,0.00509213,0.00564881,0.00592103,0.0056799,0.00509118,0.00434328,0.00340794,0.00248672,0.00176237,0.00127727,0.000907088,0.000590596,0.000347576,0.000219472,0.000134697,9.3252e-05,6.87616e-05,5.84003e-05,4.99228e-05,4.33292e-05,4.05034e-05,3.01421e-05,2.73163e-05,2.16646e-05,1.97807e-05,1.41291e-05,9.4194e-06,5.65164e-06,5.65164e-06,4.7097e-06,2.82582e-06,2.82582e-06,2.82582e-06,2.82582e-06,2.82582e-06,2.82582e-06,2.82582e-06,2.82582e-06,2.82582e-06,2.82582e-06,2.82582e-06,2.82582e-06,2.82582e-06,2.82582e-06,2.82582e-06,2.82582e-06,2.82582e-06,1.88388e-06,0,0,0,0,0,0,0,0,0,0,0,0,0,0,1.88388e-06,2.82582e-06,2.82582e-06,4.7097e-06,4.7097e-06,5.65164e-06,5.65164e-06,5.65164e-06,7.53552e-06,1.13033e-05,1.5071e-05,2.16646e-05,2.73163e-05,4.33292e-05,5.93422e-05,7.91229e-05,0.000116801,0.000149768,0.000192156,0.00024773,0.000327795,0.000467202,0.000734713,0.00107852,0.00167477,0.00258845,0.00370842,0.00459196,0.00527957,0.0057091,0.00569308,0.0053116,0.00474643,0.00409744,0.00314325,0.00213444,0.00144117,0.000980559,0.000704571,0.000450247,0.00030613,0.000219472,0.000164839,0.000123394,9.3252e-05,6.40519e-05,4.23873e-05,2.73163e-05,2.07227e-05,1.13033e-05,5.65164e-06,4.7097e-06,2.82582e-06,0,0,0,0,0
0,0,0,0,0,0,0,0,0,0,0,0,0,0,0,0,0,0,0,0,0,0,0,0,0,0,0,0,0,0,0,0,0,0,1.88388e-06,1.88388e-06,2.82582e-06,2.82582e-06,2.82582e-06,4.7097e-06,4.7097e-06,5.65164e-06,5.65164e-06,5.65164e-06,8.47746e-06,1.22452e-05,2.07227e-05,3.67357e-05,6.2168e-05,0.000101729,0.000149768,0.000207227,0.000293885,0.000409744,0.000635809,0.000917449,0.00127256,0.001736,0.00235014,0.00306601,0.00360669,0.0038676,0.003845,0.00352756,0.00296523,0.00223334,0.00162108,0.00121981,0.000901436,0.000611319,0.000368298,0.000259975,0.000183678,0.000123394,8.76004e-05,6.40519e-05,4.99228e-05,4.23873e-05,3.67357e-05,2.73163e-05,2.54324e-05,2.07227e-05,1.5071e-05,1.13033e-05,8.47746e-06,5.65164e-06,5.65164e-06,4.7097e-06,3.76776e-06,2.82582e-06,2.82582e-06,1.88388e-06,1.88388e-06,1.88388e-06,1.88388e-06,2.82582e-06,2.82582e-06,2.82582e-06,2.82582e-06,2.82582e-06,2.82582e-06,2.82582e-06,2.82582e-06,2.82582e-06,2.82582e-06,2.82582e-06,1.88388e-06,0,0,0,0,0,0,0,0,0,0,0,0,0,0,0,0,2.82582e-06,2.82582e-06,3.76776e-06,4.7097e-06,4.7097e-06,5.65164e-06,5.65164e-06,6.59358e-06,1.13033e-05,1.69549e-05,2.16646e-05,2.82582e-05,4.33292e-05,6.12261e-05,8.10068e-05,0.000118684,0.000149768,0.000190272,0.000238311,0.000314608,0.000409744,0.000619796,0.000907088,0.00129611,0.00180193,0.00247448,0.00317151,0.003634,0.00381391,0.00364625,0.00315927,0.0024547,0.00181983,0.00136864,0.00100788,0.00078181,0.000536906,0.000354169,0.000254324,0.000187446,0.000143175,0.000110207,7.62971e-05,5.55744e-05,3.95615e-05,2.54324e-05,1.97807e-05,1.13033e-05,5.65164e-06,4.7097e-06,2.82582e-06,0,0,0,0,0,0
0,0,0,0,0,0,0,0,0,0,0,0,0,0,0,0,0,0,0,0,0,0,0,0,0,0,0,0,0,0,0,0,0,0,1.88388e-06,1.88388e-06,2.82582e-06,2.82582e-06,4.7097e-06,4.7097e-06,4.7097e-06,5.65164e-06,5.65164e-06,6.59358e-06,1.13033e-05,1.41291e-05,2.07227e-05,3.67357e-05,5.93422e-05,9.60779e-05,0.000141291,0.000195923,0.000271279,0.000363589,0.000547267,0.000778984,0.000981501,0.00130364,0.00159753,0.00194416,0.00218342,0.00226442,0.00218247,0.00191025,0.00155891,0.00123206,0.000925927,0.000669719,0.000438944,0.000307072,0.00021853,0.000153536,0.000113033,7.8181e-05,6.2168e-05,4.80389e-05,3.67357e-05,2.73163e-05,2.54324e-05,2.07227e-05,1.5071e-05,1.13033e-05,6.59358e-06,5.65164e-06,5.65164e-06,4.7097e-06,3.76776e-06,2.82582e-06,2.82582e-06,1.88388e-06,1.88388e-06,0,0,1.88388e-06,1.88388e-06,1.88388e-06,1.88388e-06,1.88388e-06,2.82582e-06,2.82582e-06,2.82582e-06,2.82582e-06,2.82582e-06,2.82582e-06,1.88388e-06,1.88388e-06,0,0,0,0,0,0,0,0,0,0,0,0,0,0,0,0,0,0,2.82582e-06,2.82582e-06,4.7097e-06,4.7097e-06,5.65164e-06,5.65164e-06,6.59358e-06,1.13033e-05,1.78969e-05,2.16646e-05,3.01421e-05,4.7097e-05,6.311e-05,8.47746e-05,0.000118684,0.000149768,0.00018462,0.000232659,0.000293885,0.000368298,0.000519951,0.000734713,0.000968314,0.00130364,0.00161072,0.00194887,0.00214668,0.00216269,0.00198843,0.00166158,0.00133944,0.000996572,0.000800649,0.000573641,0.000386195,0.00028635,0.000207227,0.000152594,0.000118684,8.10068e-05,6.02841e-05,4.33292e-05,2.73163e-05,2.16646e-05,1.78969e-05,1.13033e-05,6.59358e-06,5.65164e-06,4.7097e-06,2.82582e-06,0,0,0,0,0,0
0,0,0,0,0,0,0,0,0,0,0,0,0,0,0,0,0,0,0,0,0,0,0,0,0,0,0,0,0,0,0,0,0,0,1.88388e-06,2.82582e-06,2.82582e-06,2.82582e-06,4.7097e-06,4.7097e-06,5.65164e-06,5.65164e-06,6.59358e-06,1.13033e-05,1.13033e-05,1.69549e-05,2.16646e-05,3.67357e-05,5.84003e-05,8.85423e-05,0.00013093,0.000182736,0.000243962,0.000325911,0.000429525,0.000617912,0.000808184,0.000955127,0.00113033,0.00129423,0.00136675,0.00136487,0.00127727,0.00109265,0.000917449,0.000711165,0.000519951,0.000356053,0.000262801,0.00019404,0.000147885,0.000106439,7.62971e-05,5.93422e-05,4.42712e-05,2.92001e-05,2.16646e-05,1.88388e-05,1.41291e-05,1.13033e-05,6.59358e-06,5.65164e-06,5.65164e-06,4.7097e-06,3.76776e-06,2.82582e-06,2.82582e-06,2.82582e-06,1.88388e-06,0,0,0,0,0,0,0,1.88388e-06,1.88388e-06,1.88388e-06,1.88388e-06,1.88388e-06,1.88388e-06,1.88388e-06,1.88388e-06,1.88388e-06,1.88388e-06,0,0,0,0,0,0,0,0,0,0,0,0,0,0,0,0,0,0,1.88388e-06,2.82582e-06,2.82582e-06,4.7097e-06,4.7097e-06,5.65164e-06,6.59358e-06,1.13033e-05,1.78969e-05,2.54324e-05,3.39098e-05,4.99228e-05,6.59358e-05,8.94843e-05,0.000120568,0.000149768,0.00017991,0.00021853,0.000265627,0.000327795,0.000414454,0.00056799,0.000753552,0.00093252,0.00110961,0.00126314,0.00133284,0.00129799,0.00116612,0.000976792,0.000810068,0.000607551,0.000414454,0.000314608,0.000236427,0.000177085,0.000129988,9.60779e-05,6.68777e-05,4.80389e-05,3.1084e-05,2.54324e-05,2.07227e-05,1.69549e-05,1.13033e-05,6.59358e-06,5.65164e-06,4.7097e-06,2.82582e-06,0,0,0,0,0,0,0
0,0,0,0,0,0,0,0,0,0,0,0,0,0,0,0,0,0,0,0,0,0,0,0,0,0,0,0,0,0,0,0,0,0,1.88388e-06,2.82582e-06,2.82582e-06,3.76776e-06,4.7097e-06,4.7097e-06,5.65164e-06,5.65164e-06,8.47746e-06,1.13033e-05,1.41291e-05,1.88388e-05,2.35485e-05,3.67357e-05,5.74583e-05,8.10068e-05,0.000123394,0.000165781,0.000219472,0.000282582,0.000359821,0.000470028,0.000612261,0.000734713,0.00084021,0.000898611,0.000915565,0.000891075,0.000801591,0.000647113,0.000505822,0.000363589,0.00028164,0.000217588,0.000169549,0.000125278,9.51359e-05,6.97035e-05,5.65164e-05,4.23873e-05,2.73163e-05,2.07227e-05,1.31872e-05,9.4194e-06,6.59358e-06,5.65164e-06,5.65164e-06,4.7097e-06,4.7097e-06,2.82582e-06,2.82582e-06,2.82582e-06,1.88388e-06,1.88388e-06,0,0,0,0,0,0,0,0,0,0,1.88388e-06,1.88388e-06,1.88388e-06,1.88388e-06,1.88388e-06,1.88388e-06,1.88388e-06,0,0,0,0,0,0,0,0,0,0,0,0,0,0,0,0,0,0,0,0,2.82582e-06,2.82582e-06,4.7097e-06,4.7097e-06,5.65164e-06,6.59358e-06,1.13033e-05,1.88388e-05,2.63743e-05,4.05034e-05,5.18067e-05,6.87616e-05,9.60779e-05,0.000123394,0.000149768,0.000175201,0.000206285,0.000242079,0.000292943,0.000348518,0.000422931,0.000555744,0.000664068,0.000793113,0.00087412,0.000891075,0.000852455,0.000750726,0.000617912,0.000460609,0.000348518,0.000272221,0.000214762,0.000165781,0.000123394,8.85423e-05,6.40519e-05,4.7097e-05,2.92001e-05,2.54324e-05,2.07227e-05,1.5071e-05,1.13033e-05,6.59358e-06,5.65164e-06,4.7097e-06,2.82582e-06,1.88388e-06,0,0,0,0,0,0,0
0,0,0,0,0,0,0,0,0,0,0,0,0,0,0,0,0,0,0,0,0,0,0,0,0,0,0,0,0,0,0,0,0,0,1.88388e-06,2.82582e-06,2.82582e-06,4.7097e-06,4.7097e-06,5.65164e-06,5.65164e-06,6.59358e-06,1.13033e-05,1.31872e-05,1.69549e-05,2.07227e-05,2.54324e-05,3.67357e-05,5.18067e-05,7.62971e-05,0.000114917,0.000149768,0.000192156,0.000238311,0.000303305,0.000359821,0.000429525,0.00052466,0.000581177,0.000611319,0.000599074,0.000544441,0.000448363,0.000360763,0.000295769,0.000232659,0.000178969,0.000141291,0.000111149,7.91229e-05,6.311e-05,4.99228e-05,4.05034e-05,2.63743e-05,1.78969e-05,1.13033e-05,6.59358e-06,5.65164e-06,5.65164e-06,4.7097e-06,4.7097e-06,3.76776e-06,2.82582e-06,2.82582e-06,2.82582e-06,1.88388e-06,1.88388e-06,0,0,0,0,0,0,0,0,0,0,0,0,1.88388e-06,1.88388e-06,1.88388e-06,1.88388e-06,1.88388e-06,9.4194e-07,0,0,0,0,0,0,0,0,0,0,0,0,0,0,0,0,0,0,0,0,1.88388e-06,2.82582e-06,4.7097e-06,4.7097e-06,5.65164e-06,6.59358e-06,1.31872e-05,2.07227e-05,2.73163e-05,4.14454e-05,5.74583e-05,7.53552e-05,0.000102671,0.000123394,0.000149768,0.000174259,0.000195923,0.000232659,0.000258091,0.000303305,0.000343808,0.000393731,0.000460609,0.000528428,0.000562338,0.000564222,0.000531254,0.000450247,0.000370182,0.00031084,0.00024773,0.000197807,0.00016013,0.000123394,8.76004e-05,6.311e-05,4.7097e-05,2.82582e-05,2.16646e-05,1.88388e-05,1.41291e-05,1.13033e-05,5.65164e-06,5.65164e-06,4.7097e-06,2.82582e-06,2.82582e-06,0,0,0,0,0,0,0,0
0,0,0,0,0,0,0,0,0,0,0,0,0,0,0,0,0,0,0,0,0,0,0,0,0,0,0,0,0,0,0,0,0,0,1.88388e-06,2.82582e-06,2.82582e-06,4.7097e-06,4.7097e-06,5.65164e-06,5.65164e-06,8.47746e-06,1.13033e-05,1.41291e-05,1.88388e-05,2.07227e-05,2.54324e-05,3.2026e-05,4.99228e-05,6.87616e-05,9.98456e-05,0.000129988,0.000162956,0.000197807,0.000242079,0.000289176,0.000327795,0.000359821,0.000379602,0.000381486,0.000364531,0.000335331,0.000293885,0.000237369,0.000192156,0.000151652,0.000118684,8.19488e-05,6.311e-05,4.99228e-05,4.05034e-05,2.73163e-05,2.07227e-05,1.41291e-05,8.47746e-06,5.65164e-06,5.65164e-06,4.7097e-06,4.7097e-06,4.7097e-06,2.82582e-06,2.82582e-06,2.82582e-06,2.82582e-06,1.88388e-06,1.88388e-06,0,0,0,0,0,0,0,0,0,0,0,0,0,0,1.88388e-06,1.88388e-06,1.88388e-06,1.88388e-06,0,0,0,0,0,0,0,0,0,0,0,0,0,0,0,0,0,0,0,0,0,0,2.82582e-06,3.76776e-06,4.7097e-06,5.65164e-06,8.47746e-06,1.41291e-05,2.16646e-05,2.82582e-05,4.33292e-05,5.93422e-05,7.62971e-05,0.000105497,0.000125278,0.000149768,0.000173317,0.000192156,0.000216646,0.000237369,0.000262801,0.000288234,0.000317434,0.00034004,0.000359821,0.000364531,0.000359821,0.000339098,0.000308956,0.000268453,0.000228891,0.000186504,0.000151652,0.000118684,8.00649e-05,5.93422e-05,4.33292e-05,2.73163e-05,2.16646e-05,1.78969e-05,1.31872e-05,1.13033e-05,5.65164e-06,5.65164e-06,4.7097e-06,3.76776e-06,2.82582e-06,0,0,0,0,0,0,0,0,0
0,0,0,0,0,0,0,0,0,0,0,0,0,0,0,0,0,0,0,0,0,0,0,0,0,0,0,0,0,0,0,0,0,0,2.82582e-06,2.82582e-06,3.76776e-06,4.7097e-06,5.65164e-06,5.65164e-06,6.59358e-06,1.13033e-05,1.22452e-05,1.5071e-05,1.97807e-05,2.16646e-05,2.63743e-05,3.01421e-05,4.52131e-05,6.2168e-05,8.00649e-05,0.000115859,0.000138465,0.000168607,0.000194982,0.000227007,0.00024773,0.000271279,0.000275046,0.000274104,0.00025715,0.000232659,0.000194982,0.000159188,0.000123394,8.76004e-05,6.2168e-05,4.52131e-05,3.1084e-05,2.54324e-05,1.97807e-05,1.31872e-05,1.03613e-05,5.65164e-06,5.65164e-06,4.7097e-06,4.7097e-06,4.7097e-06,2.82582e-06,2.82582e-06,2.82582e-06,2.82582e-06,2.82582e-06,1.88388e-06,0,0,0,0,0,0,0,0,0,0,0,0,0,0,0,0,0,9.4194e-07,1.88388e-06,0,0,0,0,0,0,0,0,0,0,0,0,0,0,0,0,0,0,0,0,0,0,0,2.82582e-06,3.76776e-06,4.7097e-06,5.65164e-06,1.13033e-05,1.69549e-05,2.54324e-05,3.1084e-05,4.7097e-05,6.2168e-05,7.91229e-05,0.000106439,0.000125278,0.000149768,0.000170491,0.00018933,0.000204401,0.000224182,0.000237369,0.000250556,0.000262801,0.000274104,0.000278814,0.000275046,0.000268453,0.00024773,0.000225124,0.000194982,0.000167665,0.000136581,0.000110207,7.62971e-05,5.55744e-05,4.05034e-05,2.73163e-05,2.07227e-05,1.78969e-05,1.13033e-05,9.4194e-06,5.65164e-06,5.65164e-06,4.7097e-06,3.76776e-06,2.82582e-06,1.88388e-06,0,0,0,0,0,0,0,0,0
0,0,0,0,0,0,0,0,0,0,0,0,0,0,0,0,0,0,0,0,0,0,0,0,0,0,0,0,0,0,0,0,0,0,2.82582e-06,2.82582e-06,4.7097e-06,4.7097e-06,5.65164e-06,5.65164e-06,7.53552e-06,1.13033e-05,1.31872e-05,1.78969e-05,2.07227e-05,2.16646e-05,2.63743e-05,2.82582e-05,4.23873e-05,5.55744e-05,6.87616e-05,9.3252e-05,0.000118684,0.000135639,0.000156362,0.000174259,0.000191214,0.000195923,0.000199691,0.000194982,0.000182736,0.000159188,0.00013093,0.000104555,6.87616e-05,4.80389e-05,2.73163e-05,2.07227e-05,1.41291e-05,1.03613e-05,5.65164e-06,5.65164e-06,4.7097e-06,4.7097e-06,4.7097e-06,3.76776e-06,2.82582e-06,2.82582e-06,2.82582e-06,2.82582e-06,1.88388e-06,1.88388e-06,0,0,0,0,0,0,0,0,0,0,0,0,0,0,0,0,0,0,0,0,0,0,0,0,0,0,0,0,0,0,0,0,0,0,0,0,0,0,0,0,0,0,0,0,2.82582e-06,4.7097e-06,4.7097e-06,5.65164e-06,1.13033e-05,1.88388e-05,2.54324e-05,3.76776e-05,4.99228e-05,6.311e-05,8.00649e-05,0.000106439,0.000123394,0.000148826,0.000164839,0.000181794,0.000195923,0.000208169,0.000220414,0.000232659,0.000233601,0.000234543,0.000232659,0.000224182,0.000209111,0.000192156,0.000174259,0.000149768,0.000123394,9.60779e-05,6.87616e-05,4.99228e-05,3.2026e-05,2.54324e-05,2.07227e-05,1.5071e-05,1.13033e-05,8.47746e-06,5.65164e-06,5.65164e-06,4.7097e-06,4.7097e-06,2.82582e-06,1.88388e-06,0,0,0,0,0,0,0,0,0,0
0,0,0,0,0,0,0,0,0,0,0,0,0,0,0,0,0,0,0,0,0,0,0,0,0,0,0,0,0,0,0,0,0,1.88388e-06,2.82582e-06,2.82582e-06,4.7097e-06,4.7097e-06,5.65164e-06,5.65164e-06,9.4194e-06,1.13033e-05,1.41291e-05,1.78969e-05,2.07227e-05,2.16646e-05,2.54324e-05,2.73163e-05,3.95615e-05,4.80389e-05,5.93422e-05,7.53552e-05,9.3252e-05,0.000112091,0.000123394,0.000134697,0.000146001,0.000149768,0.000148826,0.000136581,0.000123394,0.000105497,7.62971e-05,5.55744e-05,3.67357e-05,2.07227e-05,1.13033e-05,5.65164e-06,5.65164e-06,4.7097e-06,4.7097e-06,3.76776e-06,2.82582e-06,2.82582e-06,2.82582e-06,2.82582e-06,2.82582e-06,1.88388e-06,1.88388e-06,0,0,0,0,0,0,0,0,0,0,0,0,0,0,0,0,0,0,0,0,0,0,0,0,0,0,0,0,0,0,0,0,0,0,0,0,0,0,0,0,0,0,0,0,0,0,0,2.82582e-06,4.7097e-06,5.65164e-06,6.59358e-06,1.13033e-05,2.07227e-05,2.73163e-05,4.05034e-05,4.99228e-05,6.49938e-05,8.00649e-05,0.000105497,0.000123394,0.000143175,0.000157304,0.000174259,0.000188388,0.000195923,0.000204401,0.000209111,0.000210053,0.000206285,0.000196865,0.000191214,0.000175201,0.000159188,0.000138465,0.000118684,8.85423e-05,6.59358e-05,4.7097e-05,2.82582e-05,2.16646e-05,1.88388e-05,1.41291e-05,1.13033e-05,8.47746e-06,5.65164e-06,5.65164e-06,4.7097e-06,3.76776e-06,2.82582e-06,1.88388e-06,0,0,0,0,0,0,0,0,0,0,0
0,0,0,0,0,0,0,0,0,0,0,0,0,0,0,0,0,0,0,0,0,0,0,0,0,0,0,0,0,0,0,0,0,1.88388e-06,2.82582e-06,3.76776e-06,4.7097e-06,5.65164e-06,5.65164e-06,6.59358e-06,1.13033e-05,1.13033e-05,1.5071e-05,1.88388e-05,2.07227e-05,2.16646e-05,2.54324e-05,2.73163e-05,3.1084e-05,4.14454e-05,4.99228e-05,6.02841e-05,6.97035e-05,8.00649e-05,9.3252e-05,0.000105497,0.000109265,0.000106439,0.000102671,8.85423e-05,7.53552e-05,5.93422e-05,4.23873e-05,2.63743e-05,1.41291e-05,5.65164e-06,4.7097e-06,3.76776e-06,2.82582e-06,2.82582e-06,1.88388e-06,1.88388e-06,1.88388e-06,0,0,0,0,0,0,0,0,0,0,0,0,0,0,0,0,0,0,0,0,0,0,0,0,0,0,0,0,0,0,0,0,0,0,0,0,0,0,0,0,0,0,0,0,0,0,0,0,0,0,0,0,1.88388e-06,2.82582e-06,4.7097e-06,5.65164e-06,6.59358e-06,1.41291e-05,2.07227e-05,2.73163e-05,4.14454e-05,5.08647e-05,6.49938e-05,7.91229e-05,0.000102671,0.000120568,0.000134697,0.000151652,0.000162956,0.000174259,0.00018462,0.000190272,0.000192156,0.000192156,0.000186504,0.000177085,0.000165781,0.000151652,0.00013093,0.000115859,8.47746e-05,6.40519e-05,4.52131e-05,2.73163e-05,2.07227e-05,1.5071e-05,1.22452e-05,1.13033e-05,6.59358e-06,5.65164e-06,5.65164e-06,4.7097e-06,3.76776e-06,2.82582e-06,1.88388e-06,0,0,0,0,0,0,0,0,0,0,0,0
0,0,0,0,0,0,0,0,0,0,0,0,0,0,0,0,0,0,0,0,0,0,0,0,0,0,0,0,0,0,0,0,0,1.88388e-06,2.82582e-06,3.76776e-06,4.7097e-06,5.65164e-06,5.65164e-06,6.59358e-06,1.13033e-05,1.22452e-05,1.5071e-05,1.88388e-05,2.07227e-05,2.16646e-05,2.54324e-05,2.63743e-05,2.73163e-05,3.2026e-05,4.14454e-05,4.80389e-05,5.55744e-05,6.2168e-05,6.68777e-05,7.15874e-05,7.34713e-05,6.87616e-05,6.311e-05,5.55744e-05,4.33292e-05,2.73163e-05,2.07227e-05,1.03613e-05,5.65164e-06,2.82582e-06,1.88388e-06,0,0,0,0,0,0,0,0,0,0,0,0,0,0,0,0,0,0,0,0,0,0,0,0,0,0,0,0,0,0,0,0,0,0,0,0,0,0,0,0,0,0,0,0,0,0,0,0,0,0,0,0,0,0,0,0,0,0,2.82582e-06,3.76776e-06,4.7097e-06,5.65164e-06,9.4194e-06,1.5071e-05,2.16646e-05,2.82582e-05,4.23873e-05,5.08647e-05,6.40519e-05,7.62971e-05,9.60779e-05,0.000115859,0.00012622,0.000143175,0.000152594,0.000162014,0.000171433,0.000174259,0.000174259,0.000171433,0.000164839,0.000153536,0.000144117,0.000125278,0.000111149,8.28907e-05,6.311e-05,4.7097e-05,2.73163e-05,2.07227e-05,1.41291e-05,1.13033e-05,8.47746e-06,6.59358e-06,5.65164e-06,5.65164e-06,4.7097e-06,3.76776e-06,2.82582e-06,9.4194e-07,0,0,0,0,0,0,0,0,0,0,0,0,0
0,0,0,0,0,0,0,0,0,0,0,0,0,0,0,0,0,0,0,0,0,0,0,0,0,0,0,0,0,0,0,0,0,1.88388e-06,2.82582e-06,4.7097e-06,4.7097e-06,5.65164e-06,5.65164e-06,6.59358e-06,1.13033e-05,1.31872e-05,1.5071e-05,1.88388e-05,2.07227e-05,2.16646e-05,2.54324e-05,2.54324e-05,2.63743e-05,2.73163e-05,3.01421e-05,3.95615e-05,4.23873e-05,4.7097e-05,4.99228e-05,4.99228e-05,4.99228e-05,4.7097e-05,4.14454e-05,2.92001e-05,2.16646e-05,1.41291e-05,6.59358e-06,4.7097e-06,2.82582e-06,0,0,0,0,0,0,0,0,0,0,0,0,0,0,0,0,0,0,0,0,0,0,0,0,0,0,0,0,0,0,0,0,0,0,0,0,0,0,0,0,0,0,0,0,0,0,0,0,0,0,0,0,0,0,0,0,0,0,0,1.88388e-06,2.82582e-06,4.7097e-06,5.65164e-06,5.65164e-06,1.13033e-05,1.78969e-05,2.54324e-05,3.01421e-05,4.23873e-05,5.08647e-05,6.311e-05,7.62971e-05,8.85423e-05,0.000107381,0.000120568,0.000129988,0.000143175,0.00015071,0.000153536,0.00015542,0.000153536,0.000152594,0.000147885,0.000133755,0.00012151,0.000105497,8.00649e-05,6.40519e-05,4.80389e-05,2.82582e-05,2.07227e-05,1.31872e-05,1.13033e-05,6.59358e-06,5.65164e-06,5.65164e-06,4.7097e-06,4.7097e-06,2.82582e-06,2.82582e-06,1.88388e-06,0,0,0,0,0,0,0,0,0,0,0,0,0,0
0,0,0,0,0,0,0,0,0,0,0,0,0,0,0,0,0,0,0,0,0,0,0,0,0,0,0,0,0,0,0,0,0,2.82582e-06,2.82582e-06,4.7097e-06,4.7097e-06,5.65164e-06,5.65164e-06,6.59358e-06,1.13033e-05,1.31872e-05,1.5071e-05,1.88388e-05,2.07227e-05,2.07227e-05,2.16646e-05,2.54324e-05,2.54324e-05,2.63743e-05,2.73163e-05,2.73163e-05,2.82582e-05,3.01421e-05,3.1084e-05,3.1084e-05,2.82582e-05,2.73163e-05,2.35485e-05,1.88388e-05,1.13033e-05,5.65164e-06,4.7097e-06,2.82582e-06,0,0,0,0,0,0,0,0,0,0,0,0,0,0,0,0,0,0,0,0,0,0,0,0,0,0,0,0,0,0,0,0,0,0,0,0,0,0,0,0,0,0,0,0,0,0,0,0,0,0,0,0,0,0,0,0,0,0,0,0,2.82582e-06,4.7097e-06,4.7097e-06,5.65164e-06,6.59358e-06,1.22452e-05,1.97807e-05,2.54324e-05,3.1084e-05,4.23873e-05,5.08647e-05,6.2168e-05,7.15874e-05,8.19488e-05,9.98456e-05,0.000111149,0.00012151,0.000127162,0.000134697,0.000138465,0.000141291,0.000137523,0.000133755,0.000123394,0.000118684,0.000102671,8.00649e-05,6.59358e-05,4.99228e-05,3.29679e-05,2.16646e-05,1.41291e-05,8.47746e-06,5.65164e-06,5.65164e-06,5.65164e-06,4.7097e-06,4.7097e-06,2.82582e-06,2.82582e-06,1.88388e-06,0,0,0,0,0,0,0,0,0,0,0,0,0,0,0
0,0,0,0,0,0,0,0,0,0,0,0,0,0,0,0,0,0,0,0,0,0,0,0,0,0,0,0,0,0,0,0,0,2.82582e-06,2.82582e-06,4.7097e-06,4.7097e-06,5.65164e-06,5.65164e-06,6.59358e-06,1.13033e-05,1.13033e-05,1.5071e-05,1.78969e-05,2.07227e-05,2.07227e-05,2.16646e-05,2.16646e-05,2.35485e-05,2.54324e-05,2.54324e-05,2.54324e-05,2.54324e-05,2.54324e-05,2.16646e-05,2.16646e-05,2.07227e-05,1.78969e-05,1.22452e-05,7.53552e-06,5.65164e-06,4.7097e-06,2.82582e-06,1.88388e-06,0,0,0,0,0,0,0,0,0,0,0,0,0,0,0,0,0,0,0,0,0,0,0,0,0,0,0,0,0,0,0,0,0,0,0,0,0,0,0,0,0,0,0,0,0,0,0,0,0,0,0,0,0,0,0,0,0,0,1.88388e-06,2.82582e-06,4.7097e-06,4.7097e-06,5.65164e-06,6.59358e-06,1.13033e-05,1.5071e-05,2.07227e-05,2.73163e-05,3.57937e-05,4.33292e-05,4.99228e-05,5.93422e-05,6.68777e-05,7.62971e-05,8.85423e-05,0.000101729,0.000111149,0.000118684,0.00012151,0.000123394,0.000123394,0.00012151,0.000118684,0.000110207,9.60779e-05,7.91229e-05,6.59358e-05,5.08647e-05,3.95615e-05,2.54324e-05,1.5071e-05,8.47746e-06,5.65164e-06,5.65164e-06,4.7097e-06,4.7097e-06,4.7097e-06,2.82582e-06,2.82582e-06,1.88388e-06,0,0,0,0,0,0,0,0,0,0,0,0,0,0,0,0
0,0,0,0,0,0,0,0,0,0,0,0,0,0,0,0,0,0,0,0,0,0,0,0,0,0,0,0,0,0,0,0,0,2.82582e-06,2.82582e-06,4.7097e-06,4.7097e-06,5.65164e-06,5.65164e-06,6.59358e-06,1.13033e-05,1.13033e-05,1.41291e-05,1.78969e-05,1.97807e-05,2.07227e-05,2.07227e-05,2.16646e-05,2.16646e-05,2.16646e-05,2.07227e-05,2.07227e-05,2.07227e-05,1.97807e-05,1.78969e-05,1.5071e-05,1.13033e-05,1.13033e-05,5.65164e-06,5.65164e-06,4.7097e-06,2.82582e-06,2.82582e-06,0,0,0,0,0,0,0,0,0,0,0,0,0,0,0,0,0,0,0,0,0,0,0,0,0,0,0,0,0,0,0,0,0,0,0,0,0,0,0,0,0,0,0,0,0,0,0,0,0,0,0,0,0,0,0,0,0,0,1.88388e-06,2.82582e-06,4.7097e-06,4.7097e-06,5.65164e-06,6.59358e-06,1.13033e-05,1.31872e-05,1.88388e-05,2.16646e-05,2.73163e-05,3.76776e-05,4.33292e-05,4.99228e-05,5.84003e-05,6.40519e-05,7.15874e-05,7.8181e-05,8.76004e-05,9.60779e-05,0.000103613,0.000106439,0.000109265,0.000108323,0.000105497,9.60779e-05,8.47746e-05,7.62971e-05,6.311e-05,5.08647e-05,4.05034e-05,2.54324e-05,1.69549e-05,8.47746e-06,5.65164e-06,5.65164e-06,4.7097e-06,4.7097e-06,3.76776e-06,2.82582e-06,2.82582e-06,0,0,0,0,0,0,0,0,0,0,0,0,0,0,0,0,0,0
0,0,0,0,0,0,0,0,0,0,0,0,0,0,0,0,0,0,0,0,0,0,0,0,0,0,0,0,0,0,0,0,1.88388e-06,2.82582e-06,2.82582e-06,4.7097e-06,4.7097e-06,5.65164e-06,5.65164e-06,6.59358e-06,1.03613e-05,1.13033e-05,1.31872e-05,1.5071e-05,1.78969e-05,1.97807e-05,2.07227e-05,2.07227e-05,2.07227e-05,2.07227e-05,2.07227e-05,1.97807e-05,1.78969e-05,1.5071e-05,1.31872e-05,1.13033e-05,7.53552e-06,5.65164e-06,5.65164e-06,4.7097e-06,4.7097e-06,2.82582e-06,1.88388e-06,0,0,0,0,0,0,0,0,0,0,0,0,0,0,0,0,0,0,0,0,0,0,0,0,0,0,0,0,0,0,0,0,0,0,0,0,0,0,0,0,0,0,0,0,0,0,0,0,0,0,0,0,0,0,0,0,0,2.82582e-06,2.82582e-06,4.7097e-06,4.7097e-06,5.65164e-06,6.59358e-06,1.13033e-05,1.41291e-05,1.88388e-05,2.16646e-05,2.63743e-05,2.82582e-05,4.05034e-05,4.33292e-05,4.99228e-05,5.55744e-05,6.12261e-05,6.59358e-05,7.15874e-05,7.62971e-05,8.00649e-05,8.38326e-05,8.76004e-05,8.85423e-05,8.47746e-05,8.00649e-05,7.62971e-05,6.78197e-05,5.93422e-05,4.89809e-05,4.05034e-05,2.54324e-05,1.78969e-05,9.4194e-06,5.65164e-06,4.7097e-06,4.7097e-06,3.76776e-06,2.82582e-06,2.82582e-06,1.88388e-06,0,0,0,0,0,0,0,0,0,0,0,0,0,0,0,0,0,0,0
0,0,0,0,0,0,0,0,0,0,0,0,0,0,0,0,0,0,0,0,0,0,0,0,0,0,0,0,0,0,0,0,2.82582e-06,2.82582e-06,3.76776e-06,4.7097e-06,4.7097e-06,5.65164e-06,5.65164e-06,6.59358e-06,9.4194e-06,1.13033e-05,1.22452e-05,1.41291e-05,1.69549e-05,1.78969e-05,1.88388e-05,1.97807e-05,1.97807e-05,1.97807e-05,1.88388e-05,1.78969e-05,1.5071e-05,1.31872e-05,1.13033e-05,8.47746e-06,5.65164e-06,5.65164e-06,4.7097e-06,4.7097e-06,2.82582e-06,2.82582e-06,0,0,0,0,0,0,0,0,0,0,0,0,0,0,0,0,0,0,0,0,0,0,0,0,0,0,0,0,0,0,0,0,0,0,0,0,0,0,0,0,0,0,0,0,0,0,0,0,0,0,0,0,0,0,0,0,0,2.82582e-06,2.82582e-06,4.7097e-06,4.7097e-06,5.65164e-06,6.59358e-06,1.13033e-05,1.5071e-05,2.07227e-05,2.16646e-05,2.63743e-05,2.73163e-05,3.57937e-05,4.14454e-05,4.42712e-05,4.99228e-05,5.46325e-05,5.84003e-05,6.2168e-05,6.49938e-05,6.78197e-05,7.06455e-05,7.44132e-05,7.53552e-05,7.34713e-05,6.87616e-05,6.59358e-05,6.02841e-05,5.27486e-05,4.33292e-05,3.2026e-05,2.54324e-05,1.78969e-05,9.4194e-06,5.65164e-06,4.7097e-06,4.7097e-06,2.82582e-06,2.82582e-06,1.88388e-06,0,0,0,0,0,0,0,0,0,0,0,0,0,0,0,0,0,0,0,0,0
0,0,0,0,0,0,0,0,0,0,0,0,0,0,0,0,0,0,0,0,0,0,0,0,0,0,0,0,0,0,0,2.82582e-06,2.82582e-06,3.76776e-06,4.7097e-06,4.7097e-06,5.65164e-06,5.65164e-06,5.65164e-06,6.59358e-06,8.47746e-06,1.13033e-05,1.13033e-05,1.31872e-05,1.41291e-05,1.5071e-05,1.78969e-05,1.78969e-05,1.78969e-05,1.78969e-05,1.5071e-05,1.41291e-05,1.22452e-05,1.13033e-05,9.4194e-06,6.59358e-06,5.65164e-06,5.65164e-06,4.7097e-06,3.76776e-06,2.82582e-06,1.88388e-06,0,0,0,0,0,0,0,0,0,0,0,0,0,0,0,0,0,0,0,0,0,0,0,0,0,0,0,0,0,0,0,0,0,0,0,0,0,0,0,0,0,0,0,0,0,0,0,0,0,0,0,0,0,0,0,1.88388e-06,2.82582e-06,2.82582e-06,4.7097e-06,5.65164e-06,5.65164e-06,9.4194e-06,1.31872e-05,1.88388e-05,2.16646e-05,2.63743e-05,2.73163e-05,3.01421e-05,3.95615e-05,4.14454e-05,4.33292e-05,4.7097e-05,4.99228e-05,5.08647e-05,5.55744e-05,5.84003e-05,5.93422e-05,6.02841e-05,6.2168e-05,6.2168e-05,6.12261e-05,5.93422e-05,5.74583e-05,5.08647e-05,4.52131e-05,4.05034e-05,2.73163e-05,2.16646e-05,1.5071e-05,8.47746e-06,5.65164e-06,4.7097e-06,3.76776e-06,2.82582e-06,2.82582e-06,0,0,0,0,0,0,0,0,0,0,0,0,0,0,0,0,0,0,0,0,0,0,0
0,0,0,0,0,0,0,0,0,0,0,0,0,0,0,0,0,0,0,0,0,0,0,0,0,0,0,0,0,0,2.82582e-06,2.82582e-06,3.76776e-06,4.7097e-06,4.7097e-06,4.7097e-06,5.65164e-06,5.65164e-06,5.65164e-06,6.59358e-06,8.47746e-06,1.13033e-05,1.13033e-05,1.13033e-05,1.31872e-05,1.31872e-05,1.41291e-05,1.41291e-05,1.41291e-05,1.41291e-05,1.31872e-05,1.13033e-05,1.13033e-05,9.4194e-06,6.59358e-06,5.65164e-06,5.65164e-06,4.7097e-06,4.7097e-06,2.82582e-06,2.82582e-06,0,0,0,0,0,0,0,0,0,0,0,0,0,0,0,0,0,0,0,0,0,0,0,0,0,0,0,0,0,0,0,0,0,0,0,0,0,0,0,0,0,0,0,0,0,0,0,0,0,0,0,0,0,0,1.88388e-06,2.82582e-06,2.82582e-06,3.76776e-06,4.7097e-06,5.65164e-06,6.59358e-06,1.13033e-05,1.5071e-05,2.07227e-05,2.54324e-05,2.73163e-05,3.2026e-05,4.05034e-05,4.23873e-05,4.33292e-05,4.42712e-05,4.80389e-05,4.80389e-05,4.99228e-05,5.08647e-05,5.08647e-05,5.18067e-05,5.27486e-05,5.27486e-05,5.18067e-05,5.08647e-05,4.99228e-05,4.80389e-05,4.33292e-05,4.05034e-05,2.92001e-05,2.63743e-05,2.07227e-05,1.31872e-05,6.59358e-06,5.65164e-06,4.7097e-06,2.82582e-06,2.82582e-06,0,0,0,0,0,0,0,0,0,0,0,0,0,0,0,0,0,0,0,0,0,0,0,0,0
0,0,0,0,0,0,0,0,0,0,0,0,0,0,0,0,0,0,0,0,0,0,0,0,0,0,0,0,1.88388e-06,2.82582e-06,2.82582e-06,4.7097e-06,4.7097e-06,5.65164e-06,5.65164e-06,5.65164e-06,5.65164e-06,5.65164e-06,6.59358e-06,6.59358e-06,8.47746e-06,1.13033e-05,1.13033e-05,1.13033e-05,1.13033e-05,1.13033e-05,1.13033e-05,1.13033e-05,1.13033e-05,1.13033e-05,1.13033e-05,1.13033e-05,8.47746e-06,6.59358e-06,5.65164e-06,5.65164e-06,4.7097e-06,4.7097e-06,2.82582e-06,2.82582e-06,0,0,0,0,0,0,0,0,0,0,0,0,0,0,0,0,0,0,0,0,0,0,0,0,0,0,0,0,0,0,0,0,0,0,0,0,0,0,0,0,0,0,0,0,0,0,0,0,0,0,0,0,0,1.88388e-06,2.82582e-06,2.82582e-06,3.76776e-06,4.7097e-06,4.7097e-06,5.65164e-06,7.53552e-06,1.31872e-05,1.97807e-05,2.35485e-05,2.73163e-05,3.2026e-05,4.05034e-05,4.33292e-05,4.80389e-05,4.99228e-05,5.08647e-05,5.08647e-05,5.08647e-05,5.08647e-05,5.08647e-05,4.99228e-05,4.99228e-05,4.99228e-05,4.80389e-05,4.80389e-05,4.42712e-05,4.23873e-05,4.14454e-05,3.67357e-05,2.82582e-05,2.63743e-05,2.16646e-05,1.78969e-05,1.13033e-05,6.59358e-06,5.65164e-06,4.7097e-06,2.82582e-06,2.82582e-06,0,0,0,0,0,0,0,0,0,0,0,0,0,0,0,0,0,0,0,0,0,0,0,0,0,0
0,0,0,0,0,0,0,0,0,0,0,0,0,0,0,0,0,0,0,0,0,0,0,0,0,0,0,2.82582e-06,2.82582e-06,4.7097e-06,4.7097e-06,5.65164e-06,5.65164e-06,5.65164e-06,6.59358e-06,6.59358e-06,7.53552e-06,8.47746e-06,8.47746e-06,8.47746e-06,9.4194e-06,1.13033e-05,1.13033e-05,1.13033e-05,1.13033e-05,1.13033e-05,1.13033e-05,1.13033e-05,1.13033e-05,1.13033e-05,8.47746e-06,6.59358e-06,6.59358e-06,5.65164e-06,5.65164e-06,4.7097e-06,4.7097e-06,3.76776e-06,2.82582e-06,1.88388e-06,0,0,0,0,0,0,0,0,0,0,0,0,0,0,0,0,0,0,0,0,0,0,0,0,0,0,0,0,0,0,0,0,0,0,0,0,0,0,0,0,0,0,0,0,0,0,0,0,0,0,0,0,2.82582e-06,2.82582e-06,3.76776e-06,4.7097e-06,4.7097e-06,5.65164e-06,6.59358e-06,1.13033e-05,1.78969e-05,2.16646e-05,2.73163e-05,3.1084e-05,4.14454e-05,4.42712e-05,4.99228e-05,5.27486e-05,5.84003e-05,5.93422e-05,5.93422e-05,5.93422e-05,5.84003e-05,5.84003e-05,5.55744e-05,5.08647e-05,4.99228e-05,4.7097e-05,4.33292e-05,4.23873e-05,4.05034e-05,3.57937e-05,2.82582e-05,2.73163e-05,2.35485e-05,2.07227e-05,1.5071e-05,1.13033e-05,6.59358e-06,5.65164e-06,4.7097e-06,2.82582e-06,1.88388e-06,0,0,0,0,0,0,0,0,0,0,0,0,0,0,0,0,0,0,0,0,0,0,0,0,0,0,0
0,0,0,0,0,0,0,0,0,0,0,0,0,0,0,0,0,0,0,0,0,0,0,0,0,2.82582e-06,2.82582e-06,4.7097e-06,4.7097e-06,5.65164e-06,5.65164e-06,7.53552e-06,1.13033e-05,1.13033e-05,1.22452e-05,1.31872e-05,1.31872e-05,1.22452e-05,1.13033e-05,1.13033e-05,1.13033e-05,1.13033e-05,1.13033e-05,1.13033e-05,1.13033e-05,9.4194e-06,9.4194e-06,8.47746e-06,6.59358e-06,6.59358e-06,6.59358e-06,5.65164e-06,5.65164e-06,5.65164e-06,4.7097e-06,4.7097e-06,4.7097e-06,2.82582e-06,2.82582e-06,0,0,0,0,0,0,0,0,0,0,0,0,0,0,0,0,0,0,0,0,0,0,0,0,0,0,0,0,0,0,0,0,0,0,0,0,0,0,0,0,0,0,0,0,0,0,0,0,0,0,0,9.4194e-07,2.82582e-06,2.82582e-06,4.7097e-06,4.7097e-06,5.65164e-06,5.65164e-06,1.13033e-05,1.5071e-05,2.07227e-05,2.63743e-05,3.1084e-05,4.23873e-05,4.80389e-05,5.08647e-05,5.84003e-05,6.12261e-05,6.311e-05,6.49938e-05,6.59358e-05,6.59358e-05,6.59358e-05,6.311e-05,6.12261e-05,5.84003e-05,5.27486e-05,4.99228e-05,4.42712e-05,4.14454e-05,3.76776e-05,2.92001e-05,2.73163e-05,2.54324e-05,2.07227e-05,1.88388e-05,1.31872e-05,1.13033e-05,5.65164e-06,5.65164e-06,4.7097e-06,2.82582e-06,2.82582e-06,0,0,0,0,0,0,0,0,0,0,0,0,0,0,0,0,0,0,0,0,0,0,0,0,0,0,0,0
0,0,0,0,0,0,0,0,0,0,0,0,0,0,0,0,0,0,0,0,0,0,0,1.88388e-06,2.82582e-06,3.76776e-06,4.7097e-06,5.65164e-06,6.59358e-06,1.13033e-05,1.31872e-05,1.69549e-05,1.88388e-05,2.07227e-05,2.07227e-05,2.07227e-05,2.07227e-05,1.97807e-05,1.78969e-05,1.5071e-05,1.31872e-05,1.13033e-05,1.13033e-05,1.13033e-05,9.4194e-06,8.47746e-06,6.59358e-06,6.59358e-06,5.65164e-06,5.65164e-06,5.65164e-06,5.65164e-06,5.65164e-06,4.7097e-06,4.7097e-06,4.7097e-06,2.82582e-06,2.82582e-06,0,0,0,0,0,0,0,0,0,0,0,0,0,0,0,0,0,0,0,0,0,0,0,0,0,0,0,0,0,0,0,0,0,0,0,0,0,0,0,0,0,0,0,0,0,0,0,0,0,0,0,0,2.82582e-06,2.82582e-06,4.7097e-06,5.65164e-06,5.65164e-06,8.47746e-06,1.31872e-05,1.97807e-05,2.54324e-05,3.1084e-05,4.23873e-05,4.99228e-05,5.84003e-05,6.2168e-05,6.59358e-05,6.87616e-05,7.34713e-05,7.53552e-05,7.62971e-05,7.62971e-05,7.53552e-05,7.44132e-05,6.87616e-05,6.59358e-05,6.2168e-05,5.55744e-05,4.99228e-05,4.33292e-05,4.05034e-05,3.01421e-05,2.73163e-05,2.35485e-05,2.07227e-05,1.78969e-05,1.13033e-05,9.4194e-06,5.65164e-06,5.65164e-06,4.7097e-06,2.82582e-06,2.82582e-06,0,0,0,0,0,0,0,0,0,0,0,0,0,0,0,0,0,0,0,0,0,0,0,0,0,0,0,0,0
0,0,0,0,0,0,0,0,0,0,0,0,0,0,0,0,0,0,0,0,0,0,1.88388e-06,2.82582e-06,4.7097e-06,5.65164e-06,5.65164e-06,1.13033e-05,1.41291e-05,1.97807e-05,2.16646e-05,2.54324e-05,2.73163e-05,2.73163e-05,2.73163e-05,2.73163e-05,2.63743e-05,2.54324e-05,2.16646e-05,2.07227e-05,1.88388e-05,1.5071e-05,1.13033e-05,1.13033e-05,1.13033e-05,7.53552e-06,6.59358e-06,5.65164e-06,5.65164e-06,5.65164e-06,5.65164e-06,5.65164e-06,4.7097e-06,4.7097e-06,4.7097e-06,2.82582e-06,2.82582e-06,1.88388e-06,0,0,0,0,0,0,0,0,0,0,0,0,0,0,0,0,0,0,0,0,0,0,0,0,0,0,0,0,0,0,0,0,0,0,0,0,0,0,0,0,0,0,0,0,0,0,0,0,0,0,0,2.82582e-06,2.82582e-06,4.7097e-06,5.65164e-06,5.65164e-06,1.13033e-05,1.5071e-05,2.16646e-05,2.73163e-05,4.23873e-05,5.08647e-05,6.2168e-05,6.87616e-05,7.62971e-05,8.00649e-05,8.28907e-05,8.47746e-05,8.76004e-05,8.66585e-05,8.47746e-05,8.28907e-05,8.00649e-05,7.8181e-05,7.62971e-05,6.97035e-05,6.40519e-05,5.93422e-05,5.08647e-05,4.33292e-05,3.95615e-05,2.73163e-05,2.54324e-05,2.07227e-05,1.69549e-05,1.13033e-05,8.47746e-06,5.65164e-06,5.65164e-06,4.7097e-06,3.76776e-06,2.82582e-06,0,0,0,0,0,0,0,0,0,0,0,0,0,0,0,0,0,0,0,0,0,0,0,0,0,0,0,0,0,0
0,0,0,0,0,0,0,0,0,0,0,0,0,0,0,0,0,0,0,0,1.88388e-06,2.82582e-06,2.82582e-06,4.7097e-06,5.65164e-06,6.59358e-06,1.22452e-05,1.97807e-05,2.54324e-05,2.73163e-05,3.39098e-05,4.05034e-05,4.23873e-05,4.23873e-05,4.23873e-05,4.14454e-05,4.05034e-05,3.29679e-05,2.82582e-05,2.63743e-05,2.16646e-05,2.07227e-05,1.5071e-05,1.31872e-05,1.13033e-05,8.47746e-06,6.59358e-06,5.65164e-06,5.65164e-06,5.65164e-06,4.7097e-06,4.7097e-06,4.7097e-06,4.7097e-06,2.82582e-06,2.82582e-06,1.88388e-06,0,0,0,0,0,0,0,0,0,0,0,0,0,0,0,0,0,0,0,0,0,0,0,0,0,0,0,0,0,0,0,0,0,0,0,0,0,0,0,0,0,0,0,0,0,0,0,0,0,0,0,1.88388e-06,2.82582e-06,4.7097e-06,5.65164e-06,5.65164e-06,1.13033e-05,1.78969e-05,2.54324e-05,3.2026e-05,4.80389e-05,6.12261e-05,7.53552e-05,8.85423e-05,0.000105497,0.000111149,0.000115859,0.000116801,0.000113033,0.000110207,0.000105497,0.000101729,9.60779e-05,9.3252e-05,8.76004e-05,8.00649e-05,7.62971e-05,6.78197e-05,6.2168e-05,5.27486e-05,4.33292e-05,3.67357e-05,2.73163e-05,2.16646e-05,1.78969e-05,1.22452e-05,9.4194e-06,5.65164e-06,5.65164e-06,4.7097e-06,4.7097e-06,2.82582e-06,1.88388e-06,0,0,0,0,0,0,0,0,0,0,0,0,0,0,0,0,0,0,0,0,0,0,0,0,0,0,0,0,0,0
0,0,0,0,0,0,0,0,0,0,0,0,0,0,0,0,0,0,1.88388e-06,2.82582e-06,2.82582e-06,2.82582e-06,4.7097e-06,5.65164e-06,9.4194e-06,1.5071e-05,2.16646e-05,2.73163e-05,4.05034e-05,4.33292e-05,4.99228e-05,5.55744e-05,5.84003e-05,5.93422e-05,5.84003e-05,5.55744e-05,5.08647e-05,4.80389e-05,4.23873e-05,3.76776e-05,2.73163e-05,2.54324e-05,2.07227e-05,1.69549e-05,1.22452e-05,1.13033e-05,6.59358e-06,5.65164e-06,5.65164e-06,5.65164e-06,4.7097e-06,4.7097e-06,4.7097e-06,2.82582e-06,2.82582e-06,2.82582e-06,0,0,0,0,0,0,0,0,0,0,0,0,0,0,0,0,0,0,0,0,0,0,0,0,0,0,0,0,0,0,0,0,0,0,0,0,0,0,0,0,0,0,0,0,0,0,0,0,0,0,0,0,2.82582e-06,4.7097e-06,4.7097e-06,5.65164e-06,9.4194e-06,1.5071e-05,2.54324e-05,3.67357e-05,4.99228e-05,6.68777e-05,8.85423e-05,0.000115859,0.000127162,0.000143175,0.000149768,0.000151652,0.000149768,0.000141291,0.000129988,0.000123394,0.000117742,0.000109265,0.000103613,9.60779e-05,8.85423e-05,7.91229e-05,7.34713e-05,6.311e-05,5.55744e-05,4.42712e-05,3.67357e-05,2.63743e-05,2.07227e-05,1.5071e-05,1.13033e-05,6.59358e-06,5.65164e-06,4.7097e-06,4.7097e-06,2.82582e-06,2.82582e-06,0,0,0,0,0,0,0,0,0,0,0,0,0,0,0,0,0,0,0,0,0,0,0,0,0,0,0,0,0,0,0
0,0,0,0,0,0,0,0,0,0,0,0,0,0,0,0,1.88388e-06,2.82582e-06,2.82582e-06,2.82582e-06,4.7097e-06,4.7097e-06,5.65164e-06,1.13033e-05,1.88388e-05,2.54324e-05,3.67357e-05,4.7097e-05,5.55744e-05,6.311e-05,6.87616e-05,7.53552e-05,7.62971e-05,7.62971e-05,7.62971e-05,7.53552e-05,6.68777e-05,6.2168e-05,5.55744e-05,4.80389e-05,4.14454e-05,3.01421e-05,2.54324e-05,2.07227e-05,1.5071e-05,1.13033e-05,8.47746e-06,5.65164e-06,5.65164e-06,5.65164e-06,4.7097e-06,4.7097e-06,3.76776e-06,2.82582e-06,2.82582e-06,1.88388e-06,0,0,0,0,0,0,0,0,0,0,0,0,0,0,0,0,0,0,0,0,0,0,0,0,0,0,0,0,0,0,0,0,0,0,0,0,0,0,0,0,0,0,0,0,0,0,0,0,0,0,0,2.82582e-06,2.82582e-06,4.7097e-06,5.65164e-06,6.59358e-06,1.31872e-05,2.16646e-05,3.1084e-05,4.99228e-05,7.34713e-05,0.000105497,0.000129988,0.000153536,0.000175201,0.000192156,0.000195923,0.000195923,0.000192156,0.000178969,0.000162014,0.000148826,0.000129988,0.000120568,0.000111149,0.000105497,9.3252e-05,8.28907e-05,7.62971e-05,6.59358e-05,5.84003e-05,4.7097e-05,3.76776e-05,2.63743e-05,2.07227e-05,1.31872e-05,9.4194e-06,5.65164e-06,5.65164e-06,4.7097e-06,4.7097e-06,2.82582e-06,2.82582e-06,0,0,0,0,0,0,0,0,0,0,0,0,0,0,0,0,0,0,0,0,0,0,0,0,0,0,0,0,0,0,0
0,0,0,0,0,0,0,0,0,0,0,0,0,0,0,1.88388e-06,2.82582e-06,2.82582e-06,2.82582e-06,4.7097e-06,4.7097e-06,5.65164e-06,1.13033e-05,2.07227e-05,2.73163e-05,4.33292e-05,5.84003e-05,6.87616e-05,7.91229e-05,9.23101e-05,0.000100788,0.000105497,0.000106439,0.000106439,0.000105497,9.98456e-05,8.85423e-05,7.91229e-05,7.15874e-05,6.2168e-05,5.27486e-05,4.33292e-05,3.2026e-05,2.54324e-05,2.07227e-05,1.5071e-05,1.13033e-05,6.59358e-06,5.65164e-06,5.65164e-06,4.7097e-06,4.7097e-06,2.82582e-06,2.82582e-06,2.82582e-06,0,0,0,0,0,0,0,0,0,0,0,0,0,0,0,0,0,0,0,0,0,0,0,0,0,0,0,0,0,0,0,0,0,0,0,0,0,0,0,0,0,0,0,0,0,0,0,0,0,0,0,1.88388e-06,2.82582e-06,4.7097e-06,5.65164e-06,6.59358e-06,1.13033e-05,2.07227e-05,2.73163e-05,4.80389e-05,7.53552e-05,0.000115859,0.000149768,0.000182736,0.000214762,0.000237369,0.000255266,0.000262801,0.000258091,0.00024773,0.000232659,0.000201575,0.000177085,0.000153536,0.000133755,0.000120568,0.000111149,0.000101729,8.85423e-05,7.62971e-05,6.68777e-05,5.84003e-05,4.7097e-05,3.67357e-05,2.63743e-05,1.97807e-05,1.13033e-05,7.53552e-06,5.65164e-06,5.65164e-06,4.7097e-06,3.76776e-06,2.82582e-06,1.88388e-06,0,0,0,0,0,0,0,0,0,0,0,0,0,0,0,0,0,0,0,0,0,0,0,0,0,0,0,0,0,0,0
0,0,0,0,0,0,0,0,0,0,0,0,0,1.88388e-06,2.82582e-06,2.82582e-06,2.82582e-06,4.7097e-06,4.7097e-06,5.65164e-06,5.65164e-06,1.13033e-05,2.16646e-05,3.29679e-05,5.08647e-05,6.87616e-05,8.85423e-05,0.000109265,0.000120568,0.00012622,0.000133755,0.000134697,0.000134697,0.000133755,0.000129988,0.000123394,0.000118684,0.000106439,9.3252e-05,7.62971e-05,6.59358e-05,5.84003e-05,4.42712e-05,3.2026e-05,2.54324e-05,1.97807e-05,1.31872e-05,1.13033e-05,5.65164e-06,5.65164e-06,4.7097e-06,4.7097e-06,3.76776e-06,2.82582e-06,1.88388e-06,0,0,0,0,0,0,0,0,0,0,0,0,0,0,0,0,0,0,0,0,0,0,0,0,0,0,0,0,0,0,0,0,0,0,0,0,0,0,0,0,0,0,0,0,0,0,0,0,0,0,1.88388e-06,2.82582e-06,4.7097e-06,5.65164e-06,6.59358e-06,1.13033e-05,1.78969e-05,2.63743e-05,4.42712e-05,7.53552e-05,0.000118684,0.000161072,0.000208169,0.000258091,0.00030613,0.000335331,0.000350402,0.000350402,0.000339098,0.000318376,0.00028635,0.000249614,0.000217588,0.000182736,0.000152594,0.000129988,0.000118684,0.000105497,9.3252e-05,7.91229e-05,6.87616e-05,5.84003e-05,4.7097e-05,3.67357e-05,2.54324e-05,1.88388e-05,1.13033e-05,6.59358e-06,5.65164e-06,4.7097e-06,4.7097e-06,3.76776e-06,2.82582e-06,1.88388e-06,0,0,0,0,0,0,0,0,0,0,0,0,0,0,0,0,0,0,0,0,0,0,0,0,0,0,0,0,0,0,0
0,0,0,0,0,0,0,0,0,0,0,0,1.88388e-06,2.82582e-06,2.82582e-06,3.76776e-06,4.7097e-06,4.7097e-06,5.65164e-06,6.59358e-06,1.41291e-05,2.54324e-05,4.14454e-05,6.12261e-05,8.28907e-05,0.000114917,0.00013093,0.000149768,0.000161072,0.000171433,0.000175201,0.000177085,0.000175201,0.000173317,0.000162956,0.000153536,0.000147885,0.000129988,0.000118684,0.000102671,8.00649e-05,6.87616e-05,5.84003e-05,4.33292e-05,3.01421e-05,2.54324e-05,1.88388e-05,1.13033e-05,7.53552e-06,5.65164e-06,5.65164e-06,4.7097e-06,3.76776e-06,2.82582e-06,1.88388e-06,0,0,0,0,0,0,0,0,0,0,0,0,0,0,0,0,0,0,0,0,0,0,0,0,0,0,0,0,0,0,0,0,0,0,0,0,0,0,0,0,0,0,0,0,0,0,0,1.88388e-06,2.82582e-06,2.82582e-06,3.76776e-06,4.7097e-06,5.65164e-06,7.53552e-06,1.13033e-05,1.88388e-05,2.54324e-05,4.23873e-05,7.06455e-05,0.00012151,0.000174259,0.000237369,0.000317434,0.000389021,0.000486041,0.000547267,0.000556686,0.00052937,0.00047097,0.00040786,0.000355111,0.000308014,0.000258091,0.000214762,0.000174259,0.000148826,0.000123394,0.000111149,9.70198e-05,8.00649e-05,6.87616e-05,5.93422e-05,4.7097e-05,3.39098e-05,2.54324e-05,1.78969e-05,1.13033e-05,5.65164e-06,5.65164e-06,4.7097e-06,4.7097e-06,2.82582e-06,2.82582e-06,1.88388e-06,0,0,0,0,0,0,0,0,0,0,0,0,0,0,0,0,0,0,0,0,0,0,0,0,0,0,0,0,0,0,0
0,0,0,0,0,0,0,0,0,0,0,2.82582e-06,2.82582e-06,3.76776e-06,4.7097e-06,4.7097e-06,5.65164e-06,5.65164e-06,1.13033e-05,1.88388e-05,2.73163e-05,4.7097e-05,7.15874e-05,0.000106439,0.000133755,0.000159188,0.00018462,0.000200633,0.000219472,0.000232659,0.000234543,0.000234543,0.000232659,0.000219472,0.000204401,0.000192156,0.000175201,0.000159188,0.000141291,0.00012151,0.000105497,8.19488e-05,6.78197e-05,5.55744e-05,4.23873e-05,2.82582e-05,2.16646e-05,1.5071e-05,1.13033e-05,6.59358e-06,5.65164e-06,4.7097e-06,4.7097e-06,2.82582e-06,2.82582e-06,0,0,0,0,0,0,0,0,0,0,0,0,0,0,0,0,0,0,0,0,0,0,0,0,1.88388e-06,1.88388e-06,1.88388e-06,1.88388e-06,1.88388e-06,1.88388e-06,1.88388e-06,1.88388e-06,1.88388e-06,1.88388e-06,1.88388e-06,1.88388e-06,1.88388e-06,1.88388e-06,1.88388e-06,1.88388e-06,1.88388e-06,0,0,0,1.88388e-06,2.82582e-06,2.82582e-06,3.76776e-06,4.7097e-06,4.7097e-06,5.65164e-06,6.59358e-06,1.13033e-05,1.41291e-05,2.07227e-05,2.63743e-05,4.05034e-05,6.59358e-05,0.000123394,0.000191214,0.000275046,0.000382428,0.000559512,0.000717758,0.000836443,0.000891075,0.000879772,0.000802533,0.000680081,0.000580235,0.000463434,0.00036924,0.000308956,0.00024773,0.000196865,0.000162014,0.000133755,0.000118684,0.000102671,8.28907e-05,6.97035e-05,5.93422e-05,4.7097e-05,3.2026e-05,2.54324e-05,1.69549e-05,1.13033e-05,5.65164e-06,5.65164e-06,4.7097e-06,4.7097e-06,2.82582e-06,2.82582e-06,2.82582e-06,0,0,0,0,0,0,0,0,0,0,0,0,0,0,0,0,0,0,0,0,0,0,0,0,0,0,0,0,0,0,0
0,0,0,0,0,0,0,0,0,1.88388e-06,2.82582e-06,2.82582e-06,4.7097e-06,4.7097e-06,5.65164e-06,6.59358e-06,1.13033e-05,1.69549e-05,2.35485e-05,3.67357e-05,5.55744e-05,8.19488e-05,0.000122452,0.000153536,0.000190272,0.000226066,0.00025715,0.00028635,0.000307072,0.000317434,0.000318376,0.00031084,0.000301421,0.000275988,0.000256208,0.000234543,0.000210995,0.000190272,0.000167665,0.000146001,0.00012151,0.000103613,7.91229e-05,6.49938e-05,5.08647e-05,4.05034e-05,2.73163e-05,2.07227e-05,1.31872e-05,9.4194e-06,5.65164e-06,5.65164e-06,4.7097e-06,2.82582e-06,2.82582e-06,0,0,0,0,0,0,0,0,0,0,0,0,0,0,0,0,0,0,0,0,0,0,1.88388e-06,1.88388e-06,1.88388e-06,2.82582e-06,2.82582e-06,2.82582e-06,2.82582e-06,2.82582e-06,2.82582e-06,2.82582e-06,2.82582e-06,2.82582e-06,2.82582e-06,2.82582e-06,2.82582e-06,2.82582e-06,2.82582e-06,2.82582e-06,2.82582e-06,2.82582e-06,2.82582e-06,2.82582e-06,3.76776e-06,4.7097e-06,4.7097e-06,5.65164e-06,5.65164e-06,1.03613e-05,1.31872e-05,1.78969e-05,2.07227e-05,2.63743e-05,3.67357e-05,4.7097e-05,6.87616e-05,0.000132814,0.000219472,0.000338156,0.000555744,0.000817604,0.00100693,0.00123582,0.00136016,0.00136675,0.00129611,0.00112562,0.000944766,0.000790287,0.000617912,0.000467202,0.000359821,0.000288234,0.000232659,0.00017991,0.000148826,0.000123394,0.000106439,8.66585e-05,7.15874e-05,5.93422e-05,4.42712e-05,3.1084e-05,2.44904e-05,1.5071e-05,1.13033e-05,5.65164e-06,5.65164e-06,4.7097e-06,4.7097e-06,2.82582e-06,2.82582e-06,2.82582e-06,1.88388e-06,0,0,0,0,0,0,0,0,0,0,0,0,0,0,0,0,0,0,0,0,0,0,0,0,0,0,0,0,0,0
0,0,0,0,0,0,0,0,2.82582e-06,2.82582e-06,3.76776e-06,4.7097e-06,5.65164e-06,5.65164e-06,1.13033e-05,1.78969e-05,2.54324e-05,3.1084e-05,4.80389e-05,6.68777e-05,0.000102671,0.000137523,0.000175201,0.000219472,0.000271279,0.000322143,0.000372066,0.000417279,0.000459667,0.00047097,0.000459667,0.000420105,0.000387137,0.000354169,0.00032026,0.000283524,0.000248672,0.000222298,0.000192156,0.000165781,0.000139407,0.000118684,9.60779e-05,7.62971e-05,6.02841e-05,4.7097e-05,3.1084e-05,2.54324e-05,1.78969e-05,1.13033e-05,6.59358e-06,5.65164e-06,4.7097e-06,4.7097e-06,2.82582e-06,1.88388e-06,0,0,0,0,0,0,0,0,0,0,0,0,0,0,0,0,0,0,0,0,1.88388e-06,1.88388e-06,2.82582e-06,2.82582e-06,2.82582e-06,2.82582e-06,2.82582e-06,2.82582e-06,2.82582e-06,2.82582e-06,2.82582e-06,2.82582e-06,2.82582e-06,2.82582e-06,2.82582e-06,2.82582e-06,3.76776e-06,3.76776e-06,3.76776e-06,4.7097e-06,4.7097e-06,4.7097e-06,4.7097e-06,5.65164e-06,5.65164e-06,6.59358e-06,1.13033e-05,1.5071e-05,2.07227e-05,2.73163e-05,3.1084e-05,4.23873e-05,5.08647e-05,6.78197e-05,9.60779e-05,0.000151652,0.00024773,0.00041257,0.000779926,0.00113504,0.00157398,0.00206285,0.00235673,0.00247071,0.00232942,0.00205343,0.00165593,0.0013319,0.000992805,0.000792171,0.00058777,0.000417279,0.000325911,0.000251498,0.000195923,0.000159188,0.000129988,0.000113033,9.23101e-05,7.53552e-05,5.93422e-05,4.52131e-05,3.1084e-05,2.54324e-05,1.78969e-05,1.13033e-05,5.65164e-06,5.65164e-06,4.7097e-06,4.7097e-06,3.76776e-06,2.82582e-06,2.82582e-06,2.82582e-06,1.88388e-06,0,0,0,0,0,0,0,0,0,0,0,0,0,0,0,0,0,0,0,0,0,0,0,0,0,0,0,0,0
0,0,0,0,1.88388e-06,1.88388e-06,2.82582e-06,2.82582e-06,3.76776e-06,4.7097e-06,4.7097e-06,5.65164e-06,8.47746e-06,1.5071e-05,2.54324e-05,3.1084e-05,4.42712e-05,6.02841e-05,8.00649e-05,0.000118684,0.000152594,0.000194982,0.000244904,0.000316492,0.000393731,0.00052466,0.000619796,0.000701745,0.000746016,0.00075261,0.000716816,0.000645229,0.000574583,0.000486041,0.000393731,0.00034475,0.000303305,0.00025715,0.000222298,0.00018933,0.000159188,0.000132814,0.000112091,8.76004e-05,6.78197e-05,5.36906e-05,4.14454e-05,2.73163e-05,2.07227e-05,1.41291e-05,1.13033e-05,5.65164e-06,5.65164e-06,4.7097e-06,2.82582e-06,1.88388e-06,0,0,0,0,0,0,0,0,0,0,0,0,0,0,0,0,0,0,0,1.88388e-06,1.88388e-06,2.82582e-06,2.82582e-06,2.82582e-06,2.82582e-06,2.82582e-06,2.82582e-06,2.82582e-06,2.82582e-06,2.82582e-06,3.76776e-06,3.76776e-06,4.7097e-06,4.7097e-06,4.7097e-06,4.7097e-06,4.7097e-06,4.7097e-06,4.7097e-06,4.7097e-06,5.65164e-06,5.65164e-06,5.65164e-06,7.53552e-06,1.13033e-05,1.69549e-05,2.16646e-05,2.73163e-05,4.23873e-05,5.55744e-05,6.87616e-05,8.85423e-05,0.000123394,0.000158246,0.000214762,0.000325911,0.000585887,0.000963604,0.00154949,0.00246977,0.00355488,0.00428112,0.00453638,0.00445632,0.00409461,0.00341171,0.00257715,0.00183584,0.00134226,0.000957011,0.000712106,0.000511473,0.000361705,0.00027693,0.000217588,0.000174259,0.000142233,0.000118684,9.60779e-05,7.62971e-05,6.12261e-05,4.7097e-05,3.2026e-05,2.54324e-05,1.78969e-05,1.13033e-05,6.59358e-06,5.65164e-06,5.65164e-06,4.7097e-06,4.7097e-06,2.82582e-06,2.82582e-06,2.82582e-06,1.88388e-06,9.4194e-07,0,0,0,0,0,0,0,0,0,0,0,0,0,0,0,0,0,0,0,0,0,0,0,0,0,0,0,0
2.82582e-06,2.82582e-06,2.82582e-06,2.82582e-06,4.7097e-06,4.7097e-06,4.7097e-06,4.7097e-06,5.65164e-06,5.65164e-06,6.59358e-06,1.13033e-05,2.07227e-05,2.82582e-05,4.42712e-05,5.84003e-05,7.53552e-05,0.000101729,0.000129988,0.000169549,0.000214762,0.000272221,0.000355111,0.000512415,0.000702687,0.000891075,0.000986211,0.00107758,0.00112091,0.00110395,0.00102766,0.000936288,0.000834559,0.000682906,0.000556686,0.000426699,0.000354169,0.000303305,0.000250556,0.00021382,0.000177085,0.000151652,0.000123394,0.000105497,7.62971e-05,6.2168e-05,4.7097e-05,3.1084e-05,2.54324e-05,1.78969e-05,1.13033e-05,6.59358e-06,5.65164e-06,4.7097e-06,2.82582e-06,2.82582e-06,0,0,0,0,0,0,0,0,0,0,0,0,0,0,0,0,0,0,1.88388e-06,1.88388e-06,2.82582e-06,2.82582e-06,2.82582e-06,2.82582e-06,2.82582e-06,2.82582e-06,2.82582e-06,2.82582e-06,3.76776e-06,4.7097e-06,4.7097e-06,4.7097e-06,4.7097e-06,4.7097e-06,4.7097e-06,4.7097e-06,5.65164e-06,5.65164e-06,5.65164e-06,5.65164e-06,6.59358e-06,7.53552e-06,1.13033e-05,1.41291e-05,1.97807e-05,2.54324e-05,3.76776e-05,5.27486e-05,7.53552e-05,0.000105497,0.00013093,0.000173317,0.000232659,0.000335331,0.000573641,0.000920275,0.0014261,0.00232848,0.00377058,0.00501677,0.00647584,0.00742154,0.0077013,0.007333,0.00635621,0.00502713,0.00396274,0.00269018,0.00175389,0.00121604,0.00087883,0.000606609,0.000405034,0.000305188,0.000233601,0.00018462,0.000151652,0.000123394,0.000105497,7.91229e-05,6.311e-05,4.80389e-05,3.86195e-05,2.63743e-05,2.07227e-05,1.31872e-05,9.4194e-06,5.65164e-06,5.65164e-06,4.7097e-06,4.7097e-06,3.76776e-06,2.82582e-06,2.82582e-06,2.82582e-06,1.88388e-06,0,0,0,0,0,0,0,0,0,0,0,0,0,0,0,0,0,0,0,0,0,0,0,0,0,0,0,1.88388e-06
4.7097e-06,4.7097e-06,5.65164e-06,5.65164e-06,5.65164e-06,5.65164e-06,6.59358e-06,6.59358e-06,1.13033e-05,1.13033e-05,1.78969e-05,2.63743e-05,4.14454e-05,5.84003e-05,7.53552e-05,9.3252e-05,0.000120568,0.000151652,0.000192156,0.000240195,0.00031555,0.000421989,0.000645229,0.000920275,0.00120474,0.00147414,0.00168419,0.00181418,0.00183113,0.001736,0.0015655,0.00136016,0.00112468,0.00093252,0.000764855,0.000586828,0.000433292,0.000350402,0.000290117,0.000237369,0.000195923,0.000168607,0.000138465,0.000118684,9.13682e-05,6.87616e-05,5.27486e-05,4.05034e-05,2.73163e-05,2.07227e-05,1.41291e-05,8.47746e-06,5.65164e-06,4.7097e-06,3.76776e-06,2.82582e-06,0,0,0,0,0,0,0,0,0,0,0,0,0,0,0,0,0,0,1.88388e-06,2.82582e-06,2.82582e-06,2.82582e-06,2.82582e-06,2.82582e-06,2.82582e-06,2.82582e-06,3.76776e-06,4.7097e-06,4.7097e-06,4.7097e-06,4.7097e-06,4.7097e-06,4.7097e-06,5.65164e-06,5.65164e-06,5.65164e-06,6.59358e-06,6.59358e-06,8.47746e-06,1.13033e-05,1.13033e-05,1.31872e-05,1.78969e-05,2.07227e-05,2.54324e-05,4.05034e-05,5.93422e-05,9.3252e-05,0.000137523,0.000181794,0.000243962,0.000353227,0.000606609,0.00101541,0.00164086,0.00267888,0.004137,0.00553201,0.00754682,0.00942222,0.0111884,0.0122725,0.0122669,0.011162,0.00934781,0.00740741,0.00528428,0.00378471,0.00232282,0.00149768,0.000992805,0.000693268,0.000460609,0.000326853,0.00024773,0.00019404,0.000158246,0.000129988,0.000111149,8.38326e-05,6.59358e-05,5.08647e-05,4.14454e-05,2.73163e-05,2.16646e-05,1.78969e-05,1.13033e-05,6.59358e-06,5.65164e-06,5.65164e-06,4.7097e-06,4.7097e-06,2.82582e-06,2.82582e-06,2.82582e-06,2.82582e-06,1.88388e-06,0,0,0,0,0,0,0,0,0,0,0,0,0,0,0,0,0,0,0,0,0,0,0,0,2.82582e-06,2.82582e-06,2.82582e-06
5.65164e-06,6.59358e-06,1.13033e-05,1.13033e-05,1.31872e-05,1.5071e-05,1.88388e-05,2.07227e-05,2.16646e-05,2.73163e-05,4.14454e-05,5.55744e-05,7.53552e-05,0.000101729,0.000122452,0.000148826,0.000178969,0.000230775,0.000293885,0.000385253,0.000581177,0.000859049,0.00118779,0.00162579,0.00218247,0.00270431,0.0031263,0.00329302,0.00322426,0.00290683,0.00247542,0.00203553,0.00157021,0.00124619,0.000965488,0.0007771,0.000571757,0.000416337,0.000330621,0.000270337,0.000219472,0.00018462,0.000153536,0.000128104,0.000106439,7.8181e-05,6.02841e-05,4.33292e-05,2.82582e-05,2.16646e-05,1.69549e-05,1.13033e-05,5.65164e-06,5.65164e-06,4.7097e-06,2.82582e-06,1.88388e-06,0,0,0,0,0,0,0,0,0,0,0,0,0,0,0,0,1.88388e-06,1.88388e-06,2.82582e-06,2.82582e-06,2.82582e-06,2.82582e-06,2.82582e-06,2.82582e-06,3.76776e-06,4.7097e-06,4.7097e-06,4.7097e-06,4.7097e-06,4.7097e-06,5.65164e-06,5.65164e-06,5.65164e-06,7.53552e-06,1.13033e-05,1.13033e-05,1.31872e-05,1.5071e-05,1.78969e-05,1.88388e-05,2.07227e-05,2.16646e-05,2.63743e-05,3.86195e-05,5.84003e-05,0.000105497,0.000171433,0.000251498,0.000389963,0.000704571,0.00105497,0.00180099,0.00334954,0.00502336,0.00729909,0.00935629,0.0117837,0.0151756,0.0184432,0.0204684,0.0209271,0.0198071,0.0172121,0.0133501,0.00985646,0.00715309,0.00473042,0.00303776,0.00179251,0.00118684,0.000808184,0.000530312,0.000353227,0.000264685,0.000206285,0.000168607,0.000136581,0.000117742,9.23101e-05,7.15874e-05,5.84003e-05,4.42712e-05,3.39098e-05,2.63743e-05,2.07227e-05,1.41291e-05,1.13033e-05,5.65164e-06,5.65164e-06,4.7097e-06,4.7097e-06,4.7097e-06,2.82582e-06,2.82582e-06,2.82582e-06,2.82582e-06,1.88388e-06,0,0,0,0,0,0,0,0,0,0,0,0,0,0,0,0,0,0,0,0,0,1.88388e-06,2.82582e-06,3.76776e-06,4.7097e-06,5.65164e-06
1.31872e-05,1.78969e-05,2.07227e-05,2.35485e-05,2.63743e-05,2.82582e-05,3.67357e-05,4.23873e-05,4.80389e-05,6.12261e-05,7.62971e-05,0.000105497,0.00012622,0.000153536,0.00018462,0.000224182,0.00028164,0.000371124,0.000555744,0.000805359,0.00108606,0.00157021,0.00227761,0.00322143,0.00404092,0.00457218,0.00493011,0.00503373,0.00484911,0.00443371,0.00386572,0.0030792,0.00226442,0.00164745,0.00126126,0.000947591,0.000735655,0.000537848,0.000381486,0.000305188,0.000242079,0.000197807,0.000170491,0.000146001,0.000119626,9.3252e-05,6.68777e-05,4.99228e-05,3.95615e-05,2.63743e-05,1.97807e-05,1.13033e-05,6.59358e-06,5.65164e-06,4.7097e-06,2.82582e-06,2.82582e-06,1.88388e-06,0,0,0,0,0,0,0,0,0,0,0,0,0,0,1.88388e-06,2.82582e-06,2.82582e-06,2.82582e-06,2.82582e-06,2.82582e-06,2.82582e-06,2.82582e-06,3.76776e-06,4.7097e-06,4.7097e-06,4.7097e-06,4.7097e-06,5.65164e-06,5.65164e-06,5.65164e-06,6.59358e-06,1.13033e-05,1.31872e-05,1.78969e-05,2.07227e-05,2.07227e-05,2.16646e-05,2.35485e-05,2.54324e-05,2.73163e-05,3.95615e-05,4.99228e-05,6.87616e-05,0.000115859,0.00018933,0.000324027,0.000638635,0.0011341,0.00188859,0.00318658,0.00479824,0.00756378,0.0113815,0.0168202,0.0214404,0.0256085,0.0294356,0.0322567,0.0335679,0.0321173,0.0287018,0.0237303,0.0184997,0.0128292,0.008712,0.00568084,0.0037282,0.00215893,0.00135734,0.000907088,0.000604725,0.000384311,0.000289176,0.000224182,0.000177085,0.000148826,0.00012151,0.000101729,7.62971e-05,6.311e-05,5.08647e-05,4.23873e-05,2.82582e-05,2.54324e-05,1.88388e-05,1.13033e-05,7.53552e-06,5.65164e-06,5.65164e-06,4.7097e-06,4.7097e-06,4.7097e-06,3.76776e-06,2.82582e-06,2.82582e-06,2.82582e-06,1.88388e-06,1.88388e-06,0,0,0,0,0,0,0,0,0,0,0,0,0,0,0,0,0,1.88388e-06,2.82582e-06,2.82582e-06,4.7097e-06,5.65164e-06,5.65164e-06,9.4194e-06
2.54324e-05,2.73163e-05,3.95615e-05,4.23873e-05,4.99228e-05,5.84003e-05,6.59358e-05,7.62971e-05,9.3252e-05,0.000118684,0.000135639,0.000162014,0.000192156,0.000233601,0.000284466,0.000368298,0.000551977,0.0008063,0.00105874,0.00148732,0.00216458,0.00322991,0.00432539,0.00526639,0.00640331,0.00725105,0.00767587,0.00766927,0.00722656,0.00635621,0.0052174,0.00434705,0.00335331,0.00231811,0.00162108,0.00121604,0.000919333,0.000676313,0.000486983,0.000353227,0.000275046,0.000225124,0.00018462,0.00015542,0.000129988,0.000105497,7.62971e-05,5.84003e-05,4.23873e-05,2.73163e-05,2.07227e-05,1.5071e-05,9.4194e-06,5.65164e-06,4.7097e-06,3.76776e-06,2.82582e-06,2.82582e-06,2.82582e-06,1.88388e-06,0,0,0,0,0,0,0,1.88388e-06,2.82582e-06,2.82582e-06,2.82582e-06,2.82582e-06,2.82582e-06,2.82582e-06,2.82582e-06,2.82582e-06,2.82582e-06,2.82582e-06,2.82582e-06,2.82582e-06,3.76776e-06,4.7097e-06,4.7097e-06,4.7097e-06,5.65164e-06,5.65164e-06,5.65164e-06,7.53552e-06,1.13033e-05,1.69549e-05,2.07227e-05,2.54324e-05,2.63743e-05,2.73163e-05,2.73163e-05,2.82582e-05,4.05034e-05,5.74583e-05,8.00649e-05,0.000123394,0.000174259,0.00024773,0.000417279,0.000891075,0.00155891,0.00293979,0.00465695,0.00686486,0.00988001,0.0160808,0.0244113,0.0341114,0.0428498,0.048978,0.0524726,0.0537979,0.0522315,0.0464103,0.0383417,0.0305433,0.0228486,0.0161618,0.0102898,0.00684413,0.00428583,0.00249426,0.00151841,0.000991863,0.000673487,0.000433292,0.00032026,0.00024773,0.000195923,0.000161072,0.000133755,0.000112091,8.57165e-05,6.87616e-05,5.93422e-05,4.80389e-05,4.05034e-05,2.73163e-05,2.16646e-05,1.69549e-05,1.13033e-05,6.59358e-06,5.65164e-06,5.65164e-06,4.7097e-06,4.7097e-06,4.7097e-06,4.7097e-06,2.82582e-06,2.82582e-06,2.82582e-06,2.82582e-06,1.88388e-06,0,0,0,0,0,0,0,0,0,0,0,1.88388e-06,2.82582e-06,2.82582e-06,2.82582e-06,2.82582e-06,2.82582e-06,4.7097e-06,4.7097e-06,5.65164e-06,8.47746e-06,1.31872e-05,1.97807e-05
4.33292e-05,5.18067e-05,6.2168e-05,6.97035e-05,8.00649e-05,0.000101729,0.000117742,0.000129988,0.000152594,0.000178969,0.000210995,0.00024773,0.000303305,0.000368298,0.000528428,0.000760145,0.00103142,0.00146095,0.00206756,0.00296146,0.0041257,0.00525602,0.00686203,0.00818922,0.00952866,0.0105865,0.0111234,0.0108389,0.00992616,0.00863382,0.00725105,0.00565823,0.00451754,0.00338156,0.00226819,0.00157492,0.00115576,0.000886365,0.000630158,0.00044177,0.000326853,0.00025715,0.000206285,0.000174259,0.000146001,0.000118684,8.57165e-05,6.40519e-05,4.80389e-05,3.67357e-05,2.54324e-05,1.97807e-05,1.13033e-05,6.59358e-06,5.65164e-06,4.7097e-06,4.7097e-06,3.76776e-06,2.82582e-06,2.82582e-06,2.82582e-06,2.82582e-06,2.82582e-06,2.82582e-06,3.76776e-06,4.7097e-06,4.7097e-06,4.7097e-06,4.7097e-06,4.7097e-06,4.7097e-06,4.7097e-06,4.7097e-06,4.7097e-06,4.7097e-06,4.7097e-06,4.7097e-06,4.7097e-06,4.7097e-06,4.7097e-06,4.7097e-06,4.7097e-06,4.7097e-06,5.65164e-06,5.65164e-06,6.59358e-06,9.4194e-06,1.13033e-05,1.78969e-05,2.16646e-05,2.63743e-05,2.82582e-05,3.29679e-05,4.05034e-05,4.33292e-05,6.02841e-05,9.3252e-05,0.000137523,0.000192156,0.000272221,0.000408802,0.000745074,0.00131777,0.00242455,0.00420388,0.00635056,0.00932144,0.0138211,0.0217098,0.0335293,0.0494716,0.0688596,0.0858277,0.0943673,0.0946386,0.0897622,0.0797785,0.0649581,0.0495781,0.0367234,0.0269395,0.0188294,0.0119071,0.00773333,0.0047681,0.00292284,0.00170585,0.0011341,0.000800649,0.000528428,0.000360763,0.00028164,0.000224182,0.00018462,0.000152594,0.000125278,0.000105497,7.8181e-05,6.49938e-05,5.55744e-05,4.42712e-05,3.67357e-05,2.63743e-05,2.07227e-05,1.5071e-05,1.13033e-05,6.59358e-06,5.65164e-06,5.65164e-06,5.65164e-06,4.7097e-06,4.7097e-06,4.7097e-06,3.76776e-06,2.82582e-06,2.82582e-06,2.82582e-06,2.82582e-06,1.88388e-06,0,0,0,0,0,0,1.88388e-06,2.82582e-06,2.82582e-06,2.82582e-06,2.82582e-06,3.76776e-06,4.7097e-06,4.7097e-06,4.7097e-06,5.65164e-06,7.53552e-06,1.31872e-05,2.07227e-05,2.63743e-05,3.57937e-05
7.15874e-05,8.19488e-05,0.000102671,0.000118684,0.000132814,0.000151652,0.000172375,0.000195923,0.000233601,0.000275046,0.000327795,0.000395615,0.000537848,0.000716816,0.000944766,0.00131212,0.00182925,0.00266946,0.00373102,0.00474267,0.00617347,0.0078294,0.00959271,0.0115887,0.0136534,0.0155034,0.016158,0.0155222,0.0136346,0.0114351,0.00925738,0.00747147,0.00575148,0.00449023,0.00330338,0.00221262,0.00153065,0.00109453,0.000832675,0.000606609,0.000405034,0.000309898,0.000237369,0.000192156,0.000157304,0.00012622,0.000101729,7.53552e-05,5.74583e-05,4.23873e-05,2.92001e-05,2.54324e-05,2.07227e-05,1.41291e-05,1.13033e-05,6.59358e-06,5.65164e-06,5.65164e-06,5.65164e-06,5.65164e-06,5.65164e-06,5.65164e-06,5.65164e-06,6.59358e-06,6.59358e-06,9.4194e-06,1.13033e-05,1.13033e-05,1.13033e-05,1.13033e-05,1.13033e-05,1.13033e-05,1.13033e-05,1.13033e-05,9.4194e-06,6.59358e-06,5.65164e-06,5.65164e-06,4.7097e-06,4.7097e-06,4.7097e-06,4.7097e-06,5.65164e-06,5.65164e-06,8.47746e-06,1.13033e-05,1.5071e-05,2.07227e-05,2.54324e-05,2.73163e-05,3.1084e-05,4.05034e-05,4.33292e-05,5.93422e-05,9.60779e-05,0.000148826,0.000215704,0.00031084,0.000505822,0.000829849,0.00131495,0.0023021,0.00425851,0.00670567,0.00955504,0.0138333,0.0206982,0.030175,0.0449786,0.0697167,0.103336,0.133439,0.1545,0.16028,0.152162,0.133656,0.111216,0.085287,0.0608371,0.0428046,0.0306243,0.0210957,0.0134057,0.00860179,0.00539543,0.00346445,0.00202988,0.00133284,0.000924043,0.000630158,0.000428583,0.000326853,0.000258091,0.00021382,0.000177085,0.000149768,0.000122452,9.79617e-05,7.62971e-05,6.311e-05,5.27486e-05,4.33292e-05,3.39098e-05,2.63743e-05,2.07227e-05,1.5071e-05,1.13033e-05,8.47746e-06,6.59358e-06,5.65164e-06,5.65164e-06,5.65164e-06,4.7097e-06,4.7097e-06,4.7097e-06,3.76776e-06,2.82582e-06,2.82582e-06,2.82582e-06,2.82582e-06,2.82582e-06,1.88388e-06,1.88388e-06,2.82582e-06,2.82582e-06,2.82582e-06,3.76776e-06,4.7097e-06,4.7097e-06,4.7097e-06,5.65164e-06,5.65164e-06,6.59358e-06,1.13033e-05,1.5071e-05,2.07227e-05,2.73163e-05,4.05034e-05,4.99228e-05,6.02841e-05
0.000115859,0.000127162,0.000148826,0.000167665,0.00018933,0.000214762,0.00024302,0.000291059,0.000348518,0.00043706,0.000581177,0.000741307,0.000917449,0.0011567,0.00154196,0.00216175,0.00309239,0.00414642,0.00512792,0.00668871,0.00824009,0.0101569,0.0125542,0.015558,0.0182755,0.0201274,0.0207556,0.0199597,0.0178441,0.0146029,0.0114474,0.0090332,0.00726141,0.0055452,0.0043235,0.00312253,0.0020864,0.00143457,0.00100599,0.000780868,0.000551977,0.000375834,0.000287292,0.000224182,0.000177085,0.000144117,0.000115859,8.38326e-05,6.59358e-05,5.27486e-05,4.33292e-05,3.95615e-05,2.82582e-05,2.73163e-05,2.54324e-05,2.16646e-05,2.07227e-05,1.78969e-05,1.78969e-05,1.78969e-05,1.88388e-05,2.07227e-05,2.16646e-05,2.63743e-05,2.73163e-05,2.82582e-05,3.01421e-05,3.2026e-05,3.67357e-05,3.67357e-05,3.76776e-05,3.67357e-05,3.2026e-05,2.82582e-05,2.73163e-05,2.16646e-05,1.88388e-05,1.13033e-05,8.47746e-06,5.65164e-06,5.65164e-06,6.59358e-06,1.13033e-05,1.5071e-05,2.07227e-05,2.16646e-05,2.63743e-05,2.73163e-05,3.2026e-05,4.05034e-05,4.33292e-05,5.36906e-05,7.62971e-05,0.000133755,0.000207227,0.000312724,0.000513357,0.000879772,0.0013611,0.0023718,0.00420388,0.00644004,0.00965677,0.0150993,0.022096,0.0304614,0.0420284,0.0609303,0.0941676,0.137373,0.182981,0.217464,0.229265,0.222464,0.201472,0.16975,0.133185,0.099579,0.0692684,0.047567,0.0334539,0.0230917,0.0149495,0.00942882,0.00621774,0.00409461,0.00247259,0.00157869,0.001087,0.000802533,0.000562338,0.000387137,0.00031084,0.000250556,0.000209111,0.000174259,0.000148826,0.000120568,9.51359e-05,7.62971e-05,6.40519e-05,5.55744e-05,4.42712e-05,3.86195e-05,2.73163e-05,2.16646e-05,1.88388e-05,1.41291e-05,1.13033e-05,8.47746e-06,6.59358e-06,5.65164e-06,5.65164e-06,5.65164e-06,4.7097e-06,4.7097e-06,4.7097e-06,3.76776e-06,2.82582e-06,2.82582e-06,2.82582e-06,2.82582e-06,2.82582e-06,3.76776e-06,4.7097e-06,4.7097e-06,4.7097e-06,5.65164e-06,5.65164e-06,6.59358e-06,1.13033e-05,1.31872e-05,1.97807e-05,2.54324e-05,3.67357e-05,4.7097e-05,5.93422e-05,6.87616e-05,8.00649e-05,9.98456e-05
0.000161072,0.000178969,0.000199691,0.000232659,0.000261859,0.000305188,0.000356995,0.000452131,0.000607551,0.0007771,0.000925927,0.00111526,0.00138088,0.00176896,0.00237746,0.00326947,0.0042538,0.00520233,0.00664162,0.0080809,0.00986305,0.0120945,0.0150965,0.0182765,0.0211315,0.0232518,0.0239234,0.0229513,0.0205079,0.0171904,0.0133171,0.0103585,0.00829095,0.00672074,0.00506952,0.00396086,0.00270431,0.00179534,0.00127633,0.000925927,0.000677255,0.000471912,0.00034004,0.000258091,0.000200633,0.000161072,0.00012622,0.000105497,7.91229e-05,6.68777e-05,6.12261e-05,5.74583e-05,5.18067e-05,4.99228e-05,4.80389e-05,4.52131e-05,4.33292e-05,4.33292e-05,4.33292e-05,4.42712e-05,4.80389e-05,5.08647e-05,5.84003e-05,5.93422e-05,6.311e-05,6.87616e-05,7.53552e-05,7.62971e-05,7.91229e-05,8.00649e-05,7.91229e-05,7.62971e-05,7.53552e-05,6.68777e-05,6.2168e-05,5.27486e-05,4.33292e-05,3.67357e-05,2.73163e-05,2.54324e-05,2.16646e-05,2.54324e-05,2.73163e-05,3.39098e-05,4.23873e-05,4.42712e-05,4.99228e-05,5.55744e-05,6.12261e-05,6.87616e-05,8.38326e-05,0.000118684,0.000174259,0.000271279,0.000444596,0.000808184,0.00127633,0.00217871,0.00390811,0.00594176,0.00890981,0.0132955,0.0204749,0.0298341,0.0417053,0.0579171,0.0819648,0.116652,0.165361,0.219893,0.267818,0.291059,0.283514,0.256522,0.220888,0.179846,0.138362,0.102403,0.0714047,0.0493916,0.0347369,0.0242182,0.0161015,0.010091,0.00696659,0.00464376,0.00316115,0.00204495,0.00138277,0.000969256,0.000733771,0.000521835,0.000376776,0.000307072,0.00024773,0.000206285,0.000173317,0.000143175,0.000118684,9.60779e-05,7.8181e-05,6.78197e-05,5.93422e-05,4.80389e-05,4.14454e-05,2.82582e-05,2.54324e-05,2.07227e-05,1.88388e-05,1.41291e-05,1.13033e-05,9.4194e-06,6.59358e-06,5.65164e-06,5.65164e-06,5.65164e-06,5.65164e-06,4.7097e-06,4.7097e-06,4.7097e-06,4.7097e-06,4.7097e-06,5.65164e-06,5.65164e-06,5.65164e-06,6.59358e-06,7.53552e-06,1.13033e-05,1.31872e-05,1.78969e-05,2.16646e-05,2.82582e-05,4.33292e-05,5.93422e-05,7.53552e-05,9.23101e-05,0.000111149,0.000122452,0.000134697,0.000149768
0.000230775,0.00024773,0.000282582,0.000323085,0.00037395,0.00046155,0.000607551,0.0007771,0.000935346,0.00113598,0.00136675,0.00162108,0.0020393,0.00257809,0.00332599,0.00414642,0.00494518,0.00610471,0.00747429,0.00889756,0.0106411,0.0129244,0.0158981,0.018949,0.0217776,0.0238848,0.0246619,0.0237152,0.0213293,0.018106,0.014276,0.0111799,0.00902096,0.00737256,0.00568178,0.00445349,0.00327041,0.00218436,0.00149392,0.00104838,0.00081101,0.000582119,0.000393731,0.000303305,0.000232659,0.000181794,0.000148826,0.00012151,0.000105497,9.3252e-05,8.19488e-05,8.00649e-05,7.8181e-05,7.8181e-05,7.8181e-05,7.8181e-05,7.91229e-05,8.00649e-05,8.38326e-05,8.85423e-05,9.51359e-05,0.000102671,0.000106439,0.000113033,0.000120568,0.000125278,0.000134697,0.000147885,0.000149768,0.000151652,0.000149768,0.000143175,0.00013093,0.000123394,0.000116801,0.000105497,8.76004e-05,7.53552e-05,6.40519e-05,5.84003e-05,5.46325e-05,5.55744e-05,6.2168e-05,6.78197e-05,7.53552e-05,8.00649e-05,9.60779e-05,0.000111149,0.000125278,0.000151652,0.00018462,0.000237369,0.000348518,0.000643345,0.00108606,0.00180381,0.00323651,0.00510437,0.00805735,0.0121614,0.0187079,0.0267784,0.0372085,0.0515599,0.0727978,0.102604,0.137907,0.182582,0.235379,0.287099,0.321347,0.323004,0.297352,0.256307,0.211437,0.166982,0.127245,0.0954232,0.0677886,0.0475868,0.0339739,0.0240411,0.0164821,0.0106543,0.00747523,0.00518915,0.00383558,0.00261671,0.00176614,0.00125466,0.000924043,0.000678197,0.000505822,0.000372066,0.000305188,0.00024302,0.000197807,0.000169549,0.000141291,0.000120568,0.000105497,8.85423e-05,7.62971e-05,6.311e-05,5.55744e-05,4.7097e-05,4.05034e-05,3.1084e-05,2.73163e-05,2.54324e-05,2.07227e-05,1.78969e-05,1.41291e-05,1.13033e-05,1.13033e-05,8.47746e-06,6.59358e-06,6.59358e-06,6.59358e-06,6.59358e-06,7.53552e-06,1.13033e-05,1.13033e-05,1.41291e-05,1.78969e-05,2.07227e-05,2.54324e-05,2.73163e-05,3.1084e-05,4.14454e-05,5.27486e-05,6.87616e-05,9.3252e-05,0.000118684,0.000134697,0.000152594,0.000170491,0.00018462,0.00019404,0.000206285
0.00032026,0.000356995,0.000409744,0.000508647,0.000617912,0.000763913,0.000919333,0.00109736,0.00136016,0.00160507,0.00192815,0.00225783,0.00272126,0.00332976,0.00399853,0.00460703,0.00537377,0.00651917,0.00767022,0.00891075,0.0103453,0.0121962,0.0145737,0.017375,0.0199305,0.0218568,0.0226131,0.0219472,0.0200087,0.0171584,0.0137467,0.0110979,0.00912457,0.00756754,0.00599356,0.00468144,0.00356618,0.00242549,0.00162579,0.00116801,0.000893901,0.000645229,0.000459667,0.000333447,0.00025715,0.000200633,0.000165781,0.000143175,0.00012622,0.00012151,0.000118684,0.000119626,0.00012151,0.000123394,0.000123394,0.000127162,0.000131872,0.000137523,0.000147885,0.000152594,0.000157304,0.000161072,0.000168607,0.000174259,0.00018462,0.000194982,0.000210995,0.000228891,0.000233601,0.000234543,0.000232659,0.000220414,0.000205343,0.000190272,0.000174259,0.000159188,0.000147885,0.000129988,0.000118684,0.000109265,0.000104555,0.000106439,0.000115859,0.000123394,0.000133755,0.000149768,0.000168607,0.000192156,0.000232659,0.000279756,0.000350402,0.000508647,0.000856223,0.00146566,0.00269301,0.00440828,0.00684413,0.0103453,0.0168287,0.0248917,0.0346973,0.0474399,0.0641687,0.0863759,0.115114,0.15184,0.192905,0.23677,0.281997,0.314534,0.322574,0.305587,0.273129,0.231107,0.186027,0.142445,0.109177,0.0820411,0.0597086,0.042959,0.0313704,0.0227055,0.0161637,0.0108559,0.00778513,0.00565917,0.00436683,0.00329208,0.0022729,0.00157587,0.00115199,0.000893901,0.000652764,0.000494518,0.000366415,0.000302363,0.000237369,0.000195923,0.000171433,0.000149768,0.000129988,0.000118684,0.000106439,8.85423e-05,7.62971e-05,6.59358e-05,6.02841e-05,5.46325e-05,4.80389e-05,4.23873e-05,3.76776e-05,2.73163e-05,2.54324e-05,2.16646e-05,2.07227e-05,1.88388e-05,1.88388e-05,1.88388e-05,1.97807e-05,2.07227e-05,2.16646e-05,2.54324e-05,2.73163e-05,3.1084e-05,4.14454e-05,4.80389e-05,5.55744e-05,6.311e-05,7.15874e-05,8.85423e-05,0.000116801,0.000137523,0.000162956,0.000191214,0.000217588,0.000237369,0.000254324,0.000271279,0.000277872,0.000296711
0.000498286,0.000570816,0.000652764,0.00078652,0.000906146,0.00103331,0.00126314,0.00151652,0.00181041,0.00217965,0.00251215,0.00288139,0.00329962,0.00378848,0.004283,0.00475303,0.00538507,0.00627426,0.00723221,0.00816097,0.00920652,0.0103698,0.0118732,0.0137749,0.0161072,0.0178422,0.0186325,0.0182859,0.0168457,0.0144842,0.0120691,0.0101193,0.00858672,0.00726612,0.00577786,0.0046221,0.00357184,0.00246035,0.0016597,0.00121228,0.000919333,0.000691384,0.00050488,0.000356995,0.000279756,0.000226066,0.000186504,0.000162014,0.000152594,0.000149768,0.000151652,0.000153536,0.000161072,0.000170491,0.000175201,0.00018933,0.000195923,0.000214762,0.000232659,0.000240195,0.000250556,0.000259975,0.000270337,0.000275046,0.000291059,0.00031084,0.000331563,0.000350402,0.000363589,0.00036924,0.000361705,0.000345692,0.00032026,0.000288234,0.000255266,0.000232659,0.000207227,0.000190272,0.000174259,0.000159188,0.000153536,0.000159188,0.000171433,0.000187446,0.000207227,0.000237369,0.000275046,0.000328737,0.000414454,0.000581177,0.000817604,0.00116235,0.00195547,0.00372631,0.00563657,0.00863288,0.0135479,0.0213039,0.0311462,0.0429261,0.0582919,0.0783656,0.10158,0.125716,0.1567,0.191305,0.226478,0.258458,0.285429,0.296692,0.283196,0.252763,0.21906,0.184081,0.146386,0.111548,0.0846267,0.0642893,0.0488754,0.0365774,0.0274528,0.0204062,0.0148723,0.0104725,0.00784071,0.00602559,0.00476433,0.00385913,0.00283147,0.00199503,0.0014374,0.00107004,0.000861875,0.000638635,0.00047568,0.000359821,0.000296711,0.000237369,0.000205343,0.000181794,0.000162956,0.000151652,0.000137523,0.000123394,0.000117742,0.000104555,8.85423e-05,7.8181e-05,7.34713e-05,6.40519e-05,5.84003e-05,4.99228e-05,4.33292e-05,4.05034e-05,3.67357e-05,3.1084e-05,3.1084e-05,3.39098e-05,4.05034e-05,4.23873e-05,4.7097e-05,5.08647e-05,5.84003e-05,6.59358e-05,7.62971e-05,8.85423e-05,0.000105497,0.000120568,0.000138465,0.000162014,0.000192156,0.000232659,0.000270337,0.000308956,0.00034475,0.000371124,0.000392789,0.000409744,0.000417279,0.000444596
0.000793113,0.000859049,0.000925927,0.00102295,0.00119815,0.00137806,0.00160507,0.00194887,0.00228326,0.00266757,0.00299348,0.00329208,0.00359162,0.00394296,0.00428206,0.00462398,0.00500829,0.00551883,0.00618949,0.00694681,0.00757225,0.00818075,0.00898611,0.00997703,0.0112844,0.0125156,0.0132955,0.0132889,0.0124769,0.0112157,0.00987153,0.00867056,0.007625,0.00648243,0.0052353,0.00430466,0.00327512,0.0022437,0.00156456,0.00115859,0.000907088,0.000692326,0.000516183,0.00036924,0.000301421,0.000237369,0.000204401,0.000187446,0.000178027,0.00017991,0.00018933,0.000195923,0.000211936,0.000232659,0.00024773,0.000275046,0.00031084,0.00034475,0.000379602,0.000409744,0.000447421,0.000484157,0.000512415,0.000536906,0.00056328,0.000607551,0.0006311,0.000661242,0.000681022,0.000685732,0.000652764,0.000619796,0.000556686,0.000463434,0.000385253,0.000335331,0.000303305,0.000265627,0.000238311,0.000231717,0.000224182,0.000232659,0.00024773,0.000279756,0.000321201,0.000379602,0.000492635,0.000649938,0.000893901,0.00121228,0.0017699,0.00288328,0.0046513,0.00733112,0.0109246,0.017587,0.0261643,0.036763,0.0505049,0.0675606,0.0880393,0.110683,0.132914,0.157727,0.184399,0.209772,0.227841,0.23891,0.246322,0.2403,0.216372,0.183406,0.154902,0.127136,0.100807,0.0758638,0.0585058,0.0467683,0.0372396,0.0294045,0.0224276,0.0172648,0.0127887,0.00966336,0.00758073,0.00609341,0.00499228,0.00417844,0.00326476,0.00234543,0.00172092,0.0013319,0.00100222,0.000822313,0.00062168,0.00046155,0.000356995,0.000296711,0.00024773,0.000225124,0.000204401,0.000191214,0.000177085,0.000168607,0.000153536,0.000144117,0.000129988,0.000120568,0.000111149,9.79617e-05,8.28907e-05,7.62971e-05,6.78197e-05,6.311e-05,5.93422e-05,5.84003e-05,5.84003e-05,6.02841e-05,6.40519e-05,6.97035e-05,7.62971e-05,8.76004e-05,0.000102671,0.000117742,0.000128104,0.000148826,0.000165781,0.000191214,0.000225124,0.000264685,0.000319318,0.000372066,0.000450247,0.000544441,0.000613203,0.000652764,0.000697035,0.000716816,0.000727178,0.000749784
0.00107287,0.00112468,0.00121981,0.00133944,0.00148638,0.00167477,0.00196865,0.00226819,0.00263272,0.00296617,0.00324216,0.00343054,0.00360669,0.00378471,0.00401455,0.00421424,0.00441016,0.00464753,0.00488019,0.00518538,0.00551129,0.00586734,0.00638918,0.0070589,0.00774934,0.00846427,0.00904451,0.00918203,0.00889568,0.00832675,0.00771825,0.00707397,0.0061942,0.00527204,0.00450153,0.00367262,0.00269018,0.00188294,0.001379,0.00104367,0.000861875,0.000648055,0.000494518,0.00036924,0.000305188,0.000251498,0.000226066,0.000209111,0.000207227,0.000217588,0.000232659,0.00024773,0.000275046,0.000316492,0.000357937,0.000420105,0.000537848,0.000629216,0.000730945,0.000816662,0.000892959,0.000926869,0.000959837,0.00100128,0.00105026,0.00110961,0.00114728,0.00117083,0.00116518,0.00112373,0.00104555,0.00096643,0.000897669,0.000790287,0.000644287,0.000542557,0.000436118,0.000376776,0.000340982,0.000324027,0.000322143,0.000337214,0.000368298,0.000420105,0.000550093,0.000699861,0.000904262,0.00118402,0.00168136,0.00270996,0.00422366,0.00603595,0.00896821,0.0135771,0.0211946,0.0309521,0.0425917,0.05748,0.0751291,0.0946923,0.113811,0.131964,0.150698,0.169203,0.187578,0.19931,0.198919,0.191324,0.18385,0.169651,0.145875,0.119324,0.0977319,0.0779314,0.0603199,0.0470772,0.0383539,0.0321418,0.0265759,0.021382,0.0169879,0.0132361,0.0104932,0.00839645,0.00700521,0.00579858,0.00497156,0.004283,0.00347011,0.0026299,0.00199503,0.00152406,0.00121322,0.000955127,0.000790287,0.000607551,0.000448363,0.000356995,0.000307072,0.000274104,0.000251498,0.000237369,0.000232659,0.000216646,0.000197807,0.00018933,0.000174259,0.000161072,0.000149768,0.000133755,0.000123394,0.000115859,0.000105497,9.60779e-05,9.04262e-05,8.85423e-05,9.04262e-05,9.70198e-05,0.000106439,0.000117742,0.000123394,0.000134697,0.000151652,0.000169549,0.00018933,0.000214762,0.000243962,0.000295769,0.000352285,0.000433292,0.00055857,0.000666893,0.000799707,0.000893901,0.000946649,0.00099563,0.00103613,0.00104838,0.00104744,0.00105309
0.00144682,0.00145812,0.00150428,0.0015834,0.00172375,0.00192909,0.00217776,0.00245187,0.00275235,0.00302174,0.0032139,0.00330998,0.00335236,0.00337685,0.00342772,0.00348235,0.00354169,0.00361234,0.00367922,0.00376776,0.00389115,0.00404846,0.00422083,0.00449305,0.0048849,0.00537753,0.00582778,0.00611413,0.00610565,0.00585416,0.00555085,0.00516842,0.00471252,0.00421235,0.00353322,0.00271844,0.00201387,0.00148732,0.00114446,0.000925927,0.000759203,0.000599074,0.000450247,0.000356995,0.000305188,0.000261859,0.000237369,0.000233601,0.000237369,0.000250556,0.000275046,0.000312724,0.000356995,0.000429525,0.000562338,0.000716816,0.000891075,0.00100505,0.00120003,0.00135828,0.00148921,0.00158623,0.00170114,0.00180381,0.00193192,0.00201952,0.00206567,0.00205908,0.00198184,0.001817,0.00165122,0.00147037,0.00129234,0.00109736,0.000940056,0.00082043,0.000681022,0.000604725,0.000537848,0.000510531,0.000511473,0.000550093,0.000617912,0.000741307,0.000915565,0.00115388,0.00153913,0.00222204,0.00361234,0.00527957,0.00781622,0.0111629,0.0167929,0.0245234,0.0349008,0.0479202,0.0633144,0.0804652,0.0975049,0.113622,0.126552,0.137866,0.148458,0.157631,0.164452,0.163281,0.151759,0.134979,0.120761,0.105914,0.0871699,0.0691657,0.0555537,0.044549,0.0360537,0.0295929,0.024352,0.0204655,0.0171198,0.0138738,0.0115227,0.00972835,0.00821183,0.00705513,0.00600675,0.00527675,0.00470876,0.00414736,0.00345033,0.00273068,0.0021448,0.001671,0.0013611,0.00109171,0.00090803,0.000731887,0.000567048,0.000438944,0.000368298,0.000333447,0.000314608,0.000303305,0.000287292,0.000274104,0.000258091,0.000240195,0.000228891,0.000207227,0.000192156,0.000174259,0.000159188,0.000149768,0.000140349,0.000133755,0.000129046,0.000129046,0.000133755,0.000142233,0.000151652,0.000161072,0.000174259,0.000190272,0.000207227,0.000233601,0.000262801,0.000307072,0.000360763,0.000460609,0.000604725,0.000745074,0.000891075,0.000986211,0.0011341,0.00127633,0.001379,0.00146848,0.00150993,0.00151276,0.00149392,0.0014666
0.00179251,0.00174918,0.00174541,0.00179063,0.0018933,0.00205343,0.00220979,0.00241231,0.0026299,0.00280415,0.00289458,0.00292378,0.00287197,0.00277213,0.00265721,0.00254041,0.00244151,0.00233789,0.00226819,0.00223051,0.00222204,0.00226442,0.00234637,0.00253664,0.00286444,0.00326571,0.00365378,0.0039731,0.00412193,0.00413417,0.00403904,0.00377718,0.00338533,0.00288799,0.00232,0.00180193,0.00142045,0.00112373,0.000927811,0.000790287,0.000628274,0.000508647,0.000393731,0.000339098,0.000299537,0.000264685,0.000251498,0.000251498,0.000268453,0.000292943,0.000324027,0.000376776,0.000471912,0.000619796,0.00082043,0.000996572,0.00127727,0.00156268,0.00190272,0.00223993,0.00254889,0.00282394,0.00305094,0.00325158,0.00338722,0.00347293,0.00348329,0.00340888,0.00323274,0.00292001,0.00253193,0.00215516,0.00178592,0.00151276,0.00127821,0.00106439,0.000936288,0.000873178,0.00081101,0.000800649,0.000816662,0.000886365,0.00096643,0.00118402,0.00150993,0.00207227,0.00297559,0.00432821,0.00635621,0.00918109,0.0133953,0.0195339,0.0271269,0.0372283,0.0508855,0.0672828,0.0836056,0.0973523,0.108968,0.117516,0.12245,0.125069,0.12666,0.126946,0.124206,0.11546,0.100623,0.0842754,0.0708207,0.0593592,0.0487068,0.0393213,0.0323792,0.0264864,0.0215469,0.0178168,0.0144164,0.0118355,0.00997891,0.00879207,0.00782375,0.00702216,0.00611131,0.00539166,0.00494895,0.00460797,0.00425474,0.00378189,0.00322991,0.00264968,0.00216269,0.00174259,0.00145153,0.00121416,0.000980559,0.000838326,0.000664068,0.000551977,0.000454957,0.000395615,0.000377718,0.000364531,0.000355111,0.000341924,0.000325911,0.000309898,0.000287292,0.000262801,0.000238311,0.000219472,0.000197807,0.00018933,0.000178027,0.000174259,0.000171433,0.000174259,0.000178027,0.000190272,0.000197807,0.000217588,0.000234543,0.000251498,0.000278814,0.000317434,0.000359821,0.000433292,0.000566106,0.000719642,0.000891075,0.00100788,0.00121416,0.00139219,0.00157021,0.00173694,0.00189612,0.00202611,0.0020685,0.00204778,0.00197242,0.00186692
0.00211842,0.00199974,0.00192438,0.00189612,0.0019338,0.00200633,0.00210241,0.00219472,0.00229551,0.00236898,0.00238311,0.00232848,0.00222675,0.0020977,0.00191402,0.00173882,0.00159659,0.0014958,0.00140537,0.00134038,0.00129705,0.00127727,0.0013027,0.00135168,0.0014666,0.00165876,0.00192815,0.00218624,0.00239347,0.00249426,0.00246035,0.00227478,0.00205625,0.00172658,0.00146566,0.0012217,0.000989037,0.000879772,0.000735655,0.000617912,0.000506764,0.000408802,0.000355111,0.000317434,0.000282582,0.000265627,0.000262801,0.000272221,0.000294827,0.000321201,0.000368298,0.000460609,0.000617912,0.000817604,0.00101918,0.00136016,0.00175012,0.00227667,0.00288987,0.00346822,0.00393166,0.00425474,0.00447139,0.00464,0.0047389,0.00476151,0.0047097,0.00457123,0.00433857,0.00399477,0.00347953,0.00292096,0.0023718,0.00197148,0.00160507,0.00137617,0.00121604,0.00110961,0.00106722,0.00108794,0.00117742,0.00133944,0.00157587,0.00206285,0.00281452,0.00392412,0.00511285,0.00722185,0.0101428,0.0151803,0.0215855,0.0292406,0.0381731,0.0505511,0.0655581,0.0813205,0.0931447,0.100611,0.104681,0.106174,0.103858,0.0989658,0.0939632,0.0891461,0.0827466,0.0722505,0.0598019,0.04854,0.0397706,0.0334313,0.0278927,0.0226876,0.0185091,0.0145539,0.0117008,0.00986588,0.00842,0.00728214,0.00632795,0.00555933,0.00506293,0.00471723,0.0044177,0.0041841,0.00401172,0.00378283,0.0035172,0.00320165,0.0028051,0.00239912,0.00206662,0.00172375,0.00148167,0.00126314,0.00104084,0.000901436,0.000754494,0.000628274,0.000555744,0.000501112,0.00047097,0.000459667,0.000443654,0.000421989,0.000405034,0.000380544,0.000355111,0.000326853,0.000303305,0.000272221,0.00024773,0.000233601,0.000224182,0.000217588,0.000216646,0.000221356,0.000233601,0.000243962,0.000262801,0.000282582,0.000307072,0.000332505,0.000363589,0.000417279,0.000520893,0.000632042,0.0008063,0.000947591,0.00113692,0.0013611,0.00157304,0.00180852,0.00209299,0.00226819,0.00244904,0.00254701,0.00257715,0.00251404,0.00238499,0.00223899
0.00224653,0.00209676,0.0019517,0.00184526,0.00180193,0.00179628,0.00180476,0.0018349,0.00185751,0.00184903,0.0017991,0.00171433,0.00159376,0.00147508,0.00134038,0.00121228,0.00107946,0.000989037,0.000928753,0.000888249,0.000822313,0.000791229,0.00078181,0.0008063,0.000879772,0.000952301,0.00110113,0.00127162,0.00138371,0.00145247,0.00144305,0.00136487,0.00124242,0.00108511,0.000947591,0.000850572,0.000720584,0.000619796,0.000537848,0.000450247,0.000385253,0.000347576,0.000317434,0.000289176,0.000271279,0.000262801,0.000270337,0.000282582,0.00031084,0.000346634,0.00040786,0.000544441,0.00072341,0.000940998,0.00126126,0.001671,0.00227573,0.00306319,0.00382899,0.00438756,0.00484722,0.0052645,0.00558664,0.00580235,0.00592103,0.00588712,0.00569591,0.0054284,0.00503749,0.00461833,0.00413135,0.00351626,0.00288799,0.00233884,0.00195547,0.00164086,0.00148167,0.00140537,0.00141856,0.00151558,0.00170114,0.0020977,0.00271467,0.00365473,0.00468615,0.00615275,0.00815814,0.0109896,0.0159367,0.0222194,0.0299283,0.0381928,0.0480625,0.0596775,0.0719124,0.0821654,0.0877012,0.0887081,0.0868148,0.08295,0.0759618,0.0675154,0.0604151,0.0552033,0.0496421,0.042943,0.0358455,0.0293584,0.0231161,0.01864,0.0150465,0.0118684,0.00956351,0.00780774,0.00666611,0.00559041,0.00486889,0.00434894,0.00393825,0.00355017,0.00327889,0.00306319,0.00288799,0.00280227,0.00274199,0.00270713,0.0026299,0.00249331,0.00229833,0.00210147,0.0018349,0.00161637,0.00143552,0.00124995,0.00105309,0.000924985,0.000808184,0.00069421,0.000622622,0.000590596,0.00056799,0.000564222,0.00055857,0.000548209,0.000523719,0.000486041,0.000438944,0.000393731,0.000359821,0.000327795,0.000305188,0.00028164,0.000269395,0.000261859,0.000263743,0.000274104,0.000293885,0.00031084,0.000331563,0.000355111,0.000384311,0.000419163,0.000493576,0.000581177,0.000681022,0.000841152,0.000976792,0.00120003,0.00142233,0.00166818,0.00197525,0.00224182,0.00251875,0.00274293,0.00289929,0.00297465,0.00296146,0.00286444,0.00268359,0.00246788
0.00223146,0.00201952,0.00180099,0.00167665,0.00158811,0.00154101,0.00150051,0.0014666,0.00142515,0.00136864,0.00131212,0.00121604,0.0010983,0.000989037,0.000917449,0.000834559,0.000755436,0.000677255,0.000619796,0.000556686,0.000494518,0.000440828,0.000417279,0.000438944,0.000498286,0.000588712,0.000679139,0.000798765,0.000879772,0.000905204,0.000907088,0.000879772,0.000810068,0.000726236,0.000630158,0.000556686,0.000479447,0.000417279,0.000379602,0.000347576,0.00032026,0.000303305,0.000275046,0.000262801,0.000254324,0.00025715,0.000268453,0.000288234,0.000319318,0.000356995,0.000430466,0.00058777,0.000801591,0.00102295,0.00140255,0.00194416,0.00269866,0.00359162,0.00434988,0.00494142,0.0055452,0.00612543,0.00657945,0.00680363,0.00686768,0.00676972,0.00649844,0.00604725,0.00549528,0.00492635,0.00437814,0.00380073,0.00316492,0.00257809,0.00215893,0.00184526,0.00169643,0.001671,0.00176896,0.00204684,0.00245564,0.00322426,0.00419257,0.00526262,0.00702028,0.00893336,0.0116876,0.0161015,0.0214338,0.0283882,0.0361695,0.0446894,0.0531923,0.0607834,0.0668749,0.0701142,0.0700982,0.0675427,0.0632852,0.0578492,0.0508139,0.0434978,0.0382277,0.0344336,0.0305867,0.0263018,0.0218756,0.0174541,0.0131476,0.0103604,0.00844543,0.00702781,0.00537377,0.00434894,0.00358879,0.00298501,0.00259975,0.00232,0.00209676,0.00188953,0.00175389,0.0016823,0.00167289,0.00169926,0.00175201,0.00182171,0.00188953,0.00188294,0.00181512,0.00171904,0.00158999,0.00147037,0.00133567,0.00118402,0.00101447,0.000919333,0.00082043,0.000735655,0.000674429,0.000644287,0.000634867,0.000636751,0.000634867,0.000629216,0.000617912,0.000588712,0.000550093,0.000491693,0.000426699,0.000385253,0.000353227,0.000327795,0.000317434,0.00031084,0.000319318,0.000332505,0.000350402,0.000373008,0.00040315,0.000442712,0.000494518,0.000555744,0.000619796,0.0007187,0.000851514,0.000968314,0.00117083,0.00139878,0.00165405,0.0019696,0.00224935,0.00255925,0.00283806,0.00303399,0.00316209,0.00318752,0.00313007,0.00296146,0.00274104,0.00248201
0.00205343,0.0017699,0.00157304,0.00143457,0.00133473,0.00124336,0.00115859,0.00108606,0.00101353,0.000957011,0.000907088,0.000832675,0.000749784,0.00065559,0.000594364,0.000528428,0.000468144,0.000417279,0.000381486,0.000350402,0.000319318,0.000296711,0.000282582,0.000289176,0.000314608,0.000348518,0.000389963,0.000450247,0.000510531,0.00053879,0.000551035,0.000535022,0.000496402,0.000445538,0.000393731,0.000363589,0.00034004,0.000319318,0.000303305,0.00028164,0.000268453,0.000254324,0.000245846,0.000237369,0.000237369,0.000243962,0.000258091,0.000282582,0.000316492,0.000356053,0.000431408,0.000593422,0.000811952,0.00104555,0.00144965,0.0020393,0.0028456,0.00377529,0.00452037,0.00518444,0.00582778,0.00649373,0.00689877,0.00707962,0.00709375,0.00695434,0.00664162,0.00611131,0.00549716,0.00489714,0.00434894,0.00373762,0.00311499,0.00256396,0.00218247,0.00195735,0.00184243,0.00191308,0.00215893,0.00258374,0.00333447,0.00432539,0.00548586,0.00726895,0.00920652,0.01181,0.015736,0.0202056,0.025454,0.0318705,0.0387919,0.0457641,0.0511275,0.0539873,0.0542868,0.0526912,0.0497636,0.0463943,0.0426124,0.0381542,0.0332232,0.0282761,0.0242493,0.0212662,0.0185929,0.0156117,0.0124788,0.0100618,0.00813836,0.00662089,0.00522588,0.00430184,0.00313007,0.00210618,0.0015834,0.00139125,0.0013319,0.00125466,0.00116612,0.00107664,0.00102389,0.00100788,0.00103425,0.00108794,0.00119155,0.00129611,0.00136581,0.00141479,0.00142139,0.00139219,0.00134509,0.00126691,0.00116801,0.00104555,0.000951359,0.000888249,0.000802533,0.00074319,0.000703629,0.000687616,0.000688558,0.000701745,0.000704571,0.000702687,0.000687616,0.000652764,0.000619796,0.000566106,0.000514299,0.000450247,0.000399382,0.000373008,0.000356995,0.000355111,0.000363589,0.000385253,0.00041257,0.000454957,0.000505822,0.000551977,0.000604725,0.000644287,0.000734713,0.000834559,0.00093723,0.00109171,0.00132248,0.00154384,0.00180381,0.00213349,0.00240195,0.00269018,0.00292001,0.00307638,0.00315738,0.00313383,0.0030095,0.00282488,0.00257526,0.00228703
0.00169926,0.00148826,0.00130741,0.00113786,0.00100788,0.000933462,0.000876946,0.000799707,0.000711165,0.000633925,0.000573641,0.000512415,0.000442712,0.000389963,0.000359821,0.000337214,0.000319318,0.000303305,0.000275046,0.00025715,0.000237369,0.000224182,0.00021382,0.000215704,0.000231717,0.00024302,0.000271279,0.000299537,0.000319318,0.000333447,0.000339098,0.000336272,0.000327795,0.000317434,0.000303305,0.000279756,0.000264685,0.000251498,0.000240195,0.000234543,0.000232659,0.000224182,0.000219472,0.000219472,0.000224182,0.000232659,0.000243962,0.000271279,0.000303305,0.00034004,0.00040786,0.000556686,0.000770507,0.000994688,0.00136864,0.00190083,0.00267511,0.00359915,0.00436401,0.00499416,0.00558947,0.0061763,0.00657568,0.00673204,0.0067019,0.00649373,0.00609058,0.00557063,0.00503278,0.00452131,0.00397593,0.00332693,0.00275329,0.00231058,0.00205625,0.00188765,0.00188953,0.00206756,0.00242455,0.00311499,0.00408708,0.00517502,0.0069713,0.00881373,0.0112439,0.0144315,0.0184733,0.0225274,0.027093,0.0319845,0.0367696,0.0410394,0.0432077,0.0428159,0.040283,0.0368195,0.033745,0.0307572,0.0278927,0.0243896,0.020572,0.0172177,0.0142591,0.0119108,0.0100722,0.00865925,0.00758073,0.00635904,0.00503278,0.00414642,0.00327041,0.00229927,0.0015655,0.00112468,0.000907088,0.000805359,0.00075261,0.000716816,0.000673487,0.000640519,0.000629216,0.000638635,0.000678197,0.000758262,0.000846804,0.000918391,0.000969256,0.00102106,0.00105874,0.00107004,0.00105591,0.00102389,0.000977733,0.000926869,0.000879772,0.0008063,0.000746958,0.000710223,0.00069421,0.000697035,0.000706455,0.000731887,0.000746016,0.000749784,0.00074319,0.000711165,0.000667835,0.000619796,0.000565164,0.000512415,0.000454957,0.000414454,0.000393731,0.000393731,0.000410686,0.00044177,0.000487925,0.000536906,0.000580235,0.000619796,0.000664068,0.000731887,0.000809126,0.000899552,0.000992805,0.00117554,0.00137429,0.00159659,0.00186127,0.00214762,0.00237557,0.00260164,0.00277213,0.00286915,0.00288328,0.00280604,0.00266757,0.00245752,0.00221262,0.00197148
0.0013611,0.00116518,0.000981501,0.000889191,0.000774274,0.000648055,0.000564222,0.000487925,0.000416337,0.000371124,0.00034004,0.000318376,0.000297653,0.000275046,0.000258091,0.000245846,0.000235485,0.000225124,0.000211936,0.000196865,0.00018933,0.000177085,0.000173317,0.000171433,0.000174259,0.00018462,0.000195923,0.00021382,0.000232659,0.000237369,0.000243962,0.00024773,0.00024773,0.000237369,0.000233601,0.000226066,0.000217588,0.000207227,0.000199691,0.000195923,0.000194982,0.000192156,0.00019404,0.000195923,0.000199691,0.00021382,0.000232659,0.00024773,0.000275046,0.000316492,0.000366415,0.000471912,0.000652764,0.000906146,0.00120568,0.00160601,0.00223522,0.00305848,0.00387231,0.00447327,0.00494047,0.00533138,0.00558288,0.00567142,0.00560454,0.00541521,0.00509778,0.00472477,0.00430561,0.00378189,0.00318752,0.00261012,0.00220414,0.00192815,0.00174636,0.00170962,0.00179534,0.00208828,0.00257809,0.00345033,0.00450812,0.0058843,0.00779644,0.00988001,0.0125476,0.0159565,0.0193013,0.0225858,0.0257837,0.0288902,0.031473,0.0331855,0.033291,0.0314391,0.028343,0.0247627,0.021804,0.0193258,0.0169803,0.0142629,0.0116669,0.00979146,0.00833899,0.00721432,0.00614522,0.00529276,0.00462681,0.00387797,0.00293979,0.00221262,0.00167477,0.0012509,0.000924985,0.000690442,0.000536906,0.000434234,0.000389021,0.00036924,0.000357937,0.000354169,0.000359821,0.000380544,0.000418221,0.000486041,0.00055857,0.000619796,0.000688558,0.000755436,0.0008063,0.000836443,0.000853397,0.000852455,0.000822313,0.000791229,0.000742249,0.000691384,0.000657474,0.000647113,0.000651822,0.000669719,0.00069421,0.00072341,0.000746958,0.000763913,0.000758262,0.000735655,0.00069421,0.000642403,0.000604725,0.000545383,0.000492635,0.000450247,0.000423873,0.000427641,0.000454957,0.000494518,0.00053879,0.000586828,0.00062168,0.000664068,0.000716816,0.000778984,0.000846804,0.000922159,0.00100788,0.00118779,0.00136675,0.00157021,0.00178969,0.00204213,0.00220414,0.00233601,0.0024368,0.00246223,0.00241984,0.00230869,0.00217965,0.0019922,0.00175389,0.00155232
0.000996572,0.000891075,0.000742249,0.000612261,0.000499228,0.000399382,0.000348518,0.000309898,0.000275046,0.000251498,0.000236427,0.000226066,0.000215704,0.000204401,0.000195923,0.000191214,0.00018462,0.000174259,0.000169549,0.000159188,0.000152594,0.000148826,0.000143175,0.000141291,0.000143175,0.000148826,0.000152594,0.000162014,0.000174259,0.00017991,0.000190272,0.000192156,0.000194982,0.000192156,0.000191214,0.00018462,0.000178027,0.000174259,0.000171433,0.000170491,0.000168607,0.000170491,0.000173317,0.000175201,0.000183678,0.000192156,0.000204401,0.000226066,0.00024773,0.000278814,0.00032026,0.000381486,0.00052937,0.000734713,0.000952301,0.00128386,0.00168796,0.00225218,0.00293697,0.00357937,0.00407672,0.00434423,0.00448269,0.00451754,0.00444972,0.00428771,0.00402679,0.00361516,0.00314796,0.00260917,0.00218153,0.00183113,0.00160507,0.00148732,0.00143834,0.00148544,0.00162579,0.00197902,0.00258091,0.00357278,0.00469463,0.00622905,0.00807148,0.0101626,0.0126766,0.0156673,0.0183339,0.0205004,0.0223174,0.0235221,0.0241928,0.02427,0.0233497,0.0212643,0.0184309,0.0153207,0.01259,0.0107899,0.00942222,0.00814307,0.00701274,0.005808,0.00491975,0.00433198,0.00379413,0.0031781,0.0025065,0.0019517,0.00151276,0.00121416,0.000944766,0.000746958,0.000552919,0.000389963,0.000325911,0.00028164,0.000253382,0.000238311,0.000236427,0.000237369,0.000250556,0.000271279,0.000297653,0.00032026,0.000350402,0.000382428,0.000421047,0.000478505,0.000537848,0.000580235,0.000615087,0.00062168,0.000619796,0.000612261,0.000593422,0.000573641,0.000569874,0.000580235,0.000604725,0.000619796,0.000644287,0.000678197,0.000716816,0.000735655,0.000742249,0.000722468,0.000686674,0.000638635,0.000604725,0.000551977,0.000503938,0.000460609,0.00044177,0.000450247,0.000471912,0.000519951,0.000562338,0.000611319,0.000640519,0.000683848,0.000732829,0.000782752,0.000841152,0.00090803,0.000981501,0.00112468,0.00129611,0.00146095,0.00161825,0.00178498,0.00192438,0.00200633,0.00203553,0.00199409,0.00189801,0.00177085,0.00163427,0.00149863,0.00134509,0.00118308
0.000735655,0.000604725,0.000471912,0.000379602,0.000324969,0.000279756,0.00024302,0.000219472,0.000197807,0.000190272,0.00017991,0.000174259,0.000168607,0.000161072,0.000153536,0.000151652,0.000148826,0.000141291,0.000134697,0.000128104,0.000123394,0.000120568,0.000118684,0.000118684,0.000118684,0.000120568,0.000123394,0.000127162,0.000134697,0.000146001,0.000151652,0.00015542,0.000159188,0.000159188,0.00015542,0.000152594,0.000149768,0.000148826,0.000145059,0.000143175,0.000143175,0.000147885,0.000149768,0.000153536,0.000161072,0.000171433,0.000182736,0.000195923,0.00021853,0.000237369,0.000271279,0.000314608,0.000377718,0.000525602,0.000716816,0.00093252,0.00120851,0.00151935,0.0019046,0.00231058,0.00270054,0.00296146,0.0030971,0.00309239,0.00297465,0.00277778,0.00248672,0.00218624,0.00185939,0.0015834,0.00138842,0.00124619,0.00113786,0.00108794,0.00111714,0.00122735,0.00142045,0.00176708,0.00242455,0.00343525,0.0045816,0.00598791,0.00777006,0.00962945,0.0116443,0.0137156,0.0157879,0.0170463,0.0177622,0.0178479,0.017327,0.01637,0.0148459,0.0127765,0.0107099,0.00888532,0.00741966,0.00622622,0.00530218,0.00465601,0.00406259,0.00333352,0.00268359,0.00219095,0.00179063,0.00149392,0.0012509,0.00101918,0.000888249,0.000702687,0.000547267,0.000395615,0.000321201,0.000265627,0.000232659,0.000197807,0.00018462,0.000174259,0.000170491,0.000174259,0.000186504,0.000195923,0.000215704,0.000232659,0.00024773,0.000265627,0.000292001,0.000318376,0.00034475,0.000372066,0.000395615,0.000417279,0.000429525,0.000438002,0.000438002,0.00044177,0.000456841,0.00047568,0.000512415,0.000551977,0.00058777,0.000619796,0.000648997,0.000673487,0.000681964,0.000673487,0.000645229,0.000617912,0.000571757,0.000531254,0.000483215,0.000450247,0.00043235,0.00044177,0.00047097,0.000515241,0.00055857,0.000607551,0.0006311,0.000669719,0.000704571,0.000746958,0.000801591,0.000871294,0.000928753,0.00100788,0.00114728,0.0012914,0.00141197,0.00152029,0.00157587,0.00159753,0.00157587,0.00152406,0.00143552,0.00133944,0.00122075,0.00108511,0.000965488,0.000879772
0.00046155,0.00036924,0.000314608,0.000264685,0.000232659,0.000199691,0.000183678,0.000170491,0.000159188,0.000152594,0.000149768,0.000142233,0.000134697,0.000128104,0.000123394,0.00012151,0.000118684,0.000112091,0.000109265,0.000105497,0.000102671,9.89037e-05,9.3252e-05,9.3252e-05,9.3252e-05,9.3252e-05,9.98456e-05,0.000105497,0.000112091,0.000118684,0.000123394,0.00012622,0.000129988,0.000129988,0.000128104,0.000123394,0.000123394,0.00012151,0.000119626,0.000118684,0.000120568,0.000123394,0.000125278,0.00013093,0.000138465,0.000149768,0.000157304,0.000171433,0.000185562,0.000200633,0.000224182,0.00024773,0.000282582,0.00034475,0.000442712,0.000616029,0.000804417,0.000957011,0.00116047,0.00136581,0.00154101,0.00166629,0.00172469,0.00170585,0.00163332,0.00153065,0.00139125,0.00124713,0.00108606,0.000959837,0.000894843,0.000828907,0.000801591,0.000808184,0.00087412,0.000958895,0.00119532,0.00154101,0.00215516,0.00308203,0.00421424,0.00534174,0.0069647,0.00837761,0.00986964,0.0112147,0.0122198,0.0127369,0.0127002,0.0122292,0.0114323,0.0102436,0.00902096,0.00779267,0.00657286,0.00524566,0.00437154,0.00363212,0.00296617,0.00242549,0.00198749,0.00160507,0.00136675,0.00113315,0.000944766,0.00082043,0.000681964,0.000574583,0.000454957,0.000363589,0.000308956,0.000258091,0.000219472,0.000192156,0.000171433,0.000152594,0.000143175,0.000129988,0.000127162,0.00013093,0.000143175,0.000151652,0.000161072,0.000170491,0.000177085,0.000191214,0.000204401,0.000224182,0.000240195,0.000264685,0.000288234,0.000307072,0.000319318,0.000327795,0.000337214,0.000347576,0.000359821,0.000379602,0.00040786,0.000447421,0.000494518,0.000545383,0.000581177,0.000611319,0.000617912,0.000617912,0.000600016,0.000562338,0.000525602,0.000477563,0.00044177,0.000416337,0.000408802,0.000416337,0.000438944,0.000478505,0.00052937,0.000564222,0.000610377,0.000628274,0.000651822,0.000678197,0.000719642,0.000780868,0.000846804,0.000911798,0.000973024,0.00106345,0.00116801,0.00124619,0.00128669,0.00128292,0.00124242,0.00115859,0.00105497,0.000968314,0.000900494,0.000808184,0.000693268,0.000586828
0.000309898,0.000258091,0.000224182,0.000192156,0.000171433,0.000152594,0.000140349,0.00013093,0.000127162,0.000123394,0.00012151,0.000118684,0.000112091,0.000106439,0.000102671,9.3252e-05,8.85423e-05,8.28907e-05,8.00649e-05,7.91229e-05,7.72391e-05,7.62971e-05,7.53552e-05,7.15874e-05,7.15874e-05,7.34713e-05,7.62971e-05,7.8181e-05,8.38326e-05,9.3252e-05,9.98456e-05,0.000105497,0.000106439,0.000106439,0.000106439,0.000105497,0.000101729,9.70198e-05,9.60779e-05,9.60779e-05,9.98456e-05,0.000105497,0.000107381,0.000113033,0.000118684,0.000123394,0.000133755,0.000146001,0.000153536,0.000169549,0.00017991,0.000194982,0.000214762,0.000237369,0.00028635,0.00034475,0.000426699,0.00055857,0.000664068,0.000793113,0.000891075,0.000934404,0.000955127,0.000947591,0.000924985,0.000879772,0.000801591,0.000706455,0.00062639,0.000564222,0.000523719,0.000498286,0.000505822,0.000544441,0.000619796,0.000778984,0.000957011,0.00129611,0.0017699,0.00254889,0.00359162,0.00457877,0.00559512,0.00692232,0.00789722,0.00867621,0.0091971,0.00932144,0.00908407,0.00853397,0.0078068,0.00689877,0.00563374,0.00470781,0.00392695,0.00305283,0.00229268,0.00178969,0.00147696,0.00124148,0.00103708,0.000925927,0.00082043,0.000674429,0.000559512,0.000448363,0.000372066,0.00032026,0.000272221,0.000235485,0.000204401,0.000178969,0.000157304,0.000142233,0.000127162,0.000120568,0.000112091,0.000105497,0.000103613,0.000105497,0.000111149,0.000117742,0.000120568,0.000123394,0.00012622,0.000133755,0.000147885,0.000157304,0.000174259,0.000192156,0.000207227,0.000226066,0.000237369,0.000249614,0.000262801,0.000275046,0.000295769,0.00031555,0.000338156,0.000363589,0.000393731,0.000438944,0.000476622,0.000512415,0.00052937,0.00052937,0.000513357,0.000483215,0.000450247,0.000416337,0.000389021,0.00037866,0.000373008,0.000379602,0.000393731,0.000422931,0.000467202,0.000510531,0.000545383,0.000565164,0.000588712,0.000611319,0.00062168,0.000648055,0.000702687,0.000773333,0.000834559,0.000897669,0.000936288,0.000970198,0.000985269,0.000978675,0.000946649,0.00090332,0.000826081,0.000735655,0.0006311,0.000550093,0.000438944,0.000363589
0.000224182,0.000192156,0.000167665,0.000148826,0.000127162,0.000118684,0.000109265,0.000105497,0.000102671,9.98456e-05,9.60779e-05,9.3252e-05,8.76004e-05,8.00649e-05,7.62971e-05,7.53552e-05,7.06455e-05,6.78197e-05,6.59358e-05,6.49938e-05,6.311e-05,6.2168e-05,6.02841e-05,5.93422e-05,5.84003e-05,5.84003e-05,6.02841e-05,6.311e-05,6.68777e-05,7.15874e-05,7.62971e-05,7.62971e-05,7.91229e-05,8.00649e-05,7.91229e-05,7.8181e-05,7.62971e-05,7.62971e-05,7.62971e-05,7.62971e-05,7.62971e-05,7.91229e-05,8.10068e-05,8.85423e-05,9.3252e-05,0.000104555,0.000111149,0.000118684,0.000123394,0.000134697,0.000147885,0.000152594,0.000161072,0.000174259,0.000192156,0.000219472,0.000253382,0.000303305,0.000338156,0.000376776,0.000416337,0.000460609,0.000492635,0.000494518,0.000463434,0.000417279,0.000384311,0.000356053,0.000335331,0.000321201,0.000319318,0.00032026,0.000335331,0.000362647,0.000422931,0.000571757,0.00078652,0.00101353,0.0014261,0.00201387,0.00279097,0.00370559,0.0044761,0.00515618,0.00582684,0.006457,0.00673016,0.00668777,0.00633172,0.00568649,0.00501583,0.00431974,0.00346069,0.00257715,0.00191025,0.00147225,0.00119155,0.000983385,0.000889191,0.000762029,0.000638635,0.000564222,0.00047568,0.000389963,0.000339098,0.000296711,0.000251498,0.000219472,0.000190272,0.000168607,0.000149768,0.000127162,0.000118684,0.000106439,9.60779e-05,8.66585e-05,8.00649e-05,7.72391e-05,7.62971e-05,7.62971e-05,7.72391e-05,7.91229e-05,8.00649e-05,8.28907e-05,8.47746e-05,8.85423e-05,9.98456e-05,0.000111149,0.000123394,0.000137523,0.000152594,0.000169549,0.00017991,0.000192156,0.000206285,0.000219472,0.000235485,0.000251498,0.000275046,0.000307072,0.000333447,0.000357937,0.000381486,0.00040315,0.000416337,0.000417279,0.000411628,0.000393731,0.000379602,0.000359821,0.000347576,0.000339098,0.000335331,0.00034004,0.000355111,0.000376776,0.000395615,0.000422931,0.000456841,0.00047568,0.000494518,0.000508647,0.000520893,0.000537848,0.00056328,0.000607551,0.000638635,0.00069421,0.000745074,0.00078181,0.000797823,0.00078652,0.00074319,0.000671603,0.000607551,0.000520893,0.000420105,0.000356995,0.000308014,0.000258091
0.000170491,0.000149768,0.00012622,0.000113033,9.60779e-05,8.19488e-05,7.62971e-05,7.62971e-05,7.62971e-05,7.53552e-05,7.53552e-05,7.34713e-05,6.87616e-05,6.59358e-05,6.311e-05,6.02841e-05,5.84003e-05,5.84003e-05,5.55744e-05,5.27486e-05,5.08647e-05,4.99228e-05,4.99228e-05,4.80389e-05,4.80389e-05,4.80389e-05,4.89809e-05,5.08647e-05,5.46325e-05,5.84003e-05,5.93422e-05,6.2168e-05,6.311e-05,6.49938e-05,6.49938e-05,6.40519e-05,6.311e-05,6.311e-05,6.311e-05,6.311e-05,6.311e-05,6.49938e-05,6.59358e-05,6.87616e-05,7.53552e-05,7.62971e-05,8.00649e-05,8.76004e-05,9.60779e-05,0.000105497,0.000112091,0.000118684,0.00012151,0.000123394,0.000133755,0.000148826,0.000162014,0.000182736,0.000200633,0.000224182,0.000237369,0.000253382,0.000262801,0.000263743,0.000258091,0.00024773,0.000236427,0.000232659,0.000225124,0.000226066,0.000232659,0.000237369,0.00025244,0.000282582,0.000331563,0.000410686,0.000598132,0.000837384,0.00110113,0.00150334,0.00204213,0.00265721,0.00332693,0.00388833,0.00425663,0.00445443,0.00450341,0.00439321,0.00415961,0.00370371,0.00304435,0.00229551,0.00170585,0.00131777,0.00099563,0.000847746,0.000700803,0.000607551,0.00052466,0.000442712,0.000387137,0.000347576,0.000307072,0.000271279,0.000236427,0.000207227,0.00018462,0.00016013,0.000143175,0.000123394,0.000111149,9.3252e-05,7.8181e-05,7.15874e-05,6.59358e-05,6.311e-05,6.2168e-05,6.2168e-05,6.12261e-05,6.02841e-05,5.93422e-05,5.93422e-05,5.93422e-05,5.93422e-05,5.93422e-05,6.02841e-05,6.311e-05,6.87616e-05,7.91229e-05,9.60779e-05,0.000113975,0.000123394,0.000137523,0.000151652,0.000162014,0.000176143,0.000192156,0.000207227,0.000232659,0.000249614,0.000275046,0.000303305,0.000319318,0.000333447,0.000340982,0.000346634,0.00034475,0.000335331,0.000324027,0.000314608,0.000303305,0.000299537,0.000297653,0.000303305,0.000314608,0.000326853,0.00034475,0.000359821,0.000374892,0.000385253,0.000389963,0.000393731,0.000399382,0.000408802,0.000417279,0.00044177,0.000474738,0.000519951,0.000551977,0.00056799,0.000580235,0.000565164,0.000537848,0.000479447,0.00041257,0.000359821,0.000314608,0.000270337,0.000232659,0.000194982
0.000129988,0.000118684,0.000100788,8.00649e-05,7.44132e-05,6.49938e-05,6.2168e-05,6.02841e-05,5.93422e-05,5.93422e-05,5.93422e-05,5.84003e-05,5.55744e-05,5.27486e-05,4.99228e-05,4.80389e-05,4.80389e-05,4.52131e-05,4.33292e-05,4.33292e-05,4.23873e-05,4.23873e-05,4.14454e-05,4.05034e-05,4.05034e-05,4.05034e-05,4.14454e-05,4.23873e-05,4.33292e-05,4.42712e-05,4.80389e-05,4.99228e-05,4.99228e-05,5.08647e-05,5.18067e-05,5.27486e-05,5.27486e-05,5.27486e-05,5.27486e-05,5.27486e-05,5.18067e-05,5.18067e-05,5.27486e-05,5.55744e-05,5.84003e-05,5.93422e-05,6.12261e-05,6.311e-05,6.68777e-05,7.34713e-05,7.62971e-05,8.00649e-05,8.38326e-05,8.76004e-05,8.85423e-05,9.4194e-05,0.000106439,0.000118684,0.000129988,0.000148826,0.000153536,0.000162014,0.000167665,0.000167665,0.000167665,0.000165781,0.000166723,0.000165781,0.000168607,0.000174259,0.000181794,0.000192156,0.000207227,0.000234543,0.000274104,0.000333447,0.000433292,0.000628274,0.000879772,0.00111431,0.00144117,0.00178969,0.00218247,0.00248672,0.00271561,0.00280415,0.00273634,0.00254324,0.00226537,0.00193663,0.00154196,0.00121604,0.000933462,0.000724352,0.000564222,0.000463434,0.000393731,0.000356995,0.000324027,0.000299537,0.000266569,0.000237369,0.000214762,0.000191214,0.000170491,0.000151652,0.000133755,0.000120568,0.000106439,8.85423e-05,7.62971e-05,6.311e-05,5.84003e-05,5.08647e-05,4.80389e-05,4.80389e-05,4.7097e-05,4.7097e-05,4.42712e-05,4.33292e-05,4.23873e-05,4.23873e-05,4.23873e-05,4.14454e-05,4.14454e-05,4.14454e-05,4.23873e-05,4.7097e-05,5.55744e-05,6.311e-05,7.62971e-05,8.85423e-05,0.000106439,0.000119626,0.000129988,0.000147885,0.000157304,0.000174259,0.000192156,0.000209111,0.000232659,0.000243962,0.000261859,0.000274104,0.00028164,0.000287292,0.00028635,0.000279756,0.000272221,0.000262801,0.000255266,0.000250556,0.000251498,0.00025715,0.000268453,0.000278814,0.000295769,0.000307072,0.000317434,0.00032026,0.000325911,0.000326853,0.000326853,0.000327795,0.000334389,0.00034004,0.000354169,0.00036924,0.000385253,0.000393731,0.000399382,0.000389021,0.000370182,0.00034475,0.00031084,0.000272221,0.000236427,0.000201575,0.000174259,0.000151652
0.000105497,8.76004e-05,7.53552e-05,6.49938e-05,5.84003e-05,5.08647e-05,4.99228e-05,4.80389e-05,4.80389e-05,4.7097e-05,4.42712e-05,4.33292e-05,4.23873e-05,4.23873e-05,4.14454e-05,4.05034e-05,4.05034e-05,3.86195e-05,3.67357e-05,3.2026e-05,3.1084e-05,3.01421e-05,2.82582e-05,2.82582e-05,2.82582e-05,2.82582e-05,3.01421e-05,3.1084e-05,3.57937e-05,3.95615e-05,4.05034e-05,4.14454e-05,4.23873e-05,4.23873e-05,4.33292e-05,4.33292e-05,4.33292e-05,4.33292e-05,4.33292e-05,4.23873e-05,4.23873e-05,4.23873e-05,4.23873e-05,4.23873e-05,4.23873e-05,4.33292e-05,4.33292e-05,4.42712e-05,4.80389e-05,4.99228e-05,5.55744e-05,5.84003e-05,6.02841e-05,6.2168e-05,6.2168e-05,6.2168e-05,6.311e-05,6.87616e-05,7.62971e-05,8.76004e-05,9.89037e-05,0.000105497,0.000111149,0.000115859,0.000118684,0.000122452,0.000123394,0.000129046,0.000134697,0.000146001,0.000152594,0.000167665,0.000182736,0.000199691,0.000234543,0.000278814,0.000348518,0.000469086,0.000643345,0.000860933,0.00101353,0.00124619,0.00143363,0.00156456,0.00161543,0.00160507,0.00154572,0.00142515,0.00126691,0.0010578,0.000898611,0.00069421,0.000519951,0.000385253,0.000333447,0.000303305,0.000271279,0.000243962,0.000231717,0.000204401,0.000187446,0.000170491,0.000152594,0.000134697,0.00012151,0.000111149,9.79617e-05,8.28907e-05,7.53552e-05,6.311e-05,5.55744e-05,4.7097e-05,4.14454e-05,4.05034e-05,3.67357e-05,3.2026e-05,3.1084e-05,3.01421e-05,2.82582e-05,2.73163e-05,2.73163e-05,2.73163e-05,2.73163e-05,2.73163e-05,2.73163e-05,2.73163e-05,2.73163e-05,2.82582e-05,3.86195e-05,4.33292e-05,5.55744e-05,6.49938e-05,7.62971e-05,9.13682e-05,0.000108323,0.00012151,0.000133755,0.000149768,0.000162014,0.000177085,0.000192156,0.000205343,0.000219472,0.000232659,0.000233601,0.000235485,0.000235485,0.000233601,0.000232659,0.000220414,0.000217588,0.000216646,0.000217588,0.000219472,0.000232659,0.000235485,0.000242079,0.000249614,0.000258091,0.000262801,0.000264685,0.000266569,0.000265627,0.000265627,0.000270337,0.000272221,0.00028164,0.000292943,0.000303305,0.000307072,0.000307072,0.000303305,0.00028164,0.000258091,0.000234543,0.000206285,0.000181794,0.000157304,0.000136581,0.000120568
7.62971e-05,6.78197e-05,5.93422e-05,5.08647e-05,4.7097e-05,4.23873e-05,4.05034e-05,3.76776e-05,3.48518e-05,3.1084e-05,3.01421e-05,3.01421e-05,2.82582e-05,2.82582e-05,2.73163e-05,2.73163e-05,2.73163e-05,2.73163e-05,2.73163e-05,2.63743e-05,2.63743e-05,2.63743e-05,2.54324e-05,2.54324e-05,2.54324e-05,2.54324e-05,2.63743e-05,2.63743e-05,2.73163e-05,2.73163e-05,2.82582e-05,2.92001e-05,3.01421e-05,3.1084e-05,3.29679e-05,3.57937e-05,3.57937e-05,3.39098e-05,3.1084e-05,3.01421e-05,2.92001e-05,2.82582e-05,2.73163e-05,2.73163e-05,2.73163e-05,2.73163e-05,2.73163e-05,2.73163e-05,2.73163e-05,3.01421e-05,3.57937e-05,4.05034e-05,4.14454e-05,4.14454e-05,4.23873e-05,4.14454e-05,4.23873e-05,4.23873e-05,4.80389e-05,5.18067e-05,5.93422e-05,6.49938e-05,7.15874e-05,7.62971e-05,8.19488e-05,8.85423e-05,9.79617e-05,0.000105497,0.000115859,0.00012151,0.000129988,0.000147885,0.000159188,0.000177085,0.000197807,0.000236427,0.000288234,0.000356995,0.000470028,0.000617912,0.000770507,0.000896727,0.000970198,0.00103331,0.00105497,0.00103331,0.000978675,0.000919333,0.00081101,0.000652764,0.000520893,0.000385253,0.000319318,0.000274104,0.000237369,0.00021382,0.000191214,0.000173317,0.000153536,0.000143175,0.000129046,0.000118684,0.000105497,9.13682e-05,7.91229e-05,7.53552e-05,6.59358e-05,6.02841e-05,5.18067e-05,4.42712e-05,4.05034e-05,3.01421e-05,2.73163e-05,2.63743e-05,2.54324e-05,2.54324e-05,2.35485e-05,2.16646e-05,2.16646e-05,2.07227e-05,2.07227e-05,2.07227e-05,2.07227e-05,2.07227e-05,2.07227e-05,2.07227e-05,2.16646e-05,2.16646e-05,2.63743e-05,3.01421e-05,4.14454e-05,4.99228e-05,6.12261e-05,7.15874e-05,8.19488e-05,0.000101729,0.000116801,0.000125278,0.000140349,0.000152594,0.000162956,0.000174259,0.000183678,0.000190272,0.000192156,0.00019404,0.000192156,0.000192156,0.000190272,0.000185562,0.00018462,0.000182736,0.00018462,0.000187446,0.000192156,0.000194982,0.000197807,0.000206285,0.000210995,0.000215704,0.000217588,0.000219472,0.000219472,0.000219472,0.000219472,0.000224182,0.000230775,0.000232659,0.000234543,0.000236427,0.000234543,0.000230775,0.000214762,0.000195923,0.000178027,0.000159188,0.000141291,0.000123394,0.000109265,9.13682e-05
6.311e-05,5.65164e-05,4.80389e-05,4.23873e-05,3.86195e-05,2.92001e-05,2.73163e-05,2.63743e-05,2.54324e-05,2.54324e-05,2.54324e-05,2.35485e-05,2.35485e-05,2.35485e-05,2.35485e-05,2.35485e-05,2.16646e-05,2.16646e-05,2.16646e-05,2.07227e-05,2.07227e-05,2.07227e-05,2.07227e-05,2.07227e-05,2.07227e-05,2.07227e-05,2.07227e-05,2.16646e-05,2.16646e-05,2.35485e-05,2.54324e-05,2.54324e-05,2.63743e-05,2.63743e-05,2.63743e-05,2.63743e-05,2.63743e-05,2.63743e-05,2.63743e-05,2.54324e-05,2.54324e-05,2.16646e-05,2.07227e-05,2.07227e-05,2.07227e-05,1.97807e-05,1.97807e-05,1.97807e-05,1.97807e-05,2.07227e-05,2.07227e-05,2.16646e-05,2.16646e-05,2.54324e-05,2.54324e-05,2.54324e-05,2.54324e-05,2.63743e-05,2.73163e-05,3.01421e-05,4.05034e-05,4.33292e-05,4.99228e-05,5.84003e-05,6.311e-05,6.68777e-05,7.53552e-05,7.91229e-05,8.85423e-05,0.000101729,0.000113033,0.000123394,0.000137523,0.000153536,0.000174259,0.000197807,0.000237369,0.000287292,0.000347576,0.000418221,0.00053408,0.000618854,0.000683848,0.00074319,0.00075261,0.000731887,0.000668777,0.000604725,0.000503938,0.000391847,0.000327795,0.000275046,0.000236427,0.000204401,0.000177085,0.000153536,0.000131872,0.000118684,0.000105497,9.3252e-05,8.00649e-05,7.53552e-05,6.59358e-05,6.2168e-05,5.84003e-05,5.08647e-05,4.80389e-05,4.23873e-05,3.67357e-05,2.73163e-05,2.63743e-05,2.44904e-05,2.07227e-05,2.07227e-05,2.07227e-05,1.88388e-05,1.78969e-05,1.5071e-05,1.41291e-05,1.41291e-05,1.41291e-05,1.41291e-05,1.5071e-05,1.5071e-05,1.5071e-05,1.78969e-05,1.78969e-05,1.97807e-05,2.16646e-05,2.63743e-05,2.92001e-05,4.14454e-05,4.99228e-05,5.93422e-05,6.87616e-05,7.91229e-05,9.3252e-05,0.000109265,0.000120568,0.000128104,0.000137523,0.000148826,0.000152594,0.000157304,0.00016013,0.000161072,0.000161072,0.000159188,0.000157304,0.000153536,0.000153536,0.000153536,0.000153536,0.00015542,0.000159188,0.000162014,0.000167665,0.000171433,0.000174259,0.000175201,0.000177085,0.000178969,0.00017991,0.000183678,0.00018462,0.00018462,0.000186504,0.000188388,0.000188388,0.00018462,0.00017991,0.000174259,0.000162014,0.000151652,0.000134697,0.00012151,0.000109265,9.23101e-05,7.72391e-05,6.87616e-05
5.08647e-05,4.52131e-05,4.14454e-05,3.1084e-05,2.73163e-05,2.54324e-05,2.16646e-05,2.07227e-05,1.97807e-05,1.88388e-05,1.78969e-05,1.78969e-05,1.78969e-05,1.78969e-05,1.78969e-05,1.78969e-05,1.78969e-05,1.78969e-05,1.78969e-05,1.78969e-05,1.78969e-05,1.6013e-05,1.5071e-05,1.5071e-05,1.5071e-05,1.5071e-05,1.5071e-05,1.78969e-05,1.78969e-05,1.88388e-05,1.97807e-05,2.07227e-05,2.07227e-05,2.07227e-05,2.07227e-05,2.07227e-05,2.07227e-05,2.07227e-05,2.07227e-05,1.97807e-05,1.88388e-05,1.78969e-05,1.41291e-05,1.22452e-05,1.13033e-05,1.13033e-05,1.13033e-05,9.4194e-06,1.03613e-05,1.13033e-05,1.13033e-05,1.13033e-05,1.13033e-05,1.13033e-05,1.31872e-05,1.31872e-05,1.41291e-05,1.5071e-05,1.78969e-05,2.07227e-05,2.54324e-05,2.73163e-05,3.57937e-05,4.14454e-05,4.7097e-05,5.08647e-05,5.93422e-05,6.49938e-05,7.44132e-05,8.00649e-05,9.3252e-05,0.000106439,0.000120568,0.000134697,0.000152594,0.000174259,0.000195923,0.000232659,0.000271279,0.000317434,0.000357937,0.000395615,0.00044177,0.00047097,0.00047568,0.000459667,0.000416337,0.00036924,0.000325911,0.00028164,0.000239253,0.000207227,0.00017991,0.000153536,0.00013093,0.000115859,9.3252e-05,7.62971e-05,6.59358e-05,5.93422e-05,5.46325e-05,4.99228e-05,4.7097e-05,4.33292e-05,4.14454e-05,3.76776e-05,2.82582e-05,2.73163e-05,2.54324e-05,2.07227e-05,1.97807e-05,1.78969e-05,1.69549e-05,1.5071e-05,1.31872e-05,1.13033e-05,1.13033e-05,1.13033e-05,1.13033e-05,1.13033e-05,1.13033e-05,1.13033e-05,1.13033e-05,1.13033e-05,1.13033e-05,1.22452e-05,1.41291e-05,1.69549e-05,1.97807e-05,2.16646e-05,2.63743e-05,3.1084e-05,4.23873e-05,4.99228e-05,5.93422e-05,6.68777e-05,7.62971e-05,8.66585e-05,9.98456e-05,0.000111149,0.000118684,0.000123394,0.000125278,0.000129988,0.00013093,0.000133755,0.000133755,0.000131872,0.000129988,0.000129988,0.000128104,0.000127162,0.000128104,0.000129988,0.000129988,0.000133755,0.000135639,0.000138465,0.000143175,0.000147885,0.000149768,0.00015071,0.000151652,0.000152594,0.000152594,0.000153536,0.000153536,0.000153536,0.000152594,0.000149768,0.000144117,0.000133755,0.000123394,0.000116801,0.000102671,8.47746e-05,7.62971e-05,6.68777e-05,6.2168e-05,5.84003e-05
4.23873e-05,3.95615e-05,2.82582e-05,2.63743e-05,2.35485e-05,2.07227e-05,1.78969e-05,1.5071e-05,1.31872e-05,1.13033e-05,1.13033e-05,1.13033e-05,1.13033e-05,1.13033e-05,1.13033e-05,1.13033e-05,1.13033e-05,1.13033e-05,1.13033e-05,1.13033e-05,1.13033e-05,1.13033e-05,1.13033e-05,1.13033e-05,1.13033e-05,1.13033e-05,1.13033e-05,1.13033e-05,1.13033e-05,1.13033e-05,1.31872e-05,1.41291e-05,1.41291e-05,1.5071e-05,1.5071e-05,1.5071e-05,1.5071e-05,1.41291e-05,1.41291e-05,1.31872e-05,1.13033e-05,1.13033e-05,9.4194e-06,6.59358e-06,5.65164e-06,5.65164e-06,5.65164e-06,5.65164e-06,5.65164e-06,5.65164e-06,5.65164e-06,5.65164e-06,5.65164e-06,5.65164e-06,5.65164e-06,5.65164e-06,5.65164e-06,6.59358e-06,8.47746e-06,1.13033e-05,1.5071e-05,1.97807e-05,2.16646e-05,2.63743e-05,2.82582e-05,4.05034e-05,4.33292e-05,5.08647e-05,6.02841e-05,6.78197e-05,7.62971e-05,8.85423e-05,0.000105497,0.000118684,0.00013093,0.000149768,0.000168607,0.00018933,0.000214762,0.000238311,0.000271279,0.000296711,0.00031084,0.000319318,0.000318376,0.000307072,0.000289176,0.000263743,0.000237369,0.000209111,0.00018462,0.000162014,0.000142233,0.00012151,0.000102671,7.72391e-05,6.311e-05,5.27486e-05,4.33292e-05,4.05034e-05,3.67357e-05,3.01421e-05,2.73163e-05,2.73163e-05,2.63743e-05,2.54324e-05,2.07227e-05,1.97807e-05,1.78969e-05,1.41291e-05,1.22452e-05,1.13033e-05,1.13033e-05,1.13033e-05,9.4194e-06,7.53552e-06,6.59358e-06,6.59358e-06,5.65164e-06,5.65164e-06,5.65164e-06,6.59358e-06,6.59358e-06,6.59358e-06,8.47746e-06,1.13033e-05,1.13033e-05,1.31872e-05,1.78969e-05,2.07227e-05,2.54324e-05,2.73163e-05,3.67357e-05,4.23873e-05,4.99228e-05,5.84003e-05,6.311e-05,7.06455e-05,7.62971e-05,8.47746e-05,9.3252e-05,0.000102671,0.000105497,0.000109265,0.000111149,0.000111149,0.000111149,0.000111149,0.000111149,0.000111149,0.000110207,0.000109265,0.000109265,0.000109265,0.000109265,0.000111149,0.000113033,0.000115859,0.000118684,0.000118684,0.00012151,0.000123394,0.000123394,0.000123394,0.000123394,0.000124336,0.000123394,0.000123394,0.00012151,0.000118684,0.000111149,0.000102671,8.85423e-05,7.62971e-05,6.87616e-05,6.311e-05,5.84003e-05,5.36906e-05,4.99228e-05,4.7097e-05
3.01421e-05,2.73163e-05,2.54324e-05,2.16646e-05,1.97807e-05,1.5071e-05,1.31872e-05,1.13033e-05,9.4194e-06,7.53552e-06,6.59358e-06,6.59358e-06,6.59358e-06,6.59358e-06,6.59358e-06,7.53552e-06,8.47746e-06,8.47746e-06,9.4194e-06,8.47746e-06,8.47746e-06,7.53552e-06,6.59358e-06,6.59358e-06,6.59358e-06,6.59358e-06,6.59358e-06,6.59358e-06,6.59358e-06,6.59358e-06,6.59358e-06,8.47746e-06,9.4194e-06,1.03613e-05,1.13033e-05,1.13033e-05,1.03613e-05,9.4194e-06,8.47746e-06,6.59358e-06,6.59358e-06,5.65164e-06,5.65164e-06,5.65164e-06,4.7097e-06,4.7097e-06,4.7097e-06,4.7097e-06,4.7097e-06,4.7097e-06,3.76776e-06,3.76776e-06,4.7097e-06,4.7097e-06,4.7097e-06,4.7097e-06,4.7097e-06,5.65164e-06,5.65164e-06,5.65164e-06,6.59358e-06,1.13033e-05,1.41291e-05,1.88388e-05,2.07227e-05,2.63743e-05,3.01421e-05,4.23873e-05,4.99228e-05,5.93422e-05,6.59358e-05,7.62971e-05,8.85423e-05,0.000105497,0.000118684,0.000127162,0.000143175,0.000153536,0.000171433,0.00018933,0.000200633,0.00021853,0.000232659,0.000232659,0.000232659,0.000224182,0.000210995,0.000194982,0.000178969,0.000162014,0.000147885,0.00012622,0.000112091,9.04262e-05,7.53552e-05,5.93422e-05,4.80389e-05,3.95615e-05,2.73163e-05,2.54324e-05,2.16646e-05,2.07227e-05,2.07227e-05,1.88388e-05,1.69549e-05,1.41291e-05,1.13033e-05,1.13033e-05,1.13033e-05,8.47746e-06,7.53552e-06,6.59358e-06,6.59358e-06,6.59358e-06,5.65164e-06,5.65164e-06,5.65164e-06,5.65164e-06,5.65164e-06,5.65164e-06,5.65164e-06,5.65164e-06,5.65164e-06,5.65164e-06,5.65164e-06,6.59358e-06,9.4194e-06,1.13033e-05,1.41291e-05,1.88388e-05,2.07227e-05,2.54324e-05,2.73163e-05,3.86195e-05,4.23873e-05,4.80389e-05,5.46325e-05,5.93422e-05,6.311e-05,6.87616e-05,7.53552e-05,7.62971e-05,7.91229e-05,8.00649e-05,8.28907e-05,8.38326e-05,8.47746e-05,8.47746e-05,8.47746e-05,8.47746e-05,8.47746e-05,8.28907e-05,8.19488e-05,8.00649e-05,8.00649e-05,8.00649e-05,8.28907e-05,8.47746e-05,8.85423e-05,9.04262e-05,9.3252e-05,9.60779e-05,9.98456e-05,0.000101729,0.000102671,0.000101729,9.98456e-05,9.60779e-05,9.13682e-05,8.28907e-05,7.62971e-05,7.15874e-05,6.40519e-05,5.84003e-05,5.18067e-05,4.80389e-05,4.42712e-05,4.23873e-05,4.14454e-05,3.95615e-05
2.63743e-05,2.54324e-05,2.07227e-05,1.88388e-05,1.41291e-05,1.13033e-05,1.03613e-05,6.59358e-06,5.65164e-06,5.65164e-06,5.65164e-06,5.65164e-06,5.65164e-06,5.65164e-06,5.65164e-06,5.65164e-06,5.65164e-06,5.65164e-06,5.65164e-06,5.65164e-06,5.65164e-06,5.65164e-06,5.65164e-06,5.65164e-06,5.65164e-06,5.65164e-06,5.65164e-06,5.65164e-06,5.65164e-06,5.65164e-06,5.65164e-06,5.65164e-06,5.65164e-06,5.65164e-06,5.65164e-06,5.65164e-06,5.65164e-06,5.65164e-06,5.65164e-06,5.65164e-06,5.65164e-06,4.7097e-06,4.7097e-06,4.7097e-06,4.7097e-06,3.76776e-06,2.82582e-06,2.82582e-06,2.82582e-06,2.82582e-06,2.82582e-06,2.82582e-06,2.82582e-06,2.82582e-06,2.82582e-06,2.82582e-06,4.7097e-06,4.7097e-06,4.7097e-06,4.7097e-06,5.65164e-06,5.65164e-06,6.59358e-06,1.13033e-05,1.41291e-05,2.07227e-05,2.54324e-05,3.01421e-05,4.23873e-05,5.08647e-05,6.2168e-05,6.87616e-05,7.72391e-05,8.85423e-05,0.000102671,0.000112091,0.00012151,0.000128104,0.000138465,0.000149768,0.000153536,0.000162014,0.000169549,0.000171433,0.000170491,0.000164839,0.000157304,0.000149768,0.000136581,0.000123394,0.000117742,0.000101729,8.00649e-05,6.78197e-05,5.74583e-05,4.33292e-05,3.01421e-05,2.54324e-05,2.07227e-05,1.78969e-05,1.5071e-05,1.13033e-05,1.13033e-05,9.4194e-06,6.59358e-06,6.59358e-06,5.65164e-06,5.65164e-06,5.65164e-06,5.65164e-06,5.65164e-06,5.65164e-06,5.65164e-06,5.65164e-06,5.65164e-06,4.7097e-06,4.7097e-06,4.7097e-06,4.7097e-06,4.7097e-06,4.7097e-06,4.7097e-06,5.65164e-06,5.65164e-06,5.65164e-06,5.65164e-06,6.59358e-06,1.13033e-05,1.13033e-05,1.5071e-05,1.97807e-05,2.16646e-05,2.63743e-05,2.82582e-05,3.76776e-05,4.23873e-05,4.42712e-05,4.99228e-05,5.27486e-05,5.84003e-05,5.93422e-05,6.311e-05,6.49938e-05,6.59358e-05,6.68777e-05,6.87616e-05,6.87616e-05,6.87616e-05,6.87616e-05,6.87616e-05,6.87616e-05,6.78197e-05,6.68777e-05,6.59358e-05,6.49938e-05,6.49938e-05,6.59358e-05,6.59358e-05,6.68777e-05,6.87616e-05,6.87616e-05,7.06455e-05,7.34713e-05,7.53552e-05,7.53552e-05,7.53552e-05,7.15874e-05,6.87616e-05,6.59358e-05,6.311e-05,5.84003e-05,5.18067e-05,4.80389e-05,4.33292e-05,4.14454e-05,3.95615e-05,3.67357e-05,3.1084e-05,2.82582e-05,2.73163e-05
2.16646e-05,2.07227e-05,1.78969e-05,1.31872e-05,1.13033e-05,6.59358e-06,5.65164e-06,5.65164e-06,5.65164e-06,4.7097e-06,4.7097e-06,4.7097e-06,4.7097e-06,4.7097e-06,4.7097e-06,5.65164e-06,5.65164e-06,5.65164e-06,5.65164e-06,5.65164e-06,5.65164e-06,5.65164e-06,5.65164e-06,4.7097e-06,4.7097e-06,4.7097e-06,4.7097e-06,4.7097e-06,4.7097e-06,4.7097e-06,4.7097e-06,4.7097e-06,4.7097e-06,4.7097e-06,4.7097e-06,4.7097e-06,4.7097e-06,4.7097e-06,4.7097e-06,4.7097e-06,4.7097e-06,4.7097e-06,3.76776e-06,2.82582e-06,2.82582e-06,2.82582e-06,2.82582e-06,1.88388e-06,1.88388e-06,0,0,0,0,0,1.88388e-06,2.82582e-06,2.82582e-06,2.82582e-06,4.7097e-06,4.7097e-06,4.7097e-06,4.7097e-06,5.65164e-06,5.65164e-06,1.13033e-05,1.5071e-05,2.07227e-05,2.73163e-05,4.05034e-05,4.80389e-05,5.84003e-05,6.59358e-05,7.53552e-05,7.91229e-05,8.76004e-05,9.60779e-05,0.000105497,0.000111149,0.000118684,0.000120568,0.000123394,0.000123394,0.000125278,0.000125278,0.000123394,0.000123394,0.000118684,0.000113033,0.000105497,9.51359e-05,8.19488e-05,7.53552e-05,6.311e-05,5.27486e-05,4.23873e-05,2.82582e-05,2.54324e-05,1.97807e-05,1.41291e-05,1.13033e-05,8.47746e-06,6.59358e-06,5.65164e-06,5.65164e-06,5.65164e-06,5.65164e-06,5.65164e-06,5.65164e-06,5.65164e-06,5.65164e-06,4.7097e-06,4.7097e-06,4.7097e-06,4.7097e-06,4.7097e-06,4.7097e-06,4.7097e-06,4.7097e-06,4.7097e-06,4.7097e-06,4.7097e-06,4.7097e-06,4.7097e-06,4.7097e-06,5.65164e-06,5.65164e-06,5.65164e-06,6.59358e-06,1.13033e-05,1.31872e-05,1.69549e-05,2.07227e-05,2.16646e-05,2.63743e-05,2.73163e-05,3.39098e-05,4.05034e-05,4.23873e-05,4.33292e-05,4.80389e-05,4.99228e-05,5.08647e-05,5.46325e-05,5.55744e-05,5.84003e-05,5.84003e-05,5.84003e-05,5.84003e-05,5.84003e-05,5.84003e-05,5.84003e-05,5.65164e-05,5.55744e-05,5.27486e-05,5.08647e-05,5.08647e-05,5.08647e-05,5.08647e-05,5.08647e-05,5.18067e-05,5.27486e-05,5.36906e-05,5.55744e-05,5.55744e-05,5.55744e-05,5.55744e-05,5.27486e-05,5.08647e-05,4.99228e-05,4.6155e-05,4.23873e-05,4.05034e-05,3.67357e-05,3.01421e-05,2.82582e-05,2.73163e-05,2.73163e-05,2.73163e-05,2.63743e-05,2.54324e-05
1.78969e-05,1.5071e-05,1.13033e-05,1.13033e-05,6.59358e-06,5.65164e-06,5.65164e-06,4.7097e-06,4.7097e-06,4.7097e-06,4.7097e-06,4.7097e-06,4.7097e-06,4.7097e-06,4.7097e-06,4.7097e-06,4.7097e-06,4.7097e-06,4.7097e-06,4.7097e-06,4.7097e-06,4.7097e-06,4.7097e-06,4.7097e-06,4.7097e-06,3.76776e-06,3.76776e-06,2.82582e-06,2.82582e-06,2.82582e-06,2.82582e-06,2.82582e-06,2.82582e-06,2.82582e-06,2.82582e-06,2.82582e-06,3.76776e-06,3.76776e-06,2.82582e-06,2.82582e-06,2.82582e-06,2.82582e-06,2.82582e-06,2.82582e-06,2.82582e-06,1.88388e-06,0,0,0,0,0,0,0,0,0,1.88388e-06,2.82582e-06,2.82582e-06,2.82582e-06,3.76776e-06,4.7097e-06,4.7097e-06,5.65164e-06,5.65164e-06,8.47746e-06,1.41291e-05,2.07227e-05,2.73163e-05,4.05034e-05,4.80389e-05,5.74583e-05,6.311e-05,6.97035e-05,7.62971e-05,8.00649e-05,8.47746e-05,8.85423e-05,9.3252e-05,9.60779e-05,0.000100788,0.000102671,0.000102671,0.000102671,9.89037e-05,9.3252e-05,8.85423e-05,8.28907e-05,7.8181e-05,7.62971e-05,6.87616e-05,6.311e-05,5.55744e-05,4.80389e-05,4.05034e-05,2.73163e-05,2.35485e-05,1.88388e-05,1.31872e-05,1.13033e-05,6.59358e-06,5.65164e-06,5.65164e-06,4.7097e-06,4.7097e-06,4.7097e-06,4.7097e-06,4.7097e-06,4.7097e-06,4.7097e-06,4.7097e-06,4.7097e-06,4.7097e-06,4.7097e-06,3.76776e-06,3.76776e-06,2.82582e-06,2.82582e-06,2.82582e-06,2.82582e-06,2.82582e-06,3.76776e-06,4.7097e-06,4.7097e-06,4.7097e-06,4.7097e-06,5.65164e-06,5.65164e-06,5.65164e-06,8.47746e-06,1.13033e-05,1.31872e-05,1.78969e-05,2.07227e-05,2.16646e-05,2.54324e-05,2.73163e-05,2.82582e-05,3.39098e-05,3.95615e-05,4.05034e-05,4.23873e-05,4.23873e-05,4.33292e-05,4.52131e-05,4.7097e-05,4.80389e-05,4.80389e-05,4.7097e-05,4.7097e-05,4.52131e-05,4.42712e-05,4.33292e-05,4.33292e-05,4.23873e-05,4.14454e-05,4.05034e-05,4.05034e-05,4.05034e-05,4.05034e-05,4.05034e-05,4.05034e-05,4.14454e-05,4.14454e-05,4.14454e-05,4.14454e-05,4.05034e-05,4.05034e-05,3.95615e-05,3.29679e-05,2.92001e-05,2.73163e-05,2.73163e-05,2.63743e-05,2.54324e-05,2.54324e-05,2.54324e-05,2.35485e-05,2.16646e-05,2.07227e-05,2.07227e-05
1.31872e-05,1.13033e-05,8.47746e-06,5.65164e-06,5.65164e-06,5.65164e-06,4.7097e-06,4.7097e-06,3.76776e-06,2.82582e-06,2.82582e-06,2.82582e-06,2.82582e-06,2.82582e-06,2.82582e-06,3.76776e-06,3.76776e-06,4.7097e-06,4.7097e-06,4.7097e-06,3.76776e-06,3.76776e-06,2.82582e-06,2.82582e-06,2.82582e-06,2.82582e-06,2.82582e-06,2.82582e-06,2.82582e-06,2.82582e-06,2.82582e-06,1.88388e-06,1.88388e-06,2.82582e-06,2.82582e-06,2.82582e-06,2.82582e-06,2.82582e-06,2.82582e-06,2.82582e-06,2.82582e-06,1.88388e-06,1.88388e-06,0,0,0,0,0,0,0,0,0,0,0,0,0,1.88388e-06,2.82582e-06,2.82582e-06,2.82582e-06,4.7097e-06,4.7097e-06,5.65164e-06,5.65164e-06,9.4194e-06,1.5071e-05,2.16646e-05,2.73163e-05,4.05034e-05,4.80389e-05,5.84003e-05,6.311e-05,6.87616e-05,7.62971e-05,7.8181e-05,8.00649e-05,8.28907e-05,8.38326e-05,8.38326e-05,8.28907e-05,8.19488e-05,8.00649e-05,7.8181e-05,7.62971e-05,7.53552e-05,6.87616e-05,6.49938e-05,6.2168e-05,5.84003e-05,5.08647e-05,4.7097e-05,4.14454e-05,3.1084e-05,2.73163e-05,2.16646e-05,1.78969e-05,1.13033e-05,9.4194e-06,5.65164e-06,5.65164e-06,4.7097e-06,4.7097e-06,4.7097e-06,3.76776e-06,2.82582e-06,2.82582e-06,2.82582e-06,2.82582e-06,2.82582e-06,2.82582e-06,2.82582e-06,2.82582e-06,2.82582e-06,2.82582e-06,2.82582e-06,2.82582e-06,2.82582e-06,2.82582e-06,2.82582e-06,2.82582e-06,2.82582e-06,2.82582e-06,3.76776e-06,4.7097e-06,4.7097e-06,4.7097e-06,5.65164e-06,5.65164e-06,6.59358e-06,8.47746e-06,1.13033e-05,1.31872e-05,1.69549e-05,1.97807e-05,2.07227e-05,2.44904e-05,2.63743e-05,2.73163e-05,2.73163e-05,2.82582e-05,3.01421e-05,3.29679e-05,3.67357e-05,3.95615e-05,4.05034e-05,4.05034e-05,4.05034e-05,4.05034e-05,3.95615e-05,3.67357e-05,3.57937e-05,3.1084e-05,3.01421e-05,2.82582e-05,2.73163e-05,2.73163e-05,2.73163e-05,2.63743e-05,2.63743e-05,2.73163e-05,2.73163e-05,2.73163e-05,2.73163e-05,2.73163e-05,2.73163e-05,2.73163e-05,2.73163e-05,2.63743e-05,2.54324e-05,2.35485e-05,2.16646e-05,2.07227e-05,2.07227e-05,2.07227e-05,2.07227e-05,2.07227e-05,2.07227e-05,1.88388e-05,1.78969e-05,1.5071e-05
1.03613e-05,6.59358e-06,5.65164e-06,5.65164e-06,4.7097e-06,4.7097e-06,4.7097e-06,2.82582e-06,2.82582e-06,2.82582e-06,2.82582e-06,2.82582e-06,2.82582e-06,2.82582e-06,2.82582e-06,2.82582e-06,2.82582e-06,2.82582e-06,2.82582e-06,2.82582e-06,2.82582e-06,2.82582e-06,2.82582e-06,1.88388e-06,1.88388e-06,0,0,0,0,0,0,0,0,0,0,0,0,0,0,0,0,0,0,0,0,0,0,0,0,0,0,0,0,0,0,0,1.88388e-06,2.82582e-06,2.82582e-06,2.82582e-06,4.7097e-06,4.7097e-06,5.65164e-06,6.59358e-06,1.13033e-05,1.97807e-05,2.63743e-05,3.67357e-05,4.33292e-05,5.27486e-05,6.12261e-05,6.59358e-05,7.44132e-05,7.62971e-05,7.91229e-05,8.00649e-05,8.10068e-05,8.00649e-05,8.00649e-05,7.8181e-05,7.62971e-05,7.53552e-05,6.87616e-05,6.59358e-05,6.2168e-05,5.84003e-05,5.18067e-05,4.80389e-05,4.33292e-05,4.05034e-05,3.01421e-05,2.73163e-05,2.35485e-05,2.07227e-05,1.5071e-05,1.13033e-05,8.47746e-06,5.65164e-06,5.65164e-06,4.7097e-06,4.7097e-06,4.7097e-06,2.82582e-06,2.82582e-06,2.82582e-06,2.82582e-06,2.82582e-06,2.82582e-06,2.82582e-06,2.82582e-06,2.82582e-06,2.82582e-06,2.82582e-06,2.82582e-06,2.82582e-06,2.82582e-06,2.82582e-06,2.82582e-06,2.82582e-06,2.82582e-06,2.82582e-06,2.82582e-06,2.82582e-06,3.76776e-06,4.7097e-06,4.7097e-06,4.7097e-06,5.65164e-06,5.65164e-06,5.65164e-06,7.53552e-06,1.13033e-05,1.13033e-05,1.5071e-05,1.78969e-05,2.07227e-05,2.07227e-05,2.16646e-05,2.54324e-05,2.54324e-05,2.63743e-05,2.73163e-05,2.73163e-05,2.73163e-05,2.73163e-05,2.73163e-05,2.73163e-05,2.73163e-05,2.73163e-05,2.73163e-05,2.63743e-05,2.63743e-05,2.54324e-05,2.54324e-05,2.16646e-05,2.16646e-05,2.07227e-05,2.07227e-05,2.07227e-05,2.07227e-05,2.07227e-05,2.07227e-05,2.07227e-05,2.07227e-05,2.07227e-05,2.07227e-05,2.07227e-05,2.07227e-05,1.97807e-05,1.88388e-05,1.78969e-05,1.78969e-05,1.78969e-05,1.69549e-05,1.5071e-05,1.5071e-05,1.5071e-05,1.41291e-05,1.22452e-05,1.13033e-05
6.59358e-06,5.65164e-06,5.65164e-06,4.7097e-06,4.7097e-06,3.76776e-06,2.82582e-06,2.82582e-06,2.82582e-06,1.88388e-06,1.88388e-06,0,0,0,0,0,1.88388e-06,1.88388e-06,1.88388e-06,1.88388e-06,0,0,0,0,0,0,0,0,0,0,0,0,0,0,0,0,0,0,0,0,0,0,0,0,0,0,0,0,0,0,0,0,0,0,0,0,0,2.82582e-06,2.82582e-06,2.82582e-06,4.7097e-06,4.7097e-06,5.65164e-06,1.13033e-05,1.69549e-05,2.54324e-05,3.01421e-05,4.33292e-05,5.08647e-05,6.02841e-05,6.59358e-05,7.53552e-05,7.62971e-05,7.91229e-05,8.00649e-05,8.19488e-05,8.10068e-05,8.00649e-05,7.8181e-05,7.62971e-05,7.44132e-05,6.68777e-05,6.311e-05,5.93422e-05,5.46325e-05,4.80389e-05,4.23873e-05,4.05034e-05,2.92001e-05,2.73163e-05,2.35485e-05,2.07227e-05,1.78969e-05,1.31872e-05,1.13033e-05,7.53552e-06,5.65164e-06,5.65164e-06,5.65164e-06,4.7097e-06,4.7097e-06,2.82582e-06,2.82582e-06,2.82582e-06,2.82582e-06,1.88388e-06,1.88388e-06,1.88388e-06,1.88388e-06,1.88388e-06,1.88388e-06,1.88388e-06,1.88388e-06,1.88388e-06,2.82582e-06,2.82582e-06,2.82582e-06,2.82582e-06,2.82582e-06,2.82582e-06,2.82582e-06,2.82582e-06,2.82582e-06,2.82582e-06,3.76776e-06,4.7097e-06,4.7097e-06,4.7097e-06,5.65164e-06,5.65164e-06,5.65164e-06,6.59358e-06,1.13033e-05,1.13033e-05,1.31872e-05,1.5071e-05,1.78969e-05,1.97807e-05,2.07227e-05,2.07227e-05,2.07227e-05,2.16646e-05,2.16646e-05,2.16646e-05,2.35485e-05,2.35485e-05,2.35485e-05,2.16646e-05,2.16646e-05,2.16646e-05,2.07227e-05,2.07227e-05,2.07227e-05,1.97807e-05,1.88388e-05,1.78969e-05,1.78969e-05,1.69549e-05,1.69549e-05,1.69549e-05,1.78969e-05,1.78969e-05,1.78969e-05,1.78969e-05,1.78969e-05,1.6013e-05,1.5071e-05,1.5071e-05,1.41291e-05,1.41291e-05,1.31872e-05,1.31872e-05,1.31872e-05,1.13033e-05,1.13033e-05,1.13033e-05,1.13033e-05,1.13033e-05,1.13033e-05,6.59358e-06
5.65164e-06,5.65164e-06,4.7097e-06,4.7097e-06,3.76776e-06,2.82582e-06,2.82582e-06,2.82582e-06,1.88388e-06,0,0,0,0,0,0,0,0,0,0,0,0,0,0,0,0,0,0,0,0,0,0,0,0,0,0,0,0,0,0,0,0,0,0,0,0,0,0,0,0,0,0,0,0,0,0,0,0,1.88388e-06,2.82582e-06,3.76776e-06,4.7097e-06,5.65164e-06,6.59358e-06,1.41291e-05,2.16646e-05,2.82582e-05,4.23873e-05,5.18067e-05,6.2168e-05,6.87616e-05,7.62971e-05,8.00649e-05,8.28907e-05,8.76004e-05,8.76004e-05,8.66585e-05,8.28907e-05,8.00649e-05,7.72391e-05,7.53552e-05,6.87616e-05,6.40519e-05,5.93422e-05,5.27486e-05,4.80389e-05,4.23873e-05,3.67357e-05,2.73163e-05,2.54324e-05,2.07227e-05,1.78969e-05,1.41291e-05,1.13033e-05,1.13033e-05,6.59358e-06,5.65164e-06,5.65164e-06,5.65164e-06,4.7097e-06,4.7097e-06,2.82582e-06,2.82582e-06,2.82582e-06,1.88388e-06,1.88388e-06,0,0,0,0,0,0,0,1.88388e-06,1.88388e-06,1.88388e-06,1.88388e-06,1.88388e-06,1.88388e-06,1.88388e-06,1.88388e-06,2.82582e-06,2.82582e-06,2.82582e-06,2.82582e-06,2.82582e-06,3.76776e-06,4.7097e-06,4.7097e-06,4.7097e-06,5.65164e-06,5.65164e-06,5.65164e-06,6.59358e-06,7.53552e-06,1.13033e-05,1.13033e-05,1.31872e-05,1.41291e-05,1.5071e-05,1.78969e-05,1.78969e-05,1.88388e-05,1.88388e-05,1.97807e-05,1.97807e-05,1.97807e-05,1.97807e-05,1.97807e-05,1.97807e-05,1.88388e-05,1.88388e-05,1.78969e-05,1.78969e-05,1.5071e-05,1.5071e-05,1.41291e-05,1.41291e-05,1.41291e-05,1.41291e-05,1.41291e-05,1.41291e-05,1.41291e-05,1.31872e-05,1.31872e-05,1.31872e-05,1.13033e-05,1.13033e-05,1.13033e-05,1.13033e-05,1.13033e-05,1.13033e-05,1.13033e-05,1.13033e-05,1.13033e-05,1.13033e-05,1.03613e-05,8.47746e-06,6.59358e-06,6.59358e-06,5.65164e-06
5.65164e-06,4.7097e-06,4.7097e-06,3.76776e-06,2.82582e-06,2.82582e-06,2.82582e-06,9.4194e-07,0,0,0,0,0,0,0,0,0,0,0,0,0,0,0,0,0,0,0,0,0,0,0,0,0,0,0,0,0,0,0,0,0,0,0,0,0,0,0,0,0,0,0,0,0,0,0,0,0,1.88388e-06,2.82582e-06,4.7097e-06,5.65164e-06,6.59358e-06,1.31872e-05,2.07227e-05,2.73163e-05,4.23873e-05,5.27486e-05,6.311e-05,7.34713e-05,7.91229e-05,8.66585e-05,9.3252e-05,9.60779e-05,9.60779e-05,9.51359e-05,9.3252e-05,8.76004e-05,8.00649e-05,7.62971e-05,7.53552e-05,6.78197e-05,6.311e-05,5.84003e-05,4.99228e-05,4.33292e-05,3.76776e-05,2.73163e-05,2.54324e-05,2.07227e-05,1.5071e-05,1.22452e-05,1.13033e-05,8.47746e-06,6.59358e-06,5.65164e-06,5.65164e-06,5.65164e-06,4.7097e-06,4.7097e-06,4.7097e-06,2.82582e-06,2.82582e-06,2.82582e-06,1.88388e-06,0,0,0,0,0,0,0,0,0,0,1.88388e-06,1.88388e-06,1.88388e-06,1.88388e-06,1.88388e-06,1.88388e-06,1.88388e-06,2.82582e-06,2.82582e-06,2.82582e-06,2.82582e-06,2.82582e-06,2.82582e-06,4.7097e-06,4.7097e-06,4.7097e-06,4.7097e-06,5.65164e-06,5.65164e-06,5.65164e-06,6.59358e-06,7.53552e-06,1.13033e-05,1.13033e-05,1.13033e-05,1.31872e-05,1.31872e-05,1.41291e-05,1.41291e-05,1.5071e-05,1.5071e-05,1.5071e-05,1.5071e-05,1.5071e-05,1.5071e-05,1.5071e-05,1.5071e-05,1.41291e-05,1.41291e-05,1.41291e-05,1.31872e-05,1.31872e-05,1.31872e-05,1.31872e-05,1.31872e-05,1.22452e-05,1.22452e-05,1.13033e-05,1.13033e-05,1.13033e-05,1.13033e-05,1.13033e-05,1.13033e-05,1.13033e-05,1.13033e-05,9.4194e-06,8.47746e-06,8.47746e-06,7.53552e-06,6.59358e-06,6.59358e-06,6.59358e-06,6.59358e-06,5.65164e-06,5.65164e-06,5.65164e-06
4.7097e-06,4.7097e-06,4.7097e-06,2.82582e-06,2.82582e-06,2.82582e-06,1.88388e-06,0,0,0,0,0,0,0,0,0,0,0,0,0,0,0,0,0,0,0,0,0,0,0,0,0,0,0,0,0,0,0,0,0,0,0,0,0,0,0,0,0,0,0,0,0,0,0,0,0,0,2.82582e-06,2.82582e-06,4.7097e-06,5.65164e-06,1.13033e-05,2.07227e-05,2.73163e-05,4.23873e-05,5.18067e-05,6.311e-05,7.53552e-05,8.19488e-05,9.3252e-05,0.000102671,0.000105497,0.000106439,0.000106439,0.000105497,9.98456e-05,9.3252e-05,8.28907e-05,7.62971e-05,7.53552e-05,6.59358e-05,6.2168e-05,5.55744e-05,4.80389e-05,4.14454e-05,3.01421e-05,2.63743e-05,2.07227e-05,1.78969e-05,1.31872e-05,1.13033e-05,8.47746e-06,6.59358e-06,5.65164e-06,5.65164e-06,5.65164e-06,4.7097e-06,4.7097e-06,4.7097e-06,3.76776e-06,2.82582e-06,2.82582e-06,2.82582e-06,1.88388e-06,0,0,0,0,0,0,0,0,0,0,0,1.88388e-06,1.88388e-06,1.88388e-06,1.88388e-06,1.88388e-06,1.88388e-06,1.88388e-06,1.88388e-06,2.82582e-06,2.82582e-06,2.82582e-06,2.82582e-06,2.82582e-06,3.76776e-06,4.7097e-06,4.7097e-06,4.7097e-06,5.65164e-06,5.65164e-06,5.65164e-06,5.65164e-06,6.59358e-06,7.53552e-06,9.4194e-06,1.13033e-05,1.13033e-05,1.13033e-05,1.13033e-05,1.13033e-05,1.13033e-05,1.13033e-05,1.22452e-05,1.31872e-05,1.31872e-05,1.31872e-05,1.31872e-05,1.31872e-05,1.31872e-05,1.31872e-05,1.31872e-05,1.22452e-05,1.13033e-05,1.13033e-05,1.13033e-05,1.13033e-05,1.13033e-05,1.13033e-05,1.13033e-05,1.13033e-05,1.13033e-05,1.13033e-05,1.13033e-05,9.4194e-06,8.47746e-06,7.53552e-06,6.59358e-06,6.59358e-06,6.59358e-06,6.59358e-06,5.65164e-06,5.65164e-06,5.65164e-06,5.65164e-06,5.65164e-06,5.65164e-06
4.7097e-06,4.7097e-06,2.82582e-06,2.82582e-06,2.82582e-06,1.88388e-06,0,0,0,0,0,0,0,0,0,0,0,0,0,0,0,0,0,0,0,0,0,0,0,0,0,0,0,0,0,0,0,0,0,0,0,0,0,0,0,0,0,0,0,0,0,0,0,0,0,0,0,2.82582e-06,4.7097e-06,5.65164e-06,7.53552e-06,1.78969e-05,2.63743e-05,4.05034e-05,5.08647e-05,6.311e-05,7.62971e-05,8.66585e-05,9.98456e-05,0.000107381,0.000113033,0.000117742,0.000117742,0.000115859,0.000111149,0.000105497,9.60779e-05,8.76004e-05,7.8181e-05,7.25294e-05,6.59358e-05,5.93422e-05,5.18067e-05,4.42712e-05,4.05034e-05,2.73163e-05,2.54324e-05,2.07227e-05,1.5071e-05,1.13033e-05,1.03613e-05,6.59358e-06,5.65164e-06,5.65164e-06,5.65164e-06,5.65164e-06,4.7097e-06,4.7097e-06,4.7097e-06,2.82582e-06,2.82582e-06,2.82582e-06,2.82582e-06,1.88388e-06,0,0,0,0,0,0,0,0,0,0,0,0,9.4194e-07,0,0,0,0,0,1.88388e-06,1.88388e-06,2.82582e-06,2.82582e-06,2.82582e-06,2.82582e-06,2.82582e-06,2.82582e-06,3.76776e-06,4.7097e-06,4.7097e-06,4.7097e-06,5.65164e-06,5.65164e-06,5.65164e-06,5.65164e-06,6.59358e-06,6.59358e-06,8.47746e-06,1.13033e-05,1.13033e-05,1.13033e-05,1.13033e-05,1.13033e-05,1.13033e-05,1.13033e-05,1.13033e-05,1.13033e-05,1.13033e-05,1.22452e-05,1.22452e-05,1.22452e-05,1.22452e-05,1.13033e-05,1.13033e-05,1.13033e-05,1.13033e-05,1.13033e-05,1.13033e-05,1.13033e-05,1.13033e-05,1.13033e-05,1.13033e-05,1.13033e-05,1.13033e-05,9.4194e-06,8.47746e-06,6.59358e-06,6.59358e-06,6.59358e-06,5.65164e-06,5.65164e-06,5.65164e-06,5.65164e-06,5.65164e-06,5.65164e-06,5.65164e-06,4.7097e-06
4.7097e-06,3.76776e-06,2.82582e-06,2.82582e-06,2.82582e-06,1.88388e-06,0,0,0,0,0,0,0,0,0,0,0,0,0,0,0,0,0,0,0,0,0,0,0,0,0,0,0,0,0,0,0,0,0,0,0,0,0,0,0,0,0,0,0,0,0,0,0,0,0,0,0,2.82582e-06,4.7097e-06,5.65164e-06,1.22452e-05,2.16646e-05,3.67357e-05,4.99228e-05,6.311e-05,7.62971e-05,8.85423e-05,0.000102671,0.000112091,0.000118684,0.00012151,0.000123394,0.000123394,0.000120568,0.000118684,0.000111149,0.000102671,8.85423e-05,7.91229e-05,7.15874e-05,6.311e-05,5.84003e-05,4.99228e-05,4.33292e-05,3.67357e-05,2.73163e-05,2.16646e-05,1.88388e-05,1.41291e-05,1.13033e-05,8.47746e-06,6.59358e-06,5.65164e-06,5.65164e-06,5.65164e-06,4.7097e-06,4.7097e-06,4.7097e-06,3.76776e-06,2.82582e-06,2.82582e-06,2.82582e-06,1.88388e-06,0,0,0,0,0,0,0,0,0,0,0,0,0,0,0,0,0,0,0,0,0,1.88388e-06,1.88388e-06,1.88388e-06,2.82582e-06,2.82582e-06,2.82582e-06,2.82582e-06,2.82582e-06,4.7097e-06,4.7097e-06,4.7097e-06,4.7097e-06,5.65164e-06,5.65164e-06,5.65164e-06,5.65164e-06,6.59358e-06,6.59358e-06,8.47746e-06,9.4194e-06,1.13033e-05,1.13033e-05,1.13033e-05,1.13033e-05,1.13033e-05,1.13033e-05,1.13033e-05,1.13033e-05,1.22452e-05,1.22452e-05,1.22452e-05,1.13033e-05,1.13033e-05,1.13033e-05,1.13033e-05,1.13033e-05,1.13033e-05,1.13033e-05,1.13033e-05,1.13033e-05,1.13033e-05,1.13033e-05,1.13033e-05,1.13033e-05,1.03613e-05,8.47746e-06,6.59358e-06,6.59358e-06,6.59358e-06,5.65164e-06,5.65164e-06,5.65164e-06,5.65164e-06,5.65164e-06,4.7097e-06,4.7097e-06
4.7097e-06,3.76776e-06,2.82582e-06,2.82582e-06,2.82582e-06,1.88388e-06,0,0,0,0,0,0,0,0,0,0,0,0,0,0,0,0,0,0,0,0,0,0,0,0,0,0,0,0,0,0,0,0,0,0,0,0,0,0,0,0,0,0,0,0,0,0,0,0,0,0,1.88388e-06,2.82582e-06,5.65164e-06,8.47746e-06,1.88388e-05,2.73163e-05,4.33292e-05,5.93422e-05,7.34713e-05,8.47746e-05,0.000102671,0.000115859,0.00012151,0.000123394,0.000128104,0.000129988,0.000127162,0.000123394,0.00012151,0.000115859,0.000105497,9.3252e-05,7.91229e-05,7.06455e-05,6.311e-05,5.55744e-05,4.80389e-05,4.14454e-05,3.1084e-05,2.63743e-05,2.16646e-05,1.78969e-05,1.31872e-05,1.13033e-05,8.47746e-06,6.59358e-06,5.65164e-06,5.65164e-06,5.65164e-06,4.7097e-06,4.7097e-06,4.7097e-06,2.82582e-06,2.82582e-06,2.82582e-06,2.82582e-06,1.88388e-06,0,0,0,0,0,0,0,0,0,0,0,0,0,0,0,0,0,0,0,0,0,0,0,0,1.88388e-06,1.88388e-06,2.82582e-06,2.82582e-06,2.82582e-06,2.82582e-06,3.76776e-06,4.7097e-06,4.7097e-06,4.7097e-06,5.65164e-06,5.65164e-06,5.65164e-06,5.65164e-06,6.59358e-06,6.59358e-06,8.47746e-06,9.4194e-06,1.13033e-05,1.13033e-05,1.13033e-05,1.13033e-05,1.13033e-05,1.13033e-05,1.13033e-05,1.22452e-05,1.22452e-05,1.22452e-05,1.13033e-05,1.13033e-05,1.13033e-05,1.13033e-05,1.13033e-05,1.13033e-05,1.13033e-05,1.13033e-05,1.13033e-05,1.13033e-05,1.13033e-05,1.13033e-05,1.13033e-05,1.13033e-05,1.13033e-05,9.4194e-06,6.59358e-06,6.59358e-06,5.65164e-06,5.65164e-06,5.65164e-06,5.65164e-06,5.65164e-06,4.7097e-06,4.7097e-06
4.7097e-06,4.7097e-06,2.82582e-06,2.82582e-06,2.82582e-06,1.88388e-06,0,0,0,0,0,0,0,0,0,0,0,0,0,0,0,0,0,0,0,0,0,0,0,0,0,0,0,0,0,0,0,0,0,0,0,0,0,0,0,0,0,0,0,0,0,0,0,0,0,0,2.82582e-06,4.7097e-06,5.65164e-06,1.13033e-05,2.16646e-05,3.76776e-05,5.08647e-05,6.59358e-05,8.00649e-05,9.98456e-05,0.000113033,0.00012151,0.000127162,0.000133755,0.000134697,0.000134697,0.000133755,0.000129988,0.000123394,0.000118684,0.000107381,9.3252e-05,7.91229e-05,6.87616e-05,6.12261e-05,5.18067e-05,4.52131e-05,4.05034e-05,2.82582e-05,2.54324e-05,2.07227e-05,1.78969e-05,1.31872e-05,1.13033e-05,8.47746e-06,6.59358e-06,5.65164e-06,5.65164e-06,5.65164e-06,4.7097e-06,4.7097e-06,3.76776e-06,2.82582e-06,2.82582e-06,2.82582e-06,1.88388e-06,0,0,0,0,0,0,0,0,0,0,0,0,0,0,0,0,0,0,0,0,0,0,0,0,0,0,0,1.88388e-06,1.88388e-06,2.82582e-06,2.82582e-06,2.82582e-06,3.76776e-06,4.7097e-06,4.7097e-06,4.7097e-06,5.65164e-06,5.65164e-06,5.65164e-06,5.65164e-06,6.59358e-06,6.59358e-06,8.47746e-06,1.13033e-05,1.13033e-05,1.13033e-05,1.13033e-05,1.13033e-05,1.13033e-05,1.13033e-05,1.13033e-05,1.22452e-05,1.22452e-05,1.22452e-05,1.22452e-05,1.22452e-05,1.31872e-05,1.31872e-05,1.31872e-05,1.31872e-05,1.31872e-05,1.31872e-05,1.31872e-05,1.31872e-05,1.31872e-05,1.22452e-05,1.13033e-05,1.13033e-05,1.13033e-05,1.03613e-05,7.53552e-06,6.59358e-06,5.65164e-06,5.65164e-06,5.65164e-06,5.65164e-06,4.7097e-06,4.7097e-06
4.7097e-06,4.7097e-06,2.82582e-06,2.82582e-06,2.82582e-06,1.88388e-06,0,0,0,0,0,0,0,0,0,0,0,0,0,0,0,0,0,0,0,0,0,0,0,0,0,0,0,0,0,0,0,0,0,0,0,0,0,0,0,0,0,0,0,0,0,0,0,0,0,0,2.82582e-06,4.7097e-06,6.59358e-06,1.5071e-05,2.63743e-05,4.23873e-05,5.84003e-05,7.53552e-05,8.85423e-05,0.000107381,0.000119626,0.00012622,0.000133755,0.000138465,0.000143175,0.000142233,0.000137523,0.000133755,0.000124336,0.000118684,0.000109265,9.3252e-05,7.91229e-05,6.87616e-05,5.93422e-05,4.99228e-05,4.33292e-05,3.67357e-05,2.73163e-05,2.54324e-05,2.07227e-05,1.78969e-05,1.31872e-05,1.13033e-05,8.47746e-06,6.59358e-06,5.65164e-06,5.65164e-06,5.65164e-06,4.7097e-06,4.7097e-06,3.76776e-06,2.82582e-06,2.82582e-06,1.88388e-06,9.4194e-07,0,0,0,0,0,0,0,0,0,0,0,0,0,0,0,0,0,0,0,0,0,0,0,0,0,0,0,0,0,1.88388e-06,2.82582e-06,2.82582e-06,2.82582e-06,4.7097e-06,4.7097e-06,4.7097e-06,5.65164e-06,5.65164e-06,5.65164e-06,5.65164e-06,6.59358e-06,6.59358e-06,7.53552e-06,9.4194e-06,1.13033e-05,1.13033e-05,1.13033e-05,1.13033e-05,1.13033e-05,1.13033e-05,1.13033e-05,1.13033e-05,1.22452e-05,1.31872e-05,1.31872e-05,1.31872e-05,1.31872e-05,1.31872e-05,1.41291e-05,1.41291e-05,1.5071e-05,1.5071e-05,1.5071e-05,1.5071e-05,1.5071e-05,1.41291e-05,1.41291e-05,1.31872e-05,1.13033e-05,1.13033e-05,1.13033e-05,9.4194e-06,6.59358e-06,5.65164e-06,5.65164e-06,5.65164e-06,5.65164e-06,4.7097e-06
4.7097e-06,4.7097e-06,4.7097e-06,2.82582e-06,2.82582e-06,2.82582e-06,1.88388e-06,0,0,0,0,0,0,0,0,0,0,0,0,0,0,0,0,0,0,0,0,0,0,0,0,0,0,0,0,0,0,0,0,0,0,0,0,0,0,0,0,0,0,0,0,0,0,0,0,2.82582e-06,3.76776e-06,5.65164e-06,8.47746e-06,1.97807e-05,2.82582e-05,4.7097e-05,6.311e-05,7.62971e-05,9.60779e-05,0.000113033,0.000123394,0.000129988,0.000137523,0.000144117,0.000147885,0.000146001,0.000141291,0.000134697,0.00012622,0.000119626,0.000109265,9.3252e-05,7.72391e-05,6.59358e-05,5.84003e-05,4.80389e-05,4.14454e-05,3.1084e-05,2.73163e-05,2.35485e-05,2.07227e-05,1.69549e-05,1.31872e-05,1.13033e-05,9.4194e-06,6.59358e-06,5.65164e-06,5.65164e-06,5.65164e-06,4.7097e-06,4.7097e-06,2.82582e-06,2.82582e-06,2.82582e-06,1.88388e-06,0,0,0,0,0,0,0,0,0,0,0,0,0,0,0,0,0,0,0,0,0,0,0,0,0,0,0,0,0,0,0,2.82582e-06,2.82582e-06,2.82582e-06,3.76776e-06,4.7097e-06,4.7097e-06,4.7097e-06,5.65164e-06,5.65164e-06,5.65164e-06,5.65164e-06,6.59358e-06,6.59358e-06,8.47746e-06,1.13033e-05,1.13033e-05,1.13033e-05,1.13033e-05,1.13033e-05,1.13033e-05,1.13033e-05,1.13033e-05,1.22452e-05,1.31872e-05,1.31872e-05,1.31872e-05,1.41291e-05,1.41291e-05,1.5071e-05,1.5071e-05,1.69549e-05,1.78969e-05,1.78969e-05,1.78969e-05,1.78969e-05,1.78969e-05,1.78969e-05,1.5071e-05,1.5071e-05,1.31872e-05,1.13033e-05,1.13033e-05,1.13033e-05,8.47746e-06,6.59358e-06,5.65164e-06,5.65164e-06,5.65164e-06
5.65164e-06,4.7097e-06,4.7097e-06,3.76776e-06,2.82582e-06,2.82582e-06,1.88388e-06,0,0,0,0,0,0,0,0,0,0,0,0,0,0,0,0,0,0,0,0,0,0,0,0,0,0,0,0,0,0,0,0,0,0,0,0,0,0,0,0,0,0,0,0,0,0,0,0,2.82582e-06,4.7097e-06,5.65164e-06,1.13033e-05,2.07227e-05,3.1084e-05,4.99228e-05,6.49938e-05,8.00649e-05,0.000101729,0.000117742,0.000123394,0.000133755,0.000142233,0.000147885,0.000148826,0.000147885,0.000141291,0.000134697,0.000125278,0.000118684,0.000106439,8.94843e-05,7.62971e-05,6.40519e-05,5.55744e-05,4.7097e-05,4.05034e-05,2.92001e-05,2.63743e-05,2.16646e-05,2.07227e-05,1.69549e-05,1.31872e-05,1.13033e-05,1.03613e-05,6.59358e-06,5.65164e-06,5.65164e-06,5.65164e-06,4.7097e-06,4.7097e-06,2.82582e-06,2.82582e-06,1.88388e-06,0,0,0,0,0,0,0,0,0,0,0,0,0,0,0,0,0,0,0,0,0,0,0,0,0,0,0,0,0,0,0,0,1.88388e-06,2.82582e-06,2.82582e-06,2.82582e-06,4.7097e-06,4.7097e-06,4.7097e-06,5.65164e-06,5.65164e-06,5.65164e-06,5.65164e-06,6.59358e-06,6.59358e-06,8.47746e-06,9.4194e-06,1.13033e-05,1.13033e-05,1.13033e-05,1.13033e-05,1.13033e-05,1.13033e-05,1.13033e-05,1.13033e-05,1.31872e-05,1.31872e-05,1.41291e-05,1.5071e-05,1.5071e-05,1.69549e-05,1.78969e-05,1.78969e-05,1.88388e-05,1.97807e-05,1.97807e-05,1.97807e-05,1.97807e-05,1.97807e-05,1.88388e-05,1.88388e-05,1.78969e-05,1.5071e-05,1.41291e-05,1.13033e-05,1.13033e-05,9.4194e-06,6.59358e-06,5.65164e-06,5.65164e-06
5.65164e-06,5.65164e-06,4.7097e-06,4.7097e-06,2.82582e-06,2.82582e-06,2.82582e-06,0,0,0,0,0,0,0,0,0,0,0,0,0,0,0,0,0,0,0,0,0,0,0,0,0,0,0,0,0,0,0,0,0,0,0,0,0,0,0,0,0,0,0,0,0,0,0,2.82582e-06,2.82582e-06,4.7097e-06,5.65164e-06,1.13033e-05,2.16646e-05,3.57937e-05,4.99228e-05,6.59358e-05,8.00649e-05,0.000102671,0.000117742,0.000123394,0.000133755,0.000141291,0.000146001,0.000147885,0.000146001,0.000138465,0.00013093,0.000123394,0.000117742,0.000105497,8.47746e-05,7.53552e-05,6.2168e-05,5.08647e-05,4.33292e-05,3.86195e-05,2.73163e-05,2.54324e-05,2.16646e-05,1.97807e-05,1.69549e-05,1.31872e-05,1.13033e-05,1.13033e-05,6.59358e-06,5.65164e-06,5.65164e-06,5.65164e-06,4.7097e-06,4.7097e-06,2.82582e-06,2.82582e-06,1.88388e-06,0,0,0,0,0,0,0,0,0,0,0,0,0,0,0,0,0,0,0,0,0,0,0,0,0,0,0,0,0,0,0,0,0,2.82582e-06,2.82582e-06,2.82582e-06,4.7097e-06,4.7097e-06,4.7097e-06,5.65164e-06,5.65164e-06,5.65164e-06,5.65164e-06,6.59358e-06,6.59358e-06,7.53552e-06,9.4194e-06,1.13033e-05,1.13033e-05,1.13033e-05,1.13033e-05,1.13033e-05,1.13033e-05,1.13033e-05,1.13033e-05,1.31872e-05,1.31872e-05,1.41291e-05,1.5071e-05,1.69549e-05,1.78969e-05,1.88388e-05,1.97807e-05,2.07227e-05,2.07227e-05,2.07227e-05,2.07227e-05,2.07227e-05,2.07227e-05,2.07227e-05,2.07227e-05,2.07227e-05,1.97807e-05,1.78969e-05,1.5071e-05,1.41291e-05,1.13033e-05,1.13033e-05,6.59358e-06,5.65164e-06
5.65164e-06,5.65164e-06,4.7097e-06,4.7097e-06,4.7097e-06,2.82582e-06,2.82582e-06,1.88388e-06,0,0,0,0,0,0,0,0,0,0,0,0,0,0,0,0,0,0,0,0,0,0,0,0,0,0,0,0,0,0,0,0,0,0,0,0,0,0,0,0,0,0,0,0,0,1.88388e-06,2.82582e-06,3.76776e-06,4.7097e-06,5.65164e-06,1.13033e-05,2.16646e-05,3.67357e-05,4.99228e-05,6.49938e-05,7.91229e-05,9.98456e-05,0.000115859,0.000123394,0.000129988,0.000136581,0.000141291,0.000143175,0.000139407,0.000134697,0.000127162,0.00012151,0.000111149,9.79617e-05,8.00649e-05,6.87616e-05,5.93422e-05,4.89809e-05,4.23873e-05,3.2026e-05,2.73163e-05,2.54324e-05,2.07227e-05,1.97807e-05,1.69549e-05,1.31872e-05,1.13033e-05,1.13033e-05,8.47746e-06,6.59358e-06,5.65164e-06,5.65164e-06,4.7097e-06,4.7097e-06,2.82582e-06,2.82582e-06,0,0,0,0,0,0,0,0,0,0,0,0,0,0,0,0,0,0,0,0,0,0,0,0,0,0,0,0,0,0,0,0,0,0,2.82582e-06,2.82582e-06,2.82582e-06,4.7097e-06,4.7097e-06,4.7097e-06,5.65164e-06,5.65164e-06,5.65164e-06,5.65164e-06,6.59358e-06,6.59358e-06,6.59358e-06,8.47746e-06,9.4194e-06,1.13033e-05,1.13033e-05,1.13033e-05,1.13033e-05,1.13033e-05,1.13033e-05,1.13033e-05,1.31872e-05,1.41291e-05,1.5071e-05,1.5071e-05,1.78969e-05,1.88388e-05,1.97807e-05,2.07227e-05,2.07227e-05,2.16646e-05,2.16646e-05,2.16646e-05,2.35485e-05,2.54324e-05,2.54324e-05,2.35485e-05,2.16646e-05,2.16646e-05,2.07227e-05,1.97807e-05,1.78969e-05,1.5071e-05,1.22452e-05,1.13033e-05,6.59358e-06
6.59358e-06,5.65164e-06,5.65164e-06,4.7097e-06,4.7097e-06,3.76776e-06,2.82582e-06,2.82582e-06,0,0,0,0,0,0,0,0,0,0,0,0,0,0,0,0,0,0,0,0,0,0,0,0,0,0,0,0,0,0,0,0,0,0,0,0,0,0,0,0,0,0,0,0,1.88388e-06,2.82582e-06,2.82582e-06,4.7097e-06,5.65164e-06,5.65164e-06,1.22452e-05,2.16646e-05,3.2026e-05,4.80389e-05,6.311e-05,7.62971e-05,9.3252e-05,0.000110207,0.000120568,0.000125278,0.000129988,0.000134697,0.000134697,0.000133755,0.000128104,0.000123394,0.000117742,0.000105497,8.85423e-05,7.62971e-05,6.49938e-05,5.55744e-05,4.42712e-05,4.05034e-05,2.92001e-05,2.73163e-05,2.54324e-05,2.07227e-05,1.97807e-05,1.69549e-05,1.41291e-05,1.13033e-05,1.13033e-05,8.47746e-06,6.59358e-06,5.65164e-06,5.65164e-06,4.7097e-06,4.7097e-06,2.82582e-06,2.82582e-06,0,0,0,0,0,0,0,0,0,0,0,0,0,0,0,0,0,0,0,0,0,0,0,0,0,0,0,0,0,0,0,0,0,0,2.82582e-06,2.82582e-06,2.82582e-06,4.7097e-06,4.7097e-06,4.7097e-06,5.65164e-06,5.65164e-06,5.65164e-06,5.65164e-06,6.59358e-06,6.59358e-06,6.59358e-06,8.47746e-06,9.4194e-06,1.13033e-05,1.13033e-05,1.13033e-05,1.13033e-05,1.13033e-05,1.13033e-05,1.13033e-05,1.31872e-05,1.41291e-05,1.5071e-05,1.78969e-05,1.78969e-05,1.97807e-05,2.07227e-05,2.07227e-05,2.16646e-05,2.35485e-05,2.54324e-05,2.54324e-05,2.63743e-05,2.63743e-05,2.63743e-05,2.63743e-05,2.63743e-05,2.54324e-05,2.54324e-05,2.16646e-05,2.07227e-05,1.97807e-05,1.5071e-05,1.31872e-05,1.13033e-05
1.13033e-05,6.59358e-06,5.65164e-06,5.65164e-06,4.7097e-06,4.7097e-06,2.82582e-06,2.82582e-06,1.88388e-06,0,0,0,0,0,0,0,0,0,0,0,0,0,0,0,0,0,0,0,0,0,0,0,0,0,0,0,0,0,0,0,0,1.88388e-06,1.88388e-06,1.88388e-06,1.88388e-06,1.88388e-06,1.88388e-06,1.88388e-06,1.88388e-06,1.88388e-06,1.88388e-06,2.82582e-06,2.82582e-06,2.82582e-06,3.76776e-06,4.7097e-06,5.65164e-06,6.59358e-06,1.13033e-05,2.07227e-05,2.82582e-05,4.42712e-05,5.93422e-05,7.34713e-05,8.47746e-05,0.000102671,0.000113975,0.000120568,0.000123394,0.00012622,0.000127162,0.000123394,0.000122452,0.000118684,0.000109265,9.60779e-05,8.00649e-05,6.87616e-05,5.93422e-05,4.99228e-05,4.23873e-05,3.67357e-05,2.73163e-05,2.63743e-05,2.16646e-05,2.07227e-05,1.88388e-05,1.69549e-05,1.41291e-05,1.13033e-05,1.13033e-05,8.47746e-06,6.59358e-06,5.65164e-06,5.65164e-06,4.7097e-06,4.7097e-06,2.82582e-06,1.88388e-06,0,0,0,0,0,0,0,0,0,0,0,0,0,0,0,0,0,0,0,0,0,0,0,0,0,0,0,0,0,0,0,0,0,0,2.82582e-06,2.82582e-06,2.82582e-06,4.7097e-06,4.7097e-06,4.7097e-06,5.65164e-06,5.65164e-06,5.65164e-06,5.65164e-06,6.59358e-06,6.59358e-06,7.53552e-06,8.47746e-06,9.4194e-06,1.03613e-05,1.13033e-05,1.13033e-05,1.13033e-05,1.13033e-05,1.13033e-05,1.13033e-05,1.31872e-05,1.41291e-05,1.5071e-05,1.78969e-05,1.88388e-05,1.97807e-05,2.07227e-05,2.16646e-05,2.35485e-05,2.54324e-05,2.63743e-05,2.73163e-05,2.73163e-05,2.73163e-05,2.73163e-05,2.73163e-05,2.73163e-05,2.73163e-05,2.73163e-05,2.63743e-05,2.54324e-05,2.16646e-05,1.97807e-05,1.69549e-05,1.31872e-05
1.13033e-05,1.13033e-05,6.59358e-06,5.65164e-06,5.65164e-06,4.7097e-06,4.7097e-06,2.82582e-06,2.82582e-06,0,0,0,0,0,0,0,0,0,0,0,0,0,0,0,0,0,0,0,0,0,0,0,0,0,0,0,0,0,0,1.88388e-06,1.88388e-06,1.88388e-06,1.88388e-06,1.88388e-06,1.88388e-06,1.88388e-06,2.82582e-06,2.82582e-06,2.82582e-06,2.82582e-06,2.82582e-06,2.82582e-06,2.82582e-06,2.82582e-06,4.7097e-06,4.7097e-06,5.65164e-06,6.59358e-06,1.13033e-05,2.07227e-05,2.73163e-05,4.23873e-05,5.55744e-05,6.59358e-05,7.62971e-05,9.23101e-05,0.000105497,0.000112091,0.000118684,0.000120568,0.000120568,0.000118684,0.000115859,0.000107381,9.60779e-05,8.28907e-05,7.53552e-05,6.311e-05,5.46325e-05,4.42712e-05,4.05034e-05,2.92001e-05,2.73163e-05,2.54324e-05,2.16646e-05,2.07227e-05,1.88388e-05,1.69549e-05,1.41291e-05,1.22452e-05,1.13033e-05,8.47746e-06,6.59358e-06,5.65164e-06,5.65164e-06,4.7097e-06,3.76776e-06,2.82582e-06,1.88388e-06,0,0,0,0,0,0,0,0,0,0,0,0,0,0,0,0,0,0,0,0,0,0,0,0,0,0,0,0,0,0,0,0,0,0,2.82582e-06,2.82582e-06,2.82582e-06,4.7097e-06,4.7097e-06,4.7097e-06,5.65164e-06,5.65164e-06,5.65164e-06,5.65164e-06,6.59358e-06,6.59358e-06,8.47746e-06,9.4194e-06,9.4194e-06,1.13033e-05,1.13033e-05,1.13033e-05,1.13033e-05,1.13033e-05,1.13033e-05,1.13033e-05,1.22452e-05,1.31872e-05,1.5071e-05,1.78969e-05,1.88388e-05,2.07227e-05,2.07227e-05,2.16646e-05,2.54324e-05,2.63743e-05,2.73163e-05,2.73163e-05,2.82582e-05,3.01421e-05,3.1084e-05,3.1084e-05,3.1084e-05,3.01421e-05,2.82582e-05,2.73163e-05,2.73163e-05,2.54324e-05,2.16646e-05,2.07227e-05,1.69549e-05
1.5071e-05,1.13033e-05,8.47746e-06,5.65164e-06,5.65164e-06,4.7097e-06,4.7097e-06,3.76776e-06,2.82582e-06,1.88388e-06,0,0,0,0,0,0,0,0,0,0,0,0,0,0,0,0,0,0,0,0,0,0,0,0,0,0,0,0,0,1.88388e-06,1.88388e-06,1.88388e-06,2.82582e-06,2.82582e-06,2.82582e-06,2.82582e-06,2.82582e-06,2.82582e-06,2.82582e-06,2.82582e-06,2.82582e-06,2.82582e-06,2.82582e-06,4.7097e-06,4.7097e-06,5.65164e-06,5.65164e-06,6.59358e-06,1.13033e-05,1.88388e-05,2.54324e-05,3.95615e-05,4.80389e-05,5.93422e-05,6.87616e-05,7.91229e-05,9.04262e-05,0.000101729,0.000106439,0.000110207,0.000110207,0.000106439,0.000102671,9.3252e-05,8.19488e-05,7.62971e-05,6.59358e-05,5.84003e-05,4.80389e-05,4.14454e-05,3.2026e-05,2.73163e-05,2.54324e-05,2.35485e-05,2.07227e-05,2.07227e-05,1.88388e-05,1.69549e-05,1.41291e-05,1.13033e-05,1.13033e-05,8.47746e-06,5.65164e-06,5.65164e-06,5.65164e-06,4.7097e-06,3.76776e-06,2.82582e-06,1.88388e-06,0,0,0,0,0,0,0,0,0,0,0,0,0,0,0,0,0,0,0,0,0,0,0,0,0,0,0,0,0,0,0,0,0,0,2.82582e-06,2.82582e-06,3.76776e-06,4.7097e-06,4.7097e-06,5.65164e-06,5.65164e-06,5.65164e-06,5.65164e-06,6.59358e-06,6.59358e-06,7.53552e-06,8.47746e-06,9.4194e-06,1.13033e-05,1.13033e-05,1.13033e-05,1.13033e-05,1.13033e-05,1.13033e-05,1.13033e-05,1.13033e-05,1.13033e-05,1.31872e-05,1.5071e-05,1.78969e-05,1.88388e-05,2.07227e-05,2.07227e-05,2.35485e-05,2.54324e-05,2.73163e-05,2.73163e-05,3.01421e-05,3.39098e-05,3.76776e-05,4.05034e-05,4.05034e-05,4.05034e-05,4.05034e-05,3.67357e-05,3.1084e-05,2.82582e-05,2.73163e-05,2.54324e-05,2.16646e-05,1.97807e-05
1.88388e-05,1.41291e-05,1.13033e-05,6.59358e-06,5.65164e-06,5.65164e-06,4.7097e-06,4.7097e-06,2.82582e-06,2.82582e-06,1.88388e-06,0,0,0,0,0,0,0,0,0,0,0,0,0,0,0,0,0,0,0,0,0,0,0,0,0,0,0,1.88388e-06,1.88388e-06,1.88388e-06,2.82582e-06,2.82582e-06,2.82582e-06,2.82582e-06,2.82582e-06,2.82582e-06,2.82582e-06,2.82582e-06,2.82582e-06,2.82582e-06,2.82582e-06,4.7097e-06,4.7097e-06,4.7097e-06,5.65164e-06,5.65164e-06,7.53552e-06,1.13033e-05,1.78969e-05,2.35485e-05,2.82582e-05,4.23873e-05,5.18067e-05,6.2168e-05,7.06455e-05,7.72391e-05,8.38326e-05,9.04262e-05,9.3252e-05,9.3252e-05,9.3252e-05,8.66585e-05,7.91229e-05,7.53552e-05,6.59358e-05,5.84003e-05,4.99228e-05,4.23873e-05,3.76776e-05,2.82582e-05,2.63743e-05,2.54324e-05,2.16646e-05,2.07227e-05,1.97807e-05,1.78969e-05,1.5071e-05,1.41291e-05,1.13033e-05,1.13033e-05,6.59358e-06,5.65164e-06,5.65164e-06,4.7097e-06,4.7097e-06,2.82582e-06,2.82582e-06,0,0,0,0,0,0,0,0,0,0,0,0,0,0,0,0,0,0,0,0,0,0,0,0,0,0,0,0,0,0,0,0,0,0,1.88388e-06,2.82582e-06,2.82582e-06,4.7097e-06,4.7097e-06,4.7097e-06,5.65164e-06,5.65164e-06,5.65164e-06,5.65164e-06,6.59358e-06,7.53552e-06,9.4194e-06,1.13033e-05,1.13033e-05,1.13033e-05,1.13033e-05,1.13033e-05,1.13033e-05,1.13033e-05,1.13033e-05,1.13033e-05,1.13033e-05,1.13033e-05,1.31872e-05,1.41291e-05,1.78969e-05,1.88388e-05,2.07227e-05,2.16646e-05,2.54324e-05,2.73163e-05,2.73163e-05,3.01421e-05,3.67357e-05,4.05034e-05,4.14454e-05,4.23873e-05,4.33292e-05,4.33292e-05,4.23873e-05,4.23873e-05,4.05034e-05,3.76776e-05,3.01421e-05,2.73163e-05,2.54324e-05,2.07227e-05
2.07227e-05,1.78969e-05,1.31872e-05,1.13033e-05,6.59358e-06,5.65164e-06,5.65164e-06,4.7097e-06,4.7097e-06,2.82582e-06,2.82582e-06,1.88388e-06,0,0,0,0,0,0,0,0,0,0,0,0,0,0,0,0,0,0,0,0,0,0,0,0,0,0,1.88388e-06,1.88388e-06,2.82582e-06,2.82582e-06,2.82582e-06,2.82582e-06,2.82582e-06,2.82582e-06,2.82582e-06,2.82582e-06,2.82582e-06,2.82582e-06,3.76776e-06,4.7097e-06,4.7097e-06,4.7097e-06,5.65164e-06,5.65164e-06,6.59358e-06,1.13033e-05,1.22452e-05,1.78969e-05,2.16646e-05,2.73163e-05,3.95615e-05,4.52131e-05,5.55744e-05,6.2168e-05,6.78197e-05,7.53552e-05,7.62971e-05,7.8181e-05,7.8181e-05,7.62971e-05,7.53552e-05,6.87616e-05,6.311e-05,5.84003e-05,4.99228e-05,4.33292e-05,4.05034e-05,2.92001e-05,2.73163e-05,2.54324e-05,2.16646e-05,2.07227e-05,2.07227e-05,1.88388e-05,1.78969e-05,1.5071e-05,1.31872e-05,1.13033e-05,1.13033e-05,6.59358e-06,5.65164e-06,5.65164e-06,4.7097e-06,4.7097e-06,2.82582e-06,2.82582e-06,0,0,0,0,0,0,0,0,0,0,0,0,0,0,0,0,0,0,0,0,0,0,0,0,0,0,0,0,0,0,0,0,0,0,1.88388e-06,2.82582e-06,2.82582e-06,4.7097e-06,4.7097e-06,4.7097e-06,5.65164e-06,5.65164e-06,5.65164e-06,6.59358e-06,8.47746e-06,1.03613e-05,1.13033e-05,1.13033e-05,1.13033e-05,1.13033e-05,1.13033e-05,1.13033e-05,1.13033e-05,1.13033e-05,1.13033e-05,1.13033e-05,1.13033e-05,1.13033e-05,1.31872e-05,1.5071e-05,1.78969e-05,1.97807e-05,2.07227e-05,2.54324e-05,2.63743e-05,2.73163e-05,3.1084e-05,4.05034e-05,4.23873e-05,4.33292e-05,4.7097e-05,4.80389e-05,4.99228e-05,4.99228e-05,4.99228e-05,4.80389e-05,4.52131e-05,4.23873e-05,4.05034e-05,3.1084e-05,2.73163e-05,2.54324e-05
2.54324e-05,2.07227e-05,1.78969e-05,1.41291e-05,1.13033e-05,6.59358e-06,5.65164e-06,5.65164e-06,4.7097e-06,4.7097e-06,2.82582e-06,2.82582e-06,2.82582e-06,0,0,0,0,0,0,0,0,0,0,0,0,0,0,0,0,0,0,0,0,0,0,0,0,1.88388e-06,1.88388e-06,2.82582e-06,2.82582e-06,2.82582e-06,2.82582e-06,2.82582e-06,2.82582e-06,2.82582e-06,2.82582e-06,2.82582e-06,2.82582e-06,3.76776e-06,4.7097e-06,4.7097e-06,4.7097e-06,5.65164e-06,5.65164e-06,6.59358e-06,9.4194e-06,1.13033e-05,1.41291e-05,1.88388e-05,2.07227e-05,2.63743e-05,3.01421e-05,4.14454e-05,4.80389e-05,5.36906e-05,5.93422e-05,6.311e-05,6.59358e-05,6.68777e-05,6.68777e-05,6.59358e-05,6.311e-05,5.93422e-05,5.55744e-05,4.99228e-05,4.33292e-05,4.05034e-05,3.1084e-05,2.73163e-05,2.63743e-05,2.54324e-05,2.16646e-05,2.07227e-05,2.07227e-05,1.88388e-05,1.78969e-05,1.41291e-05,1.22452e-05,1.13033e-05,8.47746e-06,6.59358e-06,5.65164e-06,5.65164e-06,4.7097e-06,3.76776e-06,2.82582e-06,1.88388e-06,0,0,0,0,0,0,0,0,0,0,0,0,0,0,0,0,0,0,0,0,0,0,0,0,0,0,0,0,0,0,0,0,0,0,2.82582e-06,2.82582e-06,3.76776e-06,4.7097e-06,4.7097e-06,5.65164e-06,5.65164e-06,5.65164e-06,6.59358e-06,8.47746e-06,1.13033e-05,1.13033e-05,1.13033e-05,1.13033e-05,1.22452e-05,1.13033e-05,1.13033e-05,1.13033e-05,1.13033e-05,1.13033e-05,1.13033e-05,1.13033e-05,1.13033e-05,1.31872e-05,1.41291e-05,1.78969e-05,1.97807e-05,2.07227e-05,2.54324e-05,2.63743e-05,2.73163e-05,3.57937e-05,4.14454e-05,4.33292e-05,4.80389e-05,5.08647e-05,5.55744e-05,5.84003e-05,5.93422e-05,5.93422e-05,5.93422e-05,5.84003e-05,5.36906e-05,4.99228e-05,4.42712e-05,4.14454e-05,3.48518e-05,2.73163e-05
3.1084e-05,2.73163e-05,2.35485e-05,2.07227e-05,1.5071e-05,1.13033e-05,6.59358e-06,5.65164e-06,5.65164e-06,4.7097e-06,4.7097e-06,4.7097e-06,2.82582e-06,2.82582e-06,2.82582e-06,0,0,0,0,0,0,0,0,0,0,0,0,0,0,0,0,0,0,0,0,0,0,1.88388e-06,1.88388e-06,2.82582e-06,2.82582e-06,2.82582e-06,2.82582e-06,2.82582e-06,2.82582e-06,2.82582e-06,2.82582e-06,3.76776e-06,4.7097e-06,4.7097e-06,4.7097e-06,5.65164e-06,5.65164e-06,5.65164e-06,6.59358e-06,1.13033e-05,1.13033e-05,1.41291e-05,1.78969e-05,2.07227e-05,2.16646e-05,2.63743e-05,2.73163e-05,3.67357e-05,4.23873e-05,4.7097e-05,4.99228e-05,5.55744e-05,5.84003e-05,5.93422e-05,5.93422e-05,5.84003e-05,5.55744e-05,5.08647e-05,4.80389e-05,4.33292e-05,4.05034e-05,3.2026e-05,2.73163e-05,2.73163e-05,2.54324e-05,2.16646e-05,2.07227e-05,2.07227e-05,1.97807e-05,1.78969e-05,1.5071e-05,1.31872e-05,1.13033e-05,1.13033e-05,6.59358e-06,5.65164e-06,5.65164e-06,4.7097e-06,4.7097e-06,2.82582e-06,2.82582e-06,0,0,0,0,0,0,0,0,0,0,0,0,0,0,0,0,0,0,0,0,0,0,0,0,0,0,0,0,0,0,0,0,0,0,1.88388e-06,2.82582e-06,2.82582e-06,4.7097e-06,4.7097e-06,4.7097e-06,5.65164e-06,5.65164e-06,6.59358e-06,8.47746e-06,1.13033e-05,1.13033e-05,1.31872e-05,1.41291e-05,1.5071e-05,1.5071e-05,1.5071e-05,1.5071e-05,1.41291e-05,1.41291e-05,1.31872e-05,1.31872e-05,1.31872e-05,1.41291e-05,1.5071e-05,1.78969e-05,2.07227e-05,2.16646e-05,2.54324e-05,2.73163e-05,3.01421e-05,4.05034e-05,4.33292e-05,4.80389e-05,5.27486e-05,5.93422e-05,6.311e-05,6.59358e-05,6.87616e-05,7.15874e-05,7.15874e-05,6.87616e-05,6.68777e-05,6.40519e-05,6.12261e-05,5.65164e-05,4.99228e-05,4.33292e-05,4.05034e-05
4.80389e-05,4.14454e-05,3.1084e-05,2.73163e-05,2.16646e-05,1.88388e-05,1.31872e-05,1.13033e-05,6.59358e-06,5.65164e-06,5.65164e-06,4.7097e-06,4.7097e-06,4.7097e-06,2.82582e-06,2.82582e-06,2.82582e-06,0,0,0,0,0,0,0,0,0,0,0,0,0,0,0,0,0,0,0,1.88388e-06,1.88388e-06,2.82582e-06,2.82582e-06,2.82582e-06,2.82582e-06,2.82582e-06,2.82582e-06,2.82582e-06,2.82582e-06,3.76776e-06,4.7097e-06,4.7097e-06,4.7097e-06,5.65164e-06,5.65164e-06,6.59358e-06,9.4194e-06,1.13033e-05,1.31872e-05,1.69549e-05,1.97807e-05,2.07227e-05,2.16646e-05,2.54324e-05,2.73163e-05,2.82582e-05,3.2026e-05,4.05034e-05,4.23873e-05,4.42712e-05,4.80389e-05,4.99228e-05,4.99228e-05,4.99228e-05,4.99228e-05,4.80389e-05,4.42712e-05,4.23873e-05,4.05034e-05,3.57937e-05,2.82582e-05,2.73163e-05,2.63743e-05,2.54324e-05,2.16646e-05,2.07227e-05,2.07227e-05,1.88388e-05,1.69549e-05,1.41291e-05,1.22452e-05,1.13033e-05,9.4194e-06,6.59358e-06,5.65164e-06,5.65164e-06,4.7097e-06,4.7097e-06,2.82582e-06,2.82582e-06,0,0,0,0,0,0,0,0,0,0,0,0,0,0,0,0,0,0,0,0,0,0,0,0,0,0,0,0,0,0,0,0,0,0,2.82582e-06,2.82582e-06,3.76776e-06,4.7097e-06,4.7097e-06,5.65164e-06,5.65164e-06,6.59358e-06,8.47746e-06,1.13033e-05,1.31872e-05,1.5071e-05,1.78969e-05,1.88388e-05,1.97807e-05,2.07227e-05,2.07227e-05,1.97807e-05,1.97807e-05,1.88388e-05,1.78969e-05,1.78969e-05,1.78969e-05,1.97807e-05,2.07227e-05,2.16646e-05,2.54324e-05,2.73163e-05,3.01421e-05,3.95615e-05,4.23873e-05,4.80389e-05,5.46325e-05,6.02841e-05,6.59358e-05,7.15874e-05,7.62971e-05,8.00649e-05,8.66585e-05,8.85423e-05,8.85423e-05,8.76004e-05,8.28907e-05,8.00649e-05,7.62971e-05,7.34713e-05,6.59358e-05,6.02841e-05,5.27486e-05
6.68777e-05,6.02841e-05,5.18067e-05,4.33292e-05,3.76776e-05,2.73163e-05,2.16646e-05,1.88388e-05,1.31872e-05,1.13033e-05,6.59358e-06,5.65164e-06,5.65164e-06,4.7097e-06,4.7097e-06,4.7097e-06,2.82582e-06,2.82582e-06,2.82582e-06,0,0,0,0,0,0,0,0,0,0,0,0,0,0,0,0,1.88388e-06,2.82582e-06,2.82582e-06,2.82582e-06,2.82582e-06,2.82582e-06,2.82582e-06,2.82582e-06,2.82582e-06,3.76776e-06,4.7097e-06,4.7097e-06,4.7097e-06,4.7097e-06,5.65164e-06,5.65164e-06,6.59358e-06,1.13033e-05,1.31872e-05,1.5071e-05,1.88388e-05,2.07227e-05,2.16646e-05,2.54324e-05,2.63743e-05,2.73163e-05,2.82582e-05,3.1084e-05,3.67357e-05,4.05034e-05,4.05034e-05,4.23873e-05,4.33292e-05,4.33292e-05,4.42712e-05,4.42712e-05,4.33292e-05,4.33292e-05,4.23873e-05,4.05034e-05,3.67357e-05,3.01421e-05,2.73163e-05,2.73163e-05,2.54324e-05,2.44904e-05,2.16646e-05,2.07227e-05,1.97807e-05,1.78969e-05,1.5071e-05,1.31872e-05,1.13033e-05,1.13033e-05,7.53552e-06,5.65164e-06,5.65164e-06,5.65164e-06,4.7097e-06,3.76776e-06,2.82582e-06,1.88388e-06,0,0,0,0,0,0,0,0,0,0,0,0,0,0,0,0,0,0,0,0,0,0,0,0,0,0,0,0,0,0,0,0,0,1.88388e-06,2.82582e-06,2.82582e-06,4.7097e-06,4.7097e-06,5.65164e-06,5.65164e-06,5.65164e-06,8.47746e-06,1.13033e-05,1.31872e-05,1.78969e-05,1.97807e-05,2.07227e-05,2.16646e-05,2.54324e-05,2.54324e-05,2.54324e-05,2.54324e-05,2.54324e-05,2.16646e-05,2.16646e-05,2.35485e-05,2.54324e-05,2.63743e-05,2.73163e-05,2.92001e-05,3.67357e-05,4.14454e-05,4.33292e-05,4.80389e-05,5.55744e-05,6.12261e-05,6.68777e-05,7.53552e-05,8.00649e-05,9.23101e-05,0.000102671,0.000109265,0.000113033,0.000115859,0.000115859,0.000113033,0.000111149,0.000109265,0.000105497,9.98456e-05,8.94843e-05,8.00649e-05,7.62971e-05
0.000101729,8.85423e-05,7.62971e-05,6.68777e-05,5.84003e-05,4.80389e-05,4.14454e-05,2.82582e-05,2.54324e-05,1.97807e-05,1.41291e-05,1.13033e-05,6.59358e-06,5.65164e-06,5.65164e-06,5.65164e-06,4.7097e-06,4.7097e-06,2.82582e-06,2.82582e-06,2.82582e-06,0,0,0,0,0,0,0,0,0,0,0,0,0,1.88388e-06,2.82582e-06,2.82582e-06,2.82582e-06,2.82582e-06,2.82582e-06,2.82582e-06,2.82582e-06,3.76776e-06,3.76776e-06,4.7097e-06,4.7097e-06,4.7097e-06,5.65164e-06,5.65164e-06,5.65164e-06,9.4194e-06,1.13033e-05,1.5071e-05,1.88388e-05,2.07227e-05,2.16646e-05,2.54324e-05,2.73163e-05,2.73163e-05,2.82582e-05,3.1084e-05,3.67357e-05,3.95615e-05,4.05034e-05,4.05034e-05,4.14454e-05,4.14454e-05,4.23873e-05,4.23873e-05,4.23873e-05,4.23873e-05,4.23873e-05,4.14454e-05,4.05034e-05,3.86195e-05,3.1084e-05,2.82582e-05,2.73163e-05,2.63743e-05,2.54324e-05,2.16646e-05,2.07227e-05,2.07227e-05,1.88388e-05,1.78969e-05,1.41291e-05,1.31872e-05,1.13033e-05,1.13033e-05,6.59358e-06,5.65164e-06,5.65164e-06,4.7097e-06,4.7097e-06,2.82582e-06,2.82582e-06,1.88388e-06,0,0,0,0,0,0,0,0,0,0,0,0,0,0,0,0,0,0,0,0,0,0,0,0,0,0,0,0,0,0,0,0,1.88388e-06,2.82582e-06,2.82582e-06,3.76776e-06,4.7097e-06,4.7097e-06,5.65164e-06,5.65164e-06,6.59358e-06,1.13033e-05,1.41291e-05,1.88388e-05,2.07227e-05,2.54324e-05,2.63743e-05,2.73163e-05,2.82582e-05,2.82582e-05,2.92001e-05,2.82582e-05,2.82582e-05,2.82582e-05,2.82582e-05,3.1084e-05,3.76776e-05,4.14454e-05,4.33292e-05,4.80389e-05,5.08647e-05,5.74583e-05,6.2168e-05,6.59358e-05,7.53552e-05,7.8181e-05,8.76004e-05,9.98456e-05,0.000111149,0.000120568,0.000125278,0.000133755,0.000136581,0.000138465,0.000137523,0.000135639,0.000134697,0.000133755,0.000129988,0.00012622,0.000123394,0.000118684,0.000111149
0.000133755,0.000123394,0.000117742,0.000105497,8.47746e-05,7.53552e-05,6.2168e-05,5.08647e-05,4.23873e-05,3.01421e-05,2.54324e-05,2.07227e-05,1.5071e-05,1.13033e-05,8.47746e-06,5.65164e-06,5.65164e-06,5.65164e-06,4.7097e-06,4.7097e-06,2.82582e-06,2.82582e-06,2.82582e-06,1.88388e-06,0,0,0,0,0,0,0,0,0,1.88388e-06,2.82582e-06,2.82582e-06,2.82582e-06,2.82582e-06,2.82582e-06,2.82582e-06,3.76776e-06,4.7097e-06,4.7097e-06,4.7097e-06,4.7097e-06,4.7097e-06,5.65164e-06,5.65164e-06,6.59358e-06,1.13033e-05,1.13033e-05,1.69549e-05,2.07227e-05,2.16646e-05,2.54324e-05,2.73163e-05,2.73163e-05,3.01421e-05,3.57937e-05,3.95615e-05,4.05034e-05,4.14454e-05,4.23873e-05,4.23873e-05,4.23873e-05,4.23873e-05,4.23873e-05,4.23873e-05,4.23873e-05,4.23873e-05,4.23873e-05,4.23873e-05,4.14454e-05,4.05034e-05,3.67357e-05,3.01421e-05,2.73163e-05,2.73163e-05,2.63743e-05,2.54324e-05,2.16646e-05,2.07227e-05,2.07227e-05,1.88388e-05,1.5071e-05,1.41291e-05,1.13033e-05,1.13033e-05,8.47746e-06,6.59358e-06,5.65164e-06,5.65164e-06,4.7097e-06,4.7097e-06,2.82582e-06,2.82582e-06,0,0,0,0,0,0,0,0,0,0,0,0,0,0,0,0,0,0,0,0,0,0,0,0,0,0,0,0,0,0,0,1.88388e-06,1.88388e-06,2.82582e-06,2.82582e-06,2.82582e-06,4.7097e-06,4.7097e-06,5.65164e-06,5.65164e-06,6.59358e-06,1.13033e-05,1.41291e-05,1.97807e-05,2.16646e-05,2.63743e-05,2.82582e-05,3.29679e-05,4.05034e-05,4.14454e-05,4.23873e-05,4.23873e-05,4.23873e-05,4.23873e-05,4.33292e-05,4.42712e-05,4.80389e-05,5.18067e-05,5.84003e-05,6.311e-05,6.59358e-05,7.34713e-05,7.62971e-05,8.47746e-05,9.60779e-05,0.000105497,0.000113033,0.000120568,0.000128104,0.000143175,0.000153536,0.000162956,0.000171433,0.000174259,0.000174259,0.000174259,0.000174259,0.000170491,0.000168607,0.000165781,0.000162014,0.000159188,0.000152594,0.000147885
0.000174259,0.000162014,0.000151652,0.000137523,0.000123394,0.000111149,9.3252e-05,7.62971e-05,6.311e-05,5.18067e-05,4.23873e-05,3.1084e-05,2.63743e-05,2.07227e-05,1.78969e-05,1.13033e-05,1.13033e-05,6.59358e-06,5.65164e-06,5.65164e-06,4.7097e-06,4.7097e-06,2.82582e-06,2.82582e-06,2.82582e-06,2.82582e-06,1.88388e-06,1.88388e-06,0,0,0,1.88388e-06,1.88388e-06,2.82582e-06,2.82582e-06,2.82582e-06,2.82582e-06,2.82582e-06,3.76776e-06,4.7097e-06,4.7097e-06,4.7097e-06,4.7097e-06,4.7097e-06,4.7097e-06,5.65164e-06,5.65164e-06,6.59358e-06,1.13033e-05,1.31872e-05,1.78969e-05,2.07227e-05,2.54324e-05,2.73163e-05,2.82582e-05,3.1084e-05,3.95615e-05,4.05034e-05,4.23873e-05,4.23873e-05,4.33292e-05,4.42712e-05,4.52131e-05,4.7097e-05,4.6155e-05,4.42712e-05,4.33292e-05,4.33292e-05,4.33292e-05,4.33292e-05,4.23873e-05,4.23873e-05,4.05034e-05,4.05034e-05,3.57937e-05,3.01421e-05,2.73163e-05,2.73163e-05,2.54324e-05,2.35485e-05,2.16646e-05,2.07227e-05,1.97807e-05,1.78969e-05,1.5071e-05,1.41291e-05,1.13033e-05,1.13033e-05,8.47746e-06,6.59358e-06,5.65164e-06,5.65164e-06,4.7097e-06,4.7097e-06,2.82582e-06,2.82582e-06,1.88388e-06,0,0,0,0,0,0,0,0,0,0,0,0,0,0,0,0,0,0,0,0,1.88388e-06,1.88388e-06,1.88388e-06,1.88388e-06,1.88388e-06,2.82582e-06,2.82582e-06,2.82582e-06,2.82582e-06,2.82582e-06,2.82582e-06,2.82582e-06,2.82582e-06,2.82582e-06,3.76776e-06,4.7097e-06,4.7097e-06,5.65164e-06,5.65164e-06,1.13033e-05,1.41291e-05,2.07227e-05,2.54324e-05,2.73163e-05,3.67357e-05,4.14454e-05,4.33292e-05,4.80389e-05,5.08647e-05,5.27486e-05,5.55744e-05,5.65164e-05,5.84003e-05,5.93422e-05,6.311e-05,6.59358e-05,7.53552e-05,7.8181e-05,8.66585e-05,9.60779e-05,0.000105497,0.000115859,0.000122452,0.000129988,0.000136581,0.000148826,0.000153536,0.000170491,0.00018462,0.000197807,0.000217588,0.000227007,0.000232659,0.000232659,0.000227007,0.000219472,0.000217588,0.000214762,0.00021382,0.000210995,0.000206285,0.000195923,0.00018933
0.000234543,0.000215704,0.000195923,0.000178969,0.000162014,0.000147885,0.000125278,0.000112091,9.3252e-05,7.62971e-05,6.311e-05,5.08647e-05,4.23873e-05,3.1084e-05,2.63743e-05,2.07227e-05,1.78969e-05,1.31872e-05,1.03613e-05,5.65164e-06,5.65164e-06,4.7097e-06,4.7097e-06,4.7097e-06,3.76776e-06,2.82582e-06,2.82582e-06,2.82582e-06,2.82582e-06,2.82582e-06,2.82582e-06,2.82582e-06,2.82582e-06,2.82582e-06,2.82582e-06,2.82582e-06,3.76776e-06,4.7097e-06,4.7097e-06,4.7097e-06,4.7097e-06,4.7097e-06,4.7097e-06,4.7097e-06,5.65164e-06,5.65164e-06,6.59358e-06,1.13033e-05,1.31872e-05,1.78969e-05,2.07227e-05,2.54324e-05,2.73163e-05,3.01421e-05,3.95615e-05,4.14454e-05,4.23873e-05,4.42712e-05,4.80389e-05,4.80389e-05,4.99228e-05,4.99228e-05,4.99228e-05,4.99228e-05,4.99228e-05,4.99228e-05,4.80389e-05,4.7097e-05,4.42712e-05,4.33292e-05,4.33292e-05,4.23873e-05,4.14454e-05,4.05034e-05,3.57937e-05,2.92001e-05,2.73163e-05,2.63743e-05,2.54324e-05,2.16646e-05,2.07227e-05,2.07227e-05,1.97807e-05,1.78969e-05,1.5071e-05,1.41291e-05,1.22452e-05,1.13033e-05,9.4194e-06,6.59358e-06,5.65164e-06,5.65164e-06,4.7097e-06,4.7097e-06,3.76776e-06,2.82582e-06,2.82582e-06,0,0,0,0,0,0,0,0,0,0,0,0,0,0,0,1.88388e-06,1.88388e-06,2.82582e-06,2.82582e-06,2.82582e-06,2.82582e-06,2.82582e-06,2.82582e-06,2.82582e-06,2.82582e-06,2.82582e-06,2.82582e-06,3.76776e-06,3.76776e-06,3.76776e-06,3.76776e-06,3.76776e-06,3.76776e-06,4.7097e-06,4.7097e-06,4.7097e-06,5.65164e-06,5.65164e-06,1.13033e-05,1.41291e-05,2.07227e-05,2.63743e-05,3.1084e-05,4.14454e-05,4.80389e-05,5.18067e-05,5.84003e-05,6.2168e-05,6.40519e-05,6.59358e-05,6.87616e-05,7.15874e-05,7.62971e-05,7.8181e-05,8.38326e-05,9.3252e-05,0.000105497,0.000115859,0.00012151,0.000128104,0.000138465,0.000151652,0.000159188,0.000170491,0.000177085,0.00018933,0.000196865,0.000219472,0.000240195,0.000268453,0.000289176,0.000305188,0.000312724,0.000312724,0.000307072,0.000303305,0.000293885,0.000287292,0.000284466,0.000282582,0.000275046,0.000268453,0.000250556
0.000321201,0.000292943,0.000260917,0.000235485,0.000207227,0.00018462,0.000162014,0.000143175,0.000123394,0.000106439,8.47746e-05,7.06455e-05,5.93422e-05,4.99228e-05,4.14454e-05,2.82582e-05,2.54324e-05,2.07227e-05,1.78969e-05,1.13033e-05,7.53552e-06,5.65164e-06,5.65164e-06,4.7097e-06,4.7097e-06,4.7097e-06,4.7097e-06,3.76776e-06,2.82582e-06,2.82582e-06,2.82582e-06,2.82582e-06,2.82582e-06,2.82582e-06,3.76776e-06,4.7097e-06,4.7097e-06,4.7097e-06,4.7097e-06,4.7097e-06,4.7097e-06,4.7097e-06,4.7097e-06,5.65164e-06,5.65164e-06,6.59358e-06,1.13033e-05,1.31872e-05,1.78969e-05,2.07227e-05,2.54324e-05,2.73163e-05,3.29679e-05,4.05034e-05,4.23873e-05,4.7097e-05,4.80389e-05,4.99228e-05,5.18067e-05,5.55744e-05,5.55744e-05,5.55744e-05,5.65164e-05,5.55744e-05,5.55744e-05,5.27486e-05,5.08647e-05,4.99228e-05,4.80389e-05,4.7097e-05,4.33292e-05,4.23873e-05,4.14454e-05,4.05034e-05,3.57937e-05,3.01421e-05,2.73163e-05,2.63743e-05,2.54324e-05,2.16646e-05,2.07227e-05,2.07227e-05,1.97807e-05,1.88388e-05,1.78969e-05,1.5071e-05,1.41291e-05,1.13033e-05,1.13033e-05,9.4194e-06,6.59358e-06,5.65164e-06,5.65164e-06,4.7097e-06,4.7097e-06,3.76776e-06,2.82582e-06,2.82582e-06,1.88388e-06,0,0,0,0,0,0,0,0,0,0,0,1.88388e-06,2.82582e-06,2.82582e-06,2.82582e-06,2.82582e-06,3.76776e-06,4.7097e-06,4.7097e-06,4.7097e-06,4.7097e-06,4.7097e-06,4.7097e-06,4.7097e-06,5.65164e-06,5.65164e-06,5.65164e-06,5.65164e-06,5.65164e-06,4.7097e-06,4.7097e-06,4.7097e-06,4.7097e-06,5.65164e-06,5.65164e-06,1.13033e-05,1.5071e-05,2.07227e-05,2.73163e-05,3.95615e-05,4.52131e-05,5.27486e-05,6.12261e-05,6.59358e-05,7.53552e-05,7.72391e-05,8.10068e-05,8.76004e-05,9.23101e-05,9.60779e-05,0.000102671,0.000110207,0.000118684,0.000123394,0.000133755,0.000147885,0.000153536,0.000168607,0.000178969,0.000192156,0.000205343,0.000217588,0.000230775,0.000237369,0.00025715,0.000287292,0.00032026,0.000359821,0.000398441,0.000447421,0.000478505,0.000487925,0.00047097,0.000442712,0.000418221,0.000410686,0.000409744,0.000408802,0.000395615,0.000379602,0.000354169
0.000492635,0.00040786,0.000354169,0.000314608,0.000272221,0.000235485,0.000200633,0.000177085,0.000153536,0.000133755,0.000118684,9.98456e-05,7.91229e-05,6.68777e-05,5.84003e-05,4.7097e-05,4.05034e-05,2.73163e-05,2.54324e-05,1.97807e-05,1.41291e-05,1.13033e-05,6.59358e-06,5.65164e-06,5.65164e-06,5.65164e-06,4.7097e-06,4.7097e-06,4.7097e-06,4.7097e-06,4.7097e-06,3.76776e-06,3.76776e-06,4.7097e-06,4.7097e-06,4.7097e-06,4.7097e-06,4.7097e-06,4.7097e-06,4.7097e-06,5.65164e-06,5.65164e-06,5.65164e-06,5.65164e-06,5.65164e-06,9.4194e-06,1.13033e-05,1.78969e-05,2.07227e-05,2.54324e-05,2.73163e-05,3.48518e-05,4.14454e-05,4.33292e-05,4.80389e-05,5.08647e-05,5.55744e-05,5.84003e-05,5.93422e-05,5.93422e-05,6.12261e-05,6.2168e-05,6.2168e-05,6.02841e-05,5.93422e-05,5.84003e-05,5.55744e-05,5.27486e-05,4.99228e-05,4.80389e-05,4.7097e-05,4.33292e-05,4.23873e-05,4.05034e-05,3.67357e-05,3.01421e-05,2.73163e-05,2.73163e-05,2.54324e-05,2.35485e-05,2.16646e-05,2.07227e-05,2.07227e-05,2.07227e-05,1.97807e-05,1.88388e-05,1.78969e-05,1.5071e-05,1.41291e-05,1.13033e-05,1.13033e-05,8.47746e-06,6.59358e-06,5.65164e-06,5.65164e-06,4.7097e-06,4.7097e-06,2.82582e-06,2.82582e-06,2.82582e-06,1.88388e-06,0,0,0,0,0,0,0,1.88388e-06,2.82582e-06,2.82582e-06,3.76776e-06,4.7097e-06,4.7097e-06,4.7097e-06,4.7097e-06,4.7097e-06,5.65164e-06,5.65164e-06,5.65164e-06,5.65164e-06,6.59358e-06,9.4194e-06,1.13033e-05,1.13033e-05,1.13033e-05,1.13033e-05,1.13033e-05,7.53552e-06,6.59358e-06,6.59358e-06,6.59358e-06,8.47746e-06,1.13033e-05,1.69549e-05,2.16646e-05,2.73163e-05,4.14454e-05,4.99228e-05,6.02841e-05,6.87616e-05,7.72391e-05,8.85423e-05,9.98456e-05,0.000106439,0.000113033,0.000118684,0.000120568,0.000123394,0.000128104,0.000135639,0.000148826,0.000157304,0.000171433,0.00018462,0.000195923,0.000215704,0.000233601,0.00024773,0.000262801,0.000274104,0.000287292,0.000307072,0.000335331,0.000381486,0.000459667,0.000557628,0.000638635,0.000732829,0.000792171,0.000809126,0.000804417,0.000780868,0.000746958,0.00074319,0.000742249,0.000725294,0.000681022,0.000625448,0.000564222
0.000774274,0.000648997,0.000551977,0.00043235,0.000359821,0.000307072,0.000255266,0.00021853,0.00018933,0.000164839,0.000146001,0.000123394,0.000111149,9.3252e-05,7.62971e-05,6.311e-05,5.18067e-05,4.33292e-05,3.67357e-05,2.73163e-05,2.16646e-05,1.78969e-05,1.31872e-05,1.13033e-05,6.59358e-06,5.65164e-06,5.65164e-06,5.65164e-06,5.65164e-06,4.7097e-06,4.7097e-06,4.7097e-06,4.7097e-06,4.7097e-06,4.7097e-06,4.7097e-06,4.7097e-06,5.65164e-06,5.65164e-06,5.65164e-06,5.65164e-06,5.65164e-06,5.65164e-06,6.59358e-06,8.47746e-06,1.13033e-05,1.5071e-05,2.07227e-05,2.54324e-05,2.73163e-05,3.2026e-05,4.05034e-05,4.33292e-05,4.80389e-05,5.18067e-05,5.84003e-05,5.93422e-05,6.2168e-05,6.311e-05,6.49938e-05,6.59358e-05,6.59358e-05,6.59358e-05,6.49938e-05,6.311e-05,6.311e-05,6.02841e-05,5.84003e-05,5.55744e-05,5.08647e-05,4.99228e-05,4.80389e-05,4.33292e-05,4.23873e-05,4.05034e-05,3.29679e-05,2.82582e-05,2.73163e-05,2.63743e-05,2.54324e-05,2.54324e-05,2.16646e-05,2.16646e-05,2.16646e-05,2.07227e-05,2.07227e-05,2.07227e-05,2.07227e-05,1.97807e-05,1.78969e-05,1.5071e-05,1.31872e-05,1.13033e-05,9.4194e-06,6.59358e-06,5.65164e-06,5.65164e-06,4.7097e-06,4.7097e-06,3.76776e-06,2.82582e-06,2.82582e-06,2.82582e-06,1.88388e-06,0,0,1.88388e-06,2.82582e-06,2.82582e-06,3.76776e-06,4.7097e-06,4.7097e-06,5.65164e-06,5.65164e-06,5.65164e-06,5.65164e-06,5.65164e-06,6.59358e-06,9.4194e-06,1.13033e-05,1.5071e-05,1.97807e-05,2.16646e-05,2.54324e-05,2.54324e-05,2.54324e-05,2.54324e-05,2.16646e-05,2.07227e-05,1.88388e-05,1.78969e-05,1.78969e-05,1.88388e-05,2.07227e-05,2.63743e-05,3.2026e-05,4.42712e-05,5.84003e-05,6.68777e-05,7.91229e-05,9.3252e-05,0.000109265,0.000118684,0.000125278,0.000134697,0.000144117,0.000149768,0.000152594,0.000157304,0.000165781,0.000174259,0.000187446,0.000196865,0.000217588,0.000233601,0.000250556,0.000275046,0.000303305,0.00032026,0.000338156,0.000350402,0.000363589,0.000393731,0.000471912,0.000591538,0.000709281,0.000846804,0.000944766,0.00104555,0.00115859,0.00123677,0.00127727,0.00130364,0.00131401,0.00131683,0.00128386,0.00121604,0.00108606,0.000965488,0.000882598
0.00110584,0.000954185,0.000846804,0.000676313,0.000544441,0.000405034,0.000326853,0.000271279,0.000232659,0.000195923,0.000174259,0.000153536,0.000135639,0.000122452,0.000106439,8.47746e-05,7.15874e-05,6.2168e-05,4.99228e-05,4.23873e-05,3.1084e-05,2.63743e-05,2.07227e-05,1.78969e-05,1.31872e-05,1.13033e-05,7.53552e-06,5.65164e-06,5.65164e-06,5.65164e-06,5.65164e-06,5.65164e-06,4.7097e-06,5.65164e-06,5.65164e-06,5.65164e-06,5.65164e-06,5.65164e-06,5.65164e-06,5.65164e-06,6.59358e-06,6.59358e-06,6.59358e-06,9.4194e-06,1.13033e-05,1.41291e-05,1.88388e-05,2.16646e-05,2.63743e-05,3.01421e-05,4.05034e-05,4.33292e-05,4.80389e-05,5.27486e-05,5.84003e-05,6.2168e-05,6.311e-05,6.59358e-05,6.87616e-05,6.87616e-05,7.15874e-05,7.34713e-05,7.34713e-05,7.15874e-05,6.87616e-05,6.68777e-05,6.59358e-05,6.311e-05,6.02841e-05,5.84003e-05,5.55744e-05,5.08647e-05,4.80389e-05,4.42712e-05,4.23873e-05,4.05034e-05,3.1084e-05,2.82582e-05,2.73163e-05,2.73163e-05,2.63743e-05,2.63743e-05,2.54324e-05,2.54324e-05,2.54324e-05,2.54324e-05,2.54324e-05,2.54324e-05,2.54324e-05,2.54324e-05,2.16646e-05,2.07227e-05,1.97807e-05,1.5071e-05,1.22452e-05,1.13033e-05,6.59358e-06,5.65164e-06,5.65164e-06,4.7097e-06,4.7097e-06,4.7097e-06,3.76776e-06,2.82582e-06,2.82582e-06,2.82582e-06,2.82582e-06,3.76776e-06,4.7097e-06,5.65164e-06,5.65164e-06,5.65164e-06,6.59358e-06,7.53552e-06,1.03613e-05,1.13033e-05,1.13033e-05,1.5071e-05,2.07227e-05,2.54324e-05,2.73163e-05,3.67357e-05,4.23873e-05,4.33292e-05,4.7097e-05,4.7097e-05,4.33292e-05,4.23873e-05,3.95615e-05,3.01421e-05,2.82582e-05,2.82582e-05,3.1084e-05,4.05034e-05,4.52131e-05,5.74583e-05,6.68777e-05,8.00649e-05,9.98456e-05,0.000115859,0.000123394,0.000137523,0.000151652,0.000161072,0.000174259,0.00018462,0.000191214,0.000195923,0.000204401,0.000217588,0.000232659,0.000237369,0.000258091,0.000275988,0.000305188,0.000333447,0.000361705,0.000389963,0.000422931,0.00046155,0.000494518,0.00053408,0.000612261,0.000734713,0.000891075,0.00101353,0.00123677,0.00144117,0.00164086,0.00185939,0.00212031,0.00237369,0.00264591,0.00283806,0.00284843,0.00268924,0.00236615,0.00199126,0.00159282,0.0013319
0.00177744,0.00146754,0.00123206,0.00099563,0.000832675,0.000622622,0.000451189,0.00034475,0.000279756,0.000237369,0.000211936,0.000190272,0.000171433,0.000153536,0.000137523,0.00012151,0.000105497,8.28907e-05,7.15874e-05,6.02841e-05,4.99228e-05,4.14454e-05,3.01421e-05,2.63743e-05,2.07227e-05,1.88388e-05,1.41291e-05,1.13033e-05,8.47746e-06,6.59358e-06,5.65164e-06,5.65164e-06,5.65164e-06,5.65164e-06,5.65164e-06,5.65164e-06,6.59358e-06,6.59358e-06,8.47746e-06,9.4194e-06,1.13033e-05,1.13033e-05,1.13033e-05,1.13033e-05,1.41291e-05,1.88388e-05,2.07227e-05,2.54324e-05,2.73163e-05,3.76776e-05,4.23873e-05,4.80389e-05,5.08647e-05,5.84003e-05,6.2168e-05,6.59358e-05,6.87616e-05,7.53552e-05,7.62971e-05,7.62971e-05,7.62971e-05,7.8181e-05,7.8181e-05,7.62971e-05,7.62971e-05,7.62971e-05,7.44132e-05,6.87616e-05,6.59358e-05,6.311e-05,6.2168e-05,5.84003e-05,5.55744e-05,4.99228e-05,4.7097e-05,4.23873e-05,4.05034e-05,3.67357e-05,3.1084e-05,2.82582e-05,2.82582e-05,2.73163e-05,2.73163e-05,2.73163e-05,2.82582e-05,2.92001e-05,3.01421e-05,3.1084e-05,3.2026e-05,3.2026e-05,3.01421e-05,2.82582e-05,2.73163e-05,2.54324e-05,2.07227e-05,1.78969e-05,1.41291e-05,1.13033e-05,7.53552e-06,5.65164e-06,5.65164e-06,5.65164e-06,5.65164e-06,4.7097e-06,4.7097e-06,4.7097e-06,4.7097e-06,5.65164e-06,5.65164e-06,6.59358e-06,1.13033e-05,1.13033e-05,1.41291e-05,1.69549e-05,1.78969e-05,2.07227e-05,2.16646e-05,2.73163e-05,3.57937e-05,4.33292e-05,5.08647e-05,5.93422e-05,6.59358e-05,6.87616e-05,7.34713e-05,7.15874e-05,6.87616e-05,6.49938e-05,6.12261e-05,5.84003e-05,5.55744e-05,5.55744e-05,5.93422e-05,6.59358e-05,7.62971e-05,9.3252e-05,0.000112091,0.000123394,0.000138465,0.000152594,0.000168607,0.000178969,0.000192156,0.000207227,0.000224182,0.000237369,0.000250556,0.000266569,0.000279756,0.000295769,0.000307072,0.00032026,0.00034475,0.00037866,0.000421989,0.000493576,0.000556686,0.000610377,0.000638635,0.000680081,0.000734713,0.0008063,0.000917449,0.0010691,0.00134038,0.00164651,0.00208828,0.00250933,0.00300196,0.00352474,0.00411345,0.00464847,0.0051185,0.00542557,0.00544159,0.0051185,0.00460797,0.00394861,0.00309616,0.00231152
0.00342301,0.00259693,0.00200727,0.00155608,0.00123206,0.00093252,0.000690442,0.000488867,0.000356995,0.000303305,0.000260917,0.000235485,0.000215704,0.000194982,0.000177085,0.000159188,0.000138465,0.00012151,0.000105497,8.00649e-05,6.68777e-05,5.84003e-05,4.80389e-05,4.14454e-05,3.01421e-05,2.63743e-05,2.16646e-05,1.88388e-05,1.41291e-05,1.13033e-05,9.4194e-06,6.59358e-06,6.59358e-06,7.53552e-06,9.4194e-06,1.13033e-05,1.13033e-05,1.13033e-05,1.31872e-05,1.31872e-05,1.41291e-05,1.41291e-05,1.5071e-05,1.78969e-05,1.97807e-05,2.16646e-05,2.54324e-05,2.73163e-05,3.39098e-05,4.14454e-05,4.7097e-05,5.08647e-05,5.84003e-05,6.311e-05,6.78197e-05,7.53552e-05,7.62971e-05,8.00649e-05,8.28907e-05,8.66585e-05,8.85423e-05,8.85423e-05,8.85423e-05,8.85423e-05,8.47746e-05,8.19488e-05,8.00649e-05,7.62971e-05,7.62971e-05,7.53552e-05,6.87616e-05,6.59358e-05,6.311e-05,5.93422e-05,5.55744e-05,4.99228e-05,4.7097e-05,4.23873e-05,4.14454e-05,4.05034e-05,3.95615e-05,4.05034e-05,4.05034e-05,4.05034e-05,4.14454e-05,4.23873e-05,4.33292e-05,4.52131e-05,4.80389e-05,4.80389e-05,4.80389e-05,4.33292e-05,4.23873e-05,3.95615e-05,2.82582e-05,2.63743e-05,2.16646e-05,1.97807e-05,1.5071e-05,1.22452e-05,1.13033e-05,1.13033e-05,8.47746e-06,6.59358e-06,6.59358e-06,6.59358e-06,7.53552e-06,1.13033e-05,1.41291e-05,1.88388e-05,2.07227e-05,2.54324e-05,2.63743e-05,2.73163e-05,2.73163e-05,2.82582e-05,4.05034e-05,4.7097e-05,5.84003e-05,6.59358e-05,7.62971e-05,8.85423e-05,9.98456e-05,0.000105497,0.000109265,0.000109265,0.000105497,9.98456e-05,9.3252e-05,8.85423e-05,8.94843e-05,9.3252e-05,0.000105497,0.000118684,0.000129988,0.000149768,0.000167665,0.00018462,0.000195923,0.000216646,0.000232659,0.000239253,0.00025715,0.000275046,0.000305188,0.000326853,0.000354169,0.000377718,0.000398441,0.000421989,0.000454957,0.000499228,0.000562338,0.000622622,0.000701745,0.000780868,0.000837384,0.000894843,0.00093252,0.000973024,0.0010399,0.00120003,0.00142045,0.00176425,0.00227196,0.00303399,0.00378189,0.00442994,0.00503561,0.00583908,0.0069939,0.00794055,0.00889568,0.0094486,0.00939302,0.00876287,0.0078002,0.00662937,0.00521081,0.00430655
