0.486238,0.472763,0.456741,0.43921,0.417158,0.389891,0.358799,0.326403,0.293432,0.258532,0.224824,0.186733,0.136891,0.110122,0.0926588,0.0797331,0.0691918,0.0596712,0.0514543,0.0422081,0.0339826,0.027524,0.0224978,0.0184065,0.0151644,0.0124369,0.0104984,0.00905746,0.0079167,0.00689602,0.00589249,0.00524921,0.00443438,0.00356809,0.00290765,0.00246164,0.00208424,0.00187839,0.00165539,0.00143238,0.00117507,0.00104641,0.000969217,0.000857714,0.00078052,0.000746211,0.00066044,0.000634708,0.000591823,0.000574668,0.000574668,0.000574668,0.000591823,0.000626131,0.000626131,0.000643285,0.00066044,0.000694748,0.00072048,0.000746211,0.000746211,0.000754788,0.000763365,0.000763365,0.000763365,0.000763365,0.000746211,0.000746211,0.00072048,0.000711902,0.00066044,0.000643285,0.000608977,0.000557514,0.00054036,0.000497474,0.000454588,0.000377394,0.000343086,0.000317354,0.0003002,0.000274468,0.000248737,0.00024016,0.00024016,0.00024016,0.00024016,0.000248737,0.000248737,0.000248737,0.000248737,0.000248737,0.000248737,0.000248737,0.000248737,0.000274468,0.000274468,0.0003002,0.000308777,0.000334508,0.000368817,0.000446011,0.00048032,0.00054036,0.000574668,0.000634708,0.000677594,0.000746211,0.000763365,0.00078052,0.000797674,0.000814828,0.000849137,0.000874868,0.0009006,0.000909177,0.000909177,0.000892022,0.000857714,0.00084056,0.000806251,0.00078052,0.000771942,0.000763365,0.000746211,0.00072048,0.000677594,0.00066044,0.000643285,0.000634708,0.000626131,0.000634708,0.000651863,0.000711902,0.000746211,0.00078052,0.000866291,0.000977794,0.00104641,0.0012008,0.00147527,0.00173258,0.00190412,0.00216144,0.00255599,0.00303631,0.00385971,0.00469169,0.00547221,0.00628704,0.00726484,0.00829409,0.00945201,0.0109702,0.0130887,0.0162194,0.0198561,0.0244963,0.030243,0.0376708,0.0467454,0.0559573,0.0647831,0.0752215,0.0853768,0.0987057,0.117241,0.150066,0.200422,0.235949,0.269571,0.303356,0.336644,0.36964,0.401745,0.430238,0.452633,0.470216,0.483399,0.489849
0.471828,0.456004,0.439364,0.421644,0.40135,0.37706,0.348386,0.317045,0.284469,0.249183,0.215518,0.170651,0.126264,0.103234,0.0867663,0.0747069,0.0636424,0.0553054,0.0464967,0.0380825,0.0310407,0.0255513,0.0208682,0.0173944,0.0142724,0.0118965,0.0100696,0.00868006,0.00756504,0.00653578,0.00560945,0.00494043,0.00411703,0.0033022,0.0028133,0.00235871,0.00205851,0.00184408,0.00162966,0.00140665,0.00114934,0.00104641,0.00096064,0.000857714,0.00078052,0.000737634,0.00066044,0.000617554,0.000566091,0.000548937,0.00054036,0.00054036,0.00054036,0.000548937,0.000557514,0.000574668,0.000574668,0.000608977,0.000626131,0.000626131,0.000643285,0.000643285,0.000643285,0.000643285,0.000643285,0.000643285,0.000634708,0.000626131,0.0006004,0.000574668,0.000557514,0.00054036,0.000506051,0.000471743,0.000454588,0.000377394,0.000343086,0.000317354,0.0003002,0.000274468,0.00024016,0.00024016,0.00024016,0.00024016,0.00024016,0.00024016,0.00024016,0.00024016,0.000248737,0.000248737,0.000274468,0.000274468,0.000274468,0.000274468,0.000291623,0.0003002,0.000308777,0.000334508,0.00036024,0.000377394,0.000463165,0.000514628,0.000557514,0.000634708,0.000711902,0.000763365,0.00078052,0.00084056,0.000917754,0.000943485,0.000994948,0.00100353,0.00102926,0.00102926,0.00104641,0.00104641,0.00104641,0.00102926,0.00102068,0.000994948,0.000977794,0.000943485,0.000909177,0.00084056,0.000806251,0.00078052,0.000763365,0.000746211,0.00072048,0.000703325,0.000669017,0.00066044,0.000711902,0.000737634,0.000763365,0.000806251,0.0009006,0.000994948,0.00105499,0.00124369,0.00150958,0.00174116,0.00194701,0.00226436,0.00266749,0.00316496,0.00407414,0.00496616,0.00569522,0.00667301,0.00765938,0.00867149,0.00986371,0.0115534,0.0139636,0.0173773,0.0214428,0.0266492,0.0334165,0.0420194,0.051926,0.0606918,0.0708043,0.0810625,0.0923672,0.106648,0.128263,0.171912,0.21689,0.251456,0.284564,0.315416,0.347691,0.380559,0.412089,0.438849,0.459675,0.475079,0.482884,0.481486
0.452933,0.437597,0.420983,0.404335,0.386906,0.363696,0.336687,0.306375,0.274065,0.239397,0.204488,0.152707,0.117129,0.0968445,0.0816372,0.0697922,0.0597912,0.0518488,0.04298,0.0349947,0.0289564,0.0238101,0.0198561,0.0165196,0.0136462,0.0114591,0.00977794,0.00831982,0.00719622,0.00615839,0.00539502,0.00464023,0.00388544,0.00308777,0.00265034,0.0022901,0.0019899,0.00181835,0.00162108,0.00140665,0.00114934,0.00104641,0.00096064,0.000857714,0.00078052,0.000737634,0.000651863,0.000591823,0.000548937,0.00054036,0.000514628,0.000506051,0.000506051,0.000506051,0.000514628,0.000531783,0.00054036,0.00054036,0.00054036,0.00054036,0.00054036,0.000548937,0.000548937,0.00054036,0.00054036,0.00054036,0.00054036,0.00054036,0.000514628,0.000497474,0.000463165,0.000454588,0.000394548,0.000368817,0.000343086,0.000317354,0.0003002,0.000274468,0.00024016,0.00024016,0.000231583,0.000223006,0.000223006,0.000223006,0.00024016,0.00024016,0.00024016,0.000248737,0.000265891,0.000274468,0.000274468,0.000291623,0.0003002,0.000308777,0.000317354,0.000334508,0.000343086,0.000377394,0.000446011,0.00048032,0.00054036,0.0006004,0.00066044,0.000754788,0.000797674,0.0009006,0.000969217,0.00102926,0.00104641,0.00112361,0.00114934,0.00123511,0.0013123,0.00132088,0.00132088,0.00132088,0.0013123,0.00126942,0.00119222,0.00114934,0.00111503,0.00105499,0.00102926,0.000994948,0.000943485,0.0009006,0.000831982,0.000789097,0.000771942,0.000763365,0.000746211,0.000746211,0.000746211,0.000763365,0.00078052,0.000823405,0.000934908,0.000994948,0.0010893,0.0013123,0.00153531,0.00177547,0.0019899,0.00229867,0.00279615,0.00335366,0.00429715,0.00524921,0.00598684,0.00698179,0.00803678,0.00908319,0.0104727,0.0122825,0.0149242,0.0185609,0.0232526,0.0291708,0.03647,0.0459134,0.0557686,0.0654521,0.0765338,0.0872123,0.0996406,0.116049,0.145082,0.19772,0.236583,0.271775,0.302233,0.329963,0.358988,0.389522,0.418333,0.442151,0.459846,0.470516,0.471786,0.465704
0.434038,0.419534,0.405107,0.391109,0.373123,0.35023,0.323161,0.293175,0.260393,0.226479,0.18814,0.136359,0.109136,0.0910892,0.0773143,0.0656065,0.0566263,0.048538,0.0402354,0.0331678,0.0273268,0.0227637,0.0190069,0.0159792,0.0131659,0.0110474,0.00940054,0.00807966,0.00692175,0.00584103,0.00513771,0.00433145,0.00356809,0.00293338,0.00253883,0.00219575,0.00198132,0.00180978,0.0016125,0.00140665,0.00114934,0.00104641,0.000969217,0.000857714,0.00078052,0.000737634,0.000643285,0.000574668,0.00054036,0.000506051,0.00048032,0.000463165,0.000463165,0.000463165,0.000463165,0.000463165,0.000463165,0.000471743,0.000471743,0.000471743,0.000471743,0.000471743,0.000471743,0.000471743,0.000463165,0.000463165,0.000454588,0.000454588,0.000411703,0.000385971,0.000368817,0.000343086,0.000334508,0.000308777,0.000291623,0.000248737,0.00024016,0.00024016,0.000214428,0.000214428,0.000205851,0.000205851,0.000214428,0.000223006,0.00024016,0.00024016,0.000248737,0.000265891,0.000274468,0.0003002,0.000308777,0.000308777,0.000317354,0.000334508,0.000343086,0.000368817,0.000394548,0.000454588,0.000506051,0.000548937,0.000626131,0.00072048,0.00078052,0.000874868,0.000977794,0.00104641,0.00114076,0.00126942,0.00138092,0.00149242,0.00156104,0.00162108,0.00164681,0.00164681,0.00164681,0.00162966,0.00162108,0.00159535,0.00154388,0.00149242,0.0014238,0.00133803,0.00121795,0.00114076,0.00104641,0.0010121,0.000977794,0.000917754,0.000857714,0.000806251,0.00078052,0.00078052,0.00078052,0.00078052,0.000806251,0.000874868,0.000943485,0.00102926,0.00112361,0.00133803,0.00157819,0.00180978,0.00204994,0.00237587,0.00289907,0.00359382,0.00453731,0.00542075,0.0063042,0.00737634,0.00837986,0.00958924,0.0110474,0.0130287,0.016125,0.019959,0.0249595,0.0313151,0.0394548,0.0496531,0.0592938,0.0702296,0.0814828,0.0936967,0.108535,0.129506,0.173404,0.219798,0.257906,0.292326,0.320348,0.346027,0.371682,0.397216,0.421575,0.441474,0.454931,0.460189,0.456844,0.447186
0.419122,0.405827,0.392473,0.377797,0.358379,0.335023,0.307182,0.276707,0.243042,0.209316,0.159595,0.121392,0.10109,0.0855055,0.0732402,0.062493,0.0544391,0.0459563,0.0381768,0.0317869,0.0264176,0.0220089,0.018458,0.015516,0.0128228,0.0107643,0.00910034,0.00785666,0.00668159,0.00561803,0.00488897,0.00408272,0.0033022,0.00284761,0.00244448,0.00216144,0.00194701,0.00179262,0.00162108,0.00140665,0.00115791,0.00104641,0.000977794,0.000857714,0.00078052,0.000737634,0.000643285,0.000574668,0.00054036,0.000497474,0.000454588,0.000446011,0.000394548,0.000394548,0.000394548,0.000394548,0.000394548,0.000394548,0.000394548,0.000394548,0.000394548,0.000394548,0.000377394,0.000377394,0.000377394,0.000368817,0.000368817,0.000351663,0.000343086,0.000334508,0.000308777,0.0003002,0.000274468,0.00024016,0.00024016,0.000214428,0.000205851,0.000205851,0.000205851,0.000205851,0.000205851,0.000205851,0.000214428,0.000223006,0.00024016,0.00024016,0.000274468,0.000291623,0.0003002,0.000308777,0.000325931,0.000334508,0.00036024,0.000377394,0.000394548,0.000454588,0.00048032,0.00054036,0.000574668,0.000643285,0.000746211,0.000806251,0.000943485,0.00102926,0.00114076,0.00132088,0.00148384,0.00162108,0.00173258,0.00180978,0.00186124,0.00188697,0.0019127,0.0019127,0.00190412,0.00188697,0.00187839,0.00185266,0.00183551,0.00177547,0.00173258,0.00163823,0.00156104,0.00144954,0.00132088,0.00114934,0.00107214,0.00102926,0.000977794,0.000934908,0.000874868,0.00084056,0.000814828,0.00084056,0.000857714,0.000934908,0.000994948,0.00104641,0.00114934,0.00138092,0.00162108,0.00185266,0.00208424,0.00247879,0.00299342,0.00385971,0.00478604,0.00560945,0.00666444,0.00776231,0.00876584,0.0100524,0.0116392,0.0138092,0.0170256,0.0209111,0.0262546,0.0330048,0.0418221,0.0522691,0.0622443,0.0741665,0.086226,0.100387,0.117404,0.147029,0.198544,0.238144,0.276235,0.308768,0.336541,0.359888,0.381726,0.401882,0.421249,0.436782,0.446329,0.448155,0.442049,0.431387
0.407937,0.394986,0.380439,0.36331,0.34306,0.318443,0.289959,0.256619,0.22292,0.184571,0.136025,0.110671,0.093851,0.0807366,0.0698179,0.0599971,0.0523806,0.044258,0.0368388,0.0308177,0.0259973,0.0215543,0.0181492,0.0151043,0.012514,0.0104727,0.00886018,0.00762508,0.00649289,0.00553225,0.00469169,0.00388544,0.00312208,0.00275326,0.00235871,0.00212713,0.00193843,0.0018012,0.00162108,0.00143238,0.00121795,0.00105499,0.000994948,0.000874868,0.00078052,0.000737634,0.000643285,0.000557514,0.000531783,0.000463165,0.00042028,0.000377394,0.000368817,0.00036024,0.000343086,0.000343086,0.000343086,0.000343086,0.000343086,0.000334508,0.000334508,0.000334508,0.000334508,0.000334508,0.000317354,0.000317354,0.000308777,0.0003002,0.000291623,0.000274468,0.000248737,0.00024016,0.000223006,0.000214428,0.000205851,0.000205851,0.000205851,0.000205851,0.000205851,0.000205851,0.000205851,0.000205851,0.000214428,0.00024016,0.00024016,0.000265891,0.000291623,0.000308777,0.000317354,0.000334508,0.000368817,0.000377394,0.000403126,0.000454588,0.00048032,0.000523205,0.000557514,0.000617554,0.00066044,0.000763365,0.000831982,0.000977794,0.00105499,0.00124369,0.00147527,0.00164681,0.0018012,0.00188697,0.0019899,0.00208424,0.00216144,0.00216144,0.00219575,0.00219575,0.00217859,0.00216144,0.00210998,0.00208424,0.00204994,0.0019899,0.00193843,0.00187839,0.00180978,0.00173258,0.00160392,0.00146669,0.00132088,0.00114934,0.00105499,0.00100353,0.000969217,0.000943485,0.000917754,0.000917754,0.000943485,0.000969217,0.0010121,0.00107214,0.00120938,0.00144954,0.00167254,0.00188697,0.00216144,0.00259887,0.00312208,0.00405699,0.0050262,0.00579815,0.00692175,0.00806251,0.00913465,0.010507,0.0121795,0.0144439,0.0177976,0.0218031,0.0270523,0.0340598,0.0431687,0.0540789,0.0644829,0.0773658,0.0910978,0.107214,0.128623,0.167649,0.214111,0.25065,0.2879,0.319172,0.346559,0.368011,0.385894,0.40141,0.416,0.427948,0.434895,0.435401,0.429826,0.419937
0.397902,0.384316,0.367273,0.348832,0.326,0.300354,0.270377,0.236618,0.200533,0.15082,0.118656,0.101167,0.0874353,0.0766625,0.0665929,0.0581444,0.0508453,0.0431173,0.036084,0.0302687,0.0256199,0.0213142,0.0178404,0.014624,0.0121281,0.0102239,0.00868006,0.00747069,0.0063042,0.0054036,0.00458877,0.00381683,0.00307062,0.00269322,0.00235871,0.00212713,0.00194701,0.00180978,0.00164681,0.00147527,0.00130373,0.00109787,0.000994948,0.000909177,0.00078052,0.000737634,0.000643285,0.000557514,0.000506051,0.000454588,0.000377394,0.000343086,0.000334508,0.000317354,0.000308777,0.000308777,0.000308777,0.0003002,0.0003002,0.000291623,0.000291623,0.000291623,0.000274468,0.000274468,0.000274468,0.000248737,0.000248737,0.00024016,0.00024016,0.000223006,0.000214428,0.000205851,0.000205851,0.000205851,0.000197274,0.000197274,0.000197274,0.000197274,0.000205851,0.000205851,0.000205851,0.000214428,0.00024016,0.00024016,0.000257314,0.000291623,0.000308777,0.000334508,0.000343086,0.000377394,0.000403126,0.000463165,0.000497474,0.00054036,0.000557514,0.000626131,0.00066044,0.000746211,0.00078052,0.0009006,0.000994948,0.00112361,0.00134661,0.00160392,0.00178404,0.00192128,0.00208424,0.00220432,0.00233298,0.00241875,0.00249595,0.00253883,0.00255599,0.00253883,0.00250452,0.00247022,0.0024016,0.00235871,0.00229867,0.00227294,0.00216144,0.00208424,0.0019899,0.0019127,0.00183551,0.00173258,0.00156104,0.00140665,0.00121795,0.00110645,0.00104641,0.000994948,0.000986371,0.000977794,0.000986371,0.000994948,0.00104641,0.00114076,0.0013123,0.00151815,0.00174116,0.00194701,0.0022901,0.00271895,0.00327647,0.00425426,0.00523205,0.00603831,0.00709329,0.00824263,0.00946916,0.0109444,0.0127113,0.0151386,0.0183036,0.0223606,0.0276355,0.0346431,0.0439921,0.0549023,0.0661812,0.0796559,0.0947602,0.113278,0.140013,0.185892,0.223194,0.258163,0.292618,0.32256,0.348558,0.367873,0.382772,0.395269,0.406608,0.416909,0.422613,0.423153,0.41859,0.41003
0.387189,0.371965,0.353189,0.331515,0.307113,0.28037,0.248917,0.215758,0.172589,0.130081,0.108475,0.0937138,0.0824177,0.0730086,0.0639511,0.056652,0.0497646,0.0424568,0.0357238,0.0300629,0.025354,0.0209883,0.0174888,0.0142724,0.0118965,0.0100181,0.00855998,0.00737634,0.00628704,0.0054036,0.00460592,0.00384256,0.00308777,0.00275326,0.00239302,0.00216144,0.0019899,0.00184408,0.0016897,0.00151815,0.00132088,0.00111503,0.00100353,0.000917754,0.00078052,0.000729057,0.000634708,0.000548937,0.000497474,0.000411703,0.000368817,0.000325931,0.000308777,0.000274468,0.000265891,0.000248737,0.00024016,0.00024016,0.00024016,0.00024016,0.00024016,0.00024016,0.000231583,0.000223006,0.000223006,0.000214428,0.000205851,0.000205851,0.000205851,0.000205851,0.000205851,0.000197274,0.000197274,0.000188697,0.00018012,0.000197274,0.000197274,0.000205851,0.000205851,0.000205851,0.000214428,0.00024016,0.00024016,0.000274468,0.0003002,0.000308777,0.000334508,0.000368817,0.000394548,0.000454588,0.000497474,0.00054036,0.000574668,0.000643285,0.00072048,0.000763365,0.000789097,0.0009006,0.000986371,0.00104641,0.00123511,0.00149242,0.00173258,0.00188697,0.00208424,0.0022901,0.00247879,0.00265034,0.0028133,0.00289907,0.00291623,0.0029248,0.00291623,0.00289907,0.00286476,0.0028133,0.00275326,0.00266749,0.00260745,0.00253026,0.00244448,0.00234156,0.00226436,0.00212713,0.0019899,0.00188697,0.00176689,0.00162108,0.00145811,0.00130373,0.00114076,0.00104641,0.00102926,0.00102068,0.00102926,0.00103783,0.00107214,0.00114934,0.00136377,0.00159535,0.00180978,0.00201563,0.00235871,0.00284761,0.00342228,0.00443438,0.00530067,0.00620127,0.00729057,0.00841417,0.00973505,0.0112189,0.0130544,0.0156704,0.0187582,0.0228581,0.0282874,0.035192,0.0446354,0.055597,0.0675107,0.0813284,0.0978823,0.118287,0.150692,0.196622,0.229224,0.261457,0.293047,0.320313,0.343815,0.361638,0.374315,0.384796,0.39448,0.402714,0.408246,0.409807,0.406659,0.398562
0.372754,0.356329,0.335821,0.311899,0.286965,0.257872,0.227474,0.193646,0.146009,0.117327,0.100773,0.0883102,0.0787467,0.070324,0.0622271,0.0555455,0.0489497,0.0420022,0.0355008,0.0300286,0.0253111,0.0208939,0.0173516,0.0140065,0.0116821,0.00985513,0.00848279,0.00737634,0.0063042,0.00548079,0.00471743,0.00399695,0.00321643,0.00286476,0.0025131,0.00228152,0.00205851,0.00188697,0.00174974,0.00156104,0.00134661,0.00114076,0.00102926,0.000917754,0.00078052,0.00072048,0.000626131,0.00054036,0.000463165,0.000377394,0.000334508,0.0003002,0.000248737,0.00024016,0.000223006,0.000214428,0.000205851,0.000205851,0.000205851,0.000205851,0.000197274,0.000197274,0.000197274,0.000197274,0.000197274,0.000197274,0.000188697,0.00018012,0.00018012,0.000162966,0.000162966,0.000171543,0.00018012,0.00018012,0.000197274,0.000197274,0.000205851,0.000205851,0.000214428,0.000223006,0.00024016,0.000248737,0.000274468,0.000308777,0.000317354,0.000343086,0.000377394,0.000446011,0.000471743,0.00054036,0.000574668,0.00066044,0.000746211,0.00078052,0.000857714,0.000952062,0.00102926,0.00111503,0.0013123,0.00150958,0.00170685,0.00186982,0.00201563,0.00227294,0.00250452,0.00279615,0.00298484,0.00315639,0.00331935,0.0034137,0.00342228,0.00340512,0.00334508,0.00325074,0.00316496,0.00307919,0.003002,0.00293338,0.00289907,0.0028133,0.00269322,0.00260745,0.00247879,0.00234156,0.00219575,0.00207567,0.0019127,0.00180978,0.00162966,0.00146669,0.0013123,0.00114076,0.00108072,0.00104641,0.00104641,0.00105499,0.00113218,0.00124369,0.00144954,0.00164681,0.00186124,0.00208424,0.00245306,0.00290765,0.00362813,0.00453731,0.0054036,0.00629562,0.00740207,0.00849137,0.00983798,0.0114419,0.0133975,0.0161851,0.0194787,0.0236129,0.0291537,0.0362127,0.0456304,0.0563518,0.0684198,0.0828552,0.100773,0.123965,0.162254,0.205371,0.233727,0.261723,0.289736,0.314335,0.3354,0.351345,0.362513,0.371845,0.380353,0.386735,0.391503,0.393862,0.392112,0.385122
0.354682,0.337279,0.315484,0.290799,0.263807,0.236583,0.208476,0.168901,0.132337,0.111306,0.0964928,0.0848879,0.0763451,0.0681368,0.060709,0.0546621,0.0480406,0.0415734,0.035355,0.0301143,0.0255256,0.0210655,0.0174116,0.0140494,0.0116906,0.00986371,0.00855998,0.00747926,0.00651863,0.00561803,0.00501763,0.00426284,0.00354236,0.00299342,0.00267607,0.00236729,0.00216144,0.00197274,0.00180978,0.00162108,0.00140665,0.00114934,0.00102926,0.000917754,0.00078052,0.00072048,0.000608977,0.00054036,0.000454588,0.000368817,0.000308777,0.000248737,0.000231583,0.000205851,0.000197274,0.000162966,0.000162966,0.000154388,0.000154388,0.000154388,0.000154388,0.000154388,0.000154388,0.000154388,0.000154388,0.000154388,0.000154388,0.000154388,0.000162966,0.000162966,0.000162966,0.000162966,0.000197274,0.000197274,0.000205851,0.000205851,0.000205851,0.000223006,0.00024016,0.00024016,0.000274468,0.0003002,0.000317354,0.000334508,0.000368817,0.000394548,0.000454588,0.000506051,0.000557514,0.000643285,0.000737634,0.00078052,0.000917754,0.0010121,0.00112361,0.00132088,0.00150958,0.0016897,0.00184408,0.00198132,0.00216144,0.00234156,0.00256456,0.00284761,0.00307919,0.00339655,0.0038254,0.00404841,0.00417707,0.00423711,0.00421995,0.00409987,0.0040141,0.00385971,0.00368817,0.00348232,0.00333651,0.00321643,0.00310492,0.00301915,0.0029248,0.00284761,0.00271895,0.00256456,0.00239302,0.00226436,0.00208424,0.0019127,0.00178404,0.00162108,0.00143238,0.00130373,0.00114934,0.00110645,0.00109787,0.00110645,0.00114934,0.00132946,0.00150958,0.00173258,0.00190412,0.00216144,0.0025131,0.00297627,0.00377394,0.00463165,0.00547221,0.00632993,0.00746211,0.00855998,0.00987229,0.0116478,0.0138263,0.0167769,0.0202935,0.0248308,0.0303802,0.0377051,0.0470799,0.0576469,0.0702382,0.0851109,0.104126,0.131136,0.176715,0.212902,0.237587,0.260925,0.284847,0.306564,0.325485,0.340332,0.350882,0.358447,0.365103,0.369597,0.373929,0.376905,0.375541,0.367367
0.335263,0.316762,0.29441,0.268344,0.242227,0.21822,0.191056,0.15179,0.124506,0.107549,0.0937824,0.0827865,0.0744753,0.0663356,0.0596712,0.0538387,0.0471828,0.0411445,0.035355,0.0302945,0.0258858,0.0215029,0.017849,0.0144439,0.0119994,0.0102411,0.00886018,0.00783093,0.00688744,0.00596111,0.00536071,0.00470885,0.00403983,0.00331078,0.00289907,0.00256456,0.00229867,0.00205851,0.00187839,0.00169827,0.00147527,0.00118365,0.00103783,0.000934908,0.00078052,0.00072048,0.000591823,0.000514628,0.000446011,0.000343086,0.000291623,0.00024016,0.000205851,0.000162966,0.000154388,0.000145811,0.000137234,0.00012008,0.00012008,0.00012008,0.00012008,0.00012008,0.00012008,0.000128657,0.000137234,0.000137234,0.000145811,0.000154388,0.000154388,0.000162966,0.000162966,0.000197274,0.000205851,0.000205851,0.000214428,0.000231583,0.00024016,0.000248737,0.000274468,0.0003002,0.000308777,0.000334508,0.000368817,0.000377394,0.000454588,0.000497474,0.00054036,0.000608977,0.000694748,0.000771942,0.000909177,0.00102926,0.00114934,0.00148384,0.00173258,0.00188697,0.00208424,0.00229867,0.00250452,0.00275326,0.0029248,0.00310492,0.00337939,0.00384256,0.00410845,0.00446869,0.00470885,0.0049147,0.00500047,0.00499189,0.0049147,0.00474316,0.00453731,0.0043143,0.00409987,0.00395406,0.00381683,0.00359382,0.00337939,0.00326789,0.00313923,0.00302773,0.00290765,0.00279615,0.00260745,0.0024016,0.00226436,0.00205851,0.00188697,0.00174116,0.00156104,0.00137234,0.00121795,0.00114934,0.00114076,0.00114076,0.00121795,0.00136377,0.00156104,0.00176689,0.00194701,0.00220432,0.00256456,0.003002,0.0038254,0.00464881,0.00548079,0.00636424,0.00747069,0.00862002,0.010061,0.0119222,0.0143324,0.0176174,0.0214085,0.0262546,0.0322672,0.0399266,0.0495759,0.0595168,0.0724168,0.0878299,0.108647,0.138735,0.187959,0.218829,0.241249,0.260694,0.280644,0.299677,0.316445,0.330306,0.340349,0.34746,0.35174,0.354965,0.358293,0.360197,0.357504,0.349415
0.31605,0.297009,0.27422,0.248703,0.225665,0.204024,0.175025,0.142115,0.119462,0.104607,0.0920327,0.0813542,0.0727084,0.0649289,0.0585304,0.0527408,0.0463594,0.0408272,0.0354064,0.0306633,0.0262889,0.0221547,0.0185095,0.0154646,0.0128657,0.0109444,0.00951205,0.00836271,0.00746211,0.0066044,0.00578957,0.00526636,0.00454588,0.00388544,0.00318212,0.00283903,0.00247879,0.00217859,0.00195559,0.00176689,0.00153531,0.00124369,0.00104641,0.000943485,0.00078052,0.000703325,0.000574668,0.000506051,0.000394548,0.000334508,0.000248737,0.000205851,0.000162966,0.000154388,0.000128657,0.00012008,0.00012008,0.000111503,0.000111503,0.000111503,0.000111503,0.00012008,0.00012008,0.00012008,0.00012008,0.000128657,0.000137234,0.000154388,0.000162966,0.00018012,0.000205851,0.000205851,0.000214428,0.00024016,0.00024016,0.000248737,0.000274468,0.0003002,0.000308777,0.000334508,0.000368817,0.000377394,0.000454588,0.00048032,0.00054036,0.000574668,0.000643285,0.000746211,0.00084056,0.000994948,0.00114934,0.00150958,0.00180978,0.00204994,0.00233298,0.00265034,0.00296769,0.0033022,0.00378252,0.00407414,0.00434861,0.00460592,0.00482035,0.00505193,0.00528352,0.00544648,0.00556656,0.00563518,0.00563518,0.00560945,0.00548079,0.00528352,0.00505193,0.00479462,0.00452015,0.00427141,0.0040913,0.00392833,0.0037911,0.00357667,0.00336224,0.00321643,0.00307062,0.0029248,0.0028133,0.00257314,0.00235871,0.00216144,0.0019899,0.00184408,0.00165539,0.00149242,0.00132946,0.00119222,0.00114934,0.00114934,0.00130373,0.0014238,0.00160392,0.00180978,0.00198132,0.00226436,0.00261603,0.00304488,0.00385971,0.00464881,0.00548079,0.00636424,0.00747926,0.0087058,0.0102668,0.0123253,0.0151043,0.0185266,0.0228066,0.0280301,0.0341799,0.0422853,0.0519689,0.0617554,0.0753244,0.0913379,0.113132,0.146772,0.195619,0.223735,0.243273,0.260067,0.276681,0.292944,0.308168,0.320931,0.330451,0.337013,0.340847,0.343875,0.346208,0.346062,0.341036,0.331189
0.298433,0.278517,0.255659,0.232672,0.21267,0.190936,0.160255,0.135382,0.116392,0.102445,0.0902229,0.0799046,0.0711216,0.0633507,0.057038,0.0516601,0.045699,0.0405527,0.0356209,0.0313151,0.0269494,0.0230811,0.0196931,0.0166482,0.0140494,0.0119737,0.0104984,0.00925473,0.00827694,0.00741065,0.00657867,0.00577241,0.00524921,0.00451157,0.0038254,0.00309635,0.00274468,0.00235871,0.00208424,0.00186124,0.00162108,0.00132946,0.00104641,0.000943485,0.00078052,0.000694748,0.000574668,0.000497474,0.000377394,0.000308777,0.00024016,0.000197274,0.000154388,0.00012008,0.00012008,0.000111503,0.000111503,0.000111503,0.000111503,0.000111503,0.000111503,0.000111503,0.00012008,0.00012008,0.00012008,0.000137234,0.000154388,0.000162966,0.000197274,0.000205851,0.000214428,0.00024016,0.00024016,0.000274468,0.000291623,0.000308777,0.000325931,0.000343086,0.000368817,0.000394548,0.000454588,0.00048032,0.00054036,0.000557514,0.000626131,0.00072048,0.00078052,0.000943485,0.00107214,0.00140665,0.00176689,0.00208424,0.00247879,0.0029248,0.00342228,0.0040913,0.00460592,0.00504336,0.00535213,0.00557514,0.00577241,0.00596969,0.00616696,0.00631277,0.00649289,0.00656151,0.00665586,0.00667301,0.00657009,0.00637281,0.00610692,0.00573811,0.00549795,0.00524921,0.0049147,0.0046145,0.00439149,0.00419422,0.00404841,0.00386829,0.00374821,0.00343943,0.00325074,0.00307919,0.00291623,0.00275326,0.0025131,0.00229867,0.00208424,0.00190412,0.00175831,0.00156104,0.00140665,0.00130373,0.0012008,0.00121795,0.00132946,0.00146669,0.00163823,0.00184408,0.00199847,0.0022901,0.0026246,0.00306204,0.00386829,0.00468312,0.00548079,0.00638139,0.00757361,0.00889449,0.0106013,0.0128657,0.0160478,0.019796,0.0243505,0.0298399,0.0363242,0.044481,0.0542332,0.0638911,0.0777432,0.0944343,0.117087,0.154534,0.201383,0.22672,0.244774,0.259227,0.273053,0.287497,0.301058,0.312002,0.320588,0.326798,0.330563,0.33257,0.333608,0.331712,0.324971,0.313692
0.281768,0.261303,0.239722,0.218794,0.199127,0.176921,0.14998,0.129626,0.113578,0.100087,0.0880443,0.0782407,0.0693204,0.0617039,0.0556313,0.0502963,0.0449442,0.0404069,0.0358524,0.0319327,0.0280129,0.0243848,0.0210054,0.018235,0.0158248,0.0135776,0.0119136,0.0105241,0.00940054,0.0084056,0.007505,0.00669017,0.00578957,0.00518917,0.00443438,0.00374821,0.00303631,0.00261603,0.00228152,0.00198132,0.00173258,0.0014238,0.00110645,0.000952062,0.00078052,0.000703325,0.000574668,0.000497474,0.000377394,0.000308777,0.00024016,0.000171543,0.000137234,0.00012008,0.000111503,0.000111503,0.000111503,0.000111503,0.000111503,0.000111503,0.000111503,0.000111503,0.00012008,0.00012008,0.000128657,0.000154388,0.000162966,0.000205851,0.000205851,0.00024016,0.000248737,0.000274468,0.000308777,0.000317354,0.000343086,0.000368817,0.000377394,0.000454588,0.000463165,0.000497474,0.00054036,0.000574668,0.000634708,0.000711902,0.000771942,0.000857714,0.00100353,0.00121795,0.00162108,0.00198132,0.0024016,0.00298484,0.00384256,0.00457161,0.00526636,0.0057038,0.00623558,0.00679309,0.00705041,0.00740207,0.00767654,0.00789954,0.00803678,0.00807966,0.00809682,0.00807109,0.00797674,0.00786524,0.00763365,0.00733345,0.00693033,0.00648432,0.0059268,0.00555799,0.00526636,0.00494043,0.00464881,0.00444296,0.00425426,0.00408272,0.0039026,0.00377394,0.00347374,0.003225,0.00304488,0.00288192,0.00263318,0.00239302,0.00217859,0.0019899,0.00184408,0.00164681,0.00148384,0.00133803,0.00130373,0.0013123,0.00134661,0.00150958,0.00168112,0.00186124,0.00205851,0.00229867,0.00267607,0.00310492,0.00391118,0.00471743,0.00553225,0.0065272,0.00776231,0.00914323,0.0110645,0.0135948,0.0169913,0.0208939,0.0260488,0.0317869,0.0385199,0.0467711,0.0559916,0.0663956,0.0800933,0.0975821,0.120637,0.160272,0.205139,0.228606,0.245692,0.258669,0.27048,0.282428,0.29393,0.303528,0.310389,0.316428,0.319353,0.32033,0.31979,0.316702,0.308949,0.29785
0.263644,0.244294,0.224738,0.205731,0.186896,0.162271,0.142329,0.124274,0.110431,0.0973848,0.0857542,0.0762593,0.0672705,0.0599885,0.0545249,0.0492928,0.0444467,0.0403211,0.0362899,0.0327304,0.0292566,0.0259802,0.0227123,0.0199676,0.0176003,0.0154989,0.0136119,0.0120251,0.0108072,0.00967501,0.00858572,0.00765938,0.00674163,0.00575526,0.0051034,0.0043143,0.00354236,0.00293338,0.00250452,0.00212713,0.00186124,0.00156104,0.00114934,0.000994948,0.000806251,0.00072048,0.000574668,0.000497474,0.000377394,0.000308777,0.00024016,0.00018012,0.000137234,0.00012008,0.000111503,0.000111503,0.000111503,0.000111503,0.000111503,0.000111503,0.000111503,0.00012008,0.00012008,0.000137234,0.000154388,0.00018012,0.000205851,0.000223006,0.00024016,0.000274468,0.000308777,0.000334508,0.000368817,0.000377394,0.000454588,0.000471743,0.000506051,0.00054036,0.000557514,0.000626131,0.00066044,0.000737634,0.00078052,0.000857714,0.000977794,0.00110645,0.00144954,0.00183551,0.00218717,0.0028133,0.00365386,0.00464881,0.00553225,0.00629562,0.00707614,0.00787381,0.00837129,0.00883445,0.00918612,0.00956351,0.0098294,0.00997521,0.0101039,0.0101382,0.0100438,0.00984655,0.00956351,0.00918612,0.00879157,0.00831982,0.00784808,0.00716191,0.00656151,0.00594396,0.00554083,0.00525779,0.00494043,0.00469169,0.004503,0.00428857,0.00409987,0.00396264,0.00378252,0.00342228,0.0031907,0.00298484,0.0028133,0.00253883,0.00229867,0.00208424,0.00188697,0.00174116,0.00156104,0.0014238,0.00133803,0.00133803,0.00140665,0.00154388,0.00173258,0.00188697,0.00208424,0.00235871,0.00277899,0.00321643,0.00405699,0.00486324,0.00560945,0.00675879,0.00801105,0.00956351,0.0116306,0.0144096,0.0180635,0.0223434,0.0274726,0.0335967,0.0408358,0.0493957,0.0581873,0.0692089,0.0826322,0.100438,0.124386,0.165033,0.20749,0.230596,0.247202,0.259098,0.269648,0.279589,0.28899,0.29622,0.301615,0.305483,0.307285,0.307422,0.305981,0.301495,0.292832,0.280695
0.24528,0.227895,0.210715,0.193157,0.172838,0.151781,0.134996,0.119128,0.106519,0.094237,0.0831982,0.0740036,0.0652634,0.0586333,0.0535814,0.048641,0.0442752,0.0405184,0.0369675,0.0337853,0.0305518,0.0273868,0.0244963,0.021743,0.0194272,0.0174202,0.0155761,0.0138607,0.0124111,0.0110474,0.00983798,0.00866291,0.00764223,0.00663013,0.00568664,0.00501763,0.00419422,0.00335366,0.00285619,0.00235871,0.0019899,0.00173258,0.00136377,0.00104641,0.0009006,0.000754788,0.000626131,0.000531783,0.000403126,0.000325931,0.00024016,0.000205851,0.000154388,0.00012008,0.00012008,0.000111503,0.000111503,0.000111503,0.000111503,0.00012008,0.00012008,0.000128657,0.000154388,0.000162966,0.000205851,0.000214428,0.00024016,0.000274468,0.000308777,0.000334508,0.000368817,0.000403126,0.000463165,0.000506051,0.00054036,0.000574668,0.000643285,0.000677594,0.000746211,0.000771942,0.000814828,0.000943485,0.0010121,0.00111503,0.00134661,0.00168112,0.0019899,0.00247879,0.00315639,0.0043143,0.0054036,0.00649289,0.0076165,0.00862002,0.0096064,0.0104041,0.0110474,0.0115534,0.011948,0.0122138,0.012514,0.0127027,0.0128228,0.0127799,0.0125398,0.0120337,0.0115363,0.0109444,0.0102239,0.00955493,0.00872295,0.00801105,0.00719622,0.0065272,0.00586676,0.00553225,0.00524921,0.00495759,0.004726,0.00453731,0.00435719,0.00415134,0.00400552,0.00378252,0.00339655,0.00312208,0.00291623,0.00267607,0.0024016,0.00217859,0.00198132,0.00181835,0.00164681,0.00150958,0.0014238,0.00140665,0.00146669,0.00159535,0.00175831,0.0019127,0.00216144,0.00247022,0.00289907,0.00340512,0.00426284,0.00507767,0.00584103,0.00698179,0.00831125,0.0100438,0.0124025,0.0155504,0.0192643,0.0237673,0.0292995,0.0354665,0.0431173,0.0520718,0.060709,0.0721595,0.0856685,0.103715,0.128365,0.170342,0.209334,0.232235,0.249372,0.261431,0.270883,0.27874,0.286056,0.290636,0.292652,0.29423,0.294513,0.293364,0.290362,0.284521,0.275215,0.26174
0.227491,0.212224,0.195619,0.17843,0.157674,0.142157,0.127216,0.11441,0.102497,0.0911578,0.0807109,0.0717135,0.0636338,0.0577756,0.0531182,0.0486753,0.044584,0.0411703,0.0378766,0.0349261,0.0322072,0.0292566,0.0263318,0.0236643,0.0213142,0.0192471,0.0174888,0.0158763,0.0140665,0.0125741,0.0111074,0.00982082,0.00854283,0.00747069,0.00645001,0.00553225,0.00481177,0.00404841,0.00320785,0.00269322,0.00226436,0.00189555,0.00159535,0.00114934,0.000986371,0.000789097,0.00066044,0.000557514,0.000463165,0.000368817,0.000291623,0.000223006,0.000197274,0.000154388,0.000128657,0.00012008,0.00012008,0.00012008,0.00012008,0.000137234,0.000154388,0.000162966,0.000205851,0.000214428,0.00024016,0.000274468,0.000308777,0.000334508,0.000368817,0.000403126,0.000463165,0.000514628,0.000557514,0.000626131,0.000694748,0.000754788,0.00078052,0.000857714,0.000943485,0.0010121,0.00110645,0.0013123,0.00151815,0.00173258,0.00193843,0.00229867,0.00284761,0.00381683,0.00499189,0.00608977,0.00747926,0.00889449,0.0103698,0.0117507,0.0129515,0.0139722,0.014624,0.0152244,0.0155589,0.0158506,0.0159706,0.0160307,0.0160307,0.0159535,0.0154989,0.0147098,0.0139121,0.0129086,0.0118879,0.0108672,0.00983798,0.00879157,0.00790812,0.00703325,0.00636424,0.00578957,0.00548079,0.00525779,0.00503478,0.00481177,0.0046145,0.00443438,0.00422853,0.00402268,0.00377394,0.00335366,0.00306204,0.00285619,0.00256456,0.00229867,0.00208424,0.00188697,0.00174974,0.0016125,0.00150958,0.00147527,0.00152673,0.00164681,0.00180978,0.00198132,0.00226436,0.00260745,0.00304488,0.00381683,0.00459735,0.0054036,0.00628704,0.00747926,0.00886876,0.0107643,0.0133203,0.0168369,0.0207738,0.02568,0.0313066,0.0378166,0.0458191,0.0548594,0.064097,0.0763365,0.0900428,0.108312,0.132894,0.174828,0.210929,0.233461,0.250847,0.263387,0.272779,0.279126,0.283938,0.286451,0.28567,0.283689,0.281347,0.278199,0.273345,0.266071,0.255796,0.242664
0.210311,0.194778,0.177881,0.158471,0.144156,0.13165,0.119385,0.109419,0.0984827,0.0881129,0.0787381,0.0704269,0.0629476,0.0574154,0.0532726,0.04937,0.0454846,0.042311,0.0392404,0.0364185,0.0337167,0.0308777,0.0281845,0.02568,0.0231497,0.0210226,0.0192557,0.0176174,0.0159706,0.0140751,0.0124454,0.0109444,0.00954636,0.00827694,0.00714476,0.0061155,0.00536071,0.00463165,0.00386829,0.00306204,0.00256456,0.00212713,0.00183551,0.00147527,0.00109787,0.000934908,0.000763365,0.000634708,0.00054036,0.000454588,0.000343086,0.000291623,0.00024016,0.000205851,0.000197274,0.000162966,0.000162966,0.000162966,0.000162966,0.000197274,0.000205851,0.000214428,0.00024016,0.000274468,0.000308777,0.000334508,0.000368817,0.000403126,0.000463165,0.000514628,0.000557514,0.000634708,0.00072048,0.000771942,0.000849137,0.000952062,0.00102926,0.00113218,0.00132088,0.00152673,0.00173258,0.00189555,0.00208424,0.00235871,0.0028133,0.00335366,0.00446011,0.00553225,0.00689602,0.00842275,0.0102497,0.0122138,0.014238,0.0161851,0.0175831,0.018458,0.0190327,0.0193071,0.0194958,0.0195473,0.0195216,0.0193758,0.0191956,0.0189297,0.018398,0.0176346,0.0165024,0.0151644,0.0136377,0.0122138,0.0109444,0.00975221,0.00857714,0.00771085,0.00689602,0.00623558,0.00572953,0.00553225,0.00528352,0.00508624,0.00493185,0.00470885,0.00451157,0.00427141,0.00404841,0.00375679,0.0033022,0.00299342,0.00277042,0.00245306,0.00218717,0.0019899,0.00184408,0.00173258,0.0016125,0.00156104,0.00162108,0.00173258,0.00186982,0.00207567,0.00235871,0.0028133,0.0033022,0.00413418,0.00501763,0.00572953,0.00687029,0.00813113,0.00967501,0.0117335,0.0145983,0.0183808,0.0225922,0.027524,0.0334937,0.0407929,0.0494043,0.0582302,0.0687629,0.0809939,0.0953692,0.113458,0.138795,0.179099,0.210989,0.232252,0.249766,0.262726,0.271964,0.278054,0.28121,0.281116,0.278054,0.273722,0.268396,0.263001,0.256302,0.248454,0.237321,0.224224
0.193577,0.1759,0.156636,0.143375,0.132062,0.121521,0.11345,0.104504,0.0954464,0.0860973,0.0775888,0.0697321,0.0627246,0.057707,0.054036,0.0503907,0.0467025,0.0436834,0.0407929,0.0378166,0.0350548,0.0325159,0.0297455,0.0271724,0.0249938,0.0228581,0.0209368,0.0192643,0.0175917,0.0158162,0.0138006,0.0119994,0.0104813,0.00908319,0.0079167,0.00687029,0.00584103,0.00524921,0.00446869,0.00373963,0.00296769,0.00247879,0.00208424,0.00177547,0.00140665,0.00104641,0.000892022,0.000746211,0.000617554,0.000523205,0.000454588,0.000368817,0.000317354,0.000291623,0.00024016,0.00024016,0.00024016,0.00024016,0.00024016,0.00024016,0.000248737,0.000291623,0.000308777,0.000334508,0.000368817,0.000403126,0.000463165,0.000506051,0.000548937,0.000626131,0.000711902,0.000771942,0.000857714,0.000994948,0.00108072,0.00130373,0.001501,0.00173258,0.00187839,0.00208424,0.00234156,0.00266749,0.003002,0.00354236,0.0043143,0.00526636,0.00623558,0.00777089,0.00949489,0.0116735,0.0142037,0.0168712,0.0190927,0.0208939,0.0224121,0.0232869,0.0236557,0.0236815,0.02357,0.023407,0.0230811,0.0228066,0.0224035,0.0218202,0.021014,0.0200448,0.0186553,0.0172915,0.0154989,0.0136462,0.0119737,0.0105756,0.00928046,0.00823405,0.00741065,0.00679309,0.00619269,0.00579815,0.00557514,0.00539502,0.00524921,0.00504336,0.00481177,0.00458877,0.00430572,0.00402268,0.00365386,0.0031907,0.00290765,0.00261603,0.00234156,0.0021014,0.00193843,0.00181835,0.00173258,0.0016897,0.00173258,0.00180978,0.00194701,0.00217859,0.00255599,0.00299342,0.00378252,0.00455446,0.0054036,0.00629562,0.00747926,0.00886018,0.0106271,0.0129858,0.0163652,0.0201649,0.0247279,0.0298742,0.0360154,0.0437949,0.0530153,0.0622271,0.0739692,0.0864404,0.101691,0.119454,0.14582,0.182642,0.209265,0.228315,0.244466,0.257391,0.267281,0.273671,0.275849,0.274546,0.270643,0.264853,0.258395,0.250804,0.243128,0.233839,0.222174,0.208999
0.179159,0.157802,0.144002,0.132954,0.123528,0.116066,0.109256,0.101442,0.093405,0.0851195,0.0774344,0.0701353,0.0633851,0.0585819,0.054868,0.0518745,0.0485294,0.0451329,0.0422253,0.0392147,0.0363413,0.0337425,0.0312465,0.0288449,0.0265377,0.0246078,0.022738,0.0208768,0.0191013,0.0173172,0.0152502,0.0132688,0.0115019,0.00988086,0.00864576,0.00755646,0.00656151,0.00569522,0.00506909,0.00438292,0.00359382,0.00293338,0.00247879,0.00208424,0.0018012,0.00144954,0.00106357,0.000909177,0.000746211,0.000626131,0.00054036,0.000471743,0.000411703,0.000368817,0.000343086,0.000334508,0.000317354,0.000317354,0.000317354,0.000334508,0.000334508,0.00036024,0.000377394,0.000411703,0.000463165,0.000506051,0.00054036,0.0006004,0.00066044,0.000754788,0.000814828,0.000977794,0.00108072,0.00133803,0.00159535,0.00180978,0.0019899,0.00226436,0.00255599,0.00291623,0.00335366,0.00404841,0.00464881,0.00528352,0.00605546,0.00718764,0.00862002,0.010567,0.0130115,0.0161336,0.0190584,0.021906,0.0243677,0.0262804,0.0275412,0.0283903,0.0285276,0.0282788,0.0276956,0.0271724,0.0265977,0.0261174,0.0255256,0.0245907,0.0235271,0.0222148,0.0206537,0.018844,0.0169827,0.0148899,0.0129858,0.0113819,0.00991517,0.00879157,0.00793385,0.00719622,0.00669017,0.00623558,0.00589249,0.00566091,0.0055151,0.00530067,0.00512913,0.00490612,0.00462308,0.00427141,0.00394548,0.00344801,0.00307919,0.00283046,0.00253026,0.0022901,0.00208424,0.00192128,0.00184408,0.00180978,0.00184408,0.0019127,0.00208424,0.00234156,0.00279615,0.00326789,0.00410845,0.00501763,0.00573811,0.00691317,0.00815686,0.00981225,0.0118279,0.0145211,0.0181492,0.0221633,0.0268464,0.0325674,0.0391203,0.04714,0.0563346,0.0666015,0.0789097,0.092513,0.108475,0.127336,0.153745,0.186055,0.206761,0.222011,0.235683,0.247931,0.258078,0.264999,0.267933,0.267204,0.263567,0.258138,0.251259,0.243239,0.234482,0.224395,0.212516,0.197214
0.168987,0.14998,0.13732,0.127954,0.119951,0.114265,0.107995,0.10091,0.093405,0.0856342,0.0785752,0.0717049,0.0653235,0.0601686,0.0564204,0.0536071,0.0504679,0.0468054,0.0436147,0.0404412,0.0374649,0.0346688,0.0323444,0.0300114,0.0280129,0.0261517,0.0242733,0.0225493,0.0206452,0.0185952,0.0165968,0.0144439,0.0125741,0.010893,0.00946916,0.00829409,0.00728199,0.00638139,0.00563518,0.00506909,0.00440865,0.00368817,0.00299342,0.00256456,0.00216144,0.00186982,0.00152673,0.00113218,0.000943485,0.000771942,0.00066044,0.000574668,0.00054036,0.000497474,0.000463165,0.000454588,0.000446011,0.000411703,0.000411703,0.000446011,0.000454588,0.000454588,0.000471743,0.000506051,0.00054036,0.000574668,0.000643285,0.000737634,0.00078052,0.000917754,0.00102926,0.00123511,0.00156104,0.00181835,0.00201563,0.00229867,0.00266749,0.00305346,0.00365386,0.00430572,0.00499189,0.00554941,0.00623558,0.00711902,0.00827694,0.00977794,0.0117335,0.0144267,0.0178319,0.0210569,0.0244534,0.0273782,0.0299599,0.0319413,0.0331163,0.0335109,0.0334851,0.0330134,0.0321643,0.0311865,0.0300886,0.0292223,0.0281673,0.0269322,0.0258343,0.0241189,0.0222577,0.0202678,0.0182093,0.0160564,0.0138692,0.0119994,0.010567,0.0093405,0.00839702,0.00773658,0.00706756,0.00672448,0.0063042,0.00602115,0.00572953,0.00557514,0.0054036,0.00518917,0.0049147,0.00454588,0.00417707,0.00381683,0.0033022,0.00297627,0.0027018,0.00245306,0.00225579,0.00208424,0.00198132,0.00193843,0.00198132,0.00208424,0.0022901,0.00256456,0.00299342,0.00375679,0.00453731,0.00536929,0.00629562,0.007505,0.0089288,0.0107643,0.0131745,0.0164338,0.0201477,0.0244963,0.0296254,0.0354064,0.0426026,0.0509053,0.0596368,0.0707099,0.0832754,0.0978995,0.114282,0.135176,0.161173,0.188954,0.20417,0.215303,0.225176,0.236009,0.246636,0.254304,0.258987,0.259707,0.257503,0.252785,0.246215,0.238196,0.228752,0.21828,0.205766,0.190301
0.162828,0.146763,0.135442,0.127096,0.120492,0.115465,0.109787,0.102977,0.0957466,0.0881644,0.0813284,0.0751186,0.0684799,0.0630334,0.0587706,0.0554169,0.0523291,0.0489755,0.0450557,0.0418221,0.0384084,0.0356809,0.0333565,0.0312122,0.0292566,0.0273096,0.0257829,0.0238016,0.0219317,0.0199676,0.0179005,0.0158506,0.0136205,0.0118536,0.0103526,0.00910034,0.00811397,0.00718764,0.00645001,0.0057038,0.00524921,0.00454588,0.00389402,0.0031907,0.00279615,0.00229867,0.00194701,0.00162108,0.00118365,0.000994948,0.000806251,0.000746211,0.00066044,0.000608977,0.000557514,0.000548937,0.00054036,0.00054036,0.00054036,0.00054036,0.00054036,0.00054036,0.000557514,0.000574668,0.000643285,0.000711902,0.000763365,0.00084056,0.000977794,0.00109787,0.00140665,0.00173258,0.00198132,0.0022901,0.00261603,0.00303631,0.00373963,0.00439149,0.00504336,0.00560945,0.00639855,0.00728199,0.00827694,0.0094177,0.0109702,0.0130544,0.016125,0.0194615,0.0231583,0.0268379,0.0304317,0.0335538,0.0359039,0.0377308,0.0387772,0.0390774,0.0386915,0.0377909,0.0365386,0.0349947,0.0336738,0.0322758,0.0308091,0.029471,0.0276784,0.0259887,0.0236729,0.0214,0.0190584,0.0168198,0.0144439,0.0125912,0.0110216,0.00982082,0.00879157,0.00812255,0.007505,0.00703325,0.00675879,0.00637281,0.00608977,0.0058153,0.00560945,0.0054036,0.00513771,0.00481177,0.00443438,0.00402268,0.00354236,0.00312208,0.00289907,0.0026246,0.0024016,0.0022901,0.00216144,0.00210998,0.00216144,0.0022901,0.00248737,0.00286476,0.00331078,0.00409987,0.00494043,0.00569522,0.00687029,0.00813113,0.00981225,0.0119136,0.0147098,0.0183465,0.0223434,0.0269665,0.032576,0.0387772,0.0459134,0.054096,0.0624073,0.0739778,0.0868092,0.102197,0.118913,0.14172,0.167674,0.189984,0.200594,0.20827,0.215681,0.225021,0.235751,0.244886,0.250924,0.2533,0.252228,0.247896,0.241215,0.232629,0.223889,0.213888,0.20098,0.184743
0.160753,0.146386,0.136351,0.129206,0.123193,0.117884,0.112746,0.106614,0.0997092,0.092513,0.0853082,0.0788067,0.0725111,0.0666272,0.0617811,0.0577842,0.0545163,0.0509911,0.0468998,0.0432116,0.0398494,0.0367702,0.0343686,0.0322586,0.0301744,0.028519,0.0266063,0.0249681,0.0229181,0.0208939,0.0189297,0.0168369,0.0146669,0.0128657,0.0113561,0.010061,0.009006,0.00813113,0.00734203,0.00663013,0.00591823,0.0054036,0.00487181,0.00423711,0.00353378,0.0029248,0.00246164,0.00204994,0.00173258,0.00132946,0.00104641,0.000917754,0.000789097,0.000754788,0.00072048,0.000686171,0.00066044,0.000651863,0.000643285,0.000643285,0.000643285,0.000643285,0.00066044,0.000703325,0.000746211,0.00078052,0.000917754,0.00102068,0.00114934,0.00150958,0.00183551,0.00208424,0.00247879,0.00290765,0.0034137,0.00418564,0.00493185,0.00554941,0.00628704,0.00717049,0.00815686,0.00928904,0.0106271,0.0122567,0.0144868,0.0175917,0.0209368,0.0251567,0.0294796,0.0336481,0.0374735,0.0406642,0.0429028,0.0442752,0.0448842,0.0449185,0.0442923,0.0431687,0.0416077,0.0395406,0.0374907,0.0355008,0.0338969,0.0321042,0.0299599,0.0276012,0.0251482,0.0224635,0.0198904,0.0173944,0.0149156,0.0129086,0.0113561,0.010061,0.0091175,0.00841417,0.00789954,0.00739349,0.00698179,0.0067159,0.00637281,0.00609835,0.00578957,0.00556656,0.00530067,0.00499189,0.00457161,0.00417707,0.00381683,0.00331935,0.00303631,0.00284761,0.00261603,0.00247879,0.00236729,0.00234156,0.00236729,0.00253026,0.0028133,0.00310492,0.0038254,0.00452015,0.00528352,0.0061155,0.00737634,0.00875726,0.0106785,0.0132688,0.0165968,0.0203879,0.0248737,0.0298656,0.0356981,0.0424225,0.0496445,0.056592,0.0650319,0.0764309,0.0890135,0.104538,0.122138,0.145297,0.171388,0.189958,0.197857,0.203072,0.209394,0.217885,0.228152,0.238127,0.245092,0.248257,0.247382,0.24227,0.234696,0.226299,0.217885,0.208802,0.196579,0.18096
0.159054,0.146506,0.137749,0.131565,0.126101,0.12086,0.116032,0.110516,0.103981,0.0970503,0.0900342,0.0829924,0.0767654,0.0707014,0.0651348,0.0606232,0.0567292,0.0532898,0.0494129,0.0450643,0.0415562,0.0382626,0.0356037,0.033408,0.0313323,0.0294367,0.0274726,0.0258686,0.0237673,0.0217945,0.0198303,0.0178233,0.0159192,0.0139722,0.0124454,0.0112017,0.0100696,0.00913465,0.00830267,0.00762508,0.00693033,0.00628704,0.00566091,0.00524921,0.00458877,0.00388544,0.00307919,0.00256456,0.00209282,0.00179262,0.00143238,0.00110645,0.000994948,0.000917754,0.00084056,0.000806251,0.00078052,0.00078052,0.000771942,0.000771942,0.000763365,0.000763365,0.000771942,0.00078052,0.000849137,0.000952062,0.00104641,0.00128657,0.00158677,0.00187839,0.00217859,0.00261603,0.00309635,0.00386829,0.00456304,0.00528352,0.00593538,0.00689602,0.00789954,0.00898884,0.0103011,0.0118708,0.0137234,0.0161164,0.018844,0.0225236,0.0267607,0.0318726,0.0366673,0.041642,0.0454674,0.048478,0.050365,0.0513084,0.0515743,0.0512141,0.050262,0.0486667,0.0464795,0.0443095,0.0420537,0.0396006,0.0374221,0.0350977,0.0327561,0.0298141,0.0266835,0.0236729,0.0206623,0.0179176,0.0153273,0.0131488,0.0115191,0.0102668,0.0093405,0.00862002,0.00807966,0.00762508,0.00719622,0.00689602,0.00659582,0.00629562,0.00595253,0.00566091,0.0054036,0.00506909,0.00469169,0.00427141,0.00389402,0.0034909,0.00317354,0.00299342,0.00286476,0.00274468,0.0026246,0.00261603,0.00266749,0.00284761,0.00306204,0.00357667,0.00423711,0.00496616,0.00560945,0.00668159,0.00795101,0.00956351,0.0117678,0.0148384,0.0185352,0.0227637,0.0276012,0.0332879,0.0393691,0.0459735,0.0530239,0.0595253,0.0679738,0.0782921,0.0904888,0.10567,0.123262,0.145991,0.170668,0.188182,0.195053,0.198955,0.205182,0.214171,0.224472,0.233839,0.240735,0.242947,0.240958,0.235056,0.22726,0.219309,0.211967,0.203089,0.192411,0.177392
0.157639,0.14642,0.138366,0.132422,0.128048,0.123494,0.118673,0.113913,0.108252,0.101313,0.094237,0.0872552,0.0806165,0.0747926,0.0691317,0.0638225,0.059654,0.0556227,0.0519603,0.0473715,0.0435547,0.040201,0.0371219,0.0345316,0.0323701,0.0302087,0.0283989,0.0264004,0.0244963,0.0225407,0.0205508,0.0185609,0.0168712,0.0151987,0.0137063,0.0124454,0.0113819,0.0103526,0.00945201,0.00866291,0.00801962,0.00735061,0.00679309,0.00606404,0.00548079,0.00485466,0.0040913,0.00321643,0.00266749,0.00216144,0.00185266,0.00154388,0.00125226,0.00108072,0.00102926,0.000994948,0.000969217,0.000943485,0.000943485,0.000934908,0.000917754,0.000917754,0.000917754,0.000952062,0.00100353,0.00110645,0.00133803,0.00162108,0.00188697,0.00223863,0.00269322,0.00321643,0.00407414,0.00482035,0.00553225,0.0063042,0.00733345,0.00839702,0.00970074,0.011176,0.0129343,0.0151644,0.0175831,0.0202678,0.0237415,0.0285361,0.033974,0.0399952,0.0455618,0.0505708,0.0541046,0.0559229,0.0570637,0.0575783,0.0572267,0.0564719,0.0554255,0.0541389,0.0521576,0.0499018,0.0470113,0.0443781,0.0419079,0.0390517,0.0358782,0.0325931,0.0289736,0.0252768,0.0216144,0.0184151,0.0156962,0.0133203,0.0116134,0.0103955,0.0094177,0.00869722,0.00814828,0.00776231,0.00733345,0.00696464,0.0067159,0.00636424,0.00603831,0.00569522,0.00542933,0.00508624,0.00471743,0.0043143,0.00400552,0.00366244,0.00333651,0.00313923,0.00302773,0.00293338,0.00289907,0.00289907,0.00296769,0.00312208,0.00353378,0.0040913,0.00473458,0.00536929,0.00609835,0.00717049,0.00855998,0.010447,0.0130458,0.0167769,0.0207824,0.0256028,0.0307748,0.0367102,0.0434604,0.0502363,0.056206,0.062596,0.0706327,0.0799389,0.0915095,0.105756,0.122473,0.143899,0.165367,0.182873,0.19073,0.195044,0.20128,0.210526,0.220287,0.229027,0.234799,0.235683,0.2316,0.224995,0.217679,0.211238,0.204556,0.196837,0.187573,0.173335
0.156593,0.146506,0.138864,0.132886,0.128734,0.12496,0.120603,0.116435,0.111288,0.104761,0.0978652,0.0910892,0.0841675,0.0783693,0.072777,0.0677079,0.0626646,0.0584532,0.0545763,0.0503135,0.0459134,0.042311,0.0387772,0.0357752,0.0333822,0.0311607,0.0291108,0.0269665,0.0251825,0.0231583,0.0213142,0.0195559,0.0179691,0.0165024,0.015173,0.0139207,0.0128228,0.0117593,0.0108072,0.00986371,0.00910892,0.00841417,0.0078395,0.00709329,0.00642428,0.00564376,0.00504336,0.00423711,0.00331935,0.00276184,0.00226436,0.00190412,0.00168112,0.00147527,0.00132946,0.00119222,0.00114934,0.00112361,0.00109787,0.00106357,0.00104641,0.00104641,0.00104641,0.00110645,0.0012008,0.00143238,0.00168112,0.00190412,0.00223863,0.00269322,0.00321643,0.00409987,0.00494043,0.00560945,0.00653578,0.00759077,0.00872295,0.0101725,0.0119222,0.0139722,0.0163995,0.018844,0.0215629,0.0250452,0.0295654,0.035415,0.0425683,0.0494901,0.0548937,0.0589421,0.0620299,0.0635652,0.06438,0.0642256,0.0634537,0.0622786,0.0607176,0.0591565,0.0572953,0.0553054,0.0531182,0.0503221,0.0469856,0.0437949,0.0401839,0.0358267,0.0315724,0.0270609,0.022901,0.0192299,0.0161336,0.0135433,0.0117164,0.0104298,0.00942628,0.00869722,0.00813113,0.00773658,0.00729057,0.00693891,0.00663871,0.00629562,0.00593538,0.00563518,0.00536071,0.00504336,0.00464881,0.00429715,0.0040141,0.00377394,0.00347374,0.00331935,0.0031907,0.00313923,0.00312208,0.00316496,0.00331935,0.00368817,0.0040913,0.00464881,0.00526636,0.00577241,0.0067159,0.00788239,0.0093405,0.0115191,0.014624,0.0186982,0.0233727,0.0285104,0.0341799,0.0409215,0.047646,0.0543533,0.0598942,0.0662412,0.0739692,0.0823148,0.0930877,0.106374,0.121332,0.140828,0.158694,0.174811,0.183774,0.189649,0.195936,0.205036,0.214566,0.221753,0.225656,0.224687,0.219309,0.212541,0.20532,0.199727,0.195173,0.189984,0.181458,0.169476
0.155581,0.146738,0.13949,0.133846,0.129712,0.126376,0.122696,0.118347,0.113561,0.107317,0.100224,0.093405,0.0871952,0.0815,0.0764823,0.0711902,0.0660869,0.0614209,0.0571066,0.0531354,0.0488125,0.0444467,0.0408014,0.0373449,0.0344201,0.0320528,0.0297712,0.0277042,0.0259973,0.0239903,0.0222405,0.0205937,0.0191013,0.0179176,0.0168112,0.0157047,0.0144868,0.0133975,0.0124111,0.0114162,0.0104984,0.00976078,0.00896311,0.00823405,0.00749642,0.00675879,0.00582388,0.00519775,0.00435719,0.0034137,0.00283046,0.00233298,0.00201563,0.00184408,0.00173258,0.00162108,0.00154388,0.00149242,0.00144954,0.00140665,0.00134661,0.00133803,0.00137234,0.00146669,0.00159535,0.00176689,0.00193843,0.00223863,0.0026246,0.00313923,0.00404841,0.00488897,0.00560945,0.00656151,0.00770227,0.00893738,0.0105241,0.0125312,0.0148642,0.0176689,0.0202849,0.0231154,0.0263575,0.0305003,0.0363242,0.0439407,0.0521747,0.0586076,0.0643457,0.0693719,0.0722538,0.0736948,0.0737548,0.0727599,0.0713018,0.0695692,0.0677165,0.065658,0.063548,0.0614466,0.058985,0.0561888,0.0532469,0.0494644,0.0447555,0.0400038,0.0346688,0.0296597,0.0248222,0.0203707,0.0167168,0.0138521,0.011845,0.0104298,0.00940054,0.00862002,0.00805393,0.00754788,0.00711045,0.0068274,0.00647574,0.00610692,0.00573811,0.00553225,0.00525779,0.00488897,0.00451157,0.00419422,0.00394548,0.00377394,0.00356809,0.0034137,0.00336224,0.00335366,0.0034137,0.0036024,0.00386829,0.00419422,0.00464881,0.00523205,0.00566091,0.00637281,0.00733345,0.00855998,0.0103097,0.0128743,0.0165367,0.020851,0.0260917,0.0316153,0.0377994,0.0448155,0.0520804,0.0579643,0.0638825,0.0709415,0.0782321,0.0861488,0.0965357,0.109101,0.122876,0.139704,0.154732,0.167014,0.175737,0.181312,0.188165,0.19597,0.205011,0.211324,0.213133,0.210389,0.203861,0.195799,0.189984,0.186733,0.184563,0.18169,0.175746,0.16577
0.155366,0.147287,0.141111,0.135965,0.132028,0.128777,0.125063,0.120131,0.115345,0.109178,0.102119,0.0954292,0.0894338,0.0841417,0.0793385,0.074664,0.0696121,0.0644829,0.0599027,0.0556313,0.0514714,0.0467711,0.0428342,0.0390346,0.0357066,0.0331678,0.0307748,0.0288449,0.0267178,0.0251139,0.0234156,0.0218717,0.0205508,0.0194444,0.0184408,0.0175574,0.016511,0.0154903,0.0142724,0.0132002,0.0121281,0.0112532,0.0103355,0.00950347,0.0086286,0.00784808,0.00693033,0.00599542,0.00528352,0.00443438,0.0035252,0.00289907,0.00247879,0.00217859,0.00201563,0.00193843,0.00187839,0.00183551,0.00177547,0.00174116,0.00173258,0.00169827,0.00173258,0.00178404,0.00187839,0.00201563,0.00228152,0.00261603,0.00306204,0.00388544,0.00474316,0.00553225,0.00649289,0.0076165,0.0089288,0.0106271,0.0128743,0.0157905,0.0185952,0.0217173,0.0250109,0.0283474,0.0322329,0.0374992,0.0448584,0.0537701,0.061601,0.0700152,0.0767911,0.0814828,0.0839959,0.0847679,0.0837986,0.0821175,0.0799904,0.0780348,0.0761478,0.0743038,0.0720051,0.0695692,0.0662241,0.0626303,0.0588563,0.0548251,0.0500905,0.044258,0.0382197,0.0324645,0.0267521,0.0217859,0.0177204,0.0143152,0.0119908,0.010447,0.00928046,0.00841417,0.00783093,0.00728199,0.00688744,0.00651005,0.0061155,0.00577241,0.00553225,0.00528352,0.00496616,0.00460592,0.00427141,0.0040141,0.0038254,0.00366244,0.00356809,0.00353378,0.00355094,0.00365386,0.00384256,0.00404841,0.00430572,0.00471743,0.00524921,0.00563518,0.00628704,0.00703325,0.00811397,0.00946916,0.0115191,0.0144267,0.0184408,0.0231926,0.0287677,0.0346431,0.0415134,0.0488125,0.0554169,0.0616868,0.0685313,0.0759248,0.083061,0.0917325,0.101673,0.113639,0.127628,0.142758,0.155083,0.163575,0.169038,0.172778,0.177693,0.184443,0.191528,0.196245,0.196279,0.191699,0.183414,0.174639,0.169519,0.169596,0.171774,0.172915,0.170359,0.163206
0.156636,0.150229,0.144293,0.139816,0.136033,0.132165,0.127928,0.122447,0.116778,0.110637,0.103861,0.0974534,0.0918869,0.0865862,0.0819974,0.0775888,0.0727084,0.0678623,0.0626303,0.058093,0.0539845,0.0494987,0.0449185,0.041033,0.037362,0.0344544,0.0321385,0.0299342,0.0280472,0.0263575,0.024848,0.0233984,0.022129,0.0210569,0.0202678,0.0194101,0.0184752,0.0176003,0.0165024,0.0153617,0.0141609,0.0130458,0.0119651,0.0109959,0.00994948,0.009006,0.00807966,0.00704183,0.00608977,0.00530067,0.00448584,0.00365386,0.00299342,0.00266749,0.00244448,0.00229867,0.00218717,0.00209282,0.00205851,0.0019899,0.00197274,0.00194701,0.00198132,0.00204994,0.00216144,0.00235871,0.00266749,0.00306204,0.0038254,0.00460592,0.0054036,0.00629562,0.00746211,0.00872295,0.0104727,0.0128571,0.0160478,0.0194272,0.0229953,0.0266492,0.0304488,0.0345058,0.0396006,0.0462651,0.0548079,0.0635051,0.0741065,0.0831639,0.0913379,0.0967072,0.0987829,0.0985856,0.0968102,0.0938082,0.0907375,0.0876584,0.0854798,0.0834727,0.0814828,0.0786095,0.0752129,0.0704955,0.065212,0.0600142,0.0547908,0.048761,0.0420537,0.0352006,0.029188,0.0234585,0.0187153,0.0150271,0.0123682,0.0104984,0.00914323,0.00815686,0.00749642,0.00693891,0.00649289,0.00606404,0.00569522,0.00547221,0.0052149,0.00488897,0.00454588,0.00423711,0.00395406,0.00377394,0.00354236,0.00347374,0.00347374,0.00355094,0.00374821,0.00386829,0.00408272,0.00440007,0.00476031,0.00524921,0.0056266,0.00623558,0.00695606,0.00788239,0.00898884,0.0105928,0.0129,0.0163223,0.0204222,0.0256285,0.0312551,0.0374992,0.044421,0.0519946,0.0583074,0.0650319,0.0727084,0.0803421,0.0885761,0.0978995,0.108801,0.120183,0.135407,0.149337,0.160332,0.166671,0.168223,0.168112,0.169218,0.17162,0.174802,0.176869,0.174313,0.165685,0.157073,0.152527,0.15209,0.155401,0.160761,0.165324,0.166165,0.16258
0.160538,0.155504,0.150829,0.146206,0.141977,0.136728,0.131711,0.125484,0.118708,0.112523,0.105979,0.099632,0.0941255,0.0893824,0.0849566,0.0808224,0.0764823,0.0713275,0.0659067,0.0607862,0.0562317,0.0520804,0.0473201,0.0431687,0.0393691,0.036247,0.033751,0.0315553,0.0295997,0.0277985,0.0263147,0.025071,0.0238187,0.0228924,0.0221033,0.0213742,0.0205508,0.0196931,0.0185524,0.0176089,0.0164338,0.0152502,0.0139979,0.01284,0.0116306,0.0104727,0.00931477,0.00818259,0.00711902,0.0061155,0.00530067,0.00453731,0.00385971,0.0031907,0.00291623,0.00277042,0.00261603,0.00249595,0.00238444,0.00231583,0.0022901,0.00228152,0.00229867,0.00235871,0.00255599,0.00283903,0.00315639,0.00386829,0.00457161,0.00530067,0.00613265,0.00728199,0.00852568,0.0101039,0.0124369,0.0157905,0.019573,0.0237072,0.028133,0.0326017,0.0371905,0.0423882,0.0488811,0.056206,0.065212,0.0766625,0.0880186,0.0997435,0.109916,0.116032,0.117961,0.116572,0.113347,0.109136,0.104435,0.100584,0.0977279,0.0953778,0.0929076,0.0890736,0.0842532,0.0787467,0.0726055,0.0658467,0.0591908,0.0530067,0.045536,0.038194,0.0313409,0.0251396,0.0199676,0.0159535,0.0127456,0.0105756,0.00905746,0.00800247,0.00711045,0.00653578,0.00599542,0.00560945,0.00530067,0.00504336,0.00469169,0.00439149,0.00407414,0.00381683,0.00347374,0.00331935,0.003225,0.00326789,0.00335366,0.00350805,0.0037911,0.00403126,0.00430572,0.00470885,0.00514628,0.00557514,0.00614123,0.00689602,0.00773658,0.00867149,0.00997521,0.0118879,0.0144696,0.0181321,0.0224292,0.027524,0.033408,0.0398751,0.0466082,0.054096,0.0603573,0.0680767,0.0762936,0.0847078,0.0942971,0.104727,0.116066,0.130218,0.145528,0.1595,0.171208,0.175677,0.174691,0.171174,0.166748,0.16336,0.160521,0.156687,0.15167,0.145545,0.141283,0.139584,0.141703,0.146738,0.153548,0.159878,0.163703,0.163875
0.167812,0.165041,0.160753,0.154869,0.148376,0.142543,0.136471,0.130072,0.122284,0.115543,0.108955,0.102402,0.0970846,0.0928733,0.088679,0.0847764,0.080445,0.075719,0.0700838,0.0641484,0.0592852,0.0548422,0.050485,0.0458705,0.0421223,0.0387172,0.0358782,0.0335195,0.0314609,0.0296254,0.0280472,0.0266577,0.0258686,0.0249166,0.0241189,0.0233984,0.0225665,0.021623,0.0207052,0.0197103,0.0185524,0.0174716,0.0162623,0.0148642,0.0135176,0.0121023,0.0108158,0.00954636,0.00829409,0.00711902,0.00609835,0.00530067,0.00464023,0.00404841,0.00354236,0.00321643,0.00306204,0.0029248,0.00283903,0.00271895,0.00264176,0.00261603,0.00268464,0.00283046,0.00299342,0.00336224,0.00404841,0.00470885,0.00536929,0.0061155,0.00716191,0.00837986,0.00985513,0.0119308,0.0149585,0.0190069,0.0236043,0.0287677,0.0339054,0.0392747,0.0448756,0.0514371,0.0580844,0.067099,0.0785237,0.0916381,0.106219,0.120852,0.136437,0.146472,0.149011,0.145151,0.138221,0.130647,0.123476,0.117996,0.114265,0.111194,0.108115,0.103029,0.0965957,0.0886361,0.0807023,0.0726312,0.0639426,0.0565405,0.0491727,0.041033,0.0333908,0.0265977,0.0209883,0.0165968,0.0130544,0.0106614,0.00895453,0.00777089,0.00684456,0.00608977,0.00558372,0.00524921,0.00482035,0.00446869,0.0040913,0.0038254,0.0034137,0.0031907,0.00306204,0.00299342,0.003002,0.00307062,0.00321643,0.0034137,0.0038254,0.00409987,0.00452015,0.00500905,0.00546364,0.00596111,0.00680167,0.00754788,0.00841417,0.00965786,0.0112189,0.0133203,0.0163823,0.0199676,0.0243848,0.0295311,0.0350977,0.0417449,0.0485123,0.0552368,0.0620728,0.070324,0.0789954,0.0885504,0.0994519,0.111288,0.123897,0.140116,0.155649,0.171723,0.181244,0.184417,0.182659,0.178199,0.170899,0.162177,0.154611,0.146309,0.138967,0.13316,0.13033,0.130853,0.134181,0.140322,0.147741,0.155581,0.162751,0.167546
0.178001,0.178044,0.17379,0.164552,0.155598,0.149251,0.143513,0.136745,0.129155,0.120414,0.113527,0.106785,0.10133,0.0972047,0.0934908,0.0896911,0.0852396,0.0801276,0.0746554,0.0685828,0.0629734,0.0581015,0.0540617,0.0496359,0.0452273,0.0419422,0.0387772,0.0360326,0.0337425,0.0317869,0.0300972,0.0289564,0.0277299,0.026795,0.0262117,0.025517,0.0245649,0.0236129,0.0226951,0.0216144,0.0206023,0.0195301,0.0183036,0.0170428,0.0156361,0.0140065,0.0124883,0.0109444,0.00952062,0.00815686,0.00703325,0.00608119,0.00536929,0.0048032,0.00429715,0.00399695,0.00374821,0.00340512,0.00321643,0.00308777,0.00303631,0.00303631,0.00307919,0.00328504,0.00378252,0.00427141,0.00493185,0.00553225,0.00626131,0.00726484,0.00838844,0.0098294,0.0116821,0.0142895,0.0182007,0.0228066,0.0283646,0.0341542,0.0405098,0.0467883,0.0535642,0.0599199,0.0688401,0.0801276,0.0939111,0.111031,0.132268,0.157708,0.183191,0.193818,0.196193,0.19326,0.184469,0.171809,0.159603,0.150795,0.143676,0.13696,0.130312,0.121778,0.112832,0.102042,0.0908319,0.0801962,0.0702382,0.0604345,0.0524063,0.043529,0.0349947,0.0280129,0.0220175,0.0173172,0.0133718,0.0107729,0.00886018,0.00753073,0.00651005,0.00569522,0.00525779,0.00473458,0.00427141,0.00386829,0.0034137,0.00312208,0.00295054,0.00284761,0.00277899,0.00277042,0.00282188,0.00290765,0.00306204,0.00331935,0.00381683,0.00421995,0.00470885,0.00526636,0.00572095,0.00649289,0.00727341,0.00814828,0.00920327,0.0106271,0.0125569,0.0151043,0.018235,0.0219317,0.0263318,0.0314095,0.0369417,0.0431859,0.0500562,0.0564719,0.0635051,0.0721166,0.0814571,0.0921442,0.10374,0.116203,0.13129,0.147432,0.163678,0.178705,0.186381,0.189212,0.18838,0.184048,0.176106,0.164244,0.153008,0.141883,0.132139,0.125724,0.123382,0.124857,0.1293,0.136085,0.144851,0.154792,0.164878,0.174013
0.187522,0.188234,0.184314,0.176123,0.165762,0.158454,0.153008,0.146823,0.139524,0.130896,0.121135,0.114007,0.108183,0.103483,0.0997864,0.0961068,0.0916381,0.0856513,0.0796559,0.0736605,0.0677765,0.0622014,0.0576469,0.0537358,0.0495844,0.0455703,0.0423882,0.0393262,0.0365472,0.0344201,0.0327475,0.0313923,0.0301572,0.0292566,0.0283131,0.0272667,0.026409,0.0255856,0.0244277,0.023407,0.0223606,0.021297,0.0201649,0.0188697,0.0175488,0.0160049,0.0141694,0.0124454,0.0108072,0.00928046,0.00807109,0.00695606,0.00606404,0.00547221,0.00503478,0.00464023,0.00430572,0.00407414,0.00386829,0.00374821,0.00357667,0.00359382,0.00380825,0.00407414,0.00453731,0.00514628,0.00569522,0.0065272,0.00747926,0.00855998,0.00988086,0.0117078,0.0140322,0.017403,0.0216144,0.0270008,0.0334165,0.0403554,0.0474916,0.0546535,0.0610864,0.0701267,0.0810197,0.0951719,0.11393,0.141609,0.180523,0.205783,0.219103,0.225982,0.228409,0.227277,0.222834,0.217053,0.211692,0.205508,0.198363,0.190395,0.177958,0.158102,0.138461,0.118759,0.103252,0.0889707,0.0767139,0.0648174,0.0552539,0.0458362,0.0366758,0.0292137,0.0227809,0.0177804,0.0137063,0.0108501,0.00880872,0.00739349,0.00623558,0.00547221,0.00485466,0.00426284,0.00380825,0.00323358,0.00296769,0.00278757,0.00257314,0.00247879,0.00244448,0.00247879,0.00256456,0.00275326,0.00293338,0.00321643,0.00380825,0.00427999,0.00488897,0.00547221,0.00608977,0.00693891,0.00789954,0.00886876,0.0101811,0.0119222,0.0141866,0.0170685,0.0202849,0.024076,0.0284933,0.0334165,0.038863,0.044867,0.0517459,0.0580844,0.0655551,0.0745782,0.0837386,0.0949403,0.107291,0.119823,0.136068,0.152441,0.167752,0.1797,0.186193,0.189092,0.189426,0.186416,0.179168,0.166345,0.152785,0.139704,0.129095,0.122327,0.120329,0.122138,0.126899,0.134627,0.144928,0.156739,0.171122,0.181698
0.195336,0.196245,0.193097,0.18681,0.179442,0.173121,0.168078,0.162365,0.155306,0.1463,0.135965,0.125689,0.11785,0.113072,0.109067,0.104392,0.0989716,0.0927532,0.0855655,0.0792442,0.0730343,0.0672962,0.0620985,0.057707,0.0540789,0.0501505,0.0462222,0.043083,0.040201,0.0375507,0.0356209,0.0341113,0.0329019,0.031581,0.0302945,0.0292909,0.0281673,0.0269579,0.0260316,0.024908,0.0237673,0.0227809,0.0216401,0.0204565,0.0190927,0.0176346,0.0159363,0.0139207,0.0119994,0.0104298,0.00898884,0.00789954,0.00691317,0.0061155,0.00557514,0.00526636,0.00493185,0.00464023,0.00443438,0.00423711,0.00415134,0.00423711,0.00446869,0.00482893,0.00530067,0.00588392,0.00681883,0.00776231,0.00880872,0.0101811,0.0119565,0.014238,0.0172829,0.0207824,0.0258172,0.031804,0.0387687,0.0464109,0.0544048,0.061155,0.0701353,0.0807109,0.0948889,0.114273,0.14612,0.194083,0.221427,0.239071,0.249723,0.254681,0.256482,0.256414,0.256062,0.254681,0.252562,0.248754,0.243453,0.236583,0.226574,0.21237,0.189555,0.14956,0.119342,0.0997607,0.0834127,0.0702382,0.0581787,0.0480062,0.0380911,0.0299857,0.0233727,0.0180463,0.0138435,0.010893,0.00879157,0.00728199,0.00606404,0.00528352,0.00453731,0.00389402,0.0033022,0.00293338,0.00267607,0.00245306,0.00229867,0.0022129,0.00218717,0.00227294,0.00235871,0.00256456,0.00284761,0.00314781,0.00378252,0.00440007,0.00505193,0.00563518,0.00651005,0.00746211,0.00845706,0.00982082,0.0114162,0.013449,0.0162194,0.019067,0.0224635,0.0263575,0.0306633,0.0356466,0.0414104,0.0472429,0.0540188,0.0603487,0.0683512,0.0772629,0.0867406,0.0979938,0.110336,0.123065,0.139027,0.154028,0.166928,0.176629,0.181913,0.18488,0.185678,0.184014,0.178104,0.165942,0.152279,0.139061,0.128151,0.121761,0.119883,0.12195,0.127551,0.136299,0.148153,0.162743,0.179657,0.190189
0.204059,0.205268,0.20236,0.197703,0.193423,0.190464,0.18904,0.186381,0.181321,0.172298,0.157939,0.145597,0.135716,0.127791,0.121255,0.11562,0.108827,0.10061,0.0927618,0.085231,0.0788239,0.0727513,0.0671847,0.06221,0.0580243,0.0544134,0.0506051,0.0467626,0.0437263,0.0410931,0.038803,0.0370275,0.0353378,0.0339226,0.0324559,0.0310407,0.0296597,0.0284332,0.0270094,0.0260659,0.0249766,0.023853,0.0228238,0.0216659,0.0203964,0.0189383,0.0173087,0.0153531,0.0133203,0.0115191,0.00988086,0.00868006,0.00774516,0.00689602,0.00620985,0.0057038,0.00542075,0.00518059,0.00494043,0.00481177,0.00476031,0.00488039,0.00514628,0.00553225,0.00608977,0.00692175,0.00790812,0.00901457,0.0104555,0.0122138,0.0145297,0.0174202,0.0205851,0.0247107,0.0300543,0.0366501,0.044421,0.0527494,0.0600142,0.0687629,0.0790984,0.0925387,0.111777,0.143899,0.198089,0.232209,0.256911,0.273928,0.282737,0.285636,0.285301,0.285765,0.288535,0.291846,0.294264,0.29423,0.291846,0.286434,0.275215,0.257537,0.233641,0.202395,0.150134,0.11393,0.0920756,0.0757018,0.061215,0.050202,0.0391889,0.0304746,0.0235614,0.0181578,0.0138435,0.0108844,0.00877441,0.00726484,0.00596111,0.00518917,0.00439149,0.0037139,0.00308777,0.0028133,0.0025131,0.00229867,0.00216144,0.00208424,0.00207567,0.00209282,0.00226436,0.00247022,0.00279615,0.00309635,0.00381683,0.00451157,0.00525779,0.00591823,0.00693891,0.00807109,0.00928904,0.0109015,0.0128657,0.0154131,0.0182093,0.0212456,0.0248394,0.0288449,0.0333565,0.0384427,0.0443095,0.0507509,0.0567292,0.0634622,0.071722,0.0803249,0.0900428,0.100979,0.112678,0.125329,0.14021,0.153291,0.163043,0.170514,0.174682,0.177221,0.178396,0.178079,0.173867,0.163557,0.152279,0.14015,0.129463,0.123039,0.121006,0.123605,0.130673,0.141428,0.155392,0.174768,0.190147,0.198775
0.214634,0.215646,0.21442,0.211298,0.208313,0.206812,0.20634,0.205294,0.202686,0.197712,0.190327,0.179605,0.164956,0.152956,0.142655,0.131728,0.119711,0.110105,0.10031,0.0922042,0.084785,0.0784637,0.072494,0.0670132,0.0621242,0.05787,0.0543447,0.050588,0.0469255,0.044258,0.0419679,0.0397722,0.0376879,0.0358181,0.0341284,0.0325245,0.0308177,0.0294539,0.0280129,0.0266406,0.0257571,0.0246164,0.0235871,0.0225665,0.0213828,0.0200019,0.0183379,0.0165196,0.0144439,0.0125741,0.0109101,0.00956351,0.00842275,0.0076165,0.00689602,0.0063042,0.00584961,0.00558372,0.0054036,0.00530067,0.00530067,0.00546364,0.0057038,0.00626131,0.00699037,0.00799389,0.00908319,0.0105156,0.0123768,0.0146669,0.0176089,0.0206795,0.0243333,0.0289736,0.0346859,0.0421395,0.0503221,0.0579043,0.0661383,0.0764309,0.0882073,0.105996,0.13515,0.192334,0.233984,0.269211,0.295671,0.311282,0.318178,0.317783,0.315544,0.31605,0.320142,0.328462,0.337939,0.34366,0.344303,0.339054,0.326377,0.30707,0.280644,0.244517,0.200894,0.136128,0.101999,0.0807109,0.0642428,0.0520118,0.0401496,0.0306461,0.0234671,0.0180291,0.0137835,0.0108672,0.00882588,0.00733345,0.00608119,0.00524921,0.00441723,0.00368817,0.00307919,0.0028133,0.00247879,0.0022901,0.00208424,0.00203278,0.00201563,0.00208424,0.00219575,0.00241875,0.00277042,0.00312208,0.00386829,0.00464023,0.0054036,0.00629562,0.00747069,0.0087058,0.010284,0.0121452,0.0144868,0.0173859,0.0202678,0.0234928,0.0269837,0.0313237,0.036024,0.0418907,0.0480234,0.0544391,0.0602372,0.0675535,0.075719,0.0834127,0.0929419,0.103149,0.114007,0.125835,0.139336,0.150717,0.158377,0.162545,0.164895,0.166954,0.170076,0.171534,0.169596,0.162777,0.15378,0.14305,0.1328,0.12635,0.124463,0.127902,0.136153,0.149628,0.169175,0.189315,0.201563,0.2102
0.227217,0.228744,0.228246,0.226179,0.224224,0.222963,0.222963,0.222457,0.220861,0.217834,0.21406,0.208802,0.20128,0.191699,0.176406,0.154569,0.135819,0.119651,0.108844,0.0990145,0.0912264,0.08367,0.0775974,0.0715591,0.0659239,0.0609749,0.0568493,0.0533755,0.0499361,0.0466425,0.0442666,0.0419079,0.039472,0.0373449,0.0352006,0.0334594,0.0316411,0.0298913,0.0284847,0.0268979,0.0259973,0.024908,0.023853,0.022901,0.0219146,0.0206537,0.019127,0.0174545,0.0155504,0.0135261,0.011785,0.0103097,0.00913465,0.00823405,0.00749642,0.00691317,0.00644143,0.00608119,0.00582388,0.00573811,0.00582388,0.00608977,0.00653578,0.00711902,0.00803678,0.00904888,0.010447,0.0121967,0.0145039,0.0174287,0.0205851,0.0242133,0.0284246,0.0334594,0.0400038,0.0476117,0.0555027,0.0631964,0.0727084,0.0834984,0.0987915,0.122078,0.174751,0.227371,0.270926,0.308374,0.338445,0.357418,0.363868,0.360429,0.355737,0.354562,0.360823,0.375927,0.394334,0.407997,0.412029,0.404961,0.387266,0.359305,0.325039,0.285919,0.236858,0.174202,0.113416,0.0858743,0.0671418,0.0531354,0.0404412,0.0304488,0.0230382,0.0177804,0.0136205,0.0109015,0.00898884,0.00756504,0.00631277,0.00542933,0.00464881,0.00395406,0.00327647,0.00291623,0.00261603,0.00235871,0.0022129,0.0021014,0.00208424,0.00216144,0.00229867,0.00250452,0.00284761,0.00323358,0.00404841,0.00485466,0.00561803,0.00681883,0.00807966,0.00964928,0.0114591,0.0137234,0.0164938,0.0193157,0.0224121,0.0258515,0.0295139,0.0338969,0.0390774,0.04503,0.0518402,0.0576041,0.0638053,0.0713875,0.0789011,0.0865262,0.0949661,0.104289,0.114222,0.124857,0.137123,0.147544,0.154903,0.157734,0.15914,0.161293,0.16493,0.168472,0.168995,0.165333,0.157794,0.148685,0.139481,0.13304,0.13165,0.135699,0.145897,0.163197,0.187376,0.203596,0.215492,0.222928
0.243496,0.245349,0.245143,0.243822,0.242193,0.241627,0.241146,0.24022,0.239336,0.236892,0.234079,0.230794,0.226179,0.218494,0.206186,0.186801,0.155332,0.132654,0.116658,0.105885,0.0969731,0.0889535,0.0819117,0.0757619,0.0694577,0.063548,0.0588563,0.054928,0.0516515,0.0484094,0.0454931,0.0429286,0.0403211,0.037808,0.0356637,0.0336738,0.0317611,0.0298399,0.0282874,0.0266577,0.0257228,0.0246078,0.0237072,0.022901,0.0220776,0.0208853,0.0196931,0.0180978,0.0163652,0.0143324,0.0125998,0.0110817,0.00984655,0.00885161,0.00807966,0.00746211,0.00693891,0.00663871,0.00647574,0.00645859,0.00658724,0.00689602,0.00740207,0.00813113,0.00904888,0.010284,0.0119565,0.014238,0.0170428,0.0202249,0.0238444,0.0280558,0.0329791,0.0386829,0.0457933,0.0538215,0.0608548,0.069715,0.0796044,0.0927618,0.112258,0.150134,0.214171,0.263189,0.310338,0.353953,0.39128,0.415331,0.423145,0.419311,0.411591,0.409919,0.419482,0.43933,0.463397,0.486375,0.494798,0.485046,0.456338,0.418736,0.370232,0.319884,0.266526,0.20544,0.124497,0.090506,0.0690288,0.0536157,0.0402782,0.0300114,0.0226608,0.0175231,0.0135948,0.0110388,0.00928904,0.00801962,0.00688744,0.00583245,0.00519775,0.00451157,0.00389402,0.00331935,0.00297627,0.00274468,0.0025131,0.00236729,0.00234156,0.00235871,0.0025131,0.00277042,0.00303631,0.00361098,0.00438292,0.00523205,0.00608977,0.00737634,0.00883445,0.0106185,0.01284,0.0155332,0.0183894,0.0213142,0.0244706,0.02785,0.0318812,0.0363156,0.0420194,0.0481435,0.0546192,0.0604946,0.0674849,0.0748956,0.0816715,0.0888248,0.0965614,0.10453,0.113536,0.123039,0.134421,0.144782,0.152261,0.155821,0.158411,0.161636,0.166868,0.171826,0.173593,0.172289,0.166971,0.158814,0.150297,0.144147,0.142921,0.14793,0.161636,0.184923,0.203896,0.219077,0.230948,0.239242
0.265102,0.266895,0.265986,0.264193,0.2624,0.261182,0.259759,0.258472,0.25758,0.255427,0.2539,0.252159,0.248445,0.241078,0.227946,0.209531,0.182015,0.147055,0.125389,0.111854,0.101965,0.0932764,0.0853768,0.0784637,0.0716277,0.0652291,0.059877,0.0555112,0.0520375,0.0485809,0.0454674,0.0427141,0.0400381,0.0374221,0.0349776,0.0330992,0.0310407,0.0292052,0.0273096,0.0260488,0.0248308,0.0238016,0.0230296,0.0224635,0.0217345,0.0208424,0.0198303,0.018398,0.0168369,0.0150271,0.0133031,0.011785,0.010507,0.00943485,0.00862002,0.00800247,0.00749642,0.00716191,0.00703325,0.00710187,0.00738492,0.00782235,0.00831125,0.00913465,0.0103011,0.0118536,0.0139035,0.0166482,0.0198218,0.0234671,0.0276184,0.032576,0.0381768,0.0447126,0.052432,0.0594481,0.0678537,0.0772114,0.0884217,0.105018,0.134447,0.198458,0.251387,0.303571,0.355317,0.40768,0.449339,0.477172,0.489214,0.485303,0.477695,0.479899,0.496668,0.520941,0.547419,0.558046,0.561142,0.557428,0.536431,0.479942,0.415648,0.34981,0.288338,0.220947,0.133932,0.092513,0.0694234,0.0530582,0.0393348,0.0293767,0.0223177,0.017566,0.0138521,0.0114762,0.00985513,0.00866291,0.00765938,0.00677594,0.00584961,0.00535213,0.00485466,0.00438292,0.00388544,0.00337939,0.00308777,0.0029248,0.00287334,0.00289907,0.00296769,0.00313923,0.00356809,0.00415134,0.00488897,0.00560945,0.00681883,0.00813113,0.00984655,0.0119136,0.0143496,0.0173601,0.0201992,0.023244,0.0264176,0.0298828,0.0339226,0.0385285,0.0441808,0.0504679,0.0563518,0.0626303,0.0699637,0.0768855,0.0833612,0.0904545,0.0972991,0.104452,0.112369,0.120586,0.131728,0.142492,0.150829,0.156696,0.16149,0.16752,0.17457,0.179382,0.18169,0.182093,0.180514,0.175085,0.166319,0.160015,0.159183,0.167254,0.185429,0.20339,0.220981,0.237304,0.250778,0.260042
0.290876,0.292626,0.29146,0.289221,0.286245,0.283286,0.280695,0.278217,0.277144,0.275378,0.274305,0.273276,0.269863,0.261937,0.247476,0.226737,0.200791,0.16246,0.133718,0.116143,0.105079,0.0958667,0.0873839,0.0797159,0.072494,0.0654521,0.0596197,0.0548508,0.0509396,0.0471571,0.0440436,0.0411445,0.0382798,0.0357838,0.0335538,0.0314609,0.0295054,0.027524,0.0260145,0.0244963,0.023407,0.0226351,0.0220004,0.0215543,0.0210226,0.0204307,0.019573,0.0184065,0.0170942,0.0155332,0.0138607,0.0124283,0.011176,0.010061,0.00916896,0.00849137,0.00807966,0.00783093,0.00778804,0.00790812,0.00815686,0.00868006,0.00940054,0.0104727,0.0119308,0.0139121,0.0165196,0.019573,0.0231068,0.0272238,0.0320699,0.0374821,0.0438635,0.0512141,0.0581702,0.0662584,0.0760278,0.0864404,0.101279,0.124111,0.183259,0.241421,0.296743,0.351174,0.411179,0.466082,0.512132,0.539716,0.549812,0.549391,0.550215,0.555284,0.561297,0.569522,0.57906,0.5878,0.590759,0.584035,0.568621,0.538884,0.453242,0.371785,0.299462,0.226196,0.134618,0.0915695,0.067991,0.0517116,0.0380139,0.0288363,0.0223606,0.0180463,0.014624,0.0124283,0.0109444,0.00982082,0.00879157,0.00800247,0.0072048,0.0066044,0.00604688,0.00560945,0.00526636,0.00481177,0.00443438,0.00408272,0.00388544,0.00385971,0.00393691,0.00409987,0.00451157,0.00501763,0.00556656,0.00645001,0.00766796,0.00910892,0.0110474,0.0133203,0.0161851,0.0189898,0.0219661,0.0251224,0.0283732,0.0318555,0.0355351,0.0402868,0.0455618,0.0517201,0.0573553,0.0636081,0.0709158,0.0779662,0.0843218,0.0910892,0.0975392,0.104135,0.111426,0.119119,0.130081,0.141772,0.151541,0.160118,0.168369,0.176861,0.183465,0.188114,0.190867,0.192162,0.192059,0.189958,0.185481,0.182453,0.185026,0.193106,0.2058,0.22159,0.239963,0.258532,0.274631,0.285619
0.317997,0.320185,0.318881,0.31563,0.311342,0.307456,0.30412,0.300689,0.298081,0.295611,0.293776,0.291992,0.288749,0.280009,0.263764,0.240958,0.213699,0.178164,0.139284,0.117979,0.106056,0.0959953,0.0871695,0.0790726,0.0712846,0.0637367,0.0578185,0.0528266,0.0482979,0.0444296,0.0412646,0.0382369,0.035638,0.0333822,0.0311693,0.029128,0.0270523,0.0255513,0.0237673,0.0225579,0.0215543,0.0208682,0.0205594,0.0203278,0.0200619,0.0197017,0.0190069,0.0181921,0.0170428,0.0157133,0.014238,0.0129086,0.0117335,0.0106614,0.0098294,0.00910034,0.00863718,0.00841417,0.00841417,0.0086286,0.00906604,0.00981225,0.0107472,0.012068,0.0140494,0.0165968,0.0196073,0.023021,0.0269751,0.0316239,0.0366244,0.0427141,0.0496445,0.056489,0.0642942,0.0744924,0.085171,0.0992718,0.119574,0.167263,0.230699,0.289024,0.346731,0.41148,0.475611,0.533061,0.557677,0.565516,0.569951,0.572104,0.576169,0.58334,0.592337,0.603162,0.614123,0.622434,0.623078,0.611198,0.587714,0.560207,0.480526,0.382197,0.299634,0.220312,0.126213,0.0872552,0.0645944,0.0494472,0.0368045,0.0287077,0.022901,0.0190927,0.0162623,0.0140322,0.0126684,0.0116735,0.0107643,0.00988086,0.00921185,0.00862002,0.00807966,0.00752215,0.00698179,0.00647574,0.00589249,0.00554083,0.00530067,0.00523205,0.00524921,0.00530067,0.00556656,0.0059268,0.00663871,0.00753073,0.00872295,0.0103783,0.0124883,0.0149757,0.017849,0.0206623,0.0236815,0.0266577,0.0298828,0.0333393,0.0368474,0.0412646,0.0460764,0.0519432,0.0573553,0.0634622,0.070547,0.0775802,0.0841417,0.0910978,0.0975135,0.104066,0.111271,0.118948,0.129918,0.142012,0.153248,0.163583,0.175179,0.183551,0.189855,0.194169,0.19742,0.199762,0.20104,0.201288,0.200808,0.202052,0.206941,0.21484,0.225982,0.242244,0.261628,0.282308,0.299256,0.310612
0.346053,0.349656,0.348601,0.343935,0.338857,0.334689,0.3307,0.326068,0.321934,0.318006,0.313314,0.308726,0.302987,0.292575,0.275215,0.249783,0.220132,0.184117,0.140159,0.116838,0.10374,0.0931735,0.0839873,0.0762165,0.0680767,0.0606232,0.0546793,0.0491298,0.044258,0.0404498,0.0372334,0.0344887,0.03219,0.0298828,0.0278843,0.0260917,0.0242647,0.0227123,0.0213142,0.0201906,0.0194272,0.0189812,0.0187325,0.0186896,0.0186381,0.018518,0.0182178,0.0175917,0.0166482,0.0156533,0.0143839,0.0133031,0.0121967,0.0112532,0.0104298,0.00977794,0.00928904,0.00910034,0.00914323,0.00951205,0.0100696,0.0110045,0.0123253,0.014238,0.0168198,0.0197617,0.0232183,0.0270523,0.0315467,0.036247,0.0418307,0.0478776,0.0547307,0.0619612,0.0715591,0.0828552,0.0977451,0.117678,0.159372,0.220904,0.27687,0.336987,0.40593,0.477738,0.544417,0.565045,0.577027,0.585424,0.592097,0.598393,0.607776,0.619775,0.632538,0.644563,0.655293,0.660457,0.654453,0.632856,0.60028,0.565516,0.486075,0.376493,0.287574,0.202395,0.113561,0.0809939,0.0606146,0.0466939,0.0359554,0.0289736,0.0241189,0.0207824,0.018398,0.0166654,0.0156447,0.0147098,0.0140065,0.0133203,0.0126084,0.0118708,0.0111245,0.0103698,0.00967501,0.00889449,0.00818259,0.0076165,0.00709329,0.00687029,0.00681883,0.0068274,0.00698179,0.0074278,0.00801962,0.00880872,0.0100696,0.0118021,0.0140065,0.0166654,0.0194101,0.0222491,0.0253454,0.0283217,0.0313323,0.0343086,0.0375679,0.0415562,0.0458705,0.051257,0.0564118,0.0622014,0.0689773,0.0762936,0.0831811,0.0905317,0.0974363,0.104435,0.112086,0.119857,0.13069,0.142363,0.153771,0.164964,0.176801,0.185412,0.191819,0.197214,0.20218,0.206469,0.210183,0.213459,0.216427,0.220981,0.228015,0.237312,0.249826,0.266963,0.287386,0.306564,0.323701,0.337167
0.374821,0.379547,0.379393,0.374847,0.36862,0.364065,0.358962,0.353695,0.348103,0.34083,0.332467,0.323187,0.312645,0.299582,0.279143,0.251233,0.219283,0.178773,0.134095,0.112035,0.0982168,0.0874697,0.0787467,0.0705813,0.0626045,0.0559144,0.049756,0.0437263,0.0390346,0.035252,0.0324216,0.0299514,0.0278157,0.0260488,0.0241189,0.0224721,0.0209196,0.0197274,0.0184923,0.0177032,0.0170771,0.0168369,0.0168369,0.0169742,0.0171543,0.0172915,0.0170942,0.0166654,0.0161336,0.0153188,0.0143753,0.0135004,0.012617,0.0117421,0.0109959,0.0104126,0.00998379,0.00985513,0.00998379,0.0104727,0.0113132,0.0125398,0.0142724,0.0168283,0.0198732,0.023407,0.0273525,0.0318812,0.03641,0.0416677,0.0469169,0.0531954,0.0594053,0.0680939,0.079227,0.0938854,0.114796,0.154011,0.215912,0.266517,0.322981,0.391829,0.468878,0.546304,0.570062,0.586771,0.600168,0.611739,0.621834,0.633276,0.647514,0.666795,0.684001,0.696807,0.7042,0.699551,0.678735,0.643423,0.601678,0.562549,0.463594,0.351937,0.260385,0.161079,0.0989544,0.0733002,0.0565748,0.0445068,0.0354236,0.0295911,0.0258172,0.0230296,0.0213142,0.0202163,0.0196931,0.0193157,0.0190155,0.0185524,0.0180463,0.0173172,0.016288,0.0150615,0.0138263,0.0126684,0.0115363,0.0105756,0.00982082,0.00919469,0.00886018,0.00869722,0.00872295,0.009006,0.00955493,0.0103183,0.011562,0.0133203,0.0156962,0.0182178,0.020791,0.0236043,0.0265034,0.029411,0.0322072,0.0348146,0.0376708,0.041136,0.0449185,0.0499275,0.0548594,0.0600314,0.0664128,0.0742437,0.0817744,0.0895196,0.0973076,0.105173,0.113596,0.121873,0.132165,0.142724,0.153239,0.163472,0.175197,0.184391,0.191896,0.19893,0.206855,0.213665,0.219841,0.226428,0.233247,0.241987,0.252074,0.263232,0.277891,0.295525,0.313786,0.333042,0.350402,0.36434
0.402954,0.408752,0.410202,0.406977,0.401118,0.394737,0.387335,0.379701,0.370541,0.359571,0.347022,0.332295,0.316719,0.298716,0.274228,0.243514,0.209539,0.158068,0.121289,0.10296,0.0900085,0.079896,0.0712246,0.0631449,0.0562489,0.0498332,0.043083,0.0374821,0.0333136,0.0298141,0.027018,0.0250796,0.023124,0.0214857,0.0200448,0.0186639,0.0176603,0.0165196,0.0156275,0.014847,0.0144782,0.0144267,0.0145811,0.0149156,0.0153617,0.0156533,0.0157905,0.0156275,0.0152673,0.0147098,0.0142209,0.0135519,0.0128657,0.0121452,0.0115534,0.0111074,0.0108329,0.0108072,0.0110045,0.0116049,0.0126684,0.0142724,0.0166482,0.0197274,0.023407,0.0274897,0.0322072,0.0369417,0.0422596,0.0473544,0.0529381,0.0581702,0.0650919,0.0755131,0.0882588,0.108878,0.145983,0.212396,0.263001,0.316539,0.378758,0.453971,0.539219,0.570869,0.592749,0.612382,0.628867,0.644812,0.660157,0.677096,0.699534,0.728542,0.755912,0.767028,0.759283,0.730223,0.687629,0.638971,0.591325,0.549108,0.422132,0.31286,0.220304,0.120054,0.0848794,0.0653063,0.0529209,0.0425855,0.0349433,0.0303459,0.027464,0.0259201,0.024848,0.0244963,0.0247365,0.0251825,0.0255684,0.0255513,0.0250796,0.0241618,0.022901,0.02146,0.0199075,0.018235,0.0165367,0.0148642,0.0134575,0.0124025,0.0115791,0.0110902,0.0108501,0.010893,0.0112361,0.0119222,0.0130887,0.0148127,0.0170599,0.0194101,0.0219403,0.0246936,0.0272496,0.0299342,0.0325417,0.0348146,0.0373106,0.0402182,0.0436576,0.0477918,0.0527837,0.0576641,0.0636252,0.0716277,0.0799304,0.0881129,0.0968187,0.105808,0.115114,0.124334,0.134318,0.144002,0.153316,0.162194,0.173713,0.183842,0.192831,0.20212,0.212662,0.221925,0.23184,0.242373,0.253386,0.265299,0.277728,0.290062,0.305055,0.323461,0.342708,0.36241,0.380439,0.393862
0.431859,0.437631,0.439913,0.438,0.431833,0.422561,0.410905,0.398597,0.38604,0.370618,0.352761,0.333016,0.311719,0.288758,0.259012,0.225665,0.184872,0.132877,0.107257,0.0912436,0.0797674,0.0704097,0.0620556,0.0552368,0.0485809,0.0418736,0.0357838,0.0311093,0.0271724,0.0241361,0.0216659,0.0198818,0.0183036,0.0170428,0.0159621,0.014847,0.0139979,0.0132603,0.0126513,0.0122567,0.0121367,0.0122739,0.0125912,0.0129429,0.0133803,0.0138092,0.0140494,0.0142209,0.0141866,0.0140065,0.0137663,0.013346,0.0129343,0.0125569,0.0120852,0.0118365,0.0116906,0.011785,0.0120852,0.0129086,0.0142638,0.0163995,0.0192299,0.0228838,0.0270609,0.0320699,0.0373106,0.0429028,0.048538,0.0540102,0.0586934,0.0645859,0.0731716,0.0847764,0.102523,0.134815,0.203827,0.2577,0.311539,0.37272,0.446003,0.532006,0.570165,0.596043,0.620221,0.642908,0.663888,0.684584,0.707245,0.735267,0.770073,0.804244,0.819082,0.817127,0.790418,0.734941,0.673734,0.619278,0.572713,0.487576,0.362453,0.261071,0.153213,0.0957294,0.0727513,0.0584704,0.0486152,0.0402611,0.0345659,0.0312551,0.0292995,0.0284504,0.0284161,0.0291108,0.0301486,0.031521,0.0325502,0.0331163,0.0329105,0.032027,0.0304231,0.0287248,0.0264862,0.0242218,0.0219317,0.0198732,0.0179691,0.0162623,0.0147269,0.0138006,0.013123,0.0128228,0.0129,0.0133975,0.0144267,0.0161508,0.0180635,0.0202678,0.022678,0.0251825,0.0274897,0.0299428,0.0322843,0.0343171,0.03641,0.0389059,0.0421223,0.0457161,0.050365,0.0552282,0.0611035,0.069269,0.0780348,0.0864576,0.095738,0.105593,0.115688,0.126024,0.136471,0.14606,0.155109,0.163686,0.175505,0.186639,0.196545,0.208587,0.220381,0.233744,0.247828,0.262358,0.277059,0.290362,0.302215,0.314386,0.331163,0.351766,0.374384,0.395415,0.412312,0.424397
0.45892,0.464238,0.467643,0.464546,0.455755,0.443404,0.426876,0.408701,0.390569,0.370815,0.348609,0.323221,0.297215,0.267289,0.233127,0.194667,0.139773,0.109796,0.0914752,0.0783865,0.068214,0.0596712,0.0529467,0.0458362,0.0393691,0.0336824,0.0289307,0.0248222,0.0213828,0.0185867,0.0165367,0.0148642,0.0136205,0.0126599,0.0119222,0.0113819,0.0109015,0.0104813,0.0101896,0.0100696,0.0100953,0.0103097,0.0106271,0.0110902,0.0115448,0.0119994,0.0124454,0.0127799,0.0129429,0.0130544,0.0130887,0.0130287,0.0129086,0.0127714,0.0126084,0.0125569,0.0126084,0.0128486,0.0133375,0.0143839,0.0162451,0.0185524,0.0219317,0.0262289,0.0311693,0.0366501,0.04298,0.0493957,0.0548937,0.0601257,0.066164,0.0740636,0.0842532,0.100155,0.126804,0.192402,0.24866,0.304523,0.365052,0.43939,0.529261,0.570877,0.598633,0.62885,0.657403,0.683169,0.710093,0.741125,0.770699,0.8033,0.827462,0.845397,0.848854,0.832257,0.785228,0.706568,0.643251,0.590424,0.540711,0.407706,0.296838,0.195799,0.105885,0.0775631,0.0615753,0.0521318,0.0438549,0.0375507,0.033691,0.031521,0.0303974,0.0304488,0.031521,0.033305,0.0352177,0.0374992,0.0392833,0.0403726,0.0404498,0.0395406,0.0377308,0.0353721,0.0328847,0.0299514,0.0270008,0.024402,0.0218889,0.0197274,0.0179176,0.0164595,0.0154045,0.014564,0.0143324,0.0145726,0.0155332,0.0168712,0.0185095,0.0205508,0.022738,0.025071,0.0271038,0.0294196,0.0314695,0.0334165,0.035192,0.0375336,0.0404069,0.0437263,0.0478175,0.0530925,0.0587277,0.0663013,0.0756847,0.0844848,0.0942542,0.104615,0.115551,0.127371,0.139507,0.150426,0.160607,0.172169,0.183671,0.194255,0.205483,0.21828,0.232904,0.249955,0.267727,0.286056,0.301855,0.315639,0.327621,0.341567,0.360626,0.384582,0.408529,0.429251,0.444021,0.453182
0.48882,0.491582,0.492268,0.486667,0.473184,0.454863,0.432794,0.407834,0.383201,0.358173,0.331361,0.302516,0.270737,0.234636,0.194409,0.138975,0.108792,0.0895539,0.0761907,0.0647745,0.0564719,0.0493357,0.0422081,0.0358524,0.0307405,0.0262718,0.0222834,0.018844,0.0160821,0.0136634,0.011948,0.0108072,0.00988086,0.00937481,0.00893738,0.0086286,0.00841417,0.00829409,0.00818259,0.00822548,0.00833698,0.00855998,0.00887734,0.00929762,0.00983798,0.0103269,0.0108243,0.0112532,0.0116821,0.0119651,0.0123082,0.0125569,0.0127285,0.0128571,0.0129601,0.0132088,0.013449,0.0139293,0.0146669,0.0161936,0.0181921,0.0208596,0.0247279,0.029471,0.0349776,0.041865,0.0490012,0.0552539,0.0611207,0.0683169,0.0764309,0.0862689,0.101596,0.127482,0.188191,0.242459,0.298081,0.356303,0.429886,0.518925,0.569839,0.601326,0.635943,0.672465,0.708326,0.747026,0.78395,0.813945,0.833501,0.851444,0.865879,0.872578,0.860167,0.822428,0.741065,0.661349,0.604491,0.558732,0.441766,0.325425,0.222697,0.115946,0.0804793,0.0624587,0.0526293,0.0448155,0.0388201,0.0346259,0.0322672,0.0310492,0.0307919,0.0318812,0.0336824,0.0362641,0.0393691,0.0424054,0.0446011,0.0460592,0.046308,0.0456046,0.0438206,0.0412046,0.0379281,0.0346173,0.0313323,0.0280558,0.0251396,0.0224378,0.0201992,0.018398,0.0169827,0.0160135,0.0154474,0.0154646,0.0160307,0.0170685,0.018458,0.0202678,0.0221805,0.0242218,0.0262375,0.0282016,0.0300543,0.032027,0.0339397,0.036024,0.0386915,0.0419508,0.0456904,0.0508453,0.0564461,0.0634966,0.0725797,0.0820318,0.0922986,0.103123,0.114977,0.128777,0.144096,0.15884,0.174056,0.18681,0.1967,0.207318,0.218597,0.233401,0.25155,0.271235,0.290979,0.309566,0.327475,0.343609,0.35795,0.375627,0.397053,0.421772,0.444459,0.463165,0.476915,0.484703
0.510417,0.509353,0.505802,0.496848,0.478887,0.454588,0.426301,0.394428,0.363405,0.333942,0.303468,0.26994,0.231986,0.188911,0.132097,0.104118,0.0857971,0.0721938,0.0610692,0.0529724,0.0447812,0.0377308,0.0320356,0.0270266,0.0229696,0.0195559,0.0163909,0.0135004,0.0113904,0.00983798,0.00867149,0.0079167,0.00735918,0.00694748,0.00675879,0.00655293,0.00647574,0.0064157,0.00647574,0.00653578,0.00675879,0.00693891,0.00728199,0.00776231,0.00816544,0.0087058,0.00921185,0.0098294,0.0103183,0.0108758,0.0113819,0.0118965,0.0123768,0.0128142,0.0132603,0.013732,0.0142466,0.01501,0.0162451,0.0178833,0.0201649,0.0233384,0.0273268,0.0327304,0.0391975,0.0466082,0.0545163,0.060992,0.0687972,0.0776059,0.0880272,0.104229,0.132114,0.194461,0.244088,0.29688,0.353181,0.423899,0.51052,0.567035,0.600348,0.639469,0.682063,0.72807,0.77485,0.815025,0.84387,0.865442,0.88125,0.889655,0.891225,0.879989,0.844874,0.770158,0.675527,0.612528,0.565302,0.461381,0.343866,0.24239,0.125972,0.0833097,0.0625874,0.0512999,0.0434518,0.0377737,0.0339226,0.0314009,0.0299771,0.0296254,0.0301744,0.0319756,0.0344801,0.0377566,0.041642,0.0449185,0.0477318,0.0496788,0.0502363,0.0494987,0.0473715,0.0446183,0.041419,0.0375679,0.0339226,0.0302601,0.0269665,0.0241018,0.02152,0.0194787,0.0178233,0.0165024,0.0157905,0.015516,0.0159192,0.0166482,0.0179005,0.0193329,0.0209968,0.0228238,0.0246936,0.026409,0.0283732,0.0301744,0.032353,0.0345659,0.0372419,0.0403554,0.0440007,0.0489497,0.0546021,0.0609577,0.0699208,0.0795358,0.0899056,0.101425,0.114453,0.130819,0.150392,0.173181,0.190361,0.20224,0.213005,0.223314,0.236986,0.255281,0.276381,0.296803,0.316848,0.337425,0.357366,0.375927,0.39339,0.413598,0.437125,0.460395,0.484102,0.499867,0.508461,0.510717
0.525607,0.518368,0.508067,0.493297,0.46856,0.439973,0.40521,0.367899,0.333488,0.300183,0.264382,0.225639,0.176286,0.123176,0.0982511,0.0809853,0.0674592,0.0567549,0.0481177,0.0401925,0.0334851,0.0279958,0.0233298,0.0194444,0.016348,0.0133975,0.0112017,0.0094177,0.00807966,0.00698179,0.00619269,0.00560945,0.00530067,0.00506909,0.00497474,0.00488897,0.00485466,0.00488039,0.00494043,0.00504336,0.00524921,0.00542933,0.00569522,0.0061155,0.00669017,0.00719622,0.00783093,0.00836271,0.00898884,0.00970074,0.0103783,0.0111074,0.011845,0.0125569,0.0132946,0.0140408,0.01495,0.0162279,0.0177204,0.0197017,0.0223949,0.0260488,0.0303545,0.0362298,0.0436319,0.0521919,0.0598942,0.0684027,0.0779748,0.0888163,0.104984,0.134429,0.198732,0.249174,0.299908,0.355514,0.425109,0.509225,0.56646,0.599053,0.638748,0.683718,0.73651,0.785846,0.821047,0.849566,0.877896,0.897323,0.906818,0.906501,0.894638,0.85864,0.783976,0.681111,0.613952,0.565842,0.4676,0.349132,0.248591,0.132036,0.084176,0.0623043,0.0494215,0.0404326,0.034969,0.031521,0.0292137,0.0276012,0.0268722,0.0272067,0.0284933,0.0304917,0.0336052,0.0373449,0.0414876,0.0450814,0.048255,0.050262,0.050871,0.0502963,0.0484523,0.0455703,0.0422939,0.0383312,0.034583,0.0309206,0.0274897,0.024462,0.0217087,0.0195387,0.0177118,0.0162623,0.0152502,0.0147956,0.01495,0.0156962,0.0166482,0.0179863,0.0194272,0.0208939,0.0226436,0.0243333,0.0262375,0.0283046,0.0305175,0.033245,0.0359983,0.0393776,0.0431173,0.047423,0.0531268,0.0591994,0.0676393,0.0775116,0.0879586,0.10049,0.114934,0.133923,0.158891,0.1882,0.205328,0.218708,0.231085,0.244457,0.261354,0.282677,0.304394,0.325828,0.348832,0.371562,0.393553,0.412612,0.430804,0.451947,0.477566,0.502826,0.520426,0.529964,0.532932,0.530676
0.528566,0.513359,0.49533,0.469864,0.44156,0.408246,0.369357,0.331018,0.294385,0.254878,0.214634,0.156112,0.114693,0.0921614,0.0757962,0.0619012,0.0518316,0.042311,0.0347203,0.029025,0.0239045,0.0195816,0.0160221,0.0129086,0.0106957,0.00898884,0.00764223,0.00649289,0.00554941,0.00488897,0.00423711,0.00380825,0.00336224,0.00321643,0.00315639,0.00313923,0.00313923,0.00315639,0.00321643,0.00335366,0.00362813,0.00396264,0.0043143,0.00481177,0.00528352,0.0057038,0.00631277,0.00698179,0.00776231,0.00843133,0.00928904,0.0101811,0.0111331,0.0119994,0.0130716,0.014238,0.015739,0.0173601,0.0192814,0.0218117,0.0251396,0.0292137,0.0341113,0.0408272,0.0492757,0.0579986,0.0678366,0.0784208,0.0907118,0.10802,0.137466,0.202764,0.254973,0.30713,0.363636,0.433248,0.517236,0.568364,0.601112,0.639503,0.683195,0.733929,0.784199,0.819511,0.842798,0.867989,0.890839,0.904554,0.907461,0.897091,0.863598,0.787227,0.676213,0.607956,0.559307,0.446251,0.337022,0.23998,0.126204,0.081946,0.0600571,0.0465481,0.0367187,0.0313151,0.02785,0.0258515,0.0243248,0.0234928,0.0233984,0.0239645,0.0256113,0.0277299,0.0310578,0.0347288,0.0388201,0.0427485,0.0457161,0.0477232,0.0485466,0.0479891,0.0462222,0.0437263,0.0405012,0.036753,0.0333393,0.0297026,0.0264262,0.0234156,0.0207481,0.0184237,0.0165196,0.01495,0.0139979,0.0135519,0.0135776,0.0140065,0.0148556,0.0161079,0.0173944,0.0187582,0.0203364,0.0219746,0.0238616,0.0262546,0.0290851,0.0321814,0.0354665,0.0393004,0.0432459,0.0474402,0.0528094,0.0585819,0.0665071,0.076611,0.0874439,0.100841,0.116435,0.13895,0.172272,0.201357,0.220595,0.237775,0.253943,0.271544,0.291048,0.312628,0.336807,0.360935,0.386958,0.41184,0.433163,0.450626,0.4682,0.492311,0.514946,0.53499,0.5456,0.548911,0.545455,0.53843
0.514937,0.492079,0.461158,0.431327,0.397319,0.360574,0.322972,0.285001,0.242845,0.198252,0.13732,0.105199,0.0850595,0.0697579,0.0565834,0.0453731,0.0359211,0.0292566,0.024016,0.0198561,0.0160821,0.012617,0.0101639,0.00837129,0.00699895,0.00584961,0.00506909,0.00421995,0.00335366,0.00289907,0.00254741,0.00231583,0.00219575,0.00216144,0.00216144,0.00216144,0.00216144,0.00216144,0.0022129,0.00229867,0.00239302,0.00261603,0.00289907,0.00321643,0.00386829,0.00447727,0.00509482,0.00564376,0.00647574,0.00730772,0.00818259,0.00918612,0.0102668,0.0114591,0.0127799,0.0143238,0.0163995,0.0185867,0.0213142,0.0245049,0.0285104,0.0332536,0.0391461,0.0467197,0.0558029,0.0661297,0.0790641,0.0933364,0.11309,0.149911,0.214265,0.265857,0.319944,0.379341,0.447435,0.531079,0.572198,0.606318,0.64651,0.689971,0.736527,0.77937,0.813619,0.835362,0.856539,0.875263,0.887099,0.890444,0.879242,0.844488,0.767182,0.667147,0.599053,0.546244,0.409044,0.306007,0.215235,0.112789,0.0764309,0.0559487,0.0424054,0.032799,0.0267607,0.0235014,0.0215115,0.020345,0.019573,0.0190841,0.0192299,0.0200533,0.0215286,0.0238359,0.0268464,0.0304488,0.0341971,0.0377308,0.0407929,0.0427056,0.0434003,0.0429715,0.0415734,0.0391461,0.0362298,0.0332278,0.0298828,0.0267178,0.0238187,0.0210054,0.0185438,0.0164252,0.0144182,0.0130458,0.0121367,0.0117335,0.0117249,0.0119994,0.0127456,0.0136805,0.014847,0.0163823,0.0179091,0.0196245,0.0216744,0.024462,0.027687,0.0315639,0.0356809,0.040201,0.0444639,0.0493614,0.0543362,0.0597912,0.0678881,0.0776231,0.0888763,0.102977,0.119685,0.146369,0.186784,0.215012,0.237587,0.259467,0.280301,0.300243,0.322192,0.347185,0.373629,0.400338,0.427562,0.45072,0.470893,0.490175,0.505305,0.522982,0.538739,0.550249,0.553852,0.552831,0.54488,0.532426
0.479676,0.447941,0.413324,0.376734,0.340512,0.304926,0.265994,0.223383,0.167812,0.118553,0.0949403,0.0779576,0.0631363,0.0515314,0.039695,0.0304488,0.0237329,0.0189383,0.0153874,0.0123253,0.00985513,0.00803678,0.00651005,0.0054036,0.00451157,0.00357667,0.00289907,0.00237587,0.00205851,0.00184408,0.0016897,0.00156104,0.001501,0.00146669,0.00144954,0.00144954,0.00147527,0.00150958,0.00156104,0.00162108,0.00173258,0.00184408,0.0019899,0.00226436,0.00259887,0.00301915,0.00378252,0.00453731,0.00530067,0.00610692,0.00706756,0.00815686,0.00935766,0.0107043,0.0123082,0.0144096,0.0172829,0.0201992,0.0236214,0.0276184,0.0326703,0.0384942,0.0458019,0.0546192,0.0645859,0.0791155,0.0971447,0.123348,0.183456,0.237226,0.288921,0.340727,0.402371,0.470902,0.548611,0.577053,0.610486,0.652343,0.701233,0.750534,0.781249,0.802846,0.820583,0.841417,0.859798,0.869808,0.865553,0.843827,0.801705,0.716148,0.646219,0.588889,0.520778,0.379144,0.274091,0.167306,0.0964499,0.0679309,0.0499704,0.0363756,0.0276698,0.022129,0.018844,0.0170428,0.0160478,0.0154388,0.0148127,0.014564,0.0147784,0.0156962,0.0170942,0.0191099,0.0217945,0.0249938,0.0281416,0.0312122,0.0336138,0.0350891,0.0357838,0.0354493,0.0343429,0.0325417,0.0301744,0.0276527,0.0251567,0.0225665,0.0200619,0.0177547,0.0154989,0.0133975,0.0118965,0.0107729,0.0100524,0.00976078,0.00973505,0.00990659,0.0104984,0.0112704,0.0122825,0.0136119,0.015293,0.0173516,0.0197617,0.022901,0.0268464,0.0315553,0.0365386,0.0420794,0.04726,0.0527751,0.0577585,0.0636853,0.072048,0.0818173,0.0937739,0.108698,0.127105,0.157854,0.19971,0.228555,0.255899,0.282574,0.305132,0.328333,0.354502,0.382909,0.41202,0.439012,0.4641,0.489094,0.50624,0.520735,0.532906,0.542487,0.549512,0.552093,0.550515,0.542453,0.527889,0.506043
0.426207,0.389342,0.35029,0.312705,0.276141,0.2363,0.191982,0.132268,0.102848,0.083833,0.0693719,0.056489,0.0446955,0.0339569,0.0253883,0.0187582,0.0140236,0.0110474,0.00909177,0.00754788,0.00608977,0.00501763,0.00394548,0.00301915,0.00248737,0.00208424,0.00178404,0.00147527,0.00114934,0.00104641,0.000994948,0.00096064,0.000943485,0.000917754,0.000917754,0.000917754,0.000943485,0.000943485,0.000977794,0.00100353,0.00104641,0.00114076,0.00133803,0.00160392,0.00186124,0.00216144,0.00261603,0.00317354,0.00413418,0.00508624,0.00595253,0.00711902,0.00841417,0.00985513,0.0118279,0.0145039,0.0181235,0.0219746,0.0263747,0.0316754,0.0380739,0.0456904,0.0546535,0.0645944,0.0799732,0.102042,0.143873,0.221445,0.281802,0.336387,0.390569,0.448207,0.512861,0.559958,0.583666,0.613977,0.652875,0.702073,0.758279,0.791438,0.801722,0.802923,0.813001,0.830456,0.841769,0.837686,0.810239,0.741442,0.670569,0.616962,0.571666,0.483665,0.350805,0.242913,0.126684,0.081946,0.0586848,0.0426713,0.0305603,0.0226351,0.0174287,0.014015,0.0123597,0.0114676,0.011116,0.0109101,0.0106271,0.0105585,0.0107043,0.0112532,0.0123082,0.0139722,0.0162451,0.0185609,0.021074,0.0235014,0.0255856,0.0266063,0.027078,0.026795,0.0261088,0.0247279,0.0229353,0.0211169,0.0192557,0.017403,0.0154646,0.0133889,0.0117335,0.0103097,0.00920327,0.00841417,0.00793385,0.00771085,0.007728,0.00795101,0.00841417,0.00907461,0.00992375,0.0112017,0.0127885,0.0149928,0.0180549,0.0218631,0.0265891,0.03219,0.0383312,0.0451586,0.0521662,0.0579815,0.0640712,0.0717392,0.0802563,0.0908233,0.103535,0.118811,0.142698,0.181158,0.215132,0.244285,0.275275,0.303674,0.330031,0.357572,0.387738,0.417895,0.447126,0.473278,0.49822,0.516447,0.531294,0.540977,0.546887,0.549735,0.547539,0.541338,0.530213,0.511223,0.48785,0.456904
0.35807,0.320013,0.280927,0.238916,0.195413,0.136651,0.105962,0.0864404,0.0719965,0.0593881,0.0487868,0.0375336,0.0282874,0.0205337,0.014238,0.0101382,0.00789954,0.00637281,0.00536071,0.00438292,0.00326789,0.00261603,0.00216144,0.00184408,0.00150958,0.00114076,0.000986371,0.000831982,0.000763365,0.00072048,0.00066044,0.000651863,0.000643285,0.000626131,0.000626131,0.000626131,0.000643285,0.00066044,0.000694748,0.000737634,0.000763365,0.000789097,0.000909177,0.0010121,0.00117507,0.00158677,0.0019127,0.00234156,0.00296769,0.00397979,0.00505193,0.0061155,0.00749642,0.00908319,0.0113561,0.0146669,0.0190412,0.0238616,0.0295654,0.0363499,0.0448155,0.0547307,0.0660011,0.0826579,0.10935,0.181467,0.263052,0.341259,0.424182,0.500536,0.553714,0.567086,0.581839,0.600494,0.624047,0.655285,0.69552,0.748656,0.787073,0.80204,0.79426,0.783736,0.785254,0.794174,0.786944,0.752936,0.695006,0.640626,0.592646,0.552436,0.426447,0.312551,0.206735,0.104392,0.07089,0.0503564,0.0348146,0.0251739,0.0180806,0.0131059,0.0103097,0.00882588,0.00813113,0.00783093,0.00777089,0.00768512,0.00754788,0.00747069,0.0075393,0.00790812,0.00853425,0.00954636,0.0107815,0.0123082,0.014015,0.0158849,0.0171886,0.0179948,0.018235,0.0180463,0.0174202,0.0165196,0.0154989,0.014238,0.0129772,0.0118193,0.0106013,0.00943485,0.00841417,0.00752215,0.00681883,0.00613265,0.00572953,0.00560945,0.00566949,0.0059268,0.00650147,0.00711045,0.00803678,0.00910034,0.0106614,0.0129772,0.0165367,0.0209196,0.0265634,0.0333822,0.0414362,0.050202,0.0579643,0.0660011,0.07511,0.0835242,0.0942542,0.107291,0.122979,0.14606,0.179974,0.20857,0.234096,0.263953,0.296314,0.326798,0.357675,0.389788,0.421506,0.450549,0.479659,0.503898,0.521499,0.533833,0.54307,0.549614,0.549426,0.543773,0.533129,0.513659,0.488734,0.458174,0.428831,0.394934
0.286331,0.242484,0.195885,0.134773,0.10441,0.0853511,0.0713789,0.0595168,0.0495587,0.0389917,0.0300886,0.0224292,0.0159792,0.0106442,0.00747926,0.00553225,0.00419422,0.00312208,0.00254741,0.00208424,0.00177547,0.00145811,0.00114076,0.000977794,0.000806251,0.000737634,0.000626131,0.000548937,0.000506051,0.000471743,0.000454588,0.000454588,0.00042028,0.000403126,0.000403126,0.000411703,0.000454588,0.000463165,0.00048032,0.000514628,0.00054036,0.000583245,0.00066044,0.000746211,0.000857714,0.00102926,0.00133803,0.0018012,0.00222148,0.00289907,0.00400552,0.00526636,0.00656151,0.00830267,0.0108501,0.0147784,0.0200105,0.0259973,0.0330306,0.0420623,0.0531525,0.0655551,0.084056,0.11514,0.206392,0.29881,0.406702,0.538481,0.584866,0.618249,0.638508,0.644358,0.647737,0.656297,0.67147,0.695546,0.728971,0.76587,0.785271,0.782535,0.768031,0.752026,0.739101,0.722144,0.694174,0.656528,0.614286,0.573853,0.502938,0.377051,0.269871,0.145854,0.0859687,0.0596797,0.0415562,0.0279958,0.0195044,0.0137663,0.00986371,0.00781377,0.00637281,0.00560945,0.00530067,0.00526636,0.00526636,0.00524063,0.0051034,0.00505193,0.00508624,0.00530067,0.00563518,0.00620985,0.00693891,0.00777946,0.00853425,0.00928904,0.00987229,0.0102926,0.0103698,0.0101725,0.00984655,0.00949489,0.00903173,0.00855998,0.00808824,0.00749642,0.00688744,0.00615839,0.00557514,0.00506909,0.00453731,0.0040913,0.00385971,0.00378252,0.00388544,0.00426284,0.00482893,0.00547221,0.00623558,0.00740207,0.00892022,0.0113561,0.0151301,0.020242,0.0266492,0.0348661,0.0449614,0.0556227,0.0661212,0.0779919,0.0895024,0.103123,0.118828,0.142724,0.176423,0.202875,0.221402,0.238899,0.260642,0.289753,0.3216,0.354913,0.389462,0.423265,0.454125,0.48472,0.508581,0.525839,0.534802,0.538516,0.541329,0.540892,0.534536,0.519354,0.496239,0.462951,0.429234,0.394514,0.359725,0.323907
0.201125,0.136522,0.103663,0.0834641,0.0692261,0.0575869,0.0477232,0.0380911,0.0298141,0.0228066,0.0168198,0.0115191,0.00800247,0.00553225,0.00368817,0.00247879,0.00192986,0.00156104,0.00114934,0.000994948,0.00084056,0.000763365,0.00066044,0.000574668,0.000523205,0.000454588,0.000368817,0.000334508,0.000308777,0.0003002,0.000274468,0.000257314,0.000248737,0.00024016,0.00024016,0.000248737,0.000274468,0.000291623,0.000308777,0.000343086,0.000377394,0.000454588,0.000497474,0.000557514,0.000651863,0.000771942,0.000952062,0.00119222,0.00173258,0.00217859,0.0029248,0.00423711,0.0056266,0.00760792,0.0103698,0.0148041,0.0207738,0.0276698,0.0365386,0.0486152,0.0620728,0.0816372,0.11393,0.209728,0.308726,0.441139,0.572198,0.643654,0.752567,0.836863,0.852653,0.826433,0.777303,0.736888,0.7209,0.725008,0.743123,0.757121,0.761221,0.752121,0.733182,0.712537,0.689319,0.660646,0.627152,0.591256,0.557119,0.450257,0.339123,0.234885,0.114848,0.0733174,0.0510511,0.0338368,0.0219832,0.0142466,0.00984655,0.00735918,0.00557514,0.00458877,0.00377394,0.00317354,0.00304488,0.003002,0.00299342,0.00297627,0.0029248,0.0029248,0.00293338,0.00304488,0.00326789,0.00375679,0.00409987,0.00460592,0.00503478,0.00529209,0.00548079,0.00554941,0.00553225,0.0054036,0.00528352,0.00508624,0.00494043,0.00476031,0.00452015,0.00421138,0.00385971,0.00333651,0.00299342,0.00272753,0.00244448,0.00228152,0.00216144,0.00219575,0.00234156,0.00265034,0.00307919,0.00389402,0.00485466,0.00582388,0.00747926,0.00983798,0.0135948,0.0193414,0.0268207,0.0365901,0.0493014,0.0618412,0.0766024,0.0924358,0.111709,0.139233,0.183122,0.214265,0.235425,0.251662,0.26445,0.276433,0.293355,0.319361,0.352649,0.389128,0.424508,0.456072,0.487276,0.510211,0.527443,0.535865,0.535822,0.530127,0.522528,0.510683,0.494035,0.466957,0.435864,0.398545,0.359605,0.323718,0.28911,0.247699
0.10664,0.0844505,0.0687372,0.0563518,0.0456304,0.0358524,0.0281502,0.0215115,0.0160821,0.0114247,0.00814828,0.00566091,0.00381683,0.00234156,0.00164681,0.00106357,0.000857714,0.000737634,0.000617554,0.00054036,0.000471743,0.000403126,0.00036024,0.000308777,0.000265891,0.000223006,0.000205851,0.00018012,0.000162966,0.000154388,0.000154388,0.000154388,0.000145811,0.000145811,0.000145811,0.000154388,0.000154388,0.000162966,0.000205851,0.000214428,0.000248737,0.000308777,0.000343086,0.000403126,0.000506051,0.000591823,0.000746211,0.000917754,0.00114934,0.00174116,0.00229867,0.00321643,0.00497474,0.00692175,0.00985513,0.0147012,0.0213914,0.0295997,0.0406985,0.0553569,0.0737891,0.102094,0.183757,0.290293,0.424766,0.573742,0.676685,0.872509,0.922977,0.934471,0.93134,0.918063,0.887537,0.824469,0.76762,0.740096,0.732728,0.732925,0.726938,0.712983,0.694765,0.672139,0.64368,0.610992,0.576924,0.525736,0.409696,0.307036,0.206906,0.101133,0.065049,0.0436491,0.0283131,0.017849,0.0105928,0.00700752,0.00514628,0.00362813,0.00277042,0.0022901,0.00201563,0.0019127,0.00189555,0.00190412,0.00188697,0.00187839,0.00186124,0.00186124,0.00187839,0.00190412,0.00197274,0.00204994,0.00216144,0.00228152,0.00234156,0.00236729,0.00235871,0.00234156,0.0022901,0.00216144,0.00208424,0.00199847,0.00198132,0.00195559,0.0019127,0.00186124,0.00179262,0.0016897,0.00156104,0.00140665,0.00126942,0.00114934,0.00114934,0.0013123,0.00151815,0.00180978,0.00208424,0.00261603,0.00331935,0.00464881,0.00608977,0.00841417,0.0119994,0.0183036,0.0266492,0.0379967,0.052818,0.0682226,0.0865004,0.110431,0.149817,0.208364,0.243136,0.271415,0.292317,0.305741,0.312945,0.319824,0.331927,0.355239,0.389282,0.425932,0.458431,0.489669,0.509739,0.523523,0.529355,0.527734,0.516876,0.499876,0.478579,0.454348,0.428908,0.39713,0.360823,0.323813,0.286708,0.247562,0.207035,0.144782
0.070384,0.0569522,0.0457419,0.035192,0.0267178,0.0200105,0.0144182,0.0103526,0.00770227,0.00556656,0.00384256,0.00235871,0.00162108,0.000994948,0.00072048,0.000557514,0.000454588,0.000334508,0.000291623,0.00024016,0.000205851,0.000162966,0.000154388,0.00012008,0.00012008,0.000111503,0.000111503,0.000111503,0.000111503,0.000111503,0.000111503,0.000111503,0.000111503,0.000111503,0.000111503,0.000111503,0.000111503,0.000111503,0.00012008,0.000137234,0.000154388,0.000205851,0.00024016,0.0003002,0.000368817,0.000463165,0.000557514,0.000737634,0.000943485,0.00130373,0.00187839,0.00266749,0.00423711,0.00628704,0.0094177,0.0145125,0.0219232,0.0315038,0.0447126,0.0618326,0.0852396,0.129215,0.244457,0.364854,0.552085,0.646939,0.874808,0.936581,0.964988,0.975143,0.961377,0.93731,0.913791,0.860733,0.795006,0.742394,0.716954,0.705804,0.692098,0.674163,0.652986,0.627306,0.598015,0.567206,0.49762,0.38152,0.282179,0.171954,0.0919555,0.0598255,0.038194,0.0237072,0.0139464,0.00807109,0.00499189,0.00299342,0.00216144,0.00174974,0.0014238,0.00114934,0.00109787,0.00106357,0.00108072,0.00109787,0.00107214,0.00104641,0.00104641,0.00104641,0.00104641,0.00105499,0.00109787,0.00112361,0.00114076,0.00114076,0.00111503,0.00105499,0.00102926,0.000977794,0.000917754,0.000814828,0.00078052,0.000763365,0.000746211,0.000746211,0.000746211,0.000746211,0.000746211,0.000737634,0.000711902,0.000669017,0.00066044,0.000669017,0.00072048,0.000771942,0.0009006,0.00104641,0.00146669,0.00187839,0.00237587,0.003225,0.00500047,0.00704183,0.0105156,0.0168283,0.0260488,0.0383827,0.0547136,0.0727513,0.0957123,0.132594,0.205645,0.254261,0.294685,0.325134,0.348704,0.362556,0.368474,0.372737,0.380928,0.399163,0.427853,0.458045,0.489154,0.508281,0.517493,0.516678,0.507921,0.492962,0.468715,0.443009,0.415391,0.384153,0.350788,0.316316,0.279958,0.239602,0.19682,0.140416,0.10796,0.0867063
0.0447555,0.0349433,0.026795,0.0198732,0.0140494,0.00994948,0.00726484,0.00528352,0.00357667,0.00235871,0.00165539,0.00100353,0.000711902,0.000497474,0.000343086,0.00024016,0.000162966,0.00012008,0.000111503,0.000111503,0.000111503,0.000111503,0.000111503,0.000111503,0.000111503,0.000111503,0.000111503,0.000111503,0.000111503,0.000111503,0.000111503,0.000111503,0.000111503,0.000111503,0.000111503,0.000111503,0.000111503,0.000111503,0.000111503,0.000111503,0.000111503,0.00012008,0.000154388,0.000205851,0.000248737,0.000334508,0.000454588,0.000574668,0.000763365,0.0010121,0.00159535,0.0022901,0.00362813,0.00572953,0.00898884,0.0142895,0.0225493,0.0335538,0.0492928,0.0683426,0.0970932,0.175179,0.291314,0.437202,0.587139,0.758596,0.923561,0.9654,0.99542,1,0.975444,0.942405,0.914958,0.860579,0.792056,0.729923,0.696824,0.675089,0.65411,0.631397,0.607725,0.581787,0.555395,0.461725,0.357975,0.260634,0.142681,0.083061,0.0551596,0.034077,0.0202249,0.0112189,0.00620127,0.00307919,0.00184408,0.00114934,0.000943485,0.00078052,0.000754788,0.000737634,0.00072048,0.000746211,0.000746211,0.000746211,0.000746211,0.000746211,0.00072048,0.00072048,0.000711902,0.00072048,0.00072048,0.000737634,0.00072048,0.000711902,0.00066044,0.000608977,0.00054036,0.000497474,0.000446011,0.000368817,0.000317354,0.0003002,0.000248737,0.00024016,0.000248737,0.000274468,0.000274468,0.0003002,0.000308777,0.000317354,0.000343086,0.000368817,0.000454588,0.000506051,0.000591823,0.000746211,0.000943485,0.0012008,0.00176689,0.00235871,0.00375679,0.00572953,0.00893738,0.0147012,0.0241618,0.0372419,0.0545763,0.0745525,0.101416,0.155778,0.235442,0.291528,0.33757,0.377943,0.407963,0.426001,0.432802,0.433935,0.435504,0.443627,0.460472,0.482962,0.49979,0.505862,0.500519,0.483433,0.457908,0.431576,0.400878,0.368937,0.337956,0.305809,0.26988,0.229027,0.180437,0.125835,0.10103,0.0831725,0.068943,0.0562489
0.024908,0.0186381,0.013346,0.00965786,0.00706756,0.00525779,0.00343943,0.00235871,0.00169827,0.00103783,0.000746211,0.000514628,0.000334508,0.000205851,0.00012008,0.000111503,0.000111503,0.000111503,0.000111503,9.43485e-05,9.43485e-05,9.43485e-05,8.57714e-05,9.43485e-05,9.43485e-05,9.43485e-05,9.43485e-05,9.43485e-05,9.43485e-05,9.43485e-05,0.000102926,0.000111503,0.000111503,0.000111503,0.000111503,0.000111503,0.000111503,0.000111503,0.000111503,0.000111503,0.000111503,0.000111503,0.000111503,0.000128657,0.000197274,0.00024016,0.000343086,0.000497474,0.000651863,0.000866291,0.00132946,0.00204136,0.00312208,0.00544648,0.00862002,0.0141437,0.0232526,0.0357838,0.0531354,0.0744667,0.108604,0.209154,0.321677,0.487688,0.612974,0.834753,0.934539,0.975006,0.999974,0.992821,0.964482,0.931477,0.900565,0.822711,0.749273,0.697201,0.664068,0.636098,0.610358,0.585261,0.561888,0.503718,0.411094,0.321488,0.231128,0.119085,0.0762679,0.0501848,0.0303888,0.0173516,0.00910892,0.00499189,0.00217859,0.00104641,0.000711902,0.00054036,0.000471743,0.000454588,0.000454588,0.000454588,0.000463165,0.000471743,0.000488897,0.000497474,0.000488897,0.000471743,0.000463165,0.000463165,0.000454588,0.000454588,0.000454588,0.000454588,0.000446011,0.000377394,0.000368817,0.000317354,0.000274468,0.000205851,0.000154388,0.00012008,0.000111503,0.000111503,0.000111503,0.000111503,0.000111503,0.000111503,0.000111503,0.000111503,0.000111503,0.00012008,0.000154388,0.000205851,0.00024016,0.000308777,0.000377394,0.000523205,0.00066044,0.000831982,0.00111503,0.00178404,0.00265034,0.00464023,0.00746211,0.012454,0.02146,0.0341284,0.0519003,0.0722881,0.101665,0.169647,0.251876,0.314455,0.370232,0.421129,0.458045,0.483476,0.492962,0.490835,0.483888,0.47899,0.481358,0.486521,0.485535,0.474316,0.453774,0.425649,0.391152,0.355085,0.321291,0.28911,0.253686,0.21641,0.162854,0.117884,0.0943228,0.0779405,0.0639426,0.0537358,0.0428257,0.0328333
0.0115363,0.00848279,0.00629562,0.00478604,0.00321643,0.0022901,0.00164681,0.00104641,0.000746211,0.000531783,0.000334508,0.000205851,0.00012008,0.000111503,0.000111503,9.43485e-05,7.71942e-05,7.71942e-05,7.71942e-05,7.71942e-05,7.71942e-05,7.71942e-05,7.71942e-05,7.71942e-05,7.71942e-05,7.71942e-05,7.71942e-05,7.71942e-05,7.71942e-05,7.71942e-05,7.71942e-05,7.71942e-05,9.43485e-05,9.43485e-05,9.43485e-05,9.43485e-05,9.43485e-05,9.43485e-05,0.000111503,0.000111503,0.000111503,0.000111503,0.000111503,0.000111503,0.00012008,0.000197274,0.000274468,0.000394548,0.000557514,0.00078052,0.00111503,0.00187839,0.00290765,0.00518917,0.00830267,0.0140665,0.0240074,0.0377994,0.0558886,0.0785323,0.115774,0.222019,0.333445,0.501136,0.61818,0.831777,0.928861,0.95859,0.971936,0.961849,0.936984,0.909434,0.816698,0.720625,0.675604,0.644812,0.616722,0.590047,0.565328,0.51763,0.429972,0.347734,0.269073,0.174896,0.097565,0.0658896,0.0436147,0.0264176,0.0145726,0.00773658,0.00386829,0.00173258,0.000763365,0.000403126,0.000248737,0.000205851,0.000205851,0.000205851,0.000205851,0.000214428,0.00024016,0.00024016,0.000248737,0.000265891,0.000265891,0.000265891,0.000265891,0.000248737,0.000248737,0.00024016,0.00024016,0.00024016,0.000214428,0.000205851,0.000162966,0.000137234,0.000111503,0.000111503,0.000111503,0.000111503,9.43485e-05,7.71942e-05,7.71942e-05,7.71942e-05,7.71942e-05,7.71942e-05,9.43485e-05,0.000111503,0.000111503,0.000111503,0.000111503,0.000111503,0.00012008,0.000162966,0.00024016,0.000334508,0.000454588,0.000591823,0.00078052,0.00114076,0.00194701,0.00321643,0.00591823,0.0101811,0.0181921,0.0298141,0.0462737,0.0667387,0.0959267,0.159595,0.252502,0.321505,0.385148,0.442675,0.490432,0.518299,0.528326,0.523248,0.508427,0.491676,0.474813,0.460524,0.443421,0.420245,0.389316,0.352495,0.313349,0.274571,0.234816,0.194967,0.140305,0.109058,0.0890907,0.0738663,0.0604688,0.0500476,0.0394034,0.0304574,0.0229181,0.0165024
0.00524921,0.00374821,0.00266749,0.00200705,0.00151815,0.0010121,0.000763365,0.00054036,0.000343086,0.000205851,0.00012008,0.000111503,0.000111503,9.43485e-05,7.71942e-05,7.71942e-05,7.71942e-05,6.86171e-05,6.004e-05,5.14628e-05,5.14628e-05,5.14628e-05,6.004e-05,6.004e-05,6.86171e-05,7.71942e-05,7.71942e-05,7.71942e-05,7.71942e-05,7.71942e-05,7.71942e-05,7.71942e-05,7.71942e-05,7.71942e-05,7.71942e-05,7.71942e-05,7.71942e-05,8.57714e-05,9.43485e-05,9.43485e-05,0.000111503,0.000111503,0.000111503,0.000111503,0.000111503,0.000128657,0.000205851,0.000334508,0.000506051,0.000737634,0.00102926,0.00177547,0.00273611,0.00493185,0.00807966,0.0140665,0.0244963,0.0389488,0.0572953,0.0801276,0.116701,0.220304,0.326223,0.478536,0.599576,0.748501,0.908628,0.927746,0.932421,0.921768,0.888463,0.765432,0.66797,0.631783,0.610092,0.588126,0.566143,0.528103,0.445239,0.363002,0.288089,0.209154,0.114608,0.0778976,0.0546535,0.0349004,0.0211255,0.0116906,0.00636424,0.00296769,0.00136377,0.000643285,0.000291623,0.00012008,0.000111503,0.000111503,0.000111503,0.000111503,0.000111503,0.000111503,0.000111503,0.000111503,0.000111503,0.00012008,0.00012008,0.00012008,0.000128657,0.000128657,0.000137234,0.000128657,0.00012008,0.00012008,0.000111503,0.000111503,0.000111503,0.000111503,0.000111503,0.000111503,9.43485e-05,7.71942e-05,7.71942e-05,7.71942e-05,7.71942e-05,7.71942e-05,7.71942e-05,7.71942e-05,7.71942e-05,7.71942e-05,8.57714e-05,9.43485e-05,0.000111503,0.000111503,0.000111503,0.000111503,0.00012008,0.000197274,0.000274468,0.000377394,0.000557514,0.000789097,0.00133803,0.00234156,0.00464881,0.00813113,0.014341,0.024848,0.0396006,0.0592509,0.0858228,0.135184,0.236086,0.309806,0.376099,0.437305,0.487816,0.518299,0.528446,0.520744,0.498701,0.467445,0.439064,0.411737,0.381683,0.349141,0.31352,0.274005,0.227612,0.172238,0.120972,0.0985856,0.0823405,0.0687972,0.0570637,0.0465396,0.0364271,0.0281502,0.021237,0.0152673,0.010344,0.00709329
0.0019127,0.00150958,0.00105499,0.00084056,0.00066044,0.000514628,0.000343086,0.000214428,0.00012008,0.000111503,0.000111503,9.43485e-05,9.43485e-05,7.71942e-05,7.71942e-05,7.71942e-05,6.86171e-05,5.14628e-05,5.14628e-05,2.57314e-05,1.71543e-05,1.71543e-05,4.28857e-05,5.14628e-05,5.14628e-05,6.004e-05,6.004e-05,6.86171e-05,6.86171e-05,7.71942e-05,7.71942e-05,7.71942e-05,7.71942e-05,7.71942e-05,7.71942e-05,7.71942e-05,7.71942e-05,7.71942e-05,7.71942e-05,8.57714e-05,9.43485e-05,9.43485e-05,0.000111503,0.000111503,0.000111503,0.000111503,0.000162966,0.000291623,0.000454588,0.00066044,0.000969217,0.00165539,0.00257314,0.00464881,0.00789954,0.013955,0.024299,0.0385542,0.056652,0.078498,0.111031,0.203098,0.302198,0.429157,0.567987,0.64217,0.753442,0.831571,0.828431,0.757687,0.670226,0.615839,0.585047,0.568741,0.555438,0.506617,0.436679,0.367213,0.300423,0.225656,0.130433,0.0871952,0.0614466,0.0424568,0.0272496,0.0163823,0.00908319,0.00518917,0.00237587,0.00106357,0.000574668,0.00024016,0.000111503,0.000111503,0.000111503,9.43485e-05,9.43485e-05,9.43485e-05,9.43485e-05,0.000111503,0.000111503,0.000111503,0.000111503,0.000111503,0.000111503,0.000111503,0.000111503,0.000111503,0.000111503,0.000111503,0.000111503,0.000111503,0.000111503,0.000111503,0.000111503,9.43485e-05,9.43485e-05,7.71942e-05,7.71942e-05,7.71942e-05,6.86171e-05,6.004e-05,5.14628e-05,5.14628e-05,5.14628e-05,6.004e-05,6.86171e-05,7.71942e-05,7.71942e-05,7.71942e-05,7.71942e-05,9.43485e-05,0.000111503,0.000111503,0.000111503,0.000111503,0.000137234,0.00024016,0.000368817,0.000574668,0.000917754,0.00173258,0.00310492,0.00626131,0.0109702,0.019573,0.0322243,0.0509139,0.0743552,0.110208,0.20212,0.280241,0.343797,0.402285,0.449253,0.478733,0.488357,0.476134,0.449468,0.415391,0.377849,0.341567,0.307456,0.271046,0.228418,0.172967,0.117327,0.0919212,0.0748441,0.0619441,0.0524492,0.0425769,0.0334937,0.0258772,0.0190155,0.0134833,0.00946916,0.00659582,0.00427999,0.00261603
0.000746211,0.000617554,0.000506051,0.000377394,0.0003002,0.000205851,0.00012008,0.000111503,0.000111503,9.43485e-05,9.43485e-05,7.71942e-05,7.71942e-05,7.71942e-05,6.86171e-05,6.004e-05,5.14628e-05,3.43086e-05,1.71543e-05,8.57714e-06,8.57714e-06,8.57714e-06,8.57714e-06,1.71543e-05,3.43086e-05,5.14628e-05,5.14628e-05,5.14628e-05,6.004e-05,6.004e-05,6.86171e-05,6.86171e-05,6.86171e-05,7.71942e-05,7.71942e-05,7.71942e-05,7.71942e-05,7.71942e-05,7.71942e-05,7.71942e-05,7.71942e-05,9.43485e-05,9.43485e-05,0.000111503,0.000111503,0.000111503,0.000128657,0.00024016,0.000377394,0.000608977,0.000909177,0.00156104,0.00247022,0.00443438,0.00755646,0.0133375,0.0233813,0.0366072,0.0540789,0.0731544,0.0999151,0.160092,0.260531,0.360223,0.488502,0.572232,0.60721,0.623369,0.614346,0.590622,0.565388,0.530376,0.474779,0.433343,0.390603,0.341585,0.28911,0.227406,0.139867,0.0919984,0.0656065,0.0466339,0.0307834,0.0201563,0.0121967,0.00715333,0.0040141,0.0019899,0.000977794,0.00054036,0.00024016,0.000111503,9.43485e-05,7.71942e-05,7.71942e-05,7.71942e-05,7.71942e-05,7.71942e-05,7.71942e-05,7.71942e-05,7.71942e-05,7.71942e-05,7.71942e-05,9.43485e-05,9.43485e-05,9.43485e-05,0.000102926,0.000111503,0.000111503,0.000111503,0.000111503,0.000111503,9.43485e-05,9.43485e-05,7.71942e-05,7.71942e-05,7.71942e-05,7.71942e-05,6.86171e-05,6.004e-05,5.14628e-05,4.28857e-05,1.71543e-05,1.71543e-05,1.71543e-05,4.28857e-05,5.14628e-05,6.004e-05,6.86171e-05,7.71942e-05,7.71942e-05,7.71942e-05,7.71942e-05,9.43485e-05,0.000111503,0.000111503,0.000111503,0.00012008,0.000223006,0.000377394,0.00066044,0.00107214,0.00219575,0.00476031,0.00837986,0.0147012,0.0251396,0.0406985,0.0612236,0.0891165,0.138624,0.231531,0.295585,0.345882,0.386434,0.410227,0.414353,0.401033,0.374967,0.339912,0.302464,0.262881,0.22256,0.168987,0.117704,0.0923243,0.0734375,0.0583589,0.0463423,0.0367187,0.0293081,0.0228066,0.0172915,0.0120337,0.00841417,0.00578099,0.0038254,0.00218717,0.0013895,0.000943485
0.000291623,0.000214428,0.000154388,0.00012008,0.000111503,0.000111503,0.000111503,9.43485e-05,7.71942e-05,7.71942e-05,7.71942e-05,7.71942e-05,7.71942e-05,6.004e-05,5.14628e-05,5.14628e-05,1.71543e-05,8.57714e-06,0,0,0,0,8.57714e-06,8.57714e-06,1.71543e-05,1.71543e-05,3.43086e-05,5.14628e-05,5.14628e-05,5.14628e-05,5.14628e-05,6.004e-05,6.004e-05,6.004e-05,6.86171e-05,6.86171e-05,7.71942e-05,7.71942e-05,7.71942e-05,7.71942e-05,7.71942e-05,7.71942e-05,9.43485e-05,0.000111503,0.000111503,0.000111503,0.00012008,0.000205851,0.000343086,0.000548937,0.000806251,0.00144096,0.00234156,0.00418564,0.00707614,0.0123768,0.0214428,0.0334594,0.0489755,0.0650319,0.0858572,0.118064,0.204513,0.287197,0.365772,0.442683,0.498649,0.511721,0.490638,0.445025,0.397911,0.354613,0.318915,0.284607,0.243771,0.192874,0.123537,0.0915095,0.0677251,0.048701,0.032353,0.0206023,0.0127456,0.00813113,0.00504336,0.00256456,0.00147527,0.000771942,0.000454588,0.000205851,0.000111503,9.43485e-05,7.71942e-05,7.71942e-05,7.71942e-05,7.71942e-05,7.71942e-05,6.86171e-05,6.86171e-05,6.86171e-05,6.86171e-05,7.71942e-05,7.71942e-05,7.71942e-05,7.71942e-05,7.71942e-05,7.71942e-05,7.71942e-05,7.71942e-05,7.71942e-05,7.71942e-05,7.71942e-05,7.71942e-05,7.71942e-05,7.71942e-05,7.71942e-05,6.86171e-05,6.004e-05,5.14628e-05,4.28857e-05,1.71543e-05,8.57714e-06,0,0,0,8.57714e-06,1.71543e-05,5.14628e-05,5.14628e-05,6.004e-05,6.86171e-05,7.71942e-05,7.71942e-05,7.71942e-05,9.43485e-05,0.000111503,0.000111503,0.000111503,0.000137234,0.000274468,0.000497474,0.00078052,0.00162108,0.00315639,0.00636424,0.0110216,0.0190927,0.0314438,0.0497302,0.0711902,0.10031,0.155504,0.230948,0.278577,0.310295,0.327372,0.327973,0.314043,0.289504,0.254029,0.214,0.155032,0.114488,0.0919298,0.0745439,0.059268,0.046145,0.0344029,0.025963,0.0197017,0.0145983,0.01073,0.00789954,0.00553225,0.00347374,0.00212713,0.00122653,0.000763365,0.00054036,0.000368817
0.000111503,0.000111503,0.000111503,0.000111503,9.43485e-05,9.43485e-05,7.71942e-05,7.71942e-05,7.71942e-05,7.71942e-05,7.71942e-05,6.86171e-05,6.004e-05,5.14628e-05,4.28857e-05,1.71543e-05,8.57714e-06,0,0,0,0,0,0,0,8.57714e-06,8.57714e-06,1.71543e-05,1.71543e-05,3.43086e-05,4.28857e-05,5.14628e-05,5.14628e-05,5.14628e-05,5.14628e-05,6.004e-05,6.86171e-05,6.86171e-05,7.71942e-05,7.71942e-05,7.71942e-05,7.71942e-05,7.71942e-05,9.43485e-05,9.43485e-05,0.000111503,0.000111503,0.000111503,0.000162966,0.000308777,0.000514628,0.000771942,0.0013123,0.00217859,0.00388544,0.00658724,0.0109959,0.0188526,0.0292223,0.0420623,0.0564204,0.0720222,0.0921871,0.123708,0.201811,0.261637,0.305012,0.327063,0.327509,0.311273,0.286193,0.253635,0.218365,0.17343,0.125604,0.0999322,0.0798532,0.0631878,0.0489326,0.0336395,0.0216659,0.0126942,0.00781377,0.00499189,0.00269322,0.00157819,0.000849137,0.00054036,0.000291623,0.00012008,0.000111503,9.43485e-05,7.71942e-05,7.71942e-05,7.71942e-05,7.71942e-05,6.86171e-05,6.004e-05,6.004e-05,5.14628e-05,5.14628e-05,5.14628e-05,5.14628e-05,6.004e-05,6.004e-05,6.86171e-05,6.86171e-05,7.71942e-05,7.71942e-05,7.71942e-05,7.71942e-05,7.71942e-05,7.71942e-05,7.71942e-05,7.71942e-05,6.86171e-05,6.004e-05,5.14628e-05,5.14628e-05,2.57314e-05,1.71543e-05,8.57714e-06,0,0,0,0,0,0,8.57714e-06,2.57314e-05,5.14628e-05,5.14628e-05,6.86171e-05,7.71942e-05,7.71942e-05,7.71942e-05,9.43485e-05,0.000111503,0.000111503,0.000111503,0.000205851,0.000368817,0.000626131,0.00105499,0.00229867,0.00486324,0.00841417,0.0142209,0.0237673,0.0376108,0.0556828,0.0762593,0.101227,0.138229,0.196477,0.226728,0.240417,0.23865,0.222362,0.19121,0.138915,0.10784,0.0874525,0.0723825,0.0589078,0.0470542,0.0352778,0.0258343,0.0181492,0.0125569,0.00905746,0.00675879,0.00494043,0.00312208,0.00208424,0.0013123,0.00078052,0.000523205,0.0003002,0.000162966,0.000111503
9.43485e-05,9.43485e-05,7.71942e-05,7.71942e-05,7.71942e-05,7.71942e-05,7.71942e-05,7.71942e-05,6.86171e-05,6.86171e-05,6.004e-05,5.14628e-05,5.14628e-05,3.43086e-05,1.71543e-05,8.57714e-06,0,0,0,0,0,0,0,0,0,8.57714e-06,8.57714e-06,8.57714e-06,1.71543e-05,1.71543e-05,2.57314e-05,3.43086e-05,5.14628e-05,5.14628e-05,5.14628e-05,6.004e-05,6.004e-05,6.86171e-05,7.71942e-05,7.71942e-05,7.71942e-05,7.71942e-05,7.71942e-05,9.43485e-05,0.000111503,0.000111503,0.000111503,0.000145811,0.000274468,0.000463165,0.000746211,0.00114076,0.00201563,0.00340512,0.00589249,0.00961497,0.0159792,0.0243848,0.034583,0.0467025,0.0587877,0.0723482,0.0883188,0.109882,0.143092,0.18723,0.20194,0.194881,0.166113,0.133675,0.11007,0.0921442,0.0779748,0.0653492,0.0545935,0.0429457,0.0321385,0.0223606,0.0138263,0.00813113,0.00481177,0.00250452,0.00146669,0.000789097,0.000514628,0.0003002,0.000137234,0.000111503,0.000111503,9.43485e-05,7.71942e-05,7.71942e-05,7.71942e-05,6.86171e-05,6.004e-05,5.14628e-05,5.14628e-05,5.14628e-05,4.28857e-05,4.28857e-05,4.28857e-05,5.14628e-05,5.14628e-05,5.14628e-05,5.14628e-05,5.14628e-05,6.004e-05,6.004e-05,6.004e-05,6.004e-05,6.004e-05,6.004e-05,6.004e-05,5.14628e-05,5.14628e-05,5.14628e-05,2.57314e-05,1.71543e-05,8.57714e-06,0,0,0,0,0,0,0,0,0,8.57714e-06,1.71543e-05,5.14628e-05,5.14628e-05,6.86171e-05,7.71942e-05,7.71942e-05,7.71942e-05,9.43485e-05,0.000111503,0.000111503,0.000145811,0.0003002,0.000514628,0.000831982,0.00176689,0.00327647,0.00637281,0.010567,0.0177461,0.0277985,0.041805,0.0572181,0.0735833,0.0902143,0.107034,0.120963,0.129909,0.125852,0.113338,0.0975478,0.082169,0.0681025,0.0558286,0.0446354,0.0345316,0.0260659,0.018518,0.0124283,0.00843133,0.00586676,0.0040913,0.00261603,0.00184408,0.00114076,0.00078052,0.000548937,0.000343086,0.000197274,0.000111503,0.000111503,0.000111503
7.71942e-05,7.71942e-05,7.71942e-05,6.86171e-05,6.86171e-05,6.86171e-05,6.004e-05,6.004e-05,6.004e-05,5.14628e-05,5.14628e-05,5.14628e-05,3.43086e-05,1.71543e-05,8.57714e-06,8.57714e-06,0,0,0,0,0,0,0,0,0,0,8.57714e-06,8.57714e-06,8.57714e-06,1.71543e-05,1.71543e-05,1.71543e-05,3.43086e-05,4.28857e-05,5.14628e-05,5.14628e-05,6.004e-05,6.86171e-05,6.86171e-05,7.71942e-05,7.71942e-05,7.71942e-05,7.71942e-05,9.43485e-05,9.43485e-05,0.000111503,0.000111503,0.00012008,0.00024016,0.000403126,0.00066044,0.00102926,0.00186124,0.00299342,0.00528352,0.00815686,0.0128228,0.0196931,0.0275669,0.0366072,0.0467626,0.0565748,0.0661555,0.0770656,0.0866977,0.0943142,0.0963127,0.0919383,0.0830095,0.0729057,0.0622271,0.0532898,0.0436576,0.0347203,0.0266492,0.0197617,0.013509,0.0087058,0.0054036,0.00273611,0.00147527,0.00078052,0.000514628,0.000291623,0.000128657,0.000111503,0.000111503,9.43485e-05,7.71942e-05,7.71942e-05,7.71942e-05,7.71942e-05,6.86171e-05,6.004e-05,5.14628e-05,5.14628e-05,3.43086e-05,1.71543e-05,1.71543e-05,1.71543e-05,1.71543e-05,1.71543e-05,1.71543e-05,2.57314e-05,3.43086e-05,4.28857e-05,5.14628e-05,5.14628e-05,5.14628e-05,5.14628e-05,5.14628e-05,5.14628e-05,4.28857e-05,3.43086e-05,1.71543e-05,8.57714e-06,8.57714e-06,0,0,0,0,0,0,0,0,0,0,0,0,1.71543e-05,2.57314e-05,5.14628e-05,6.004e-05,6.86171e-05,7.71942e-05,7.71942e-05,7.71942e-05,0.000111503,0.000111503,0.00012008,0.00024016,0.000454588,0.00072048,0.00121795,0.00235871,0.00478604,0.00793385,0.0127456,0.0201477,0.0298056,0.0417707,0.0542075,0.0638997,0.0731544,0.0792185,0.0811912,0.0786781,0.0718764,0.0624673,0.0529381,0.0418136,0.0317097,0.0238101,0.0176946,0.0122138,0.00849137,0.00582388,0.0039026,0.00245306,0.00173258,0.00102926,0.000746211,0.000514628,0.000343086,0.000214428,0.00012008,0.000111503,0.000111503,9.43485e-05,7.71942e-05
6.86171e-05,6.004e-05,6.004e-05,5.14628e-05,5.14628e-05,5.14628e-05,5.14628e-05,5.14628e-05,5.14628e-05,5.14628e-05,4.28857e-05,3.43086e-05,1.71543e-05,1.71543e-05,8.57714e-06,8.57714e-06,0,0,0,0,0,0,0,0,0,0,0,0,8.57714e-06,8.57714e-06,8.57714e-06,1.71543e-05,1.71543e-05,3.43086e-05,5.14628e-05,5.14628e-05,5.14628e-05,6.004e-05,6.86171e-05,7.71942e-05,7.71942e-05,7.71942e-05,7.71942e-05,7.71942e-05,9.43485e-05,0.000111503,0.000111503,0.000111503,0.000205851,0.000368817,0.0006004,0.000943485,0.00162966,0.00256456,0.00451157,0.00687029,0.0101811,0.0152673,0.0213828,0.0280301,0.0349433,0.0428514,0.0503221,0.056043,0.060709,0.0634622,0.0631449,0.0593452,0.0532383,0.0444639,0.0357838,0.0282188,0.0215458,0.0160821,0.011176,0.00790812,0.00539502,0.00304488,0.00180978,0.000943485,0.000557514,0.000334508,0.000162966,0.000111503,0.000111503,8.57714e-05,7.71942e-05,7.71942e-05,7.71942e-05,6.86171e-05,6.86171e-05,6.004e-05,5.14628e-05,5.14628e-05,4.28857e-05,1.71543e-05,1.71543e-05,8.57714e-06,8.57714e-06,8.57714e-06,8.57714e-06,8.57714e-06,8.57714e-06,8.57714e-06,1.71543e-05,1.71543e-05,1.71543e-05,1.71543e-05,1.71543e-05,1.71543e-05,1.71543e-05,1.71543e-05,8.57714e-06,8.57714e-06,0,0,0,0,0,0,0,0,0,0,0,0,0,0,0,8.57714e-06,1.71543e-05,5.14628e-05,5.14628e-05,6.004e-05,7.71942e-05,7.71942e-05,7.71942e-05,9.43485e-05,0.000111503,0.000111503,0.000205851,0.000351663,0.000574668,0.00096064,0.00184408,0.00312208,0.0057038,0.00908319,0.0139807,0.0207567,0.0287248,0.0370189,0.0448241,0.0509139,0.054036,0.0543276,0.0518059,0.0459134,0.0382112,0.0298399,0.0220947,0.0158162,0.0109702,0.00801962,0.00563518,0.0038254,0.00234156,0.00162108,0.000994948,0.000711902,0.000497474,0.000317354,0.000205851,0.00012008,0.000111503,0.000111503,9.43485e-05,7.71942e-05,7.71942e-05,7.71942e-05
5.14628e-05,5.14628e-05,5.14628e-05,5.14628e-05,5.14628e-05,5.14628e-05,5.14628e-05,5.14628e-05,5.14628e-05,4.28857e-05,3.43086e-05,1.71543e-05,1.71543e-05,8.57714e-06,8.57714e-06,8.57714e-06,0,0,0,0,0,0,0,0,0,0,0,0,0,8.57714e-06,8.57714e-06,8.57714e-06,1.71543e-05,1.71543e-05,3.43086e-05,5.14628e-05,5.14628e-05,6.004e-05,6.004e-05,6.86171e-05,7.71942e-05,7.71942e-05,7.71942e-05,7.71942e-05,9.43485e-05,0.000111503,0.000111503,0.000111503,0.000162966,0.000317354,0.00054036,0.000789097,0.00133803,0.00216144,0.00343943,0.00553225,0.00805393,0.0113819,0.0160307,0.0207824,0.0258429,0.0305603,0.0353207,0.0395149,0.0423196,0.043083,0.0414876,0.0372934,0.0314867,0.0250624,0.0185609,0.0128486,0.00890307,0.00613265,0.00423711,0.00261603,0.00173258,0.000994948,0.000643285,0.000377394,0.000205851,0.000111503,0.000111503,9.43485e-05,7.71942e-05,7.71942e-05,6.86171e-05,6.86171e-05,6.004e-05,6.004e-05,5.14628e-05,5.14628e-05,4.28857e-05,1.71543e-05,1.71543e-05,8.57714e-06,8.57714e-06,0,0,0,0,0,0,0,0,0,0,8.57714e-06,0,0,0,0,0,0,0,0,0,0,0,0,0,0,0,0,0,0,0,0,0,8.57714e-06,1.71543e-05,5.14628e-05,5.14628e-05,6.004e-05,6.86171e-05,7.71942e-05,7.71942e-05,9.43485e-05,0.000111503,0.000111503,0.000154388,0.0003002,0.000497474,0.000763365,0.00130373,0.00223863,0.0040141,0.00636424,0.00943485,0.0136634,0.0189812,0.024239,0.029128,0.0324559,0.0338969,0.0332278,0.0303716,0.0262375,0.0208939,0.0155589,0.0106271,0.00746211,0.00530067,0.00335366,0.00216144,0.0014238,0.000874868,0.000626131,0.000411703,0.000274468,0.000162966,0.000111503,0.000111503,0.000111503,9.43485e-05,7.71942e-05,7.71942e-05,7.71942e-05,6.86171e-05,6.004e-05
5.14628e-05,5.14628e-05,5.14628e-05,5.14628e-05,5.14628e-05,5.14628e-05,5.14628e-05,5.14628e-05,4.28857e-05,3.43086e-05,1.71543e-05,1.71543e-05,1.71543e-05,8.57714e-06,8.57714e-06,8.57714e-06,0,0,0,0,0,0,0,0,0,0,0,0,0,0,8.57714e-06,8.57714e-06,1.71543e-05,1.71543e-05,3.43086e-05,5.14628e-05,5.14628e-05,5.14628e-05,6.004e-05,6.86171e-05,7.71942e-05,7.71942e-05,7.71942e-05,7.71942e-05,9.43485e-05,9.43485e-05,0.000111503,0.000111503,0.000128657,0.000248737,0.000463165,0.00072048,0.00104641,0.00180978,0.00269322,0.00433145,0.0061155,0.00838844,0.0112189,0.014564,0.0180806,0.0210054,0.0237673,0.0260316,0.0267435,0.0263661,0.024462,0.0210054,0.0168712,0.0121281,0.00834556,0.00560087,0.0033022,0.00201563,0.00121795,0.00078052,0.00054036,0.000334508,0.000197274,0.000111503,0.000111503,9.43485e-05,7.71942e-05,7.71942e-05,6.86171e-05,6.004e-05,5.14628e-05,5.14628e-05,5.14628e-05,5.14628e-05,3.43086e-05,1.71543e-05,1.71543e-05,8.57714e-06,0,0,0,0,0,0,0,0,0,0,0,0,0,0,0,0,0,0,0,0,0,0,0,0,0,0,0,0,0,0,0,0,0,0,0,8.57714e-06,1.71543e-05,4.28857e-05,5.14628e-05,6.004e-05,6.86171e-05,7.71942e-05,7.71942e-05,9.43485e-05,0.000111503,0.000111503,0.00012008,0.00024016,0.000377394,0.000591823,0.000926331,0.00162108,0.0025131,0.00429715,0.00629562,0.0087058,0.0116821,0.01495,0.0179691,0.0198303,0.0202849,0.0193414,0.0173087,0.0140579,0.0108329,0.0079167,0.00553225,0.00359382,0.00227294,0.00147527,0.000892022,0.000583245,0.000368817,0.000205851,0.00012008,0.000111503,0.000111503,0.000111503,9.43485e-05,7.71942e-05,7.71942e-05,7.71942e-05,6.86171e-05,6.004e-05,5.14628e-05,5.14628e-05
5.14628e-05,5.14628e-05,5.14628e-05,5.14628e-05,5.14628e-05,5.14628e-05,5.14628e-05,4.28857e-05,3.43086e-05,2.57314e-05,1.71543e-05,1.71543e-05,1.71543e-05,8.57714e-06,8.57714e-06,8.57714e-06,0,0,0,0,0,0,0,0,0,0,0,0,0,0,8.57714e-06,8.57714e-06,8.57714e-06,1.71543e-05,1.71543e-05,3.43086e-05,5.14628e-05,5.14628e-05,6.004e-05,6.86171e-05,6.86171e-05,7.71942e-05,7.71942e-05,7.71942e-05,7.71942e-05,9.43485e-05,0.000111503,0.000111503,0.000111503,0.000205851,0.000368817,0.000583245,0.000857714,0.00136377,0.00208424,0.00299342,0.00464023,0.00608977,0.00789954,0.00979509,0.0116906,0.013346,0.014624,0.0155332,0.0155332,0.0145125,0.0127885,0.010567,0.00815686,0.00577241,0.00367102,0.00208424,0.00114076,0.000729057,0.000454588,0.000223006,0.000111503,0.000111503,0.000111503,8.57714e-05,7.71942e-05,7.71942e-05,6.004e-05,5.14628e-05,5.14628e-05,4.28857e-05,3.43086e-05,3.43086e-05,2.57314e-05,1.71543e-05,1.71543e-05,8.57714e-06,0,0,0,0,0,0,0,0,0,0,0,0,0,0,0,0,0,0,0,0,0,0,0,0,0,0,0,0,0,0,0,0,0,0,0,0,0,8.57714e-06,1.71543e-05,4.28857e-05,5.14628e-05,6.004e-05,6.86171e-05,7.71942e-05,7.71942e-05,7.71942e-05,0.000111503,0.000111503,0.000111503,0.000188697,0.000308777,0.000471743,0.000703325,0.00102068,0.00174116,0.00255599,0.00405699,0.00560087,0.00726484,0.00888592,0.010344,0.0112532,0.0113819,0.0106185,0.0093405,0.00775373,0.00584103,0.00419422,0.00261603,0.00176689,0.00102926,0.000703325,0.000454588,0.00024016,0.000111503,0.000111503,0.000111503,9.43485e-05,7.71942e-05,7.71942e-05,7.71942e-05,7.71942e-05,6.86171e-05,6.86171e-05,6.004e-05,5.14628e-05,5.14628e-05,5.14628e-05
5.14628e-05,5.14628e-05,5.14628e-05,5.14628e-05,5.14628e-05,5.14628e-05,4.28857e-05,3.43086e-05,3.43086e-05,1.71543e-05,1.71543e-05,1.71543e-05,1.71543e-05,8.57714e-06,8.57714e-06,8.57714e-06,0,0,0,0,0,0,0,0,0,0,0,0,0,0,0,8.57714e-06,8.57714e-06,1.71543e-05,1.71543e-05,3.43086e-05,5.14628e-05,5.14628e-05,5.14628e-05,6.004e-05,6.86171e-05,7.71942e-05,7.71942e-05,7.71942e-05,7.71942e-05,9.43485e-05,0.000111503,0.000111503,0.000111503,0.000154388,0.0003002,0.000497474,0.00072048,0.000994948,0.00159535,0.00216144,0.00299342,0.00426284,0.0054036,0.00649289,0.00749642,0.00827694,0.00868006,0.00869722,0.00831982,0.00771942,0.00677594,0.00548079,0.00395406,0.0024016,0.00152673,0.000849137,0.00054036,0.0003002,0.00012008,0.000111503,9.43485e-05,7.71942e-05,7.71942e-05,6.86171e-05,5.14628e-05,4.28857e-05,1.71543e-05,1.71543e-05,1.71543e-05,1.71543e-05,1.71543e-05,8.57714e-06,8.57714e-06,8.57714e-06,0,0,0,0,0,0,0,0,0,0,0,0,0,0,0,0,0,0,0,0,0,0,0,0,0,0,0,0,0,0,0,0,0,0,0,0,0,0,0,8.57714e-06,1.71543e-05,4.28857e-05,5.14628e-05,6.004e-05,6.86171e-05,7.71942e-05,7.71942e-05,7.71942e-05,9.43485e-05,0.000111503,0.000111503,0.000137234,0.00024016,0.000368817,0.00054036,0.000746211,0.00102926,0.00165539,0.00229867,0.00313923,0.00441723,0.00535213,0.00595253,0.00647574,0.00648432,0.00595253,0.00528352,0.00409987,0.00284761,0.00198132,0.00126942,0.000806251,0.00054036,0.000317354,0.000154388,0.000111503,9.43485e-05,7.71942e-05,7.71942e-05,7.71942e-05,7.71942e-05,6.86171e-05,6.86171e-05,6.004e-05,6.004e-05,5.14628e-05,5.14628e-05,5.14628e-05,5.14628e-05,5.14628e-05
5.14628e-05,5.14628e-05,5.14628e-05,5.14628e-05,5.14628e-05,4.28857e-05,3.43086e-05,3.43086e-05,2.57314e-05,1.71543e-05,1.71543e-05,1.71543e-05,1.71543e-05,8.57714e-06,8.57714e-06,8.57714e-06,0,0,0,0,0,0,0,0,0,0,0,0,0,0,0,8.57714e-06,8.57714e-06,1.71543e-05,1.71543e-05,2.57314e-05,4.28857e-05,5.14628e-05,5.14628e-05,6.004e-05,6.86171e-05,7.71942e-05,7.71942e-05,7.71942e-05,7.71942e-05,7.71942e-05,9.43485e-05,0.000111503,0.000111503,0.00012008,0.000214428,0.000368817,0.000557514,0.000771942,0.00104641,0.00159535,0.00204994,0.00261603,0.003225,0.0040913,0.00470885,0.00507767,0.00525779,0.0051034,0.00474316,0.0040913,0.00313923,0.00235871,0.00173258,0.00102068,0.000694748,0.000454588,0.00024016,0.000111503,0.000111503,7.71942e-05,7.71942e-05,6.86171e-05,5.14628e-05,3.43086e-05,8.57714e-06,8.57714e-06,0,0,0,0,0,0,0,0,0,0,0,0,0,0,0,0,0,0,0,0,0,0,0,0,0,0,0,0,0,0,0,0,0,0,0,0,0,0,0,0,0,0,0,0,0,0,0,0,1.71543e-05,3.43086e-05,5.14628e-05,6.004e-05,6.86171e-05,7.71942e-05,7.71942e-05,7.71942e-05,9.43485e-05,0.000111503,0.000111503,0.000111503,0.000162966,0.000274468,0.000377394,0.00054036,0.000746211,0.000977794,0.00134661,0.00186124,0.0022901,0.00275326,0.00306204,0.003225,0.0031907,0.0029248,0.00247879,0.00198132,0.00143238,0.000943485,0.00066044,0.000454588,0.000231583,0.000111503,0.000111503,7.71942e-05,7.71942e-05,6.86171e-05,6.004e-05,5.14628e-05,5.14628e-05,5.14628e-05,5.14628e-05,5.14628e-05,5.14628e-05,5.14628e-05,5.14628e-05,5.14628e-05,5.14628e-05,5.14628e-05
5.14628e-05,5.14628e-05,5.14628e-05,4.28857e-05,4.28857e-05,3.43086e-05,3.43086e-05,3.43086e-05,1.71543e-05,1.71543e-05,1.71543e-05,1.71543e-05,8.57714e-06,8.57714e-06,8.57714e-06,8.57714e-06,0,0,0,0,0,0,0,0,0,0,0,0,0,0,0,8.57714e-06,8.57714e-06,8.57714e-06,1.71543e-05,1.71543e-05,3.43086e-05,5.14628e-05,5.14628e-05,6.004e-05,6.004e-05,6.86171e-05,7.71942e-05,7.71942e-05,7.71942e-05,7.71942e-05,9.43485e-05,0.000111503,0.000111503,0.000111503,0.000154388,0.000274468,0.000446011,0.000583245,0.00078052,0.0010121,0.00137234,0.00177547,0.00205851,0.00234156,0.00256456,0.00269322,0.00269322,0.00255599,0.0022901,0.00192986,0.00152673,0.00102926,0.000754788,0.00054036,0.000343086,0.000197274,0.000111503,0.000111503,7.71942e-05,7.71942e-05,6.004e-05,5.14628e-05,1.71543e-05,0,0,0,0,0,0,0,0,0,0,0,0,0,0,0,0,0,0,0,0,0,0,0,0,0,0,0,0,0,0,0,0,0,0,0,0,0,0,0,0,0,0,0,0,0,0,0,0,0,0,0,1.71543e-05,3.43086e-05,5.14628e-05,6.004e-05,6.86171e-05,7.71942e-05,7.71942e-05,7.71942e-05,9.43485e-05,0.000111503,0.000111503,0.000111503,0.00012008,0.000205851,0.000291623,0.000377394,0.000523205,0.000651863,0.000789097,0.000994948,0.0012008,0.00152673,0.001724,0.00176689,0.00173258,0.00152673,0.00114934,0.000943485,0.000746211,0.00054036,0.000334508,0.000162966,0.000111503,0.000111503,7.71942e-05,7.71942e-05,6.004e-05,5.14628e-05,3.43086e-05,3.43086e-05,3.43086e-05,3.43086e-05,4.28857e-05,4.28857e-05,4.28857e-05,4.28857e-05,4.28857e-05,4.28857e-05,4.28857e-05,5.14628e-05
4.28857e-05,4.28857e-05,4.28857e-05,4.28857e-05,3.43086e-05,3.43086e-05,3.43086e-05,2.57314e-05,1.71543e-05,1.71543e-05,1.71543e-05,1.71543e-05,8.57714e-06,8.57714e-06,8.57714e-06,8.57714e-06,0,0,0,0,0,0,0,0,0,0,0,0,0,0,0,8.57714e-06,8.57714e-06,8.57714e-06,1.71543e-05,1.71543e-05,3.43086e-05,5.14628e-05,5.14628e-05,5.14628e-05,6.004e-05,6.86171e-05,7.71942e-05,7.71942e-05,7.71942e-05,7.71942e-05,7.71942e-05,9.43485e-05,0.000111503,0.000111503,0.000111503,0.000162966,0.0003002,0.000454588,0.000574668,0.000746211,0.000917754,0.00104641,0.00130373,0.00148384,0.00160392,0.00162108,0.00156104,0.00136377,0.00110645,0.000943485,0.000746211,0.000548937,0.000377394,0.000248737,0.000137234,0.000111503,9.43485e-05,7.71942e-05,7.71942e-05,6.004e-05,5.14628e-05,1.71543e-05,0,0,0,0,0,0,0,0,0,0,0,0,0,0,0,0,0,0,0,0,0,0,0,0,0,0,0,0,0,0,0,0,0,0,0,0,0,0,0,0,0,0,0,0,0,0,0,0,0,0,0,0,8.57714e-06,2.57314e-05,5.14628e-05,5.14628e-05,6.004e-05,7.71942e-05,7.71942e-05,7.71942e-05,7.71942e-05,9.43485e-05,0.000111503,0.000111503,0.000111503,0.000128657,0.000205851,0.000274468,0.000343086,0.000454588,0.00054036,0.000643285,0.000746211,0.000789097,0.000849137,0.000857714,0.000814828,0.000763365,0.00066044,0.00054036,0.000377394,0.00024016,0.00012008,0.000111503,9.43485e-05,7.71942e-05,6.86171e-05,5.14628e-05,3.43086e-05,1.71543e-05,8.57714e-06,1.71543e-05,1.71543e-05,1.71543e-05,1.71543e-05,1.71543e-05,2.57314e-05,3.43086e-05,3.43086e-05,3.43086e-05,4.28857e-05,4.28857e-05
3.43086e-05,3.43086e-05,3.43086e-05,3.43086e-05,3.43086e-05,3.43086e-05,2.57314e-05,1.71543e-05,1.71543e-05,1.71543e-05,1.71543e-05,8.57714e-06,8.57714e-06,8.57714e-06,8.57714e-06,0,0,0,0,0,0,0,0,0,0,0,0,0,0,0,0,0,8.57714e-06,8.57714e-06,1.71543e-05,1.71543e-05,3.43086e-05,4.28857e-05,5.14628e-05,5.14628e-05,6.004e-05,6.004e-05,6.86171e-05,7.71942e-05,7.71942e-05,7.71942e-05,7.71942e-05,8.57714e-05,9.43485e-05,0.000111503,0.000111503,0.000111503,0.00018012,0.000291623,0.000394548,0.00054036,0.000643285,0.000746211,0.000806251,0.000874868,0.000917754,0.000917754,0.000831982,0.000763365,0.00066044,0.00054036,0.000394548,0.000291623,0.00018012,0.000111503,0.000111503,9.43485e-05,7.71942e-05,7.71942e-05,6.004e-05,5.14628e-05,1.71543e-05,8.57714e-06,0,0,0,0,0,0,0,0,0,0,0,0,0,0,0,0,0,0,0,0,0,0,0,0,0,0,0,0,0,0,0,0,0,0,0,0,0,0,0,0,0,0,0,0,0,0,0,0,0,0,0,0,8.57714e-06,1.71543e-05,5.14628e-05,5.14628e-05,6.004e-05,6.86171e-05,7.71942e-05,7.71942e-05,7.71942e-05,9.43485e-05,0.000111503,0.000111503,0.000111503,0.000111503,0.000128657,0.000197274,0.00024016,0.000308777,0.000343086,0.000403126,0.000471743,0.000506051,0.00054036,0.000531783,0.000497474,0.000454588,0.000343086,0.000248737,0.000162966,0.000111503,0.000111503,9.43485e-05,7.71942e-05,6.86171e-05,5.14628e-05,4.28857e-05,1.71543e-05,8.57714e-06,8.57714e-06,8.57714e-06,8.57714e-06,1.71543e-05,1.71543e-05,1.71543e-05,1.71543e-05,2.57314e-05,3.43086e-05,3.43086e-05,3.43086e-05,3.43086e-05
3.43086e-05,3.43086e-05,3.43086e-05,3.43086e-05,2.57314e-05,1.71543e-05,1.71543e-05,1.71543e-05,1.71543e-05,1.71543e-05,1.71543e-05,8.57714e-06,8.57714e-06,8.57714e-06,8.57714e-06,0,0,0,0,0,0,0,0,0,0,0,0,0,0,0,0,0,8.57714e-06,8.57714e-06,1.71543e-05,1.71543e-05,2.57314e-05,3.43086e-05,5.14628e-05,5.14628e-05,5.14628e-05,6.004e-05,6.86171e-05,7.71942e-05,7.71942e-05,7.71942e-05,7.71942e-05,7.71942e-05,9.43485e-05,9.43485e-05,0.000111503,0.000111503,0.000111503,0.000162966,0.00024016,0.000334508,0.000446011,0.000506051,0.000548937,0.000574668,0.000591823,0.000574668,0.00054036,0.000471743,0.000368817,0.000291623,0.000205851,0.00012008,0.000111503,0.000111503,9.43485e-05,7.71942e-05,7.71942e-05,6.86171e-05,5.14628e-05,3.43086e-05,1.71543e-05,0,0,0,0,0,0,0,0,0,0,0,0,0,0,0,0,0,0,0,0,0,0,0,0,0,0,0,0,0,0,0,0,0,0,0,0,0,0,0,0,0,0,0,0,0,0,0,0,0,0,0,0,0,8.57714e-06,1.71543e-05,4.28857e-05,5.14628e-05,6.004e-05,6.86171e-05,7.71942e-05,7.71942e-05,7.71942e-05,7.71942e-05,9.43485e-05,0.000111503,0.000111503,0.000111503,0.000111503,0.00012008,0.000154388,0.000205851,0.00024016,0.000248737,0.0003002,0.000308777,0.000308777,0.0003002,0.000248737,0.000205851,0.000154388,0.000111503,0.000111503,0.000111503,9.43485e-05,7.71942e-05,7.71942e-05,6.004e-05,5.14628e-05,1.71543e-05,8.57714e-06,8.57714e-06,8.57714e-06,8.57714e-06,8.57714e-06,1.71543e-05,1.71543e-05,1.71543e-05,1.71543e-05,1.71543e-05,1.71543e-05,2.57314e-05,2.57314e-05,3.43086e-05
1.71543e-05,1.71543e-05,1.71543e-05,1.71543e-05,1.71543e-05,1.71543e-05,1.71543e-05,1.71543e-05,1.71543e-05,1.71543e-05,8.57714e-06,8.57714e-06,8.57714e-06,8.57714e-06,8.57714e-06,0,0,0,0,0,0,0,0,0,0,0,0,0,0,0,0,0,8.57714e-06,8.57714e-06,1.71543e-05,1.71543e-05,1.71543e-05,3.43086e-05,5.14628e-05,5.14628e-05,5.14628e-05,6.004e-05,6.004e-05,6.86171e-05,7.71942e-05,7.71942e-05,7.71942e-05,7.71942e-05,7.71942e-05,9.43485e-05,9.43485e-05,0.000111503,0.000111503,0.000111503,0.00012008,0.000188697,0.00024016,0.0003002,0.000334508,0.000343086,0.000343086,0.000334508,0.000308777,0.00024016,0.000197274,0.00012008,0.000111503,0.000111503,0.000111503,9.43485e-05,7.71942e-05,7.71942e-05,6.86171e-05,5.14628e-05,5.14628e-05,1.71543e-05,8.57714e-06,0,0,0,0,0,0,0,0,0,0,0,0,0,0,0,0,0,0,0,0,0,0,0,0,0,0,0,0,0,0,0,0,0,0,0,0,0,0,0,0,0,0,0,0,0,0,0,0,0,0,0,0,0,8.57714e-06,1.71543e-05,3.43086e-05,5.14628e-05,6.004e-05,6.86171e-05,7.71942e-05,7.71942e-05,7.71942e-05,7.71942e-05,8.57714e-05,9.43485e-05,0.000111503,0.000111503,0.000111503,0.000111503,0.000111503,0.00012008,0.000137234,0.000154388,0.000162966,0.000162966,0.000154388,0.000145811,0.00012008,0.000111503,0.000111503,0.000111503,0.000111503,7.71942e-05,7.71942e-05,7.71942e-05,6.004e-05,5.14628e-05,3.43086e-05,1.71543e-05,8.57714e-06,8.57714e-06,8.57714e-06,8.57714e-06,8.57714e-06,8.57714e-06,1.71543e-05,1.71543e-05,1.71543e-05,1.71543e-05,1.71543e-05,1.71543e-05,1.71543e-05,1.71543e-05
1.71543e-05,1.71543e-05,1.71543e-05,1.71543e-05,1.71543e-05,1.71543e-05,1.71543e-05,1.71543e-05,8.57714e-06,8.57714e-06,8.57714e-06,8.57714e-06,8.57714e-06,8.57714e-06,0,0,0,0,0,0,0,0,0,0,0,0,0,0,0,0,0,0,8.57714e-06,8.57714e-06,8.57714e-06,1.71543e-05,1.71543e-05,3.43086e-05,4.28857e-05,5.14628e-05,5.14628e-05,5.14628e-05,6.004e-05,6.86171e-05,6.86171e-05,7.71942e-05,7.71942e-05,7.71942e-05,7.71942e-05,7.71942e-05,8.57714e-05,9.43485e-05,0.000111503,0.000111503,0.000111503,0.000111503,0.00012008,0.000137234,0.000154388,0.000162966,0.000162966,0.000154388,0.000128657,0.00012008,0.000111503,0.000111503,0.000111503,9.43485e-05,7.71942e-05,7.71942e-05,7.71942e-05,6.86171e-05,5.14628e-05,5.14628e-05,1.71543e-05,8.57714e-06,0,0,0,0,0,0,0,0,0,0,0,0,0,0,0,0,0,0,0,0,0,0,0,0,0,0,0,0,0,0,0,0,0,0,0,0,0,0,0,0,0,0,0,0,0,0,0,0,0,0,0,0,0,0,8.57714e-06,1.71543e-05,3.43086e-05,5.14628e-05,5.14628e-05,6.004e-05,6.86171e-05,7.71942e-05,7.71942e-05,7.71942e-05,7.71942e-05,9.43485e-05,9.43485e-05,0.000111503,0.000111503,0.000111503,0.000111503,0.000111503,0.000111503,0.000111503,0.000111503,0.000111503,0.000111503,0.000111503,0.000111503,0.000111503,0.000111503,9.43485e-05,7.71942e-05,7.71942e-05,7.71942e-05,6.86171e-05,5.14628e-05,5.14628e-05,1.71543e-05,8.57714e-06,8.57714e-06,8.57714e-06,8.57714e-06,8.57714e-06,8.57714e-06,8.57714e-06,8.57714e-06,8.57714e-06,1.71543e-05,1.71543e-05,1.71543e-05,1.71543e-05,1.71543e-05,1.71543e-05
1.71543e-05,1.71543e-05,1.71543e-05,1.71543e-05,1.71543e-05,1.71543e-05,1.71543e-05,8.57714e-06,8.57714e-06,8.57714e-06,8.57714e-06,8.57714e-06,8.57714e-06,0,0,0,0,0,0,0,0,0,0,0,0,0,0,0,0,0,0,8.57714e-06,8.57714e-06,8.57714e-06,8.57714e-06,1.71543e-05,1.71543e-05,2.57314e-05,3.43086e-05,5.14628e-05,5.14628e-05,5.14628e-05,6.004e-05,6.004e-05,6.86171e-05,6.86171e-05,7.71942e-05,7.71942e-05,7.71942e-05,7.71942e-05,7.71942e-05,7.71942e-05,9.43485e-05,9.43485e-05,0.000111503,0.000111503,0.000111503,0.000111503,0.000111503,0.000111503,0.000111503,0.000111503,0.000111503,0.000111503,0.000111503,0.000111503,9.43485e-05,7.71942e-05,7.71942e-05,7.71942e-05,6.86171e-05,5.14628e-05,5.14628e-05,2.57314e-05,8.57714e-06,0,0,0,0,0,0,0,0,0,0,0,0,0,0,0,0,0,0,0,0,0,0,0,0,0,0,0,0,0,0,0,0,0,0,0,0,0,0,0,0,0,0,0,0,0,0,0,0,0,0,0,0,0,0,0,8.57714e-06,1.71543e-05,2.57314e-05,5.14628e-05,5.14628e-05,6.004e-05,6.86171e-05,7.71942e-05,7.71942e-05,7.71942e-05,7.71942e-05,7.71942e-05,9.43485e-05,9.43485e-05,0.000111503,0.000111503,0.000111503,0.000111503,0.000111503,0.000111503,0.000111503,0.000111503,0.000111503,0.000111503,0.000111503,9.43485e-05,9.43485e-05,7.71942e-05,7.71942e-05,7.71942e-05,6.86171e-05,6.004e-05,5.14628e-05,2.57314e-05,1.71543e-05,8.57714e-06,8.57714e-06,0,0,8.57714e-06,8.57714e-06,8.57714e-06,8.57714e-06,8.57714e-06,8.57714e-06,1.71543e-05,1.71543e-05,1.71543e-05,1.71543e-05,1.71543e-05
1.71543e-05,1.71543e-05,1.71543e-05,8.57714e-06,8.57714e-06,8.57714e-06,8.57714e-06,8.57714e-06,8.57714e-06,8.57714e-06,8.57714e-06,8.57714e-06,0,0,0,0,0,0,0,0,0,0,0,0,0,0,0,0,0,0,0,8.57714e-06,8.57714e-06,8.57714e-06,8.57714e-06,1.71543e-05,1.71543e-05,1.71543e-05,3.43086e-05,4.28857e-05,5.14628e-05,5.14628e-05,5.14628e-05,6.004e-05,6.004e-05,6.86171e-05,6.86171e-05,7.71942e-05,7.71942e-05,7.71942e-05,7.71942e-05,7.71942e-05,7.71942e-05,7.71942e-05,9.43485e-05,9.43485e-05,0.000102926,0.000111503,0.000111503,0.000111503,0.000111503,0.000111503,9.43485e-05,9.43485e-05,9.43485e-05,7.71942e-05,7.71942e-05,7.71942e-05,7.71942e-05,6.004e-05,5.14628e-05,5.14628e-05,1.71543e-05,8.57714e-06,0,0,0,0,0,0,0,0,0,0,0,0,0,0,0,0,0,0,0,0,0,0,0,0,0,0,0,0,0,0,0,0,0,0,0,0,0,0,0,0,0,0,0,0,0,0,0,0,0,0,0,0,0,0,0,0,8.57714e-06,1.71543e-05,1.71543e-05,4.28857e-05,5.14628e-05,5.14628e-05,6.004e-05,6.86171e-05,7.71942e-05,7.71942e-05,7.71942e-05,7.71942e-05,7.71942e-05,7.71942e-05,9.43485e-05,9.43485e-05,9.43485e-05,0.000111503,0.000111503,0.000111503,0.000111503,0.000111503,0.000111503,9.43485e-05,9.43485e-05,7.71942e-05,7.71942e-05,7.71942e-05,7.71942e-05,6.86171e-05,6.004e-05,5.14628e-05,3.43086e-05,1.71543e-05,8.57714e-06,8.57714e-06,0,0,0,0,0,8.57714e-06,8.57714e-06,8.57714e-06,8.57714e-06,8.57714e-06,8.57714e-06,8.57714e-06,8.57714e-06,8.57714e-06
8.57714e-06,8.57714e-06,8.57714e-06,8.57714e-06,8.57714e-06,8.57714e-06,8.57714e-06,8.57714e-06,8.57714e-06,8.57714e-06,8.57714e-06,0,0,0,0,0,0,0,0,0,0,0,0,0,0,0,0,0,0,0,8.57714e-06,8.57714e-06,8.57714e-06,8.57714e-06,1.71543e-05,1.71543e-05,1.71543e-05,1.71543e-05,3.43086e-05,3.43086e-05,5.14628e-05,5.14628e-05,5.14628e-05,5.14628e-05,6.004e-05,6.004e-05,6.86171e-05,6.86171e-05,6.86171e-05,7.71942e-05,7.71942e-05,7.71942e-05,7.71942e-05,7.71942e-05,7.71942e-05,7.71942e-05,7.71942e-05,7.71942e-05,7.71942e-05,7.71942e-05,7.71942e-05,7.71942e-05,7.71942e-05,7.71942e-05,7.71942e-05,7.71942e-05,7.71942e-05,6.86171e-05,6.004e-05,5.14628e-05,3.43086e-05,1.71543e-05,8.57714e-06,0,0,0,0,0,0,0,0,0,0,0,0,0,0,0,0,0,0,0,0,0,0,0,0,0,0,0,0,0,0,0,0,0,0,0,0,0,0,0,0,0,0,0,0,0,0,0,0,0,0,0,0,0,0,0,0,0,8.57714e-06,8.57714e-06,1.71543e-05,3.43086e-05,5.14628e-05,5.14628e-05,6.004e-05,6.86171e-05,6.86171e-05,7.71942e-05,7.71942e-05,7.71942e-05,7.71942e-05,7.71942e-05,7.71942e-05,7.71942e-05,9.43485e-05,9.43485e-05,9.43485e-05,9.43485e-05,9.43485e-05,9.43485e-05,8.57714e-05,7.71942e-05,7.71942e-05,7.71942e-05,7.71942e-05,7.71942e-05,6.86171e-05,6.004e-05,5.14628e-05,4.28857e-05,1.71543e-05,8.57714e-06,8.57714e-06,0,0,0,0,0,0,0,8.57714e-06,8.57714e-06,8.57714e-06,8.57714e-06,8.57714e-06,8.57714e-06,8.57714e-06,8.57714e-06
8.57714e-06,8.57714e-06,8.57714e-06,8.57714e-06,8.57714e-06,8.57714e-06,8.57714e-06,8.57714e-06,8.57714e-06,0,0,0,0,0,0,0,0,0,0,0,0,0,0,0,0,0,0,0,0,8.57714e-06,8.57714e-06,8.57714e-06,8.57714e-06,8.57714e-06,1.71543e-05,1.71543e-05,1.71543e-05,1.71543e-05,2.57314e-05,3.43086e-05,4.28857e-05,5.14628e-05,5.14628e-05,5.14628e-05,5.14628e-05,6.004e-05,6.004e-05,6.004e-05,6.86171e-05,6.86171e-05,7.71942e-05,7.71942e-05,7.71942e-05,7.71942e-05,7.71942e-05,7.71942e-05,7.71942e-05,7.71942e-05,7.71942e-05,7.71942e-05,7.71942e-05,7.71942e-05,7.71942e-05,7.71942e-05,7.71942e-05,6.86171e-05,6.004e-05,5.14628e-05,5.14628e-05,1.71543e-05,1.71543e-05,8.57714e-06,0,0,0,0,0,0,0,0,0,0,0,0,0,0,0,0,0,0,0,0,0,0,0,0,0,0,0,0,0,0,0,0,0,0,0,0,0,0,0,0,0,0,0,0,0,0,0,0,0,0,0,0,0,0,0,0,0,0,8.57714e-06,8.57714e-06,1.71543e-05,3.43086e-05,5.14628e-05,5.14628e-05,5.14628e-05,6.004e-05,6.86171e-05,6.86171e-05,7.71942e-05,7.71942e-05,7.71942e-05,7.71942e-05,7.71942e-05,7.71942e-05,7.71942e-05,7.71942e-05,7.71942e-05,7.71942e-05,7.71942e-05,7.71942e-05,7.71942e-05,7.71942e-05,7.71942e-05,7.71942e-05,7.71942e-05,6.86171e-05,6.004e-05,5.14628e-05,5.14628e-05,2.57314e-05,1.71543e-05,8.57714e-06,8.57714e-06,0,0,0,0,0,0,0,0,0,0,8.57714e-06,8.57714e-06,8.57714e-06,8.57714e-06,8.57714e-06
8.57714e-06,8.57714e-06,8.57714e-06,8.57714e-06,8.57714e-06,0,0,0,0,0,0,0,0,0,0,0,0,0,0,0,0,0,0,0,0,0,0,8.57714e-06,8.57714e-06,8.57714e-06,8.57714e-06,8.57714e-06,8.57714e-06,1.71543e-05,1.71543e-05,1.71543e-05,1.71543e-05,1.71543e-05,2.57314e-05,3.43086e-05,3.43086e-05,4.28857e-05,5.14628e-05,5.14628e-05,5.14628e-05,5.14628e-05,5.14628e-05,6.004e-05,6.004e-05,6.004e-05,6.86171e-05,6.86171e-05,6.86171e-05,6.86171e-05,7.71942e-05,7.71942e-05,7.71942e-05,7.71942e-05,7.71942e-05,7.71942e-05,7.71942e-05,6.86171e-05,6.86171e-05,6.86171e-05,6.004e-05,5.14628e-05,5.14628e-05,3.43086e-05,1.71543e-05,8.57714e-06,0,0,0,0,0,0,0,0,0,0,0,0,0,0,0,0,0,0,0,0,0,0,0,0,0,0,0,0,0,0,0,0,0,0,0,0,0,0,0,0,0,0,0,0,0,0,0,0,0,0,0,0,0,0,0,0,0,0,0,0,8.57714e-06,8.57714e-06,1.71543e-05,3.43086e-05,4.28857e-05,5.14628e-05,5.14628e-05,6.004e-05,6.004e-05,6.86171e-05,6.86171e-05,7.71942e-05,7.71942e-05,7.71942e-05,7.71942e-05,7.71942e-05,7.71942e-05,7.71942e-05,7.71942e-05,7.71942e-05,7.71942e-05,7.71942e-05,7.71942e-05,7.71942e-05,7.71942e-05,6.86171e-05,6.86171e-05,6.004e-05,5.14628e-05,5.14628e-05,3.43086e-05,1.71543e-05,8.57714e-06,8.57714e-06,0,0,0,0,0,0,0,0,0,0,0,0,0,0,8.57714e-06,8.57714e-06
0,0,0,0,0,0,0,0,0,0,0,0,0,0,0,0,0,0,0,0,0,0,0,0,0,8.57714e-06,8.57714e-06,8.57714e-06,8.57714e-06,8.57714e-06,1.71543e-05,1.71543e-05,1.71543e-05,1.71543e-05,1.71543e-05,1.71543e-05,1.71543e-05,1.71543e-05,2.57314e-05,3.43086e-05,3.43086e-05,3.43086e-05,4.28857e-05,5.14628e-05,5.14628e-05,5.14628e-05,5.14628e-05,5.14628e-05,5.14628e-05,6.004e-05,6.004e-05,6.004e-05,6.004e-05,6.004e-05,6.86171e-05,6.86171e-05,6.86171e-05,6.86171e-05,6.86171e-05,6.004e-05,6.004e-05,6.004e-05,5.14628e-05,5.14628e-05,5.14628e-05,3.43086e-05,1.71543e-05,8.57714e-06,8.57714e-06,0,0,0,0,0,0,0,0,0,0,0,0,0,0,0,0,0,0,0,0,0,0,0,0,0,0,0,0,0,0,0,0,0,0,0,0,0,0,0,0,0,0,0,0,0,0,0,0,0,0,0,0,0,0,0,0,0,0,0,0,8.57714e-06,8.57714e-06,8.57714e-06,1.71543e-05,2.57314e-05,3.43086e-05,5.14628e-05,5.14628e-05,5.14628e-05,6.004e-05,6.004e-05,6.86171e-05,6.86171e-05,6.86171e-05,7.71942e-05,7.71942e-05,7.71942e-05,7.71942e-05,7.71942e-05,7.71942e-05,7.71942e-05,7.71942e-05,7.71942e-05,7.71942e-05,6.86171e-05,6.86171e-05,6.004e-05,6.004e-05,5.14628e-05,5.14628e-05,3.43086e-05,1.71543e-05,1.71543e-05,8.57714e-06,8.57714e-06,0,0,0,0,0,0,0,0,0,0,0,0,0,0,0,0
0,0,0,0,0,0,0,0,0,0,0,0,0,0,0,0,0,0,0,0,0,0,0,8.57714e-06,8.57714e-06,8.57714e-06,8.57714e-06,8.57714e-06,1.71543e-05,1.71543e-05,1.71543e-05,1.71543e-05,1.71543e-05,1.71543e-05,1.71543e-05,1.71543e-05,2.57314e-05,2.57314e-05,3.43086e-05,3.43086e-05,3.43086e-05,3.43086e-05,4.28857e-05,4.28857e-05,5.14628e-05,5.14628e-05,5.14628e-05,5.14628e-05,5.14628e-05,5.14628e-05,5.14628e-05,5.14628e-05,5.14628e-05,5.14628e-05,6.004e-05,6.004e-05,5.14628e-05,5.14628e-05,5.14628e-05,5.14628e-05,5.14628e-05,5.14628e-05,5.14628e-05,3.43086e-05,1.71543e-05,1.71543e-05,8.57714e-06,0,0,0,0,0,0,0,0,0,0,0,0,0,0,0,0,0,0,0,0,0,0,0,0,0,0,0,0,0,0,0,0,0,0,0,0,0,0,0,0,0,0,0,0,0,0,0,0,0,0,0,0,0,0,0,0,0,0,0,8.57714e-06,8.57714e-06,8.57714e-06,8.57714e-06,8.57714e-06,1.71543e-05,1.71543e-05,1.71543e-05,3.43086e-05,5.14628e-05,5.14628e-05,5.14628e-05,5.14628e-05,6.004e-05,6.004e-05,6.004e-05,6.86171e-05,6.86171e-05,6.86171e-05,6.86171e-05,6.86171e-05,7.71942e-05,6.86171e-05,6.86171e-05,6.86171e-05,6.86171e-05,6.86171e-05,6.004e-05,6.004e-05,5.14628e-05,5.14628e-05,5.14628e-05,4.28857e-05,2.57314e-05,1.71543e-05,8.57714e-06,8.57714e-06,0,0,0,0,0,0,0,0,0,0,0,0,0,0,0,0,0
0,0,0,0,0,0,0,0,0,0,0,0,0,0,0,0,0,0,0,0,0,0,8.57714e-06,8.57714e-06,8.57714e-06,8.57714e-06,1.71543e-05,1.71543e-05,1.71543e-05,1.71543e-05,1.71543e-05,2.57314e-05,2.57314e-05,3.43086e-05,3.43086e-05,3.43086e-05,3.43086e-05,3.43086e-05,3.43086e-05,3.43086e-05,3.43086e-05,3.43086e-05,3.43086e-05,3.43086e-05,4.28857e-05,4.28857e-05,5.14628e-05,5.14628e-05,5.14628e-05,5.14628e-05,5.14628e-05,5.14628e-05,5.14628e-05,5.14628e-05,5.14628e-05,5.14628e-05,5.14628e-05,5.14628e-05,5.14628e-05,5.14628e-05,4.28857e-05,3.43086e-05,1.71543e-05,1.71543e-05,8.57714e-06,8.57714e-06,0,0,0,0,0,0,0,0,0,0,0,0,0,0,0,0,0,0,0,0,0,0,0,0,0,0,0,0,0,0,0,0,0,0,0,0,0,0,0,0,0,0,0,0,0,0,0,0,0,0,0,0,0,0,0,0,0,8.57714e-06,8.57714e-06,8.57714e-06,8.57714e-06,8.57714e-06,8.57714e-06,8.57714e-06,1.71543e-05,1.71543e-05,1.71543e-05,1.71543e-05,3.43086e-05,4.28857e-05,5.14628e-05,5.14628e-05,5.14628e-05,5.14628e-05,5.14628e-05,6.004e-05,6.004e-05,6.004e-05,6.004e-05,6.004e-05,6.86171e-05,6.86171e-05,6.86171e-05,6.004e-05,6.004e-05,6.004e-05,6.004e-05,5.14628e-05,5.14628e-05,5.14628e-05,5.14628e-05,4.28857e-05,2.57314e-05,1.71543e-05,1.71543e-05,8.57714e-06,8.57714e-06,0,0,0,0,0,0,0,0,0,0,0,0,0,0,0,0,0
0,0,0,0,0,0,0,0,0,0,0,0,0,0,0,0,0,0,0,0,8.57714e-06,8.57714e-06,8.57714e-06,8.57714e-06,1.71543e-05,1.71543e-05,1.71543e-05,1.71543e-05,2.57314e-05,3.43086e-05,3.43086e-05,4.28857e-05,4.28857e-05,4.28857e-05,4.28857e-05,4.28857e-05,4.28857e-05,4.28857e-05,4.28857e-05,4.28857e-05,4.28857e-05,3.43086e-05,3.43086e-05,3.43086e-05,3.43086e-05,3.43086e-05,3.43086e-05,4.28857e-05,4.28857e-05,5.14628e-05,5.14628e-05,5.14628e-05,5.14628e-05,5.14628e-05,5.14628e-05,5.14628e-05,4.28857e-05,3.43086e-05,3.43086e-05,2.57314e-05,1.71543e-05,1.71543e-05,1.71543e-05,8.57714e-06,8.57714e-06,0,0,0,0,0,0,0,0,0,0,0,0,0,0,0,0,0,0,0,0,0,0,0,0,0,0,0,0,0,0,0,0,0,0,0,0,0,0,0,0,0,0,0,0,0,0,0,0,0,0,0,0,0,0,0,8.57714e-06,8.57714e-06,8.57714e-06,8.57714e-06,8.57714e-06,1.71543e-05,1.71543e-05,1.71543e-05,1.71543e-05,1.71543e-05,1.71543e-05,1.71543e-05,1.71543e-05,1.71543e-05,3.43086e-05,3.43086e-05,4.28857e-05,5.14628e-05,5.14628e-05,5.14628e-05,5.14628e-05,5.14628e-05,5.14628e-05,5.14628e-05,6.004e-05,6.004e-05,6.004e-05,6.004e-05,6.004e-05,6.004e-05,5.14628e-05,5.14628e-05,5.14628e-05,5.14628e-05,5.14628e-05,5.14628e-05,3.43086e-05,2.57314e-05,1.71543e-05,1.71543e-05,8.57714e-06,8.57714e-06,0,0,0,0,0,0,0,0,0,0,0,0,0,0,0,0,0,0
0,0,0,0,0,0,0,0,0,0,0,0,0,0,0,0,0,0,0,8.57714e-06,8.57714e-06,8.57714e-06,1.71543e-05,1.71543e-05,1.71543e-05,2.57314e-05,3.43086e-05,3.43086e-05,4.28857e-05,5.14628e-05,5.14628e-05,5.14628e-05,5.14628e-05,5.14628e-05,5.14628e-05,5.14628e-05,5.14628e-05,5.14628e-05,5.14628e-05,5.14628e-05,5.14628e-05,4.28857e-05,4.28857e-05,3.43086e-05,3.43086e-05,3.43086e-05,3.43086e-05,3.43086e-05,3.43086e-05,3.43086e-05,3.43086e-05,3.43086e-05,3.43086e-05,3.43086e-05,3.43086e-05,2.57314e-05,2.57314e-05,1.71543e-05,1.71543e-05,1.71543e-05,1.71543e-05,8.57714e-06,8.57714e-06,8.57714e-06,0,0,0,0,0,0,0,0,0,0,0,0,0,0,0,0,0,0,0,0,0,0,0,0,0,0,0,0,0,0,0,0,0,0,0,0,0,0,0,0,0,0,0,0,0,0,0,0,0,0,0,0,0,0,8.57714e-06,8.57714e-06,8.57714e-06,1.71543e-05,1.71543e-05,1.71543e-05,1.71543e-05,1.71543e-05,1.71543e-05,1.71543e-05,1.71543e-05,1.71543e-05,1.71543e-05,1.71543e-05,1.71543e-05,2.57314e-05,3.43086e-05,3.43086e-05,4.28857e-05,5.14628e-05,5.14628e-05,5.14628e-05,5.14628e-05,5.14628e-05,5.14628e-05,5.14628e-05,5.14628e-05,5.14628e-05,5.14628e-05,5.14628e-05,5.14628e-05,5.14628e-05,5.14628e-05,5.14628e-05,5.14628e-05,5.14628e-05,4.28857e-05,3.43086e-05,1.71543e-05,1.71543e-05,1.71543e-05,8.57714e-06,8.57714e-06,8.57714e-06,0,0,0,0,0,0,0,0,0,0,0,0,0,0,0,0,0,0
0,0,0,0,0,0,0,0,0,0,0,0,0,0,0,0,0,0,8.57714e-06,8.57714e-06,8.57714e-06,1.71543e-05,1.71543e-05,1.71543e-05,3.43086e-05,4.28857e-05,5.14628e-05,5.14628e-05,5.14628e-05,5.14628e-05,5.14628e-05,5.14628e-05,5.14628e-05,5.14628e-05,5.14628e-05,5.14628e-05,5.14628e-05,5.14628e-05,5.14628e-05,5.14628e-05,5.14628e-05,5.14628e-05,5.14628e-05,4.28857e-05,3.43086e-05,3.43086e-05,2.57314e-05,1.71543e-05,1.71543e-05,1.71543e-05,1.71543e-05,1.71543e-05,1.71543e-05,1.71543e-05,1.71543e-05,1.71543e-05,1.71543e-05,1.71543e-05,1.71543e-05,8.57714e-06,8.57714e-06,8.57714e-06,0,0,0,0,0,0,0,0,0,0,0,0,0,0,0,0,0,0,0,0,0,0,0,0,0,0,0,0,0,0,0,0,0,0,0,0,0,0,0,0,0,0,0,0,0,0,0,0,0,0,0,0,0,0,8.57714e-06,8.57714e-06,8.57714e-06,1.71543e-05,1.71543e-05,1.71543e-05,1.71543e-05,2.57314e-05,2.57314e-05,3.43086e-05,3.43086e-05,3.43086e-05,3.43086e-05,3.43086e-05,3.43086e-05,3.43086e-05,3.43086e-05,3.43086e-05,3.43086e-05,3.43086e-05,3.43086e-05,4.28857e-05,4.28857e-05,5.14628e-05,5.14628e-05,5.14628e-05,5.14628e-05,5.14628e-05,5.14628e-05,5.14628e-05,5.14628e-05,5.14628e-05,5.14628e-05,5.14628e-05,5.14628e-05,4.28857e-05,3.43086e-05,3.43086e-05,2.57314e-05,1.71543e-05,1.71543e-05,1.71543e-05,8.57714e-06,8.57714e-06,8.57714e-06,0,0,0,0,0,0,0,0,0,0,0,0,0,0,0,0,0,0,0
0,0,0,0,0,0,0,0,0,0,0,0,0,0,0,0,0,0,8.57714e-06,8.57714e-06,1.71543e-05,1.71543e-05,2.57314e-05,3.43086e-05,5.14628e-05,5.14628e-05,5.14628e-05,5.14628e-05,5.14628e-05,5.14628e-05,6.004e-05,6.004e-05,6.004e-05,6.004e-05,6.004e-05,6.004e-05,5.14628e-05,5.14628e-05,5.14628e-05,5.14628e-05,5.14628e-05,5.14628e-05,5.14628e-05,4.28857e-05,3.43086e-05,3.43086e-05,1.71543e-05,1.71543e-05,1.71543e-05,1.71543e-05,1.71543e-05,1.71543e-05,1.71543e-05,1.71543e-05,1.71543e-05,8.57714e-06,8.57714e-06,8.57714e-06,8.57714e-06,8.57714e-06,0,0,0,0,0,0,0,0,0,0,0,0,0,0,0,0,0,0,0,0,0,0,0,0,0,0,0,0,0,0,0,0,0,0,0,0,0,0,0,0,0,0,0,0,0,0,0,0,0,0,0,0,0,0,0,8.57714e-06,8.57714e-06,1.71543e-05,1.71543e-05,1.71543e-05,2.57314e-05,3.43086e-05,3.43086e-05,4.28857e-05,5.14628e-05,5.14628e-05,5.14628e-05,5.14628e-05,5.14628e-05,5.14628e-05,5.14628e-05,4.28857e-05,4.28857e-05,3.43086e-05,3.43086e-05,3.43086e-05,3.43086e-05,3.43086e-05,3.43086e-05,4.28857e-05,4.28857e-05,4.28857e-05,4.28857e-05,4.28857e-05,4.28857e-05,4.28857e-05,4.28857e-05,4.28857e-05,4.28857e-05,3.43086e-05,3.43086e-05,2.57314e-05,1.71543e-05,1.71543e-05,1.71543e-05,1.71543e-05,8.57714e-06,8.57714e-06,8.57714e-06,8.57714e-06,0,0,0,0,0,0,0,0,0,0,0,0,0,0,0,0,0,0,0,0
0,0,0,0,0,0,0,0,0,0,0,0,0,0,0,0,0,8.57714e-06,8.57714e-06,1.71543e-05,1.71543e-05,2.57314e-05,4.28857e-05,5.14628e-05,5.14628e-05,5.14628e-05,5.14628e-05,6.004e-05,6.004e-05,6.004e-05,6.004e-05,6.86171e-05,6.86171e-05,6.86171e-05,6.004e-05,6.004e-05,6.004e-05,6.004e-05,6.004e-05,5.14628e-05,5.14628e-05,5.14628e-05,5.14628e-05,5.14628e-05,4.28857e-05,3.43086e-05,1.71543e-05,1.71543e-05,1.71543e-05,1.71543e-05,8.57714e-06,8.57714e-06,8.57714e-06,8.57714e-06,8.57714e-06,8.57714e-06,8.57714e-06,0,0,0,0,0,0,0,0,0,0,0,0,0,0,0,0,0,0,0,0,0,0,0,0,0,0,0,0,0,0,0,0,0,0,0,0,0,0,0,0,0,0,0,0,0,0,0,0,0,0,0,0,0,0,0,0,0,8.57714e-06,8.57714e-06,1.71543e-05,1.71543e-05,3.43086e-05,4.28857e-05,5.14628e-05,5.14628e-05,5.14628e-05,5.14628e-05,5.14628e-05,5.14628e-05,5.14628e-05,5.14628e-05,5.14628e-05,5.14628e-05,5.14628e-05,5.14628e-05,5.14628e-05,5.14628e-05,4.28857e-05,4.28857e-05,3.43086e-05,3.43086e-05,3.43086e-05,3.43086e-05,3.43086e-05,3.43086e-05,3.43086e-05,3.43086e-05,3.43086e-05,3.43086e-05,3.43086e-05,2.57314e-05,2.57314e-05,1.71543e-05,1.71543e-05,1.71543e-05,1.71543e-05,1.71543e-05,8.57714e-06,8.57714e-06,8.57714e-06,8.57714e-06,0,0,0,0,0,0,0,0,0,0,0,0,0,0,0,0,0,0,0,0,0,0
0,0,0,0,0,0,0,0,0,0,0,0,0,0,0,0,0,8.57714e-06,8.57714e-06,1.71543e-05,2.57314e-05,4.28857e-05,5.14628e-05,5.14628e-05,5.14628e-05,6.004e-05,6.004e-05,6.86171e-05,6.86171e-05,6.86171e-05,6.86171e-05,6.86171e-05,7.71942e-05,6.86171e-05,6.86171e-05,6.86171e-05,6.86171e-05,6.86171e-05,6.004e-05,6.004e-05,6.004e-05,5.14628e-05,5.14628e-05,5.14628e-05,5.14628e-05,3.43086e-05,1.71543e-05,1.71543e-05,1.71543e-05,8.57714e-06,8.57714e-06,8.57714e-06,8.57714e-06,8.57714e-06,0,0,0,0,0,0,0,0,0,0,0,0,0,0,0,0,0,0,0,0,0,0,0,0,0,0,0,0,0,0,0,0,0,0,0,0,0,0,0,0,0,0,0,0,0,0,0,0,0,0,0,0,0,0,0,0,0,0,0,8.57714e-06,1.71543e-05,1.71543e-05,3.43086e-05,5.14628e-05,5.14628e-05,5.14628e-05,5.14628e-05,5.14628e-05,5.14628e-05,5.14628e-05,6.004e-05,6.004e-05,5.14628e-05,5.14628e-05,5.14628e-05,5.14628e-05,5.14628e-05,5.14628e-05,5.14628e-05,5.14628e-05,5.14628e-05,5.14628e-05,4.28857e-05,4.28857e-05,3.43086e-05,3.43086e-05,3.43086e-05,3.43086e-05,2.57314e-05,2.57314e-05,1.71543e-05,1.71543e-05,1.71543e-05,1.71543e-05,1.71543e-05,1.71543e-05,1.71543e-05,1.71543e-05,8.57714e-06,8.57714e-06,8.57714e-06,8.57714e-06,8.57714e-06,0,0,0,0,0,0,0,0,0,0,0,0,0,0,0,0,0,0,0,0,0,0,0
0,0,0,0,0,0,0,0,0,0,0,0,0,0,0,0,8.57714e-06,8.57714e-06,1.71543e-05,1.71543e-05,3.43086e-05,5.14628e-05,5.14628e-05,6.004e-05,6.004e-05,6.86171e-05,6.86171e-05,7.71942e-05,7.71942e-05,7.71942e-05,7.71942e-05,7.71942e-05,7.71942e-05,7.71942e-05,7.71942e-05,7.71942e-05,7.71942e-05,6.86171e-05,6.86171e-05,6.86171e-05,6.004e-05,6.004e-05,5.14628e-05,5.14628e-05,5.14628e-05,3.43086e-05,2.57314e-05,1.71543e-05,8.57714e-06,8.57714e-06,8.57714e-06,0,0,0,0,0,0,0,0,0,0,0,0,0,0,0,0,0,0,0,0,0,0,0,0,0,0,0,0,0,0,0,0,0,0,0,0,0,0,0,0,0,0,0,0,0,0,0,0,0,0,0,0,0,0,0,0,0,0,0,0,8.57714e-06,8.57714e-06,1.71543e-05,3.43086e-05,5.14628e-05,5.14628e-05,5.14628e-05,6.004e-05,6.004e-05,6.004e-05,6.86171e-05,6.86171e-05,6.86171e-05,6.86171e-05,6.86171e-05,6.004e-05,6.004e-05,6.004e-05,6.004e-05,6.004e-05,5.14628e-05,5.14628e-05,5.14628e-05,5.14628e-05,5.14628e-05,5.14628e-05,4.28857e-05,3.43086e-05,3.43086e-05,3.43086e-05,2.57314e-05,1.71543e-05,1.71543e-05,1.71543e-05,1.71543e-05,1.71543e-05,1.71543e-05,1.71543e-05,1.71543e-05,8.57714e-06,8.57714e-06,8.57714e-06,8.57714e-06,8.57714e-06,0,0,0,0,0,0,0,0,0,0,0,0,0,0,0,0,0,0,0,0,0,0,0,0,0
8.57714e-06,8.57714e-06,0,0,0,0,0,0,0,0,0,0,0,0,0,0,8.57714e-06,8.57714e-06,1.71543e-05,3.43086e-05,5.14628e-05,5.14628e-05,6.004e-05,6.86171e-05,6.86171e-05,7.71942e-05,7.71942e-05,7.71942e-05,7.71942e-05,7.71942e-05,7.71942e-05,7.71942e-05,7.71942e-05,7.71942e-05,7.71942e-05,7.71942e-05,7.71942e-05,7.71942e-05,7.71942e-05,6.86171e-05,6.86171e-05,6.004e-05,6.004e-05,5.14628e-05,5.14628e-05,4.28857e-05,3.43086e-05,1.71543e-05,8.57714e-06,8.57714e-06,0,0,0,0,0,0,0,0,0,0,0,0,0,0,0,0,0,0,0,0,0,0,0,0,0,0,0,0,0,0,0,0,0,0,0,0,0,0,0,0,0,0,0,0,0,0,0,0,0,0,0,0,0,0,0,0,0,0,0,0,8.57714e-06,1.71543e-05,3.43086e-05,5.14628e-05,5.14628e-05,6.004e-05,6.86171e-05,6.86171e-05,6.86171e-05,7.71942e-05,7.71942e-05,7.71942e-05,7.71942e-05,7.71942e-05,7.71942e-05,7.71942e-05,6.86171e-05,6.86171e-05,6.86171e-05,6.86171e-05,6.004e-05,6.004e-05,6.004e-05,5.14628e-05,5.14628e-05,5.14628e-05,5.14628e-05,5.14628e-05,4.28857e-05,3.43086e-05,3.43086e-05,2.57314e-05,1.71543e-05,1.71543e-05,1.71543e-05,1.71543e-05,1.71543e-05,8.57714e-06,8.57714e-06,8.57714e-06,8.57714e-06,8.57714e-06,8.57714e-06,0,0,0,0,0,0,0,0,0,0,0,0,0,0,0,0,0,0,0,0,0,0,8.57714e-06,8.57714e-06,8.57714e-06,8.57714e-06,8.57714e-06
8.57714e-06,8.57714e-06,8.57714e-06,8.57714e-06,8.57714e-06,0,0,0,0,0,0,0,0,0,0,8.57714e-06,8.57714e-06,1.71543e-05,2.57314e-05,5.14628e-05,5.14628e-05,6.004e-05,6.86171e-05,7.71942e-05,7.71942e-05,7.71942e-05,7.71942e-05,7.71942e-05,7.71942e-05,7.71942e-05,7.71942e-05,7.71942e-05,7.71942e-05,7.71942e-05,7.71942e-05,7.71942e-05,7.71942e-05,7.71942e-05,7.71942e-05,7.71942e-05,6.86171e-05,6.86171e-05,6.004e-05,5.14628e-05,5.14628e-05,5.14628e-05,3.43086e-05,1.71543e-05,8.57714e-06,8.57714e-06,0,0,0,0,0,0,0,0,0,0,0,0,0,0,0,0,0,0,0,0,0,0,0,0,0,0,0,0,0,0,0,0,0,0,0,0,0,0,0,0,0,0,0,0,0,0,0,0,0,0,0,0,0,0,0,0,0,0,8.57714e-06,1.71543e-05,1.71543e-05,5.14628e-05,5.14628e-05,6.004e-05,6.86171e-05,7.71942e-05,7.71942e-05,7.71942e-05,7.71942e-05,7.71942e-05,7.71942e-05,7.71942e-05,7.71942e-05,7.71942e-05,7.71942e-05,7.71942e-05,7.71942e-05,7.71942e-05,7.71942e-05,7.71942e-05,6.86171e-05,6.86171e-05,6.004e-05,6.004e-05,6.004e-05,5.14628e-05,5.14628e-05,5.14628e-05,5.14628e-05,4.28857e-05,3.43086e-05,2.57314e-05,1.71543e-05,1.71543e-05,1.71543e-05,1.71543e-05,8.57714e-06,8.57714e-06,8.57714e-06,8.57714e-06,8.57714e-06,0,0,0,0,0,0,0,0,0,0,0,0,0,0,0,0,0,0,0,0,8.57714e-06,8.57714e-06,8.57714e-06,8.57714e-06,8.57714e-06,8.57714e-06,8.57714e-06,8.57714e-06,8.57714e-06
8.57714e-06,8.57714e-06,8.57714e-06,8.57714e-06,8.57714e-06,8.57714e-06,8.57714e-06,8.57714e-06,0,0,0,0,0,0,0,8.57714e-06,8.57714e-06,1.71543e-05,4.28857e-05,5.14628e-05,6.004e-05,6.86171e-05,7.71942e-05,7.71942e-05,7.71942e-05,7.71942e-05,7.71942e-05,8.57714e-05,9.43485e-05,9.43485e-05,9.43485e-05,9.43485e-05,9.43485e-05,9.43485e-05,7.71942e-05,7.71942e-05,7.71942e-05,7.71942e-05,7.71942e-05,7.71942e-05,7.71942e-05,6.86171e-05,6.86171e-05,6.004e-05,5.14628e-05,5.14628e-05,3.43086e-05,1.71543e-05,8.57714e-06,8.57714e-06,0,0,0,0,0,0,0,0,0,0,0,0,0,0,0,0,0,0,0,0,0,0,0,0,0,0,0,0,0,0,0,0,0,0,0,0,0,0,0,0,0,0,0,0,0,0,0,0,0,0,0,0,0,0,0,0,0,8.57714e-06,1.71543e-05,3.43086e-05,5.14628e-05,6.004e-05,6.86171e-05,7.71942e-05,7.71942e-05,7.71942e-05,7.71942e-05,7.71942e-05,7.71942e-05,7.71942e-05,7.71942e-05,7.71942e-05,7.71942e-05,7.71942e-05,7.71942e-05,7.71942e-05,7.71942e-05,7.71942e-05,7.71942e-05,7.71942e-05,7.71942e-05,6.86171e-05,6.86171e-05,6.86171e-05,6.004e-05,6.004e-05,5.14628e-05,5.14628e-05,5.14628e-05,5.14628e-05,3.43086e-05,3.43086e-05,1.71543e-05,1.71543e-05,1.71543e-05,1.71543e-05,8.57714e-06,8.57714e-06,8.57714e-06,8.57714e-06,0,0,0,0,0,0,0,0,0,0,0,0,0,0,0,0,0,0,0,8.57714e-06,8.57714e-06,8.57714e-06,8.57714e-06,8.57714e-06,8.57714e-06,8.57714e-06,8.57714e-06,8.57714e-06,8.57714e-06,8.57714e-06
8.57714e-06,8.57714e-06,8.57714e-06,8.57714e-06,8.57714e-06,8.57714e-06,8.57714e-06,8.57714e-06,8.57714e-06,0,0,0,0,0,8.57714e-06,8.57714e-06,1.71543e-05,3.43086e-05,5.14628e-05,6.004e-05,6.86171e-05,7.71942e-05,7.71942e-05,7.71942e-05,7.71942e-05,9.43485e-05,9.43485e-05,0.000111503,0.000111503,0.000111503,0.000111503,0.000111503,0.000111503,9.43485e-05,9.43485e-05,9.43485e-05,7.71942e-05,7.71942e-05,7.71942e-05,7.71942e-05,7.71942e-05,7.71942e-05,6.86171e-05,6.004e-05,5.14628e-05,5.14628e-05,4.28857e-05,1.71543e-05,1.71543e-05,8.57714e-06,0,0,0,0,0,0,0,0,0,0,0,0,0,0,0,0,0,0,0,0,0,0,0,0,0,0,0,0,0,0,0,0,0,0,0,0,0,0,0,0,0,0,0,0,0,0,0,0,0,0,0,0,0,0,0,0,8.57714e-06,1.71543e-05,5.14628e-05,5.14628e-05,6.004e-05,7.71942e-05,7.71942e-05,7.71942e-05,7.71942e-05,9.43485e-05,9.43485e-05,9.43485e-05,0.000111503,0.000111503,0.000111503,0.000111503,0.000111503,0.000102926,9.43485e-05,9.43485e-05,7.71942e-05,7.71942e-05,7.71942e-05,7.71942e-05,7.71942e-05,7.71942e-05,7.71942e-05,6.86171e-05,6.86171e-05,6.004e-05,6.004e-05,5.14628e-05,5.14628e-05,5.14628e-05,4.28857e-05,3.43086e-05,1.71543e-05,1.71543e-05,1.71543e-05,8.57714e-06,8.57714e-06,8.57714e-06,8.57714e-06,0,0,0,0,0,0,0,0,0,0,0,0,0,0,0,0,0,0,0,8.57714e-06,8.57714e-06,8.57714e-06,8.57714e-06,8.57714e-06,8.57714e-06,8.57714e-06,8.57714e-06,8.57714e-06,1.71543e-05,1.71543e-05,1.71543e-05
1.71543e-05,1.71543e-05,1.71543e-05,1.71543e-05,1.71543e-05,8.57714e-06,8.57714e-06,8.57714e-06,8.57714e-06,8.57714e-06,8.57714e-06,0,0,8.57714e-06,8.57714e-06,1.71543e-05,2.57314e-05,5.14628e-05,6.004e-05,6.86171e-05,7.71942e-05,7.71942e-05,7.71942e-05,9.43485e-05,9.43485e-05,0.000111503,0.000111503,0.000111503,0.000111503,0.000111503,0.000111503,0.000111503,0.000111503,0.000111503,0.000111503,0.000111503,9.43485e-05,9.43485e-05,7.71942e-05,7.71942e-05,7.71942e-05,7.71942e-05,7.71942e-05,6.86171e-05,6.004e-05,5.14628e-05,5.14628e-05,2.57314e-05,1.71543e-05,8.57714e-06,0,0,0,0,0,0,0,0,0,0,0,0,0,0,0,0,0,0,0,0,0,0,0,0,0,0,0,0,0,0,0,0,0,0,0,0,0,0,0,0,0,0,0,0,0,0,0,0,0,0,0,0,0,0,0,8.57714e-06,2.57314e-05,5.14628e-05,5.14628e-05,6.86171e-05,7.71942e-05,7.71942e-05,7.71942e-05,9.43485e-05,0.000111503,0.000111503,0.000111503,0.000111503,0.000111503,0.000111503,0.000111503,0.000111503,0.000111503,0.000111503,0.000111503,0.000111503,9.43485e-05,9.43485e-05,7.71942e-05,7.71942e-05,7.71942e-05,7.71942e-05,7.71942e-05,7.71942e-05,6.86171e-05,6.86171e-05,6.004e-05,6.004e-05,5.14628e-05,5.14628e-05,5.14628e-05,3.43086e-05,2.57314e-05,1.71543e-05,1.71543e-05,8.57714e-06,8.57714e-06,8.57714e-06,8.57714e-06,0,0,0,0,0,0,0,0,0,0,0,0,0,0,0,0,0,0,8.57714e-06,8.57714e-06,8.57714e-06,8.57714e-06,8.57714e-06,8.57714e-06,1.71543e-05,1.71543e-05,1.71543e-05,1.71543e-05,1.71543e-05,1.71543e-05,1.71543e-05
1.71543e-05,1.71543e-05,1.71543e-05,1.71543e-05,1.71543e-05,1.71543e-05,8.57714e-06,8.57714e-06,8.57714e-06,8.57714e-06,8.57714e-06,8.57714e-06,8.57714e-06,8.57714e-06,8.57714e-06,1.71543e-05,5.14628e-05,5.14628e-05,6.86171e-05,7.71942e-05,7.71942e-05,7.71942e-05,9.43485e-05,0.000111503,0.000111503,0.000111503,0.000111503,0.000111503,0.000111503,0.000111503,0.000111503,0.000111503,0.000111503,0.000111503,0.000111503,0.000111503,0.000111503,9.43485e-05,9.43485e-05,7.71942e-05,7.71942e-05,7.71942e-05,7.71942e-05,6.86171e-05,6.004e-05,5.14628e-05,5.14628e-05,3.43086e-05,1.71543e-05,8.57714e-06,0,0,0,0,0,0,0,0,0,0,0,0,0,0,0,0,0,0,0,0,0,0,0,0,0,0,0,0,0,0,0,0,0,0,0,0,0,0,0,0,0,0,0,0,0,0,0,0,0,0,0,0,0,0,8.57714e-06,1.71543e-05,5.14628e-05,5.14628e-05,6.86171e-05,7.71942e-05,7.71942e-05,7.71942e-05,9.43485e-05,0.000111503,0.000111503,0.000111503,0.00012008,0.000128657,0.000154388,0.000162966,0.000162966,0.000154388,0.000137234,0.00012008,0.000111503,0.000111503,0.000111503,0.000111503,9.43485e-05,8.57714e-05,7.71942e-05,7.71942e-05,7.71942e-05,7.71942e-05,7.71942e-05,6.86171e-05,6.86171e-05,6.004e-05,5.14628e-05,5.14628e-05,5.14628e-05,4.28857e-05,3.43086e-05,1.71543e-05,1.71543e-05,8.57714e-06,8.57714e-06,8.57714e-06,0,0,0,0,0,0,0,0,0,0,0,0,0,0,0,0,0,0,8.57714e-06,8.57714e-06,8.57714e-06,8.57714e-06,8.57714e-06,8.57714e-06,1.71543e-05,1.71543e-05,1.71543e-05,1.71543e-05,1.71543e-05,1.71543e-05,1.71543e-05,1.71543e-05
1.71543e-05,1.71543e-05,1.71543e-05,1.71543e-05,1.71543e-05,1.71543e-05,1.71543e-05,1.71543e-05,8.57714e-06,8.57714e-06,8.57714e-06,8.57714e-06,8.57714e-06,8.57714e-06,1.71543e-05,3.43086e-05,5.14628e-05,6.004e-05,7.71942e-05,7.71942e-05,7.71942e-05,0.000111503,0.000111503,0.000111503,0.000111503,0.00012008,0.000145811,0.000154388,0.000162966,0.000162966,0.000154388,0.000137234,0.00012008,0.000111503,0.000111503,0.000111503,0.000111503,0.000111503,9.43485e-05,8.57714e-05,7.71942e-05,7.71942e-05,7.71942e-05,7.71942e-05,6.86171e-05,6.004e-05,5.14628e-05,3.43086e-05,1.71543e-05,8.57714e-06,0,0,0,0,0,0,0,0,0,0,0,0,0,0,0,0,0,0,0,0,0,0,0,0,0,0,0,0,0,0,0,0,0,0,0,0,0,0,0,0,0,0,0,0,0,0,0,0,0,0,0,0,0,8.57714e-06,1.71543e-05,5.14628e-05,5.14628e-05,6.86171e-05,7.71942e-05,7.71942e-05,9.43485e-05,0.000111503,0.000111503,0.000111503,0.00012008,0.000197274,0.00024016,0.000308777,0.000334508,0.000343086,0.000343086,0.000334508,0.0003002,0.00024016,0.000188697,0.00012008,0.000111503,0.000111503,0.000111503,9.43485e-05,9.43485e-05,7.71942e-05,7.71942e-05,7.71942e-05,7.71942e-05,7.71942e-05,6.86171e-05,6.004e-05,6.004e-05,5.14628e-05,5.14628e-05,5.14628e-05,3.43086e-05,1.71543e-05,1.71543e-05,1.71543e-05,8.57714e-06,8.57714e-06,0,0,0,0,0,0,0,0,0,0,0,0,0,0,0,0,0,8.57714e-06,8.57714e-06,8.57714e-06,8.57714e-06,8.57714e-06,1.71543e-05,1.71543e-05,1.71543e-05,1.71543e-05,1.71543e-05,1.71543e-05,1.71543e-05,1.71543e-05,1.71543e-05,1.71543e-05
3.43086e-05,2.57314e-05,2.57314e-05,1.71543e-05,1.71543e-05,1.71543e-05,1.71543e-05,1.71543e-05,1.71543e-05,8.57714e-06,8.57714e-06,8.57714e-06,8.57714e-06,8.57714e-06,1.71543e-05,5.14628e-05,6.004e-05,7.71942e-05,7.71942e-05,9.43485e-05,0.000111503,0.000111503,0.000111503,0.000154388,0.000205851,0.000248737,0.0003002,0.000308777,0.000308777,0.0003002,0.000248737,0.00024016,0.000205851,0.000154388,0.00012008,0.000111503,0.000111503,0.000111503,0.000111503,9.43485e-05,7.71942e-05,7.71942e-05,7.71942e-05,7.71942e-05,6.86171e-05,6.004e-05,5.14628e-05,4.28857e-05,1.71543e-05,8.57714e-06,0,0,0,0,0,0,0,0,0,0,0,0,0,0,0,0,0,0,0,0,0,0,0,0,0,0,0,0,0,0,0,0,0,0,0,0,0,0,0,0,0,0,0,0,0,0,0,0,0,0,0,0,0,1.71543e-05,3.43086e-05,5.14628e-05,6.86171e-05,7.71942e-05,7.71942e-05,9.43485e-05,0.000111503,0.000111503,0.00012008,0.000205851,0.000291623,0.000368817,0.000471743,0.00054036,0.000574668,0.000591823,0.000574668,0.000548937,0.000506051,0.000446011,0.000334508,0.00024016,0.000162966,0.000111503,0.000111503,0.000111503,9.43485e-05,9.43485e-05,7.71942e-05,7.71942e-05,7.71942e-05,7.71942e-05,7.71942e-05,6.86171e-05,6.004e-05,5.14628e-05,5.14628e-05,5.14628e-05,3.43086e-05,2.57314e-05,1.71543e-05,1.71543e-05,8.57714e-06,8.57714e-06,0,0,0,0,0,0,0,0,0,0,0,0,0,0,0,0,0,8.57714e-06,8.57714e-06,8.57714e-06,8.57714e-06,1.71543e-05,1.71543e-05,1.71543e-05,1.71543e-05,1.71543e-05,1.71543e-05,2.57314e-05,3.43086e-05,3.43086e-05,3.43086e-05,3.43086e-05
3.43086e-05,3.43086e-05,3.43086e-05,3.43086e-05,2.57314e-05,1.71543e-05,1.71543e-05,1.71543e-05,1.71543e-05,8.57714e-06,8.57714e-06,8.57714e-06,8.57714e-06,1.71543e-05,4.28857e-05,5.14628e-05,6.86171e-05,7.71942e-05,9.43485e-05,0.000111503,0.000111503,0.000162966,0.000248737,0.000343086,0.000454588,0.000497474,0.000531783,0.00054036,0.000506051,0.000471743,0.000403126,0.000343086,0.000308777,0.00024016,0.000197274,0.000128657,0.000111503,0.000111503,0.000111503,0.000111503,9.43485e-05,7.71942e-05,7.71942e-05,7.71942e-05,6.86171e-05,6.004e-05,5.14628e-05,5.14628e-05,1.71543e-05,8.57714e-06,0,0,0,0,0,0,0,0,0,0,0,0,0,0,0,0,0,0,0,0,0,0,0,0,0,0,0,0,0,0,0,0,0,0,0,0,0,0,0,0,0,0,0,0,0,0,0,0,0,0,0,0,8.57714e-06,1.71543e-05,5.14628e-05,6.004e-05,7.71942e-05,7.71942e-05,9.43485e-05,0.000111503,0.000111503,0.00018012,0.000291623,0.000394548,0.00054036,0.00066044,0.000763365,0.000831982,0.000917754,0.000917754,0.000874868,0.000806251,0.000746211,0.000643285,0.00054036,0.000394548,0.000291623,0.00018012,0.000111503,0.000111503,0.000111503,9.43485e-05,8.57714e-05,7.71942e-05,7.71942e-05,7.71942e-05,7.71942e-05,6.86171e-05,6.004e-05,6.004e-05,5.14628e-05,5.14628e-05,4.28857e-05,3.43086e-05,1.71543e-05,1.71543e-05,8.57714e-06,8.57714e-06,0,0,0,0,0,0,0,0,0,0,0,0,0,0,0,0,0,8.57714e-06,8.57714e-06,8.57714e-06,8.57714e-06,1.71543e-05,1.71543e-05,1.71543e-05,1.71543e-05,2.57314e-05,3.43086e-05,3.43086e-05,3.43086e-05,3.43086e-05,3.43086e-05,3.43086e-05
4.28857e-05,4.28857e-05,3.43086e-05,3.43086e-05,3.43086e-05,2.57314e-05,1.71543e-05,1.71543e-05,1.71543e-05,1.71543e-05,1.71543e-05,8.57714e-06,1.71543e-05,3.43086e-05,5.14628e-05,6.86171e-05,7.71942e-05,9.43485e-05,0.000111503,0.00012008,0.00024016,0.000377394,0.00054036,0.00066044,0.000763365,0.000814828,0.000857714,0.000849137,0.000789097,0.000746211,0.000643285,0.00054036,0.000454588,0.000343086,0.000274468,0.000205851,0.000128657,0.000111503,0.000111503,0.000111503,9.43485e-05,7.71942e-05,7.71942e-05,7.71942e-05,7.71942e-05,6.004e-05,5.14628e-05,5.14628e-05,2.57314e-05,8.57714e-06,0,0,0,0,0,0,0,0,0,0,0,0,0,0,0,0,0,0,0,0,0,0,0,0,0,0,0,0,0,0,0,0,0,0,0,0,0,0,0,0,0,0,0,0,0,0,0,0,0,0,0,0,1.71543e-05,5.14628e-05,6.004e-05,7.71942e-05,7.71942e-05,9.43485e-05,0.000111503,0.000137234,0.000248737,0.000377394,0.000548937,0.000746211,0.000943485,0.00110645,0.00136377,0.00156104,0.00162108,0.00160392,0.00148384,0.00130373,0.00104641,0.000917754,0.000746211,0.000574668,0.000454588,0.0003002,0.000162966,0.000111503,0.000111503,0.000111503,9.43485e-05,7.71942e-05,7.71942e-05,7.71942e-05,7.71942e-05,7.71942e-05,6.86171e-05,6.004e-05,5.14628e-05,5.14628e-05,5.14628e-05,3.43086e-05,1.71543e-05,1.71543e-05,8.57714e-06,8.57714e-06,8.57714e-06,0,0,0,0,0,0,0,0,0,0,0,0,0,0,0,8.57714e-06,8.57714e-06,8.57714e-06,8.57714e-06,1.71543e-05,1.71543e-05,1.71543e-05,1.71543e-05,2.57314e-05,3.43086e-05,3.43086e-05,3.43086e-05,4.28857e-05,4.28857e-05,4.28857e-05,4.28857e-05
5.14628e-05,4.28857e-05,4.28857e-05,4.28857e-05,4.28857e-05,4.28857e-05,4.28857e-05,4.28857e-05,3.43086e-05,3.43086e-05,3.43086e-05,3.43086e-05,5.14628e-05,6.004e-05,7.71942e-05,7.71942e-05,0.000111503,0.000111503,0.000162966,0.000334508,0.00054036,0.000746211,0.000943485,0.00114934,0.00152673,0.00173258,0.00176689,0.001724,0.00152673,0.0012008,0.000994948,0.000789097,0.000651863,0.000523205,0.000377394,0.000291623,0.000205851,0.00012008,0.000111503,0.000111503,0.000111503,9.43485e-05,7.71942e-05,7.71942e-05,7.71942e-05,6.86171e-05,6.004e-05,5.14628e-05,3.43086e-05,1.71543e-05,0,0,0,0,0,0,0,0,0,0,0,0,0,0,0,0,0,0,0,0,0,0,0,0,0,0,0,0,0,0,0,0,0,0,0,0,0,0,0,0,0,0,0,0,0,0,0,0,0,0,0,1.71543e-05,5.14628e-05,6.004e-05,7.71942e-05,7.71942e-05,0.000111503,0.000111503,0.000197274,0.000343086,0.00054036,0.000754788,0.00102926,0.00152673,0.00192986,0.0022901,0.00255599,0.00269322,0.00269322,0.00256456,0.00234156,0.00205851,0.00177547,0.00137234,0.0010121,0.00078052,0.000583245,0.000446011,0.000274468,0.000154388,0.000111503,0.000111503,0.000111503,9.43485e-05,7.71942e-05,7.71942e-05,7.71942e-05,7.71942e-05,6.86171e-05,6.004e-05,6.004e-05,5.14628e-05,5.14628e-05,3.43086e-05,1.71543e-05,1.71543e-05,8.57714e-06,8.57714e-06,8.57714e-06,0,0,0,0,0,0,0,0,0,0,0,0,0,0,0,8.57714e-06,8.57714e-06,8.57714e-06,8.57714e-06,1.71543e-05,1.71543e-05,1.71543e-05,1.71543e-05,3.43086e-05,3.43086e-05,3.43086e-05,4.28857e-05,4.28857e-05,5.14628e-05,5.14628e-05,5.14628e-05
5.14628e-05,5.14628e-05,5.14628e-05,5.14628e-05,5.14628e-05,5.14628e-05,5.14628e-05,5.14628e-05,5.14628e-05,5.14628e-05,5.14628e-05,6.004e-05,6.86171e-05,7.71942e-05,7.71942e-05,0.000111503,0.000111503,0.000231583,0.000454588,0.00066044,0.000943485,0.00143238,0.00198132,0.00247879,0.0029248,0.0031907,0.003225,0.00306204,0.00275326,0.0022901,0.00186124,0.00134661,0.000977794,0.000746211,0.00054036,0.000377394,0.000274468,0.000162966,0.000111503,0.000111503,0.000111503,9.43485e-05,7.71942e-05,7.71942e-05,7.71942e-05,6.86171e-05,6.004e-05,5.14628e-05,3.43086e-05,1.71543e-05,0,0,0,0,0,0,0,0,0,0,0,0,0,0,0,0,0,0,0,0,0,0,0,0,0,0,0,0,0,0,0,0,0,0,0,0,0,0,0,0,0,0,0,0,0,0,0,0,8.57714e-06,8.57714e-06,3.43086e-05,5.14628e-05,6.86171e-05,7.71942e-05,7.71942e-05,0.000111503,0.000111503,0.00024016,0.000454588,0.000694748,0.00102068,0.00173258,0.00235871,0.00313923,0.0040913,0.00474316,0.0051034,0.00525779,0.00507767,0.00470885,0.0040913,0.003225,0.00261603,0.00204994,0.00159535,0.00104641,0.000771942,0.000557514,0.000368817,0.000214428,0.00012008,0.000111503,0.000111503,9.43485e-05,7.71942e-05,7.71942e-05,7.71942e-05,7.71942e-05,7.71942e-05,6.86171e-05,6.004e-05,5.14628e-05,5.14628e-05,4.28857e-05,2.57314e-05,1.71543e-05,1.71543e-05,8.57714e-06,8.57714e-06,0,0,0,0,0,0,0,0,0,0,0,0,0,0,0,8.57714e-06,8.57714e-06,8.57714e-06,1.71543e-05,1.71543e-05,1.71543e-05,1.71543e-05,2.57314e-05,3.43086e-05,3.43086e-05,4.28857e-05,5.14628e-05,5.14628e-05,5.14628e-05,5.14628e-05,5.14628e-05
5.14628e-05,5.14628e-05,5.14628e-05,5.14628e-05,5.14628e-05,6.004e-05,6.004e-05,6.86171e-05,6.86171e-05,7.71942e-05,7.71942e-05,7.71942e-05,7.71942e-05,9.43485e-05,0.000111503,0.000154388,0.000317354,0.00054036,0.000806251,0.00126942,0.00198132,0.00284761,0.00409987,0.00528352,0.00595253,0.00648432,0.00647574,0.00595253,0.00535213,0.00441723,0.00313923,0.00229867,0.00165539,0.00102926,0.000746211,0.00054036,0.000368817,0.00024016,0.000137234,0.000111503,0.000111503,9.43485e-05,7.71942e-05,7.71942e-05,7.71942e-05,6.86171e-05,6.004e-05,5.14628e-05,4.28857e-05,1.71543e-05,8.57714e-06,0,0,0,0,0,0,0,0,0,0,0,0,0,0,0,0,0,0,0,0,0,0,0,0,0,0,0,0,0,0,0,0,0,0,0,0,0,0,0,8.57714e-06,8.57714e-06,8.57714e-06,1.71543e-05,1.71543e-05,1.71543e-05,1.71543e-05,1.71543e-05,4.28857e-05,5.14628e-05,6.86171e-05,7.71942e-05,7.71942e-05,9.43485e-05,0.000111503,0.00012008,0.0003002,0.00054036,0.000849137,0.00152673,0.0024016,0.00395406,0.00548079,0.00677594,0.00771942,0.00831982,0.00869722,0.00868006,0.00827694,0.00749642,0.00649289,0.0054036,0.00426284,0.00299342,0.00216144,0.00159535,0.000994948,0.00072048,0.000497474,0.0003002,0.000154388,0.000111503,0.000111503,0.000111503,9.43485e-05,7.71942e-05,7.71942e-05,7.71942e-05,7.71942e-05,6.86171e-05,6.004e-05,5.14628e-05,5.14628e-05,5.14628e-05,3.43086e-05,1.71543e-05,1.71543e-05,8.57714e-06,8.57714e-06,0,0,0,0,0,0,0,0,0,0,0,0,0,0,0,8.57714e-06,8.57714e-06,8.57714e-06,1.71543e-05,1.71543e-05,1.71543e-05,1.71543e-05,3.43086e-05,3.43086e-05,4.28857e-05,5.14628e-05,5.14628e-05,5.14628e-05,5.14628e-05,5.14628e-05,5.14628e-05
5.14628e-05,5.14628e-05,5.14628e-05,6.004e-05,6.86171e-05,6.86171e-05,7.71942e-05,7.71942e-05,7.71942e-05,7.71942e-05,9.43485e-05,0.000111503,0.000111503,0.000111503,0.00024016,0.000454588,0.000703325,0.00102926,0.00176689,0.00261603,0.00419422,0.00584103,0.00775373,0.0093405,0.0106185,0.0113819,0.0112532,0.010344,0.00888592,0.00726484,0.00560087,0.00405699,0.00255599,0.00174116,0.00102068,0.000703325,0.000471743,0.000308777,0.000188697,0.000111503,0.000111503,0.000111503,7.71942e-05,7.71942e-05,7.71942e-05,6.86171e-05,6.004e-05,5.14628e-05,4.28857e-05,1.71543e-05,8.57714e-06,0,0,0,0,0,0,0,0,0,0,0,0,0,0,0,0,0,0,0,0,0,0,0,0,0,0,0,0,0,0,0,0,0,0,0,0,0,8.57714e-06,1.71543e-05,1.71543e-05,2.57314e-05,3.43086e-05,3.43086e-05,4.28857e-05,5.14628e-05,5.14628e-05,6.004e-05,7.71942e-05,7.71942e-05,8.57714e-05,0.000111503,0.000111503,0.000111503,0.000223006,0.000454588,0.000729057,0.00114076,0.00208424,0.00367102,0.00577241,0.00815686,0.010567,0.0127885,0.0145125,0.0155332,0.0155332,0.014624,0.013346,0.0116906,0.00979509,0.00789954,0.00608977,0.00464023,0.00299342,0.00208424,0.00136377,0.000857714,0.000583245,0.000368817,0.000205851,0.000111503,0.000111503,0.000111503,9.43485e-05,7.71942e-05,7.71942e-05,7.71942e-05,7.71942e-05,6.86171e-05,6.86171e-05,6.004e-05,5.14628e-05,5.14628e-05,3.43086e-05,1.71543e-05,1.71543e-05,8.57714e-06,8.57714e-06,8.57714e-06,0,0,0,0,0,0,0,0,0,0,0,0,0,0,8.57714e-06,8.57714e-06,8.57714e-06,1.71543e-05,1.71543e-05,1.71543e-05,2.57314e-05,3.43086e-05,4.28857e-05,5.14628e-05,5.14628e-05,5.14628e-05,5.14628e-05,5.14628e-05,5.14628e-05,5.14628e-05
5.14628e-05,5.14628e-05,6.004e-05,6.86171e-05,7.71942e-05,7.71942e-05,7.71942e-05,9.43485e-05,0.000111503,0.000111503,0.000111503,0.00012008,0.000205851,0.000368817,0.000583245,0.000892022,0.00147527,0.00227294,0.00359382,0.00553225,0.0079167,0.0108329,0.0140579,0.0173087,0.0193414,0.0202849,0.0198303,0.0179691,0.01495,0.0116821,0.0087058,0.00629562,0.00429715,0.0025131,0.00162108,0.000926331,0.000591823,0.000377394,0.00024016,0.00012008,0.000111503,0.000111503,9.43485e-05,7.71942e-05,7.71942e-05,6.86171e-05,6.004e-05,5.14628e-05,4.28857e-05,1.71543e-05,8.57714e-06,0,0,0,0,0,0,0,0,0,0,0,0,0,0,0,0,0,0,0,0,0,0,0,0,0,0,0,0,0,0,0,0,0,0,0,8.57714e-06,1.71543e-05,1.71543e-05,3.43086e-05,5.14628e-05,5.14628e-05,5.14628e-05,5.14628e-05,6.004e-05,6.86171e-05,7.71942e-05,7.71942e-05,9.43485e-05,0.000111503,0.000111503,0.000197274,0.000334508,0.00054036,0.00078052,0.00121795,0.00201563,0.0033022,0.00560087,0.00834556,0.0121281,0.0168712,0.0210054,0.024462,0.0263661,0.0267435,0.0260316,0.0237673,0.0210054,0.0180806,0.014564,0.0112189,0.00838844,0.0061155,0.00433145,0.00269322,0.00180978,0.00104641,0.00072048,0.000463165,0.000248737,0.000128657,0.000111503,0.000111503,9.43485e-05,9.43485e-05,7.71942e-05,7.71942e-05,7.71942e-05,7.71942e-05,6.86171e-05,6.004e-05,5.14628e-05,5.14628e-05,5.14628e-05,3.43086e-05,1.71543e-05,1.71543e-05,8.57714e-06,8.57714e-06,0,0,0,0,0,0,0,0,0,0,0,0,0,0,8.57714e-06,8.57714e-06,8.57714e-06,1.71543e-05,1.71543e-05,1.71543e-05,3.43086e-05,4.28857e-05,5.14628e-05,5.14628e-05,5.14628e-05,5.14628e-05,5.14628e-05,5.14628e-05,5.14628e-05,5.14628e-05
6.004e-05,6.86171e-05,7.71942e-05,7.71942e-05,7.71942e-05,9.43485e-05,0.000111503,0.000111503,0.000111503,0.000162966,0.000274468,0.000411703,0.000626131,0.000874868,0.0014238,0.00216144,0.00335366,0.00530067,0.00746211,0.0106271,0.0155589,0.0208939,0.0262375,0.0303716,0.0332278,0.0338969,0.0324559,0.029128,0.024239,0.0189812,0.0136634,0.00943485,0.00636424,0.0040141,0.00223863,0.00130373,0.000763365,0.000497474,0.0003002,0.000154388,0.000111503,0.000111503,9.43485e-05,7.71942e-05,7.71942e-05,6.86171e-05,6.004e-05,5.14628e-05,5.14628e-05,1.71543e-05,8.57714e-06,0,0,0,0,0,0,0,0,0,0,0,0,0,0,0,0,0,0,0,0,0,8.57714e-06,0,0,0,0,0,0,0,0,0,0,8.57714e-06,8.57714e-06,1.71543e-05,1.71543e-05,4.28857e-05,5.14628e-05,5.14628e-05,6.004e-05,6.004e-05,6.86171e-05,6.86171e-05,7.71942e-05,7.71942e-05,9.43485e-05,0.000111503,0.000111503,0.000205851,0.000377394,0.000643285,0.000994948,0.00173258,0.00261603,0.00423711,0.00613265,0.00890307,0.0128486,0.0185609,0.0250624,0.0314867,0.0372934,0.0414876,0.043083,0.0423196,0.0395149,0.0353207,0.0305603,0.0258429,0.0207824,0.0160307,0.0113819,0.00805393,0.00553225,0.00343943,0.00216144,0.00133803,0.000789097,0.00054036,0.000317354,0.000162966,0.000111503,0.000111503,0.000111503,9.43485e-05,7.71942e-05,7.71942e-05,7.71942e-05,7.71942e-05,6.86171e-05,6.004e-05,6.004e-05,5.14628e-05,5.14628e-05,3.43086e-05,1.71543e-05,1.71543e-05,8.57714e-06,8.57714e-06,8.57714e-06,0,0,0,0,0,0,0,0,0,0,0,0,0,8.57714e-06,8.57714e-06,8.57714e-06,1.71543e-05,1.71543e-05,3.43086e-05,4.28857e-05,5.14628e-05,5.14628e-05,5.14628e-05,5.14628e-05,5.14628e-05,5.14628e-05,5.14628e-05,5.14628e-05,5.14628e-05
7.71942e-05,7.71942e-05,7.71942e-05,9.43485e-05,0.000111503,0.000111503,0.00012008,0.000205851,0.000317354,0.000497474,0.000711902,0.000994948,0.00162108,0.00234156,0.0038254,0.00563518,0.00801962,0.0109702,0.0158162,0.0220947,0.0298399,0.0382112,0.0459134,0.0518059,0.0543276,0.054036,0.0509139,0.0448241,0.0370189,0.0287248,0.0207567,0.0139807,0.00908319,0.0057038,0.00312208,0.00184408,0.00096064,0.000574668,0.000351663,0.000205851,0.000111503,0.000111503,9.43485e-05,7.71942e-05,7.71942e-05,7.71942e-05,6.004e-05,5.14628e-05,5.14628e-05,1.71543e-05,8.57714e-06,0,0,0,0,0,0,0,0,0,0,0,0,0,0,0,8.57714e-06,8.57714e-06,1.71543e-05,1.71543e-05,1.71543e-05,1.71543e-05,1.71543e-05,1.71543e-05,1.71543e-05,1.71543e-05,8.57714e-06,8.57714e-06,8.57714e-06,8.57714e-06,8.57714e-06,8.57714e-06,8.57714e-06,1.71543e-05,1.71543e-05,4.28857e-05,5.14628e-05,5.14628e-05,6.004e-05,6.86171e-05,6.86171e-05,7.71942e-05,7.71942e-05,7.71942e-05,8.57714e-05,0.000111503,0.000111503,0.000162966,0.000334508,0.000557514,0.000943485,0.00180978,0.00304488,0.00539502,0.00790812,0.011176,0.0160821,0.0215458,0.0282188,0.0357838,0.0444639,0.0532383,0.0593452,0.0631449,0.0634622,0.060709,0.056043,0.0503221,0.0428514,0.0349433,0.0280301,0.0213828,0.0152673,0.0101811,0.00687029,0.00451157,0.00256456,0.00162966,0.000943485,0.0006004,0.000368817,0.000205851,0.000111503,0.000111503,0.000111503,9.43485e-05,7.71942e-05,7.71942e-05,7.71942e-05,7.71942e-05,7.71942e-05,6.86171e-05,6.004e-05,5.14628e-05,5.14628e-05,5.14628e-05,3.43086e-05,1.71543e-05,1.71543e-05,8.57714e-06,8.57714e-06,8.57714e-06,0,0,0,0,0,0,0,0,0,0,0,0,8.57714e-06,8.57714e-06,1.71543e-05,1.71543e-05,3.43086e-05,4.28857e-05,5.14628e-05,5.14628e-05,5.14628e-05,5.14628e-05,5.14628e-05,5.14628e-05,5.14628e-05,6.004e-05,6.004e-05,6.86171e-05
7.71942e-05,9.43485e-05,0.000111503,0.000111503,0.00012008,0.000214428,0.000343086,0.000514628,0.000746211,0.00102926,0.00173258,0.00245306,0.0039026,0.00582388,0.00849137,0.0122138,0.0176946,0.0238101,0.0317097,0.0418136,0.0529381,0.0624673,0.0718764,0.0786781,0.0811912,0.0792185,0.0731544,0.0638997,0.0542075,0.0417707,0.0298056,0.0201477,0.0127456,0.00793385,0.00478604,0.00235871,0.00121795,0.00072048,0.000454588,0.00024016,0.00012008,0.000111503,0.000111503,7.71942e-05,7.71942e-05,7.71942e-05,6.86171e-05,6.004e-05,5.14628e-05,2.57314e-05,1.71543e-05,0,0,0,0,0,0,0,0,0,0,0,0,8.57714e-06,8.57714e-06,1.71543e-05,3.43086e-05,4.28857e-05,5.14628e-05,5.14628e-05,5.14628e-05,5.14628e-05,5.14628e-05,5.14628e-05,4.28857e-05,3.43086e-05,2.57314e-05,1.71543e-05,1.71543e-05,1.71543e-05,1.71543e-05,1.71543e-05,1.71543e-05,3.43086e-05,5.14628e-05,5.14628e-05,6.004e-05,6.86171e-05,7.71942e-05,7.71942e-05,7.71942e-05,7.71942e-05,9.43485e-05,0.000111503,0.000111503,0.000128657,0.000291623,0.000514628,0.00078052,0.00147527,0.00273611,0.0054036,0.0087058,0.013509,0.0197617,0.0266492,0.0347203,0.0436576,0.0532898,0.0622271,0.0729057,0.0830095,0.0919383,0.0963127,0.0943142,0.0866977,0.0770656,0.0661555,0.0565748,0.0467626,0.0366072,0.0275669,0.0196931,0.0128228,0.00815686,0.00528352,0.00299342,0.00186124,0.00102926,0.00066044,0.000403126,0.00024016,0.00012008,0.000111503,0.000111503,9.43485e-05,9.43485e-05,7.71942e-05,7.71942e-05,7.71942e-05,7.71942e-05,6.86171e-05,6.86171e-05,6.004e-05,5.14628e-05,5.14628e-05,4.28857e-05,3.43086e-05,1.71543e-05,1.71543e-05,1.71543e-05,8.57714e-06,8.57714e-06,8.57714e-06,0,0,0,0,0,0,0,0,0,0,8.57714e-06,8.57714e-06,1.71543e-05,3.43086e-05,5.14628e-05,5.14628e-05,5.14628e-05,6.004e-05,6.004e-05,6.004e-05,6.86171e-05,6.86171e-05,6.86171e-05,7.71942e-05,7.71942e-05,7.71942e-05
0.000111503,0.000111503,0.000111503,0.000197274,0.000343086,0.000548937,0.00078052,0.00114076,0.00184408,0.00261603,0.0040913,0.00586676,0.00843133,0.0124283,0.018518,0.0260659,0.0345316,0.0446354,0.0558286,0.0681025,0.082169,0.0975478,0.113338,0.125852,0.129909,0.120963,0.107034,0.0902143,0.0735833,0.0572181,0.041805,0.0277985,0.0177461,0.010567,0.00637281,0.00327647,0.00176689,0.000831982,0.000514628,0.0003002,0.000145811,0.000111503,0.000111503,9.43485e-05,7.71942e-05,7.71942e-05,7.71942e-05,6.86171e-05,5.14628e-05,5.14628e-05,1.71543e-05,8.57714e-06,0,0,0,0,0,0,0,0,0,8.57714e-06,1.71543e-05,2.57314e-05,5.14628e-05,5.14628e-05,5.14628e-05,6.004e-05,6.004e-05,6.004e-05,6.004e-05,6.004e-05,6.004e-05,6.004e-05,5.14628e-05,5.14628e-05,5.14628e-05,5.14628e-05,5.14628e-05,4.28857e-05,4.28857e-05,4.28857e-05,5.14628e-05,5.14628e-05,5.14628e-05,6.004e-05,6.86171e-05,7.71942e-05,7.71942e-05,7.71942e-05,9.43485e-05,0.000111503,0.000111503,0.000137234,0.0003002,0.000514628,0.000789097,0.00146669,0.00250452,0.00481177,0.00813113,0.0138263,0.0223606,0.0321385,0.0429457,0.0545935,0.0653492,0.0779748,0.0921442,0.11007,0.133675,0.166113,0.194881,0.20194,0.18723,0.143092,0.109882,0.0883188,0.0723482,0.0587877,0.0467025,0.034583,0.0243848,0.0159792,0.00961497,0.00589249,0.00340512,0.00201563,0.00114076,0.000746211,0.000463165,0.000274468,0.000145811,0.000111503,0.000111503,0.000111503,9.43485e-05,7.71942e-05,7.71942e-05,7.71942e-05,7.71942e-05,7.71942e-05,6.86171e-05,6.004e-05,6.004e-05,5.14628e-05,5.14628e-05,5.14628e-05,3.43086e-05,2.57314e-05,1.71543e-05,1.71543e-05,8.57714e-06,8.57714e-06,8.57714e-06,0,0,0,0,0,0,0,0,0,8.57714e-06,1.71543e-05,3.43086e-05,5.14628e-05,5.14628e-05,6.004e-05,6.86171e-05,6.86171e-05,7.71942e-05,7.71942e-05,7.71942e-05,7.71942e-05,7.71942e-05,7.71942e-05,9.43485e-05,9.43485e-05
0.000111503,0.000162966,0.0003002,0.000523205,0.00078052,0.0013123,0.00208424,0.00312208,0.00494043,0.00675879,0.00905746,0.0125569,0.0181492,0.0258343,0.0352778,0.0470542,0.0589078,0.0723825,0.0874525,0.10784,0.138915,0.19121,0.222362,0.23865,0.240417,0.226728,0.196477,0.138229,0.101227,0.0762593,0.0556828,0.0376108,0.0237673,0.0142209,0.00841417,0.00486324,0.00229867,0.00105499,0.000626131,0.000368817,0.000205851,0.000111503,0.000111503,0.000111503,9.43485e-05,7.71942e-05,7.71942e-05,7.71942e-05,6.86171e-05,5.14628e-05,5.14628e-05,2.57314e-05,8.57714e-06,0,0,0,0,0,0,8.57714e-06,1.71543e-05,2.57314e-05,5.14628e-05,5.14628e-05,6.004e-05,6.86171e-05,7.71942e-05,7.71942e-05,7.71942e-05,7.71942e-05,7.71942e-05,7.71942e-05,7.71942e-05,7.71942e-05,6.86171e-05,6.86171e-05,6.004e-05,6.004e-05,5.14628e-05,5.14628e-05,5.14628e-05,5.14628e-05,6.004e-05,6.004e-05,6.86171e-05,7.71942e-05,7.71942e-05,7.71942e-05,7.71942e-05,9.43485e-05,0.000111503,0.00012008,0.000291623,0.00054036,0.000849137,0.00157819,0.00269322,0.00499189,0.00781377,0.0126942,0.0216659,0.0336395,0.0489326,0.0631878,0.0798532,0.0999322,0.125604,0.17343,0.218365,0.253635,0.286193,0.311273,0.327509,0.327063,0.305012,0.261637,0.201811,0.123708,0.0921871,0.0720222,0.0564204,0.0420623,0.0292223,0.0188526,0.0109959,0.00658724,0.00388544,0.00217859,0.0013123,0.000771942,0.000514628,0.000308777,0.000162966,0.000111503,0.000111503,0.000111503,9.43485e-05,9.43485e-05,7.71942e-05,7.71942e-05,7.71942e-05,7.71942e-05,7.71942e-05,6.86171e-05,6.86171e-05,6.004e-05,5.14628e-05,5.14628e-05,5.14628e-05,5.14628e-05,4.28857e-05,3.43086e-05,1.71543e-05,1.71543e-05,8.57714e-06,8.57714e-06,0,0,0,0,0,0,0,8.57714e-06,1.71543e-05,4.28857e-05,5.14628e-05,6.004e-05,6.86171e-05,7.71942e-05,7.71942e-05,7.71942e-05,7.71942e-05,7.71942e-05,9.43485e-05,9.43485e-05,0.000111503,0.000111503,0.000111503,0.000111503
0.000368817,0.00054036,0.000763365,0.00122653,0.00212713,0.00347374,0.00553225,0.00789954,0.01073,0.0145983,0.0197017,0.025963,0.0344029,0.046145,0.059268,0.0745439,0.0919298,0.114488,0.155032,0.214,0.254029,0.289504,0.314043,0.327973,0.327372,0.310295,0.278577,0.230948,0.155504,0.10031,0.0711902,0.0497302,0.0314438,0.0190927,0.0110216,0.00636424,0.00315639,0.00162108,0.00078052,0.000497474,0.000274468,0.000137234,0.000111503,0.000111503,0.000111503,9.43485e-05,7.71942e-05,7.71942e-05,7.71942e-05,6.86171e-05,6.004e-05,5.14628e-05,5.14628e-05,1.71543e-05,8.57714e-06,0,0,0,8.57714e-06,1.71543e-05,4.28857e-05,5.14628e-05,6.004e-05,6.86171e-05,7.71942e-05,7.71942e-05,7.71942e-05,7.71942e-05,7.71942e-05,7.71942e-05,7.71942e-05,7.71942e-05,7.71942e-05,7.71942e-05,7.71942e-05,7.71942e-05,7.71942e-05,7.71942e-05,7.71942e-05,6.86171e-05,6.86171e-05,6.86171e-05,6.86171e-05,7.71942e-05,7.71942e-05,7.71942e-05,7.71942e-05,7.71942e-05,9.43485e-05,0.000111503,0.000205851,0.000454588,0.000771942,0.00147527,0.00256456,0.00504336,0.00813113,0.0127456,0.0206023,0.032353,0.048701,0.0677251,0.0915095,0.123537,0.192874,0.243771,0.284607,0.318915,0.354613,0.397911,0.445025,0.490638,0.511721,0.498649,0.442683,0.365772,0.287197,0.204513,0.118064,0.0858572,0.0650319,0.0489755,0.0334594,0.0214428,0.0123768,0.00707614,0.00418564,0.00234156,0.00144096,0.000806251,0.000548937,0.000343086,0.000205851,0.00012008,0.000111503,0.000111503,0.000111503,9.43485e-05,7.71942e-05,7.71942e-05,7.71942e-05,7.71942e-05,7.71942e-05,7.71942e-05,6.86171e-05,6.86171e-05,6.004e-05,6.004e-05,6.004e-05,5.14628e-05,5.14628e-05,5.14628e-05,5.14628e-05,3.43086e-05,1.71543e-05,1.71543e-05,8.57714e-06,8.57714e-06,0,0,0,0,8.57714e-06,1.71543e-05,5.14628e-05,5.14628e-05,6.004e-05,7.71942e-05,7.71942e-05,7.71942e-05,7.71942e-05,7.71942e-05,9.43485e-05,0.000111503,0.000111503,0.000111503,0.00012008,0.000154388,0.000214428,0.000291623
0.000943485,0.0013895,0.00218717,0.0038254,0.00578099,0.00841417,0.0120337,0.0172915,0.0228066,0.0293081,0.0367187,0.0463423,0.0583589,0.0734375,0.0923243,0.117704,0.168987,0.22256,0.262881,0.302464,0.339912,0.374967,0.401033,0.414353,0.410227,0.386434,0.345882,0.295585,0.231531,0.138624,0.0891165,0.0612236,0.0406985,0.0251396,0.0147012,0.00837986,0.00476031,0.00219575,0.00107214,0.00066044,0.000377394,0.000223006,0.00012008,0.000111503,0.000111503,0.000111503,9.43485e-05,7.71942e-05,7.71942e-05,7.71942e-05,7.71942e-05,6.86171e-05,6.004e-05,5.14628e-05,4.28857e-05,1.71543e-05,1.71543e-05,1.71543e-05,4.28857e-05,5.14628e-05,6.004e-05,6.86171e-05,7.71942e-05,7.71942e-05,7.71942e-05,7.71942e-05,9.43485e-05,9.43485e-05,0.000111503,0.000111503,0.000111503,0.000111503,0.000111503,0.000102926,9.43485e-05,9.43485e-05,9.43485e-05,7.71942e-05,7.71942e-05,7.71942e-05,7.71942e-05,7.71942e-05,7.71942e-05,7.71942e-05,7.71942e-05,7.71942e-05,7.71942e-05,9.43485e-05,0.000111503,0.00024016,0.00054036,0.000977794,0.0019899,0.0040141,0.00715333,0.0121967,0.0201563,0.0307834,0.0466339,0.0656065,0.0919984,0.139867,0.227406,0.28911,0.341585,0.390603,0.433343,0.474779,0.530376,0.565388,0.590622,0.614346,0.623369,0.60721,0.572232,0.488502,0.360223,0.260531,0.160092,0.0999151,0.0731544,0.0540789,0.0366072,0.0233813,0.0133375,0.00755646,0.00443438,0.00247022,0.00156104,0.000909177,0.000608977,0.000377394,0.00024016,0.000128657,0.000111503,0.000111503,0.000111503,9.43485e-05,9.43485e-05,7.71942e-05,7.71942e-05,7.71942e-05,7.71942e-05,7.71942e-05,7.71942e-05,7.71942e-05,7.71942e-05,6.86171e-05,6.86171e-05,6.86171e-05,6.004e-05,6.004e-05,5.14628e-05,5.14628e-05,5.14628e-05,3.43086e-05,1.71543e-05,8.57714e-06,8.57714e-06,8.57714e-06,8.57714e-06,1.71543e-05,3.43086e-05,5.14628e-05,6.004e-05,6.86171e-05,7.71942e-05,7.71942e-05,7.71942e-05,9.43485e-05,9.43485e-05,0.000111503,0.000111503,0.00012008,0.000205851,0.0003002,0.000377394,0.000506051,0.000617554,0.000746211
0.00261603,0.00427999,0.00659582,0.00946916,0.0134833,0.0190155,0.0258772,0.0334937,0.0425769,0.0524492,0.0619441,0.0748441,0.0919212,0.117327,0.172967,0.228418,0.271046,0.307456,0.341567,0.377849,0.415391,0.449468,0.476134,0.488357,0.478733,0.449253,0.402285,0.343797,0.280241,0.20212,0.110208,0.0743552,0.0509139,0.0322243,0.019573,0.0109702,0.00626131,0.00310492,0.00173258,0.000917754,0.000574668,0.000368817,0.00024016,0.000137234,0.000111503,0.000111503,0.000111503,0.000111503,9.43485e-05,7.71942e-05,7.71942e-05,7.71942e-05,7.71942e-05,6.86171e-05,6.004e-05,5.14628e-05,5.14628e-05,5.14628e-05,6.004e-05,6.86171e-05,7.71942e-05,7.71942e-05,7.71942e-05,9.43485e-05,9.43485e-05,0.000111503,0.000111503,0.000111503,0.000111503,0.000111503,0.000111503,0.000111503,0.000111503,0.000111503,0.000111503,0.000111503,0.000111503,0.000111503,0.000111503,0.000111503,0.000111503,9.43485e-05,9.43485e-05,9.43485e-05,9.43485e-05,0.000111503,0.000111503,0.000111503,0.00024016,0.000574668,0.00106357,0.00237587,0.00518917,0.00908319,0.0163823,0.0272496,0.0424568,0.0614466,0.0871952,0.130433,0.225656,0.300423,0.367213,0.436679,0.506617,0.555438,0.568741,0.585047,0.615839,0.670226,0.757687,0.828431,0.831571,0.753442,0.64217,0.567987,0.429157,0.302198,0.203098,0.111031,0.078498,0.056652,0.0385542,0.024299,0.013955,0.00789954,0.00464881,0.00257314,0.00165539,0.000969217,0.00066044,0.000454588,0.000291623,0.000162966,0.000111503,0.000111503,0.000111503,0.000111503,9.43485e-05,9.43485e-05,8.57714e-05,7.71942e-05,7.71942e-05,7.71942e-05,7.71942e-05,7.71942e-05,7.71942e-05,7.71942e-05,7.71942e-05,7.71942e-05,7.71942e-05,6.86171e-05,6.86171e-05,6.004e-05,6.004e-05,5.14628e-05,5.14628e-05,4.28857e-05,1.71543e-05,1.71543e-05,2.57314e-05,5.14628e-05,5.14628e-05,6.86171e-05,7.71942e-05,7.71942e-05,7.71942e-05,9.43485e-05,9.43485e-05,0.000111503,0.000111503,0.00012008,0.000214428,0.000343086,0.000514628,0.00066044,0.00084056,0.00105499,0.00150958,0.0019127
0.00709329,0.010344,0.0152673,0.021237,0.0281502,0.0364271,0.0465396,0.0570637,0.0687972,0.0823405,0.0985856,0.120972,0.172238,0.227612,0.274005,0.31352,0.349141,0.381683,0.411737,0.439064,0.467445,0.498701,0.520744,0.528446,0.518299,0.487816,0.437305,0.376099,0.309806,0.236086,0.135184,0.0858228,0.0592509,0.0396006,0.024848,0.014341,0.00813113,0.00464881,0.00234156,0.00133803,0.000789097,0.000557514,0.000377394,0.000274468,0.000197274,0.00012008,0.000111503,0.000111503,0.000111503,0.000111503,9.43485e-05,8.57714e-05,7.71942e-05,7.71942e-05,7.71942e-05,7.71942e-05,7.71942e-05,7.71942e-05,7.71942e-05,7.71942e-05,7.71942e-05,9.43485e-05,0.000111503,0.000111503,0.000111503,0.000111503,0.000111503,0.000111503,0.00012008,0.00012008,0.000128657,0.000137234,0.000128657,0.000128657,0.00012008,0.00012008,0.00012008,0.000111503,0.000111503,0.000111503,0.000111503,0.000111503,0.000111503,0.000111503,0.000111503,0.000111503,0.00012008,0.000291623,0.000643285,0.00136377,0.00296769,0.00636424,0.0116906,0.0211255,0.0349004,0.0546535,0.0778976,0.114608,0.209154,0.288089,0.363002,0.445239,0.528103,0.566143,0.588126,0.610092,0.631783,0.66797,0.765432,0.888463,0.921768,0.932421,0.927746,0.908628,0.748501,0.599576,0.478536,0.326223,0.220304,0.116701,0.0801276,0.0572953,0.0389488,0.0244963,0.0140665,0.00807966,0.00493185,0.00273611,0.00177547,0.00102926,0.000737634,0.000506051,0.000334508,0.000205851,0.000128657,0.000111503,0.000111503,0.000111503,0.000111503,0.000111503,9.43485e-05,9.43485e-05,8.57714e-05,7.71942e-05,7.71942e-05,7.71942e-05,7.71942e-05,7.71942e-05,7.71942e-05,7.71942e-05,7.71942e-05,7.71942e-05,7.71942e-05,7.71942e-05,7.71942e-05,6.86171e-05,6.004e-05,6.004e-05,5.14628e-05,5.14628e-05,5.14628e-05,6.004e-05,6.86171e-05,7.71942e-05,7.71942e-05,7.71942e-05,9.43485e-05,0.000111503,0.000111503,0.00012008,0.000205851,0.000343086,0.00054036,0.000763365,0.0010121,0.00151815,0.00200705,0.00266749,0.00374821,0.00524921
0.0165024,0.0229181,0.0304574,0.0394034,0.0500476,0.0604688,0.0738663,0.0890907,0.109058,0.140305,0.194967,0.234816,0.274571,0.313349,0.352495,0.389316,0.420245,0.443421,0.460524,0.474813,0.491676,0.508427,0.523248,0.528326,0.518299,0.490432,0.442675,0.385148,0.321505,0.252502,0.159595,0.0959267,0.0667387,0.0462737,0.0298141,0.0181921,0.0101811,0.00591823,0.00321643,0.00194701,0.00114076,0.00078052,0.000591823,0.000454588,0.000334508,0.00024016,0.000162966,0.00012008,0.000111503,0.000111503,0.000111503,0.000111503,0.000111503,9.43485e-05,7.71942e-05,7.71942e-05,7.71942e-05,7.71942e-05,7.71942e-05,9.43485e-05,0.000111503,0.000111503,0.000111503,0.000111503,0.000137234,0.000162966,0.000205851,0.000214428,0.00024016,0.00024016,0.00024016,0.000248737,0.000248737,0.000265891,0.000265891,0.000265891,0.000265891,0.000248737,0.00024016,0.00024016,0.000214428,0.000205851,0.000205851,0.000205851,0.000205851,0.000248737,0.000403126,0.000763365,0.00173258,0.00386829,0.00773658,0.0145726,0.0264176,0.0436147,0.0658896,0.097565,0.174896,0.269073,0.347734,0.429972,0.51763,0.565328,0.590047,0.616722,0.644812,0.675604,0.720625,0.816698,0.909434,0.936984,0.961849,0.971936,0.95859,0.928861,0.831777,0.61818,0.501136,0.333445,0.222019,0.115774,0.0785323,0.0558886,0.0377994,0.0240074,0.0140665,0.00830267,0.00518917,0.00290765,0.00187839,0.00111503,0.00078052,0.000557514,0.000394548,0.000274468,0.000197274,0.00012008,0.000111503,0.000111503,0.000111503,0.000111503,0.000111503,0.000111503,9.43485e-05,9.43485e-05,9.43485e-05,9.43485e-05,9.43485e-05,9.43485e-05,7.71942e-05,7.71942e-05,7.71942e-05,7.71942e-05,7.71942e-05,7.71942e-05,7.71942e-05,7.71942e-05,7.71942e-05,7.71942e-05,7.71942e-05,7.71942e-05,7.71942e-05,7.71942e-05,7.71942e-05,7.71942e-05,9.43485e-05,0.000111503,0.000111503,0.00012008,0.000205851,0.000334508,0.000531783,0.000746211,0.00104641,0.00164681,0.0022901,0.00321643,0.00478604,0.00629562,0.00848279,0.0115363
0.0328333,0.0428257,0.0537358,0.0639426,0.0779405,0.0943228,0.117884,0.162854,0.21641,0.253686,0.28911,0.321291,0.355085,0.391152,0.425649,0.453774,0.474316,0.485535,0.486521,0.481358,0.47899,0.483888,0.490835,0.492962,0.483476,0.458045,0.421129,0.370232,0.314455,0.251876,0.169647,0.101665,0.0722881,0.0519003,0.0341284,0.02146,0.012454,0.00746211,0.00464023,0.00265034,0.00178404,0.00111503,0.000831982,0.00066044,0.000523205,0.000377394,0.000308777,0.00024016,0.000205851,0.000154388,0.00012008,0.000111503,0.000111503,0.000111503,0.000111503,0.000111503,0.000111503,0.000111503,0.000111503,0.000111503,0.00012008,0.000154388,0.000205851,0.000274468,0.000317354,0.000368817,0.000377394,0.000446011,0.000454588,0.000454588,0.000454588,0.000454588,0.000463165,0.000463165,0.000471743,0.000488897,0.000497474,0.000488897,0.000471743,0.000463165,0.000454588,0.000454588,0.000454588,0.000471743,0.00054036,0.000711902,0.00104641,0.00217859,0.00499189,0.00910892,0.0173516,0.0303888,0.0501848,0.0762679,0.119085,0.231128,0.321488,0.411094,0.503718,0.561888,0.585261,0.610358,0.636098,0.664068,0.697201,0.749273,0.822711,0.900565,0.931477,0.964482,0.992821,0.999974,0.975006,0.934539,0.834753,0.612974,0.487688,0.321677,0.209154,0.108604,0.0744667,0.0531354,0.0357838,0.0232526,0.0141437,0.00862002,0.00544648,0.00312208,0.00204136,0.00132946,0.000866291,0.000651863,0.000497474,0.000343086,0.00024016,0.000197274,0.000128657,0.000111503,0.000111503,0.000111503,0.000111503,0.000111503,0.000111503,0.000111503,0.000111503,0.000111503,0.000111503,0.000111503,0.000111503,0.000102926,9.43485e-05,9.43485e-05,9.43485e-05,9.43485e-05,9.43485e-05,9.43485e-05,9.43485e-05,8.57714e-05,9.43485e-05,9.43485e-05,9.43485e-05,0.000111503,0.000111503,0.000111503,0.000111503,0.00012008,0.000205851,0.000334508,0.000514628,0.000746211,0.00103783,0.00169827,0.00235871,0.00343943,0.00525779,0.00706756,0.00965786,0.013346,0.0186381,0.024908
0.0562489,0.068943,0.0831725,0.10103,0.125835,0.180437,0.229027,0.26988,0.305809,0.337956,0.368937,0.400878,0.431576,0.457908,0.483433,0.500519,0.505862,0.49979,0.482962,0.460472,0.443627,0.435504,0.433935,0.432802,0.426001,0.407963,0.377943,0.33757,0.291528,0.235442,0.155778,0.101416,0.0745525,0.0545763,0.0372419,0.0241618,0.0147012,0.00893738,0.00572953,0.00375679,0.00235871,0.00176689,0.0012008,0.000943485,0.000746211,0.000591823,0.000506051,0.000454588,0.000368817,0.000343086,0.000317354,0.000308777,0.0003002,0.000274468,0.000274468,0.000248737,0.00024016,0.000248737,0.0003002,0.000317354,0.000368817,0.000446011,0.000497474,0.00054036,0.000608977,0.00066044,0.000711902,0.00072048,0.000737634,0.00072048,0.00072048,0.000711902,0.00072048,0.00072048,0.000746211,0.000746211,0.000746211,0.000746211,0.000746211,0.00072048,0.000737634,0.000754788,0.00078052,0.000943485,0.00114934,0.00184408,0.00307919,0.00620127,0.0112189,0.0202249,0.034077,0.0551596,0.083061,0.142681,0.260634,0.357975,0.461725,0.555395,0.581787,0.607725,0.631397,0.65411,0.675089,0.696824,0.729923,0.792056,0.860579,0.914958,0.942405,0.975444,1,0.99542,0.9654,0.923561,0.758596,0.587139,0.437202,0.291314,0.175179,0.0970932,0.0683426,0.0492928,0.0335538,0.0225493,0.0142895,0.00898884,0.00572953,0.00362813,0.0022901,0.00159535,0.0010121,0.000763365,0.000574668,0.000454588,0.000334508,0.000248737,0.000205851,0.000154388,0.00012008,0.000111503,0.000111503,0.000111503,0.000111503,0.000111503,0.000111503,0.000111503,0.000111503,0.000111503,0.000111503,0.000111503,0.000111503,0.000111503,0.000111503,0.000111503,0.000111503,0.000111503,0.000111503,0.000111503,0.000111503,0.000111503,0.000111503,0.000111503,0.00012008,0.000162966,0.00024016,0.000343086,0.000497474,0.000711902,0.00100353,0.00165539,0.00235871,0.00357667,0.00528352,0.00726484,0.00994948,0.0140494,0.0198732,0.026795,0.0349433,0.0447555
0.0867063,0.10796,0.140416,0.19682,0.239602,0.279958,0.316316,0.350788,0.384153,0.415391,0.443009,0.468715,0.492962,0.507921,0.516678,0.517493,0.508281,0.489154,0.458045,0.427853,0.399163,0.380928,0.372737,0.368474,0.362556,0.348704,0.325134,0.294685,0.254261,0.205645,0.132594,0.0957123,0.0727513,0.0547136,0.0383827,0.0260488,0.0168283,0.0105156,0.00704183,0.00500047,0.003225,0.00237587,0.00187839,0.00146669,0.00104641,0.0009006,0.000771942,0.00072048,0.000669017,0.00066044,0.000669017,0.000711902,0.000737634,0.000746211,0.000746211,0.000746211,0.000746211,0.000746211,0.000763365,0.00078052,0.000814828,0.000917754,0.000977794,0.00102926,0.00105499,0.00111503,0.00114076,0.00114076,0.00112361,0.00109787,0.00105499,0.00104641,0.00104641,0.00104641,0.00104641,0.00107214,0.00109787,0.00108072,0.00106357,0.00109787,0.00114934,0.0014238,0.00174974,0.00216144,0.00299342,0.00499189,0.00807109,0.0139464,0.0237072,0.038194,0.0598255,0.0919555,0.171954,0.282179,0.38152,0.49762,0.567206,0.598015,0.627306,0.652986,0.674163,0.692098,0.705804,0.716954,0.742394,0.795006,0.860733,0.913791,0.93731,0.961377,0.975143,0.964988,0.936581,0.874808,0.646939,0.552085,0.364854,0.244457,0.129215,0.0852396,0.0618326,0.0447126,0.0315038,0.0219232,0.0145125,0.0094177,0.00628704,0.00423711,0.00266749,0.00187839,0.00130373,0.000943485,0.000737634,0.000557514,0.000463165,0.000368817,0.0003002,0.00024016,0.000205851,0.000154388,0.000137234,0.00012008,0.000111503,0.000111503,0.000111503,0.000111503,0.000111503,0.000111503,0.000111503,0.000111503,0.000111503,0.000111503,0.000111503,0.000111503,0.000111503,0.00012008,0.00012008,0.000154388,0.000162966,0.000205851,0.00024016,0.000291623,0.000334508,0.000454588,0.000557514,0.00072048,0.000994948,0.00162108,0.00235871,0.00384256,0.00556656,0.00770227,0.0103526,0.0144182,0.0200105,0.0267178,0.035192,0.0457419,0.0569522,0.070384
0.144782,0.207035,0.247562,0.286708,0.323813,0.360823,0.39713,0.428908,0.454348,0.478579,0.499876,0.516876,0.527734,0.529355,0.523523,0.509739,0.489669,0.458431,0.425932,0.389282,0.355239,0.331927,0.319824,0.312945,0.305741,0.292317,0.271415,0.243136,0.208364,0.149817,0.110431,0.0865004,0.0682226,0.052818,0.0379967,0.0266492,0.0183036,0.0119994,0.00841417,0.00608977,0.00464881,0.00331935,0.00261603,0.00208424,0.00180978,0.00151815,0.0013123,0.00114934,0.00114934,0.00126942,0.00140665,0.00156104,0.0016897,0.00179262,0.00186124,0.0019127,0.00195559,0.00198132,0.00199847,0.00208424,0.00216144,0.0022901,0.00234156,0.00235871,0.00236729,0.00234156,0.00228152,0.00216144,0.00204994,0.00197274,0.00190412,0.00187839,0.00186124,0.00186124,0.00187839,0.00188697,0.00190412,0.00189555,0.0019127,0.00201563,0.0022901,0.00277042,0.00362813,0.00514628,0.00700752,0.0105928,0.017849,0.0283131,0.0436491,0.065049,0.101133,0.206906,0.307036,0.409696,0.525736,0.576924,0.610992,0.64368,0.672139,0.694765,0.712983,0.726938,0.732925,0.732728,0.740096,0.76762,0.824469,0.887537,0.918063,0.93134,0.934471,0.922977,0.872509,0.676685,0.573742,0.424766,0.290293,0.183757,0.102094,0.0737891,0.0553569,0.0406985,0.0295997,0.0213914,0.0147012,0.00985513,0.00692175,0.00497474,0.00321643,0.00229867,0.00174116,0.00114934,0.000917754,0.000746211,0.000591823,0.000506051,0.000403126,0.000343086,0.000308777,0.000248737,0.000214428,0.000205851,0.000162966,0.000154388,0.000154388,0.000145811,0.000145811,0.000145811,0.000154388,0.000154388,0.000154388,0.000162966,0.00018012,0.000205851,0.000223006,0.000265891,0.000308777,0.00036024,0.000403126,0.000471743,0.00054036,0.000617554,0.000737634,0.000857714,0.00106357,0.00164681,0.00234156,0.00381683,0.00566091,0.00814828,0.0114247,0.0160821,0.0215115,0.0281502,0.0358524,0.0456304,0.0563518,0.0687372,0.0844505,0.10664
0.247699,0.28911,0.323718,0.359605,0.398545,0.435864,0.466957,0.494035,0.510683,0.522528,0.530127,0.535822,0.535865,0.527443,0.510211,0.487276,0.456072,0.424508,0.389128,0.352649,0.319361,0.293355,0.276433,0.26445,0.251662,0.235425,0.214265,0.183122,0.139233,0.111709,0.0924358,0.0766024,0.0618412,0.0493014,0.0365901,0.0268207,0.0193414,0.0135948,0.00983798,0.00747926,0.00582388,0.00485466,0.00389402,0.00307919,0.00265034,0.00234156,0.00219575,0.00216144,0.00228152,0.00244448,0.00272753,0.00299342,0.00333651,0.00385971,0.00421138,0.00452015,0.00476031,0.00494043,0.00508624,0.00528352,0.0054036,0.00553225,0.00554941,0.00548079,0.00529209,0.00503478,0.00460592,0.00409987,0.00375679,0.00326789,0.00304488,0.00293338,0.0029248,0.0029248,0.00297627,0.00299342,0.003002,0.00304488,0.00317354,0.00377394,0.00458877,0.00557514,0.00735918,0.00984655,0.0142466,0.0219832,0.0338368,0.0510511,0.0733174,0.114848,0.234885,0.339123,0.450257,0.557119,0.591256,0.627152,0.660646,0.689319,0.712537,0.733182,0.752121,0.761221,0.757121,0.743123,0.725008,0.7209,0.736888,0.777303,0.826433,0.852653,0.836863,0.752567,0.643654,0.572198,0.441139,0.308726,0.209728,0.11393,0.0816372,0.0620728,0.0486152,0.0365386,0.0276698,0.0207738,0.0148041,0.0103698,0.00760792,0.0056266,0.00423711,0.0029248,0.00217859,0.00173258,0.00119222,0.000952062,0.000771942,0.000651863,0.000557514,0.000497474,0.000454588,0.000377394,0.000343086,0.000308777,0.000291623,0.000274468,0.000248737,0.00024016,0.00024016,0.000248737,0.000257314,0.000274468,0.0003002,0.000308777,0.000334508,0.000368817,0.000454588,0.000523205,0.000574668,0.00066044,0.000763365,0.00084056,0.000994948,0.00114934,0.00156104,0.00192986,0.00247879,0.00368817,0.00553225,0.00800247,0.0115191,0.0168198,0.0228066,0.0298141,0.0380911,0.0477232,0.0575869,0.0692261,0.0834641,0.103663,0.136522,0.201125
0.323907,0.359725,0.394514,0.429234,0.462951,0.496239,0.519354,0.534536,0.540892,0.541329,0.538516,0.534802,0.525839,0.508581,0.48472,0.454125,0.423265,0.389462,0.354913,0.3216,0.289753,0.260642,0.238899,0.221402,0.202875,0.176423,0.142724,0.118828,0.103123,0.0895024,0.0779919,0.0661212,0.0556227,0.0449614,0.0348661,0.0266492,0.020242,0.0151301,0.0113561,0.00892022,0.00740207,0.00623558,0.00547221,0.00482893,0.00426284,0.00388544,0.00378252,0.00385971,0.0040913,0.00453731,0.00506909,0.00557514,0.00615839,0.00688744,0.00749642,0.00808824,0.00855998,0.00903173,0.00949489,0.00984655,0.0101725,0.0103698,0.0102926,0.00987229,0.00928904,0.00853425,0.00777946,0.00693891,0.00620985,0.00563518,0.00530067,0.00508624,0.00505193,0.0051034,0.00524063,0.00526636,0.00526636,0.00530067,0.00560945,0.00637281,0.00781377,0.00986371,0.0137663,0.0195044,0.0279958,0.0415562,0.0596797,0.0859687,0.145854,0.269871,0.377051,0.502938,0.573853,0.614286,0.656528,0.694174,0.722144,0.739101,0.752026,0.768031,0.782535,0.785271,0.76587,0.728971,0.695546,0.67147,0.656297,0.647737,0.644358,0.638508,0.618249,0.584866,0.538481,0.406702,0.29881,0.206392,0.11514,0.084056,0.0655551,0.0531525,0.0420623,0.0330306,0.0259973,0.0200105,0.0147784,0.0108501,0.00830267,0.00656151,0.00526636,0.00400552,0.00289907,0.00222148,0.0018012,0.00133803,0.00102926,0.000857714,0.000746211,0.00066044,0.000583245,0.00054036,0.000514628,0.00048032,0.000463165,0.000454588,0.000411703,0.000403126,0.000403126,0.00042028,0.000454588,0.000454588,0.000471743,0.000506051,0.000548937,0.000626131,0.000737634,0.000806251,0.000977794,0.00114076,0.00145811,0.00177547,0.00208424,0.00254741,0.00312208,0.00419422,0.00553225,0.00747926,0.0106442,0.0159792,0.0224292,0.0300886,0.0389917,0.0495587,0.0595168,0.0713789,0.0853511,0.10441,0.134773,0.195885,0.242484,0.286331
0.394934,0.428831,0.458174,0.488734,0.513659,0.533129,0.543773,0.549426,0.549614,0.54307,0.533833,0.521499,0.503898,0.479659,0.450549,0.421506,0.389788,0.357675,0.326798,0.296314,0.263953,0.234096,0.20857,0.179974,0.14606,0.122979,0.107291,0.0942542,0.0835242,0.07511,0.0660011,0.0579643,0.050202,0.0414362,0.0333822,0.0265634,0.0209196,0.0165367,0.0129772,0.0106614,0.00910034,0.00803678,0.00711045,0.00650147,0.0059268,0.00566949,0.00560945,0.00572953,0.00613265,0.00681883,0.00752215,0.00841417,0.00943485,0.0106013,0.0118193,0.0129772,0.014238,0.0154989,0.0165196,0.0174202,0.0180463,0.018235,0.0179948,0.0171886,0.0158849,0.014015,0.0123082,0.0107815,0.00954636,0.00853425,0.00790812,0.0075393,0.00747069,0.00754788,0.00768512,0.00777089,0.00783093,0.00813113,0.00882588,0.0103097,0.0131059,0.0180806,0.0251739,0.0348146,0.0503564,0.07089,0.104392,0.206735,0.312551,0.426447,0.552436,0.592646,0.640626,0.695006,0.752936,0.786944,0.794174,0.785254,0.783736,0.79426,0.80204,0.787073,0.748656,0.69552,0.655285,0.624047,0.600494,0.581839,0.567086,0.553714,0.500536,0.424182,0.341259,0.263052,0.181467,0.10935,0.0826579,0.0660011,0.0547307,0.0448155,0.0363499,0.0295654,0.0238616,0.0190412,0.0146669,0.0113561,0.00908319,0.00749642,0.0061155,0.00505193,0.00397979,0.00296769,0.00234156,0.0019127,0.00158677,0.00117507,0.0010121,0.000909177,0.000789097,0.000763365,0.000737634,0.000694748,0.00066044,0.000643285,0.000626131,0.000626131,0.000626131,0.000643285,0.000651863,0.00066044,0.00072048,0.000763365,0.000831982,0.000986371,0.00114076,0.00150958,0.00184408,0.00216144,0.00261603,0.00326789,0.00438292,0.00536071,0.00637281,0.00789954,0.0101382,0.014238,0.0205337,0.0282874,0.0375336,0.0487868,0.0593881,0.0719965,0.0864404,0.105962,0.136651,0.195413,0.238916,0.280927,0.320013,0.35807
0.456904,0.48785,0.511223,0.530213,0.541338,0.547539,0.549735,0.546887,0.540977,0.531294,0.516447,0.49822,0.473278,0.447126,0.417895,0.387738,0.357572,0.330031,0.303674,0.275275,0.244285,0.215132,0.181158,0.142698,0.118811,0.103535,0.0908233,0.0802563,0.0717392,0.0640712,0.0579815,0.0521662,0.0451586,0.0383312,0.03219,0.0265891,0.0218631,0.0180549,0.0149928,0.0127885,0.0112017,0.00992375,0.00907461,0.00841417,0.00795101,0.007728,0.00771085,0.00793385,0.00841417,0.00920327,0.0103097,0.0117335,0.0133889,0.0154646,0.017403,0.0192557,0.0211169,0.0229353,0.0247279,0.0261088,0.026795,0.027078,0.0266063,0.0255856,0.0235014,0.021074,0.0185609,0.0162451,0.0139722,0.0123082,0.0112532,0.0107043,0.0105585,0.0106271,0.0109101,0.011116,0.0114676,0.0123597,0.014015,0.0174287,0.0226351,0.0305603,0.0426713,0.0586848,0.081946,0.126684,0.242913,0.350805,0.483665,0.571666,0.616962,0.670569,0.741442,0.810239,0.837686,0.841769,0.830456,0.813001,0.802923,0.801722,0.791438,0.758279,0.702073,0.652875,0.613977,0.583666,0.559958,0.512861,0.448207,0.390569,0.336387,0.281802,0.221445,0.143873,0.102042,0.0799732,0.0645944,0.0546535,0.0456904,0.0380739,0.0316754,0.0263747,0.0219746,0.0181235,0.0145039,0.0118279,0.00985513,0.00841417,0.00711902,0.00595253,0.00508624,0.00413418,0.00317354,0.00261603,0.00216144,0.00186124,0.00160392,0.00133803,0.00114076,0.00104641,0.00100353,0.000977794,0.000943485,0.000943485,0.000917754,0.000917754,0.000917754,0.000943485,0.00096064,0.000994948,0.00104641,0.00114934,0.00147527,0.00178404,0.00208424,0.00248737,0.00301915,0.00394548,0.00501763,0.00608977,0.00754788,0.00909177,0.0110474,0.0140236,0.0187582,0.0253883,0.0339569,0.0446955,0.056489,0.0693719,0.083833,0.102848,0.132268,0.191982,0.2363,0.276141,0.312705,0.35029,0.389342,0.426207
0.506043,0.527889,0.542453,0.550515,0.552093,0.549512,0.542487,0.532906,0.520735,0.50624,0.489094,0.4641,0.439012,0.41202,0.382909,0.354502,0.328333,0.305132,0.282574,0.255899,0.228555,0.19971,0.157854,0.127105,0.108698,0.0937739,0.0818173,0.072048,0.0636853,0.0577585,0.0527751,0.04726,0.0420794,0.0365386,0.0315553,0.0268464,0.022901,0.0197617,0.0173516,0.015293,0.0136119,0.0122825,0.0112704,0.0104984,0.00990659,0.00973505,0.00976078,0.0100524,0.0107729,0.0118965,0.0133975,0.0154989,0.0177547,0.0200619,0.0225665,0.0251567,0.0276527,0.0301744,0.0325417,0.0343429,0.0354493,0.0357838,0.0350891,0.0336138,0.0312122,0.0281416,0.0249938,0.0217945,0.0191099,0.0170942,0.0156962,0.0147784,0.014564,0.0148127,0.0154388,0.0160478,0.0170428,0.018844,0.022129,0.0276698,0.0363756,0.0499704,0.0679309,0.0964499,0.167306,0.274091,0.379144,0.520778,0.588889,0.646219,0.716148,0.801705,0.843827,0.865553,0.869808,0.859798,0.841417,0.820583,0.802846,0.781249,0.750534,0.701233,0.652343,0.610486,0.577053,0.548611,0.470902,0.402371,0.340727,0.288921,0.237226,0.183456,0.123348,0.0971447,0.0791155,0.0645859,0.0546192,0.0458019,0.0384942,0.0326703,0.0276184,0.0236214,0.0201992,0.0172829,0.0144096,0.0123082,0.0107043,0.00935766,0.00815686,0.00706756,0.00610692,0.00530067,0.00453731,0.00378252,0.00301915,0.00259887,0.00226436,0.0019899,0.00184408,0.00173258,0.00162108,0.00156104,0.00150958,0.00147527,0.00144954,0.00144954,0.00146669,0.001501,0.00156104,0.0016897,0.00184408,0.00205851,0.00237587,0.00289907,0.00357667,0.00451157,0.0054036,0.00651005,0.00803678,0.00985513,0.0123253,0.0153874,0.0189383,0.0237329,0.0304488,0.039695,0.0515314,0.0631363,0.0779576,0.0949403,0.118553,0.167812,0.223383,0.265994,0.304926,0.340512,0.376734,0.413324,0.447941,0.479676
0.532426,0.54488,0.552831,0.553852,0.550249,0.538739,0.522982,0.505305,0.490175,0.470893,0.45072,0.427562,0.400338,0.373629,0.347185,0.322192,0.300243,0.280301,0.259467,0.237587,0.215012,0.186784,0.146369,0.119685,0.102977,0.0888763,0.0776231,0.0678881,0.0597912,0.0543362,0.0493614,0.0444639,0.040201,0.0356809,0.0315639,0.027687,0.024462,0.0216744,0.0196245,0.0179091,0.0163823,0.014847,0.0136805,0.0127456,0.0119994,0.0117249,0.0117335,0.0121367,0.0130458,0.0144182,0.0164252,0.0185438,0.0210054,0.0238187,0.0267178,0.0298828,0.0332278,0.0362298,0.0391461,0.0415734,0.0429715,0.0434003,0.0427056,0.0407929,0.0377308,0.0341971,0.0304488,0.0268464,0.0238359,0.0215286,0.0200533,0.0192299,0.0190841,0.019573,0.020345,0.0215115,0.0235014,0.0267607,0.032799,0.0424054,0.0559487,0.0764309,0.112789,0.215235,0.306007,0.409044,0.546244,0.599053,0.667147,0.767182,0.844488,0.879242,0.890444,0.887099,0.875263,0.856539,0.835362,0.813619,0.77937,0.736527,0.689971,0.64651,0.606318,0.572198,0.531079,0.447435,0.379341,0.319944,0.265857,0.214265,0.149911,0.11309,0.0933364,0.0790641,0.0661297,0.0558029,0.0467197,0.0391461,0.0332536,0.0285104,0.0245049,0.0213142,0.0185867,0.0163995,0.0143238,0.0127799,0.0114591,0.0102668,0.00918612,0.00818259,0.00730772,0.00647574,0.00564376,0.00509482,0.00447727,0.00386829,0.00321643,0.00289907,0.00261603,0.00239302,0.00229867,0.0022129,0.00216144,0.00216144,0.00216144,0.00216144,0.00216144,0.00219575,0.00231583,0.00254741,0.00289907,0.00335366,0.00421995,0.00506909,0.00584961,0.00699895,0.00837129,0.0101639,0.012617,0.0160821,0.0198561,0.024016,0.0292566,0.0359211,0.0453731,0.0565834,0.0697579,0.0850595,0.105199,0.13732,0.198252,0.242845,0.285001,0.322972,0.360574,0.397319,0.431327,0.461158,0.492079,0.514937
0.53843,0.545455,0.548911,0.5456,0.53499,0.514946,0.492311,0.4682,0.450626,0.433163,0.41184,0.386958,0.360935,0.336807,0.312628,0.291048,0.271544,0.253943,0.237775,0.220595,0.201357,0.172272,0.13895,0.116435,0.100841,0.0874439,0.076611,0.0665071,0.0585819,0.0528094,0.0474402,0.0432459,0.0393004,0.0354665,0.0321814,0.0290851,0.0262546,0.0238616,0.0219746,0.0203364,0.0187582,0.0173944,0.0161079,0.0148556,0.0140065,0.0135776,0.0135519,0.0139979,0.01495,0.0165196,0.0184237,0.0207481,0.0234156,0.0264262,0.0297026,0.0333393,0.036753,0.0405012,0.0437263,0.0462222,0.0479891,0.0485466,0.0477232,0.0457161,0.0427485,0.0388201,0.0347288,0.0310578,0.0277299,0.0256113,0.0239645,0.0233984,0.0234928,0.0243248,0.0258515,0.02785,0.0313151,0.0367187,0.0465481,0.0600571,0.081946,0.126204,0.23998,0.337022,0.446251,0.559307,0.607956,0.676213,0.787227,0.863598,0.897091,0.907461,0.904554,0.890839,0.867989,0.842798,0.819511,0.784199,0.733929,0.683195,0.639503,0.601112,0.568364,0.517236,0.433248,0.363636,0.30713,0.254973,0.202764,0.137466,0.10802,0.0907118,0.0784208,0.0678366,0.0579986,0.0492757,0.0408272,0.0341113,0.0292137,0.0251396,0.0218117,0.0192814,0.0173601,0.015739,0.014238,0.0130716,0.0119994,0.0111331,0.0101811,0.00928904,0.00843133,0.00776231,0.00698179,0.00631277,0.0057038,0.00528352,0.00481177,0.0043143,0.00396264,0.00362813,0.00335366,0.00321643,0.00315639,0.00313923,0.00313923,0.00315639,0.00321643,0.00336224,0.00380825,0.00423711,0.00488897,0.00554941,0.00649289,0.00764223,0.00898884,0.0106957,0.0129086,0.0160221,0.0195816,0.0239045,0.029025,0.0347203,0.042311,0.0518316,0.0619012,0.0757962,0.0921614,0.114693,0.156112,0.214634,0.254878,0.294385,0.331018,0.369357,0.408246,0.44156,0.469864,0.49533,0.513359,0.528566
0.530676,0.532932,0.529964,0.520426,0.502826,0.477566,0.451947,0.430804,0.412612,0.393553,0.371562,0.348832,0.325828,0.304394,0.282677,0.261354,0.244457,0.231085,0.218708,0.205328,0.1882,0.158891,0.133923,0.114934,0.10049,0.0879586,0.0775116,0.0676393,0.0591994,0.0531268,0.047423,0.0431173,0.0393776,0.0359983,0.033245,0.0305175,0.0283046,0.0262375,0.0243333,0.0226436,0.0208939,0.0194272,0.0179863,0.0166482,0.0156962,0.01495,0.0147956,0.0152502,0.0162623,0.0177118,0.0195387,0.0217087,0.024462,0.0274897,0.0309206,0.034583,0.0383312,0.0422939,0.0455703,0.0484523,0.0502963,0.050871,0.050262,0.048255,0.0450814,0.0414876,0.0373449,0.0336052,0.0304917,0.0284933,0.0272067,0.0268722,0.0276012,0.0292137,0.031521,0.034969,0.0404326,0.0494215,0.0623043,0.084176,0.132036,0.248591,0.349132,0.4676,0.565842,0.613952,0.681111,0.783976,0.85864,0.894638,0.906501,0.906818,0.897323,0.877896,0.849566,0.821047,0.785846,0.73651,0.683718,0.638748,0.599053,0.56646,0.509225,0.425109,0.355514,0.299908,0.249174,0.198732,0.134429,0.104984,0.0888163,0.0779748,0.0684027,0.0598942,0.0521919,0.0436319,0.0362298,0.0303545,0.0260488,0.0223949,0.0197017,0.0177204,0.0162279,0.01495,0.0140408,0.0132946,0.0125569,0.011845,0.0111074,0.0103783,0.00970074,0.00898884,0.00836271,0.00783093,0.00719622,0.00669017,0.0061155,0.00569522,0.00542933,0.00524921,0.00504336,0.00494043,0.00488039,0.00485466,0.00488897,0.00497474,0.00506909,0.00530067,0.00560945,0.00619269,0.00698179,0.00807966,0.0094177,0.0112017,0.0133975,0.016348,0.0194444,0.0233298,0.0279958,0.0334851,0.0401925,0.0481177,0.0567549,0.0674592,0.0809853,0.0982511,0.123176,0.176286,0.225639,0.264382,0.300183,0.333488,0.367899,0.40521,0.439973,0.46856,0.493297,0.508067,0.518368,0.525607
0.510717,0.508461,0.499867,0.484102,0.460395,0.437125,0.413598,0.39339,0.375927,0.357366,0.337425,0.316848,0.296803,0.276381,0.255281,0.236986,0.223314,0.213005,0.20224,0.190361,0.173181,0.150392,0.130819,0.114453,0.101425,0.0899056,0.0795358,0.0699208,0.0609577,0.0546021,0.0489497,0.0440007,0.0403554,0.0372419,0.0345659,0.032353,0.0301744,0.0283732,0.026409,0.0246936,0.0228238,0.0209968,0.0193329,0.0179005,0.0166482,0.0159192,0.015516,0.0157905,0.0165024,0.0178233,0.0194787,0.02152,0.0241018,0.0269665,0.0302601,0.0339226,0.0375679,0.041419,0.0446183,0.0473715,0.0494987,0.0502363,0.0496788,0.0477318,0.0449185,0.041642,0.0377566,0.0344801,0.0319756,0.0301744,0.0296254,0.0299771,0.0314009,0.0339226,0.0377737,0.0434518,0.0512999,0.0625874,0.0833097,0.125972,0.24239,0.343866,0.461381,0.565302,0.612528,0.675527,0.770158,0.844874,0.879989,0.891225,0.889655,0.88125,0.865442,0.84387,0.815025,0.77485,0.72807,0.682063,0.639469,0.600348,0.567035,0.51052,0.423899,0.353181,0.29688,0.244088,0.194461,0.132114,0.104229,0.0880272,0.0776059,0.0687972,0.060992,0.0545163,0.0466082,0.0391975,0.0327304,0.0273268,0.0233384,0.0201649,0.0178833,0.0162451,0.01501,0.0142466,0.013732,0.0132603,0.0128142,0.0123768,0.0118965,0.0113819,0.0108758,0.0103183,0.0098294,0.00921185,0.0087058,0.00816544,0.00776231,0.00728199,0.00693891,0.00675879,0.00653578,0.00647574,0.0064157,0.00647574,0.00655293,0.00675879,0.00694748,0.00735918,0.0079167,0.00867149,0.00983798,0.0113904,0.0135004,0.0163909,0.0195559,0.0229696,0.0270266,0.0320356,0.0377308,0.0447812,0.0529724,0.0610692,0.0721938,0.0857971,0.104118,0.132097,0.188911,0.231986,0.26994,0.303468,0.333942,0.363405,0.394428,0.426301,0.454588,0.478887,0.496848,0.505802,0.509353,0.510417
0.484703,0.476915,0.463165,0.444459,0.421772,0.397053,0.375627,0.35795,0.343609,0.327475,0.309566,0.290979,0.271235,0.25155,0.233401,0.218597,0.207318,0.1967,0.18681,0.174056,0.15884,0.144096,0.128777,0.114977,0.103123,0.0922986,0.0820318,0.0725797,0.0634966,0.0564461,0.0508453,0.0456904,0.0419508,0.0386915,0.036024,0.0339397,0.032027,0.0300543,0.0282016,0.0262375,0.0242218,0.0221805,0.0202678,0.018458,0.0170685,0.0160307,0.0154646,0.0154474,0.0160135,0.0169827,0.018398,0.0201992,0.0224378,0.0251396,0.0280558,0.0313323,0.0346173,0.0379281,0.0412046,0.0438206,0.0456046,0.046308,0.0460592,0.0446011,0.0424054,0.0393691,0.0362641,0.0336824,0.0318812,0.0307919,0.0310492,0.0322672,0.0346259,0.0388201,0.0448155,0.0526293,0.0624587,0.0804793,0.115946,0.222697,0.325425,0.441766,0.558732,0.604491,0.661349,0.741065,0.822428,0.860167,0.872578,0.865879,0.851444,0.833501,0.813945,0.78395,0.747026,0.708326,0.672465,0.635943,0.601326,0.569839,0.518925,0.429886,0.356303,0.298081,0.242459,0.188191,0.127482,0.101596,0.0862689,0.0764309,0.0683169,0.0611207,0.0552539,0.0490012,0.041865,0.0349776,0.029471,0.0247279,0.0208596,0.0181921,0.0161936,0.0146669,0.0139293,0.013449,0.0132088,0.0129601,0.0128571,0.0127285,0.0125569,0.0123082,0.0119651,0.0116821,0.0112532,0.0108243,0.0103269,0.00983798,0.00929762,0.00887734,0.00855998,0.00833698,0.00822548,0.00818259,0.00829409,0.00841417,0.0086286,0.00893738,0.00937481,0.00988086,0.0108072,0.011948,0.0136634,0.0160821,0.018844,0.0222834,0.0262718,0.0307405,0.0358524,0.0422081,0.0493357,0.0564719,0.0647745,0.0761907,0.0895539,0.108792,0.138975,0.194409,0.234636,0.270737,0.302516,0.331361,0.358173,0.383201,0.407834,0.432794,0.454863,0.473184,0.486667,0.492268,0.491582,0.48882
0.453182,0.444021,0.429251,0.408529,0.384582,0.360626,0.341567,0.327621,0.315639,0.301855,0.286056,0.267727,0.249955,0.232904,0.21828,0.205483,0.194255,0.183671,0.172169,0.160607,0.150426,0.139507,0.127371,0.115551,0.104615,0.0942542,0.0844848,0.0756847,0.0663013,0.0587277,0.0530925,0.0478175,0.0437263,0.0404069,0.0375336,0.035192,0.0334165,0.0314695,0.0294196,0.0271038,0.025071,0.022738,0.0205508,0.0185095,0.0168712,0.0155332,0.0145726,0.0143324,0.014564,0.0154045,0.0164595,0.0179176,0.0197274,0.0218889,0.024402,0.0270008,0.0299514,0.0328847,0.0353721,0.0377308,0.0395406,0.0404498,0.0403726,0.0392833,0.0374992,0.0352177,0.033305,0.031521,0.0304488,0.0303974,0.031521,0.033691,0.0375507,0.0438549,0.0521318,0.0615753,0.0775631,0.105885,0.195799,0.296838,0.407706,0.540711,0.590424,0.643251,0.706568,0.785228,0.832257,0.848854,0.845397,0.827462,0.8033,0.770699,0.741125,0.710093,0.683169,0.657403,0.62885,0.598633,0.570877,0.529261,0.43939,0.365052,0.304523,0.24866,0.192402,0.126804,0.100155,0.0842532,0.0740636,0.066164,0.0601257,0.0548937,0.0493957,0.04298,0.0366501,0.0311693,0.0262289,0.0219317,0.0185524,0.0162451,0.0143839,0.0133375,0.0128486,0.0126084,0.0125569,0.0126084,0.0127714,0.0129086,0.0130287,0.0130887,0.0130544,0.0129429,0.0127799,0.0124454,0.0119994,0.0115448,0.0110902,0.0106271,0.0103097,0.0100953,0.0100696,0.0101896,0.0104813,0.0109015,0.0113819,0.0119222,0.0126599,0.0136205,0.0148642,0.0165367,0.0185867,0.0213828,0.0248222,0.0289307,0.0336824,0.0393691,0.0458362,0.0529467,0.0596712,0.068214,0.0783865,0.0914752,0.109796,0.139773,0.194667,0.233127,0.267289,0.297215,0.323221,0.348609,0.370815,0.390569,0.408701,0.426876,0.443404,0.455755,0.464546,0.467643,0.464238,0.45892
0.424397,0.412312,0.395415,0.374384,0.351766,0.331163,0.314386,0.302215,0.290362,0.277059,0.262358,0.247828,0.233744,0.220381,0.208587,0.196545,0.186639,0.175505,0.163686,0.155109,0.14606,0.136471,0.126024,0.115688,0.105593,0.095738,0.0864576,0.0780348,0.069269,0.0611035,0.0552282,0.050365,0.0457161,0.0421223,0.0389059,0.03641,0.0343171,0.0322843,0.0299428,0.0274897,0.0251825,0.022678,0.0202678,0.0180635,0.0161508,0.0144267,0.0133975,0.0129,0.0128228,0.013123,0.0138006,0.0147269,0.0162623,0.0179691,0.0198732,0.0219317,0.0242218,0.0264862,0.0287248,0.0304231,0.032027,0.0329105,0.0331163,0.0325502,0.031521,0.0301486,0.0291108,0.0284161,0.0284504,0.0292995,0.0312551,0.0345659,0.0402611,0.0486152,0.0584704,0.0727513,0.0957294,0.153213,0.261071,0.362453,0.487576,0.572713,0.619278,0.673734,0.734941,0.790418,0.817127,0.819082,0.804244,0.770073,0.735267,0.707245,0.684584,0.663888,0.642908,0.620221,0.596043,0.570165,0.532006,0.446003,0.37272,0.311539,0.2577,0.203827,0.134815,0.102523,0.0847764,0.0731716,0.0645859,0.0586934,0.0540102,0.048538,0.0429028,0.0373106,0.0320699,0.0270609,0.0228838,0.0192299,0.0163995,0.0142638,0.0129086,0.0120852,0.011785,0.0116906,0.0118365,0.0120852,0.0125569,0.0129343,0.013346,0.0137663,0.0140065,0.0141866,0.0142209,0.0140494,0.0138092,0.0133803,0.0129429,0.0125912,0.0122739,0.0121367,0.0122567,0.0126513,0.0132603,0.0139979,0.014847,0.0159621,0.0170428,0.0183036,0.0198818,0.0216659,0.0241361,0.0271724,0.0311093,0.0357838,0.0418736,0.0485809,0.0552368,0.0620556,0.0704097,0.0797674,0.0912436,0.107257,0.132877,0.184872,0.225665,0.259012,0.288758,0.311719,0.333016,0.352761,0.370618,0.38604,0.398597,0.410905,0.422561,0.431833,0.438,0.439913,0.437631,0.431859
0.393862,0.380439,0.36241,0.342708,0.323461,0.305055,0.290062,0.277728,0.265299,0.253386,0.242373,0.23184,0.221925,0.212662,0.20212,0.192831,0.183842,0.173713,0.162194,0.153316,0.144002,0.134318,0.124334,0.115114,0.105808,0.0968187,0.0881129,0.0799304,0.0716277,0.0636252,0.0576641,0.0527837,0.0477918,0.0436576,0.0402182,0.0373106,0.0348146,0.0325417,0.0299342,0.0272496,0.0246936,0.0219403,0.0194101,0.0170599,0.0148127,0.0130887,0.0119222,0.0112361,0.010893,0.0108501,0.0110902,0.0115791,0.0124025,0.0134575,0.0148642,0.0165367,0.018235,0.0199075,0.02146,0.022901,0.0241618,0.0250796,0.0255513,0.0255684,0.0251825,0.0247365,0.0244963,0.024848,0.0259201,0.027464,0.0303459,0.0349433,0.0425855,0.0529209,0.0653063,0.0848794,0.120054,0.220304,0.31286,0.422132,0.549108,0.591325,0.638971,0.687629,0.730223,0.759283,0.767028,0.755912,0.728542,0.699534,0.677096,0.660157,0.644812,0.628867,0.612382,0.592749,0.570869,0.539219,0.453971,0.378758,0.316539,0.263001,0.212396,0.145983,0.108878,0.0882588,0.0755131,0.0650919,0.0581702,0.0529381,0.0473544,0.0422596,0.0369417,0.0322072,0.0274897,0.023407,0.0197274,0.0166482,0.0142724,0.0126684,0.0116049,0.0110045,0.0108072,0.0108329,0.0111074,0.0115534,0.0121452,0.0128657,0.0135519,0.0142209,0.0147098,0.0152673,0.0156275,0.0157905,0.0156533,0.0153617,0.0149156,0.0145811,0.0144267,0.0144782,0.014847,0.0156275,0.0165196,0.0176603,0.0186639,0.0200448,0.0214857,0.023124,0.0250796,0.027018,0.0298141,0.0333136,0.0374821,0.043083,0.0498332,0.0562489,0.0631449,0.0712246,0.079896,0.0900085,0.10296,0.121289,0.158068,0.209539,0.243514,0.274228,0.298716,0.316719,0.332295,0.347022,0.359571,0.370541,0.379701,0.387335,0.394737,0.401118,0.406977,0.410202,0.408752,0.402954
0.36434,0.350402,0.333042,0.313786,0.295525,0.277891,0.263232,0.252074,0.241987,0.233247,0.226428,0.219841,0.213665,0.206855,0.19893,0.191896,0.184391,0.175197,0.163472,0.153239,0.142724,0.132165,0.121873,0.113596,0.105173,0.0973076,0.0895196,0.0817744,0.0742437,0.0664128,0.0600314,0.0548594,0.0499275,0.0449185,0.041136,0.0376708,0.0348146,0.0322072,0.029411,0.0265034,0.0236043,0.020791,0.0182178,0.0156962,0.0133203,0.011562,0.0103183,0.00955493,0.009006,0.00872295,0.00869722,0.00886018,0.00919469,0.00982082,0.0105756,0.0115363,0.0126684,0.0138263,0.0150615,0.016288,0.0173172,0.0180463,0.0185524,0.0190155,0.0193157,0.0196931,0.0202163,0.0213142,0.0230296,0.0258172,0.0295911,0.0354236,0.0445068,0.0565748,0.0733002,0.0989544,0.161079,0.260385,0.351937,0.463594,0.562549,0.601678,0.643423,0.678735,0.699551,0.7042,0.696807,0.684001,0.666795,0.647514,0.633276,0.621834,0.611739,0.600168,0.586771,0.570062,0.546304,0.468878,0.391829,0.322981,0.266517,0.215912,0.154011,0.114796,0.0938854,0.079227,0.0680939,0.0594053,0.0531954,0.0469169,0.0416677,0.03641,0.0318812,0.0273525,0.023407,0.0198732,0.0168283,0.0142724,0.0125398,0.0113132,0.0104727,0.00998379,0.00985513,0.00998379,0.0104126,0.0109959,0.0117421,0.012617,0.0135004,0.0143753,0.0153188,0.0161336,0.0166654,0.0170942,0.0172915,0.0171543,0.0169742,0.0168369,0.0168369,0.0170771,0.0177032,0.0184923,0.0197274,0.0209196,0.0224721,0.0241189,0.0260488,0.0278157,0.0299514,0.0324216,0.035252,0.0390346,0.0437263,0.049756,0.0559144,0.0626045,0.0705813,0.0787467,0.0874697,0.0982168,0.112035,0.134095,0.178773,0.219283,0.251233,0.279143,0.299582,0.312645,0.323187,0.332467,0.34083,0.348103,0.353695,0.358962,0.364065,0.36862,0.374847,0.379393,0.379547,0.374821
0.337167,0.323701,0.306564,0.287386,0.266963,0.249826,0.237312,0.228015,0.220981,0.216427,0.213459,0.210183,0.206469,0.20218,0.197214,0.191819,0.185412,0.176801,0.164964,0.153771,0.142363,0.13069,0.119857,0.112086,0.104435,0.0974363,0.0905317,0.0831811,0.0762936,0.0689773,0.0622014,0.0564118,0.051257,0.0458705,0.0415562,0.0375679,0.0343086,0.0313323,0.0283217,0.0253454,0.0222491,0.0194101,0.0166654,0.0140065,0.0118021,0.0100696,0.00880872,0.00801962,0.0074278,0.00698179,0.0068274,0.00681883,0.00687029,0.00709329,0.0076165,0.00818259,0.00889449,0.00967501,0.0103698,0.0111245,0.0118708,0.0126084,0.0133203,0.0140065,0.0147098,0.0156447,0.0166654,0.018398,0.0207824,0.0241189,0.0289736,0.0359554,0.0466939,0.0606146,0.0809939,0.113561,0.202395,0.287574,0.376493,0.486075,0.565516,0.60028,0.632856,0.654453,0.660457,0.655293,0.644563,0.632538,0.619775,0.607776,0.598393,0.592097,0.585424,0.577027,0.565045,0.544417,0.477738,0.40593,0.336987,0.27687,0.220904,0.159372,0.117678,0.0977451,0.0828552,0.0715591,0.0619612,0.0547307,0.0478776,0.0418307,0.036247,0.0315467,0.0270523,0.0232183,0.0197617,0.0168198,0.014238,0.0123253,0.0110045,0.0100696,0.00951205,0.00914323,0.00910034,0.00928904,0.00977794,0.0104298,0.0112532,0.0121967,0.0133031,0.0143839,0.0156533,0.0166482,0.0175917,0.0182178,0.018518,0.0186381,0.0186896,0.0187325,0.0189812,0.0194272,0.0201906,0.0213142,0.0227123,0.0242647,0.0260917,0.0278843,0.0298828,0.03219,0.0344887,0.0372334,0.0404498,0.044258,0.0491298,0.0546793,0.0606232,0.0680767,0.0762165,0.0839873,0.0931735,0.10374,0.116838,0.140159,0.184117,0.220132,0.249783,0.275215,0.292575,0.302987,0.308726,0.313314,0.318006,0.321934,0.326068,0.3307,0.334689,0.338857,0.343935,0.348601,0.349656,0.346053
0.310612,0.299256,0.282308,0.261628,0.242244,0.225982,0.21484,0.206941,0.202052,0.200808,0.201288,0.20104,0.199762,0.19742,0.194169,0.189855,0.183551,0.175179,0.163583,0.153248,0.142012,0.129918,0.118948,0.111271,0.104066,0.0975135,0.0910978,0.0841417,0.0775802,0.070547,0.0634622,0.0573553,0.0519432,0.0460764,0.0412646,0.0368474,0.0333393,0.0298828,0.0266577,0.0236815,0.0206623,0.017849,0.0149757,0.0124883,0.0103783,0.00872295,0.00753073,0.00663871,0.0059268,0.00556656,0.00530067,0.00524921,0.00523205,0.00530067,0.00554083,0.00589249,0.00647574,0.00698179,0.00752215,0.00807966,0.00862002,0.00921185,0.00988086,0.0107643,0.0116735,0.0126684,0.0140322,0.0162623,0.0190927,0.022901,0.0287077,0.0368045,0.0494472,0.0645944,0.0872552,0.126213,0.220312,0.299634,0.382197,0.480526,0.560207,0.587714,0.611198,0.623078,0.622434,0.614123,0.603162,0.592337,0.58334,0.576169,0.572104,0.569951,0.565516,0.557677,0.533061,0.475611,0.41148,0.346731,0.289024,0.230699,0.167263,0.119574,0.0992718,0.085171,0.0744924,0.0642942,0.056489,0.0496445,0.0427141,0.0366244,0.0316239,0.0269751,0.023021,0.0196073,0.0165968,0.0140494,0.012068,0.0107472,0.00981225,0.00906604,0.0086286,0.00841417,0.00841417,0.00863718,0.00910034,0.0098294,0.0106614,0.0117335,0.0129086,0.014238,0.0157133,0.0170428,0.0181921,0.0190069,0.0197017,0.0200619,0.0203278,0.0205594,0.0208682,0.0215543,0.0225579,0.0237673,0.0255513,0.0270523,0.029128,0.0311693,0.0333822,0.035638,0.0382369,0.0412646,0.0444296,0.0482979,0.0528266,0.0578185,0.0637367,0.0712846,0.0790726,0.0871695,0.0959953,0.106056,0.117979,0.139284,0.178164,0.213699,0.240958,0.263764,0.280009,0.288749,0.291992,0.293776,0.295611,0.298081,0.300689,0.30412,0.307456,0.311342,0.31563,0.318881,0.320185,0.317997
0.285619,0.274631,0.258532,0.239963,0.22159,0.2058,0.193106,0.185026,0.182453,0.185481,0.189958,0.192059,0.192162,0.190867,0.188114,0.183465,0.176861,0.168369,0.160118,0.151541,0.141772,0.130081,0.119119,0.111426,0.104135,0.0975392,0.0910892,0.0843218,0.0779662,0.0709158,0.0636081,0.0573553,0.0517201,0.0455618,0.0402868,0.0355351,0.0318555,0.0283732,0.0251224,0.0219661,0.0189898,0.0161851,0.0133203,0.0110474,0.00910892,0.00766796,0.00645001,0.00556656,0.00501763,0.00451157,0.00409987,0.00393691,0.00385971,0.00388544,0.00408272,0.00443438,0.00481177,0.00526636,0.00560945,0.00604688,0.0066044,0.0072048,0.00800247,0.00879157,0.00982082,0.0109444,0.0124283,0.014624,0.0180463,0.0223606,0.0288363,0.0380139,0.0517116,0.067991,0.0915695,0.134618,0.226196,0.299462,0.371785,0.453242,0.538884,0.568621,0.584035,0.590759,0.5878,0.57906,0.569522,0.561297,0.555284,0.550215,0.549391,0.549812,0.539716,0.512132,0.466082,0.411179,0.351174,0.296743,0.241421,0.183259,0.124111,0.101279,0.0864404,0.0760278,0.0662584,0.0581702,0.0512141,0.0438635,0.0374821,0.0320699,0.0272238,0.0231068,0.019573,0.0165196,0.0139121,0.0119308,0.0104727,0.00940054,0.00868006,0.00815686,0.00790812,0.00778804,0.00783093,0.00807966,0.00849137,0.00916896,0.010061,0.011176,0.0124283,0.0138607,0.0155332,0.0170942,0.0184065,0.019573,0.0204307,0.0210226,0.0215543,0.0220004,0.0226351,0.023407,0.0244963,0.0260145,0.027524,0.0295054,0.0314609,0.0335538,0.0357838,0.0382798,0.0411445,0.0440436,0.0471571,0.0509396,0.0548508,0.0596197,0.0654521,0.072494,0.0797159,0.0873839,0.0958667,0.105079,0.116143,0.133718,0.16246,0.200791,0.226737,0.247476,0.261937,0.269863,0.273276,0.274305,0.275378,0.277144,0.278217,0.280695,0.283286,0.286245,0.289221,0.29146,0.292626,0.290876
0.260042,0.250778,0.237304,0.220981,0.20339,0.185429,0.167254,0.159183,0.160015,0.166319,0.175085,0.180514,0.182093,0.18169,0.179382,0.17457,0.16752,0.16149,0.156696,0.150829,0.142492,0.131728,0.120586,0.112369,0.104452,0.0972991,0.0904545,0.0833612,0.0768855,0.0699637,0.0626303,0.0563518,0.0504679,0.0441808,0.0385285,0.0339226,0.0298828,0.0264176,0.023244,0.0201992,0.0173601,0.0143496,0.0119136,0.00984655,0.00813113,0.00681883,0.00560945,0.00488897,0.00415134,0.00356809,0.00313923,0.00296769,0.00289907,0.00287334,0.0029248,0.00308777,0.00337939,0.00388544,0.00438292,0.00485466,0.00535213,0.00584961,0.00677594,0.00765938,0.00866291,0.00985513,0.0114762,0.0138521,0.017566,0.0223177,0.0293767,0.0393348,0.0530582,0.0694234,0.092513,0.133932,0.220947,0.288338,0.34981,0.415648,0.479942,0.536431,0.557428,0.561142,0.558046,0.547419,0.520941,0.496668,0.479899,0.477695,0.485303,0.489214,0.477172,0.449339,0.40768,0.355317,0.303571,0.251387,0.198458,0.134447,0.105018,0.0884217,0.0772114,0.0678537,0.0594481,0.052432,0.0447126,0.0381768,0.032576,0.0276184,0.0234671,0.0198218,0.0166482,0.0139035,0.0118536,0.0103011,0.00913465,0.00831125,0.00782235,0.00738492,0.00710187,0.00703325,0.00716191,0.00749642,0.00800247,0.00862002,0.00943485,0.010507,0.011785,0.0133031,0.0150271,0.0168369,0.018398,0.0198303,0.0208424,0.0217345,0.0224635,0.0230296,0.0238016,0.0248308,0.0260488,0.0273096,0.0292052,0.0310407,0.0330992,0.0349776,0.0374221,0.0400381,0.0427141,0.0454674,0.0485809,0.0520375,0.0555112,0.059877,0.0652291,0.0716277,0.0784637,0.0853768,0.0932764,0.101965,0.111854,0.125389,0.147055,0.182015,0.209531,0.227946,0.241078,0.248445,0.252159,0.2539,0.255427,0.25758,0.258472,0.259759,0.261182,0.2624,0.264193,0.265986,0.266895,0.265102
0.239242,0.230948,0.219077,0.203896,0.184923,0.161636,0.14793,0.142921,0.144147,0.150297,0.158814,0.166971,0.172289,0.173593,0.171826,0.166868,0.161636,0.158411,0.155821,0.152261,0.144782,0.134421,0.123039,0.113536,0.10453,0.0965614,0.0888248,0.0816715,0.0748956,0.0674849,0.0604946,0.0546192,0.0481435,0.0420194,0.0363156,0.0318812,0.02785,0.0244706,0.0213142,0.0183894,0.0155332,0.01284,0.0106185,0.00883445,0.00737634,0.00608977,0.00523205,0.00438292,0.00361098,0.00303631,0.00277042,0.0025131,0.00235871,0.00234156,0.00236729,0.0025131,0.00274468,0.00297627,0.00331935,0.00389402,0.00451157,0.00519775,0.00583245,0.00688744,0.00801962,0.00928904,0.0110388,0.0135948,0.0175231,0.0226608,0.0300114,0.0402782,0.0536157,0.0690288,0.090506,0.124497,0.20544,0.266526,0.319884,0.370232,0.418736,0.456338,0.485046,0.494798,0.486375,0.463397,0.43933,0.419482,0.409919,0.411591,0.419311,0.423145,0.415331,0.39128,0.353953,0.310338,0.263189,0.214171,0.150134,0.112258,0.0927618,0.0796044,0.069715,0.0608548,0.0538215,0.0457933,0.0386829,0.0329791,0.0280558,0.0238444,0.0202249,0.0170428,0.014238,0.0119565,0.010284,0.00904888,0.00813113,0.00740207,0.00689602,0.00658724,0.00645859,0.00647574,0.00663871,0.00693891,0.00746211,0.00807966,0.00885161,0.00984655,0.0110817,0.0125998,0.0143324,0.0163652,0.0180978,0.0196931,0.0208853,0.0220776,0.022901,0.0237072,0.0246078,0.0257228,0.0266577,0.0282874,0.0298399,0.0317611,0.0336738,0.0356637,0.037808,0.0403211,0.0429286,0.0454931,0.0484094,0.0516515,0.054928,0.0588563,0.063548,0.0694577,0.0757619,0.0819117,0.0889535,0.0969731,0.105885,0.116658,0.132654,0.155332,0.186801,0.206186,0.218494,0.226179,0.230794,0.234079,0.236892,0.239336,0.24022,0.241146,0.241627,0.242193,0.243822,0.245143,0.245349,0.243496
0.222928,0.215492,0.203596,0.187376,0.163197,0.145897,0.135699,0.13165,0.13304,0.139481,0.148685,0.157794,0.165333,0.168995,0.168472,0.16493,0.161293,0.15914,0.157734,0.154903,0.147544,0.137123,0.124857,0.114222,0.104289,0.0949661,0.0865262,0.0789011,0.0713875,0.0638053,0.0576041,0.0518402,0.04503,0.0390774,0.0338969,0.0295139,0.0258515,0.0224121,0.0193157,0.0164938,0.0137234,0.0114591,0.00964928,0.00807966,0.00681883,0.00561803,0.00485466,0.00404841,0.00323358,0.00284761,0.00250452,0.00229867,0.00216144,0.00208424,0.0021014,0.0022129,0.00235871,0.00261603,0.00291623,0.00327647,0.00395406,0.00464881,0.00542933,0.00631277,0.00756504,0.00898884,0.0109015,0.0136205,0.0177804,0.0230382,0.0304488,0.0404412,0.0531354,0.0671418,0.0858743,0.113416,0.174202,0.236858,0.285919,0.325039,0.359305,0.387266,0.404961,0.412029,0.407997,0.394334,0.375927,0.360823,0.354562,0.355737,0.360429,0.363868,0.357418,0.338445,0.308374,0.270926,0.227371,0.174751,0.122078,0.0987915,0.0834984,0.0727084,0.0631964,0.0555027,0.0476117,0.0400038,0.0334594,0.0284246,0.0242133,0.0205851,0.0174287,0.0145039,0.0121967,0.010447,0.00904888,0.00803678,0.00711902,0.00653578,0.00608977,0.00582388,0.00573811,0.00582388,0.00608119,0.00644143,0.00691317,0.00749642,0.00823405,0.00913465,0.0103097,0.011785,0.0135261,0.0155504,0.0174545,0.019127,0.0206537,0.0219146,0.022901,0.023853,0.024908,0.0259973,0.0268979,0.0284847,0.0298913,0.0316411,0.0334594,0.0352006,0.0373449,0.039472,0.0419079,0.0442666,0.0466425,0.0499361,0.0533755,0.0568493,0.0609749,0.0659239,0.0715591,0.0775974,0.08367,0.0912264,0.0990145,0.108844,0.119651,0.135819,0.154569,0.176406,0.191699,0.20128,0.208802,0.21406,0.217834,0.220861,0.222457,0.222963,0.222963,0.224224,0.226179,0.228246,0.228744,0.227217
0.2102,0.201563,0.189315,0.169175,0.149628,0.136153,0.127902,0.124463,0.12635,0.1328,0.14305,0.15378,0.162777,0.169596,0.171534,0.170076,0.166954,0.164895,0.162545,0.158377,0.150717,0.139336,0.125835,0.114007,0.103149,0.0929419,0.0834127,0.075719,0.0675535,0.0602372,0.0544391,0.0480234,0.0418907,0.036024,0.0313237,0.0269837,0.0234928,0.0202678,0.0173859,0.0144868,0.0121452,0.010284,0.0087058,0.00747069,0.00629562,0.0054036,0.00464023,0.00386829,0.00312208,0.00277042,0.00241875,0.00219575,0.00208424,0.00201563,0.00203278,0.00208424,0.0022901,0.00247879,0.0028133,0.00307919,0.00368817,0.00441723,0.00524921,0.00608119,0.00733345,0.00882588,0.0108672,0.0137835,0.0180291,0.0234671,0.0306461,0.0401496,0.0520118,0.0642428,0.0807109,0.101999,0.136128,0.200894,0.244517,0.280644,0.30707,0.326377,0.339054,0.344303,0.34366,0.337939,0.328462,0.320142,0.31605,0.315544,0.317783,0.318178,0.311282,0.295671,0.269211,0.233984,0.192334,0.13515,0.105996,0.0882073,0.0764309,0.0661383,0.0579043,0.0503221,0.0421395,0.0346859,0.0289736,0.0243333,0.0206795,0.0176089,0.0146669,0.0123768,0.0105156,0.00908319,0.00799389,0.00699037,0.00626131,0.0057038,0.00546364,0.00530067,0.00530067,0.0054036,0.00558372,0.00584961,0.0063042,0.00689602,0.0076165,0.00842275,0.00956351,0.0109101,0.0125741,0.0144439,0.0165196,0.0183379,0.0200019,0.0213828,0.0225665,0.0235871,0.0246164,0.0257571,0.0266406,0.0280129,0.0294539,0.0308177,0.0325245,0.0341284,0.0358181,0.0376879,0.0397722,0.0419679,0.044258,0.0469255,0.050588,0.0543447,0.05787,0.0621242,0.0670132,0.072494,0.0784637,0.084785,0.0922042,0.10031,0.110105,0.119711,0.131728,0.142655,0.152956,0.164956,0.179605,0.190327,0.197712,0.202686,0.205294,0.20634,0.206812,0.208313,0.211298,0.21442,0.215646,0.214634
0.198775,0.190147,0.174768,0.155392,0.141428,0.130673,0.123605,0.121006,0.123039,0.129463,0.14015,0.152279,0.163557,0.173867,0.178079,0.178396,0.177221,0.174682,0.170514,0.163043,0.153291,0.14021,0.125329,0.112678,0.100979,0.0900428,0.0803249,0.071722,0.0634622,0.0567292,0.0507509,0.0443095,0.0384427,0.0333565,0.0288449,0.0248394,0.0212456,0.0182093,0.0154131,0.0128657,0.0109015,0.00928904,0.00807109,0.00693891,0.00591823,0.00525779,0.00451157,0.00381683,0.00309635,0.00279615,0.00247022,0.00226436,0.00209282,0.00207567,0.00208424,0.00216144,0.00229867,0.0025131,0.0028133,0.00308777,0.0037139,0.00439149,0.00518917,0.00596111,0.00726484,0.00877441,0.0108844,0.0138435,0.0181578,0.0235614,0.0304746,0.0391889,0.050202,0.061215,0.0757018,0.0920756,0.11393,0.150134,0.202395,0.233641,0.257537,0.275215,0.286434,0.291846,0.29423,0.294264,0.291846,0.288535,0.285765,0.285301,0.285636,0.282737,0.273928,0.256911,0.232209,0.198089,0.143899,0.111777,0.0925387,0.0790984,0.0687629,0.0600142,0.0527494,0.044421,0.0366501,0.0300543,0.0247107,0.0205851,0.0174202,0.0145297,0.0122138,0.0104555,0.00901457,0.00790812,0.00692175,0.00608977,0.00553225,0.00514628,0.00488039,0.00476031,0.00481177,0.00494043,0.00518059,0.00542075,0.0057038,0.00620985,0.00689602,0.00774516,0.00868006,0.00988086,0.0115191,0.0133203,0.0153531,0.0173087,0.0189383,0.0203964,0.0216659,0.0228238,0.023853,0.0249766,0.0260659,0.0270094,0.0284332,0.0296597,0.0310407,0.0324559,0.0339226,0.0353378,0.0370275,0.038803,0.0410931,0.0437263,0.0467626,0.0506051,0.0544134,0.0580243,0.06221,0.0671847,0.0727513,0.0788239,0.085231,0.0927618,0.10061,0.108827,0.11562,0.121255,0.127791,0.135716,0.145597,0.157939,0.172298,0.181321,0.186381,0.18904,0.190464,0.193423,0.197703,0.20236,0.205268,0.204059
0.190189,0.179657,0.162743,0.148153,0.136299,0.127551,0.12195,0.119883,0.121761,0.128151,0.139061,0.152279,0.165942,0.178104,0.184014,0.185678,0.18488,0.181913,0.176629,0.166928,0.154028,0.139027,0.123065,0.110336,0.0979938,0.0867406,0.0772629,0.0683512,0.0603487,0.0540188,0.0472429,0.0414104,0.0356466,0.0306633,0.0263575,0.0224635,0.019067,0.0162194,0.013449,0.0114162,0.00982082,0.00845706,0.00746211,0.00651005,0.00563518,0.00505193,0.00440007,0.00378252,0.00314781,0.00284761,0.00256456,0.00235871,0.00227294,0.00218717,0.0022129,0.00229867,0.00245306,0.00267607,0.00293338,0.0033022,0.00389402,0.00453731,0.00528352,0.00606404,0.00728199,0.00879157,0.010893,0.0138435,0.0180463,0.0233727,0.0299857,0.0380911,0.0480062,0.0581787,0.0702382,0.0834127,0.0997607,0.119342,0.14956,0.189555,0.21237,0.226574,0.236583,0.243453,0.248754,0.252562,0.254681,0.256062,0.256414,0.256482,0.254681,0.249723,0.239071,0.221427,0.194083,0.14612,0.114273,0.0948889,0.0807109,0.0701353,0.061155,0.0544048,0.0464109,0.0387687,0.031804,0.0258172,0.0207824,0.0172829,0.014238,0.0119565,0.0101811,0.00880872,0.00776231,0.00681883,0.00588392,0.00530067,0.00482893,0.00446869,0.00423711,0.00415134,0.00423711,0.00443438,0.00464023,0.00493185,0.00526636,0.00557514,0.0061155,0.00691317,0.00789954,0.00898884,0.0104298,0.0119994,0.0139207,0.0159363,0.0176346,0.0190927,0.0204565,0.0216401,0.0227809,0.0237673,0.024908,0.0260316,0.0269579,0.0281673,0.0292909,0.0302945,0.031581,0.0329019,0.0341113,0.0356209,0.0375507,0.040201,0.043083,0.0462222,0.0501505,0.0540789,0.057707,0.0620985,0.0672962,0.0730343,0.0792442,0.0855655,0.0927532,0.0989716,0.104392,0.109067,0.113072,0.11785,0.125689,0.135965,0.1463,0.155306,0.162365,0.168078,0.173121,0.179442,0.18681,0.193097,0.196245,0.195336
0.181698,0.171122,0.156739,0.144928,0.134627,0.126899,0.122138,0.120329,0.122327,0.129095,0.139704,0.152785,0.166345,0.179168,0.186416,0.189426,0.189092,0.186193,0.1797,0.167752,0.152441,0.136068,0.119823,0.107291,0.0949403,0.0837386,0.0745782,0.0655551,0.0580844,0.0517459,0.044867,0.038863,0.0334165,0.0284933,0.024076,0.0202849,0.0170685,0.0141866,0.0119222,0.0101811,0.00886876,0.00789954,0.00693891,0.00608977,0.00547221,0.00488897,0.00427999,0.00380825,0.00321643,0.00293338,0.00275326,0.00256456,0.00247879,0.00244448,0.00247879,0.00257314,0.00278757,0.00296769,0.00323358,0.00380825,0.00426284,0.00485466,0.00547221,0.00623558,0.00739349,0.00880872,0.0108501,0.0137063,0.0177804,0.0227809,0.0292137,0.0366758,0.0458362,0.0552539,0.0648174,0.0767139,0.0889707,0.103252,0.118759,0.138461,0.158102,0.177958,0.190395,0.198363,0.205508,0.211692,0.217053,0.222834,0.227277,0.228409,0.225982,0.219103,0.205783,0.180523,0.141609,0.11393,0.0951719,0.0810197,0.0701267,0.0610864,0.0546535,0.0474916,0.0403554,0.0334165,0.0270008,0.0216144,0.017403,0.0140322,0.0117078,0.00988086,0.00855998,0.00747926,0.0065272,0.00569522,0.00514628,0.00453731,0.00407414,0.00380825,0.00359382,0.00357667,0.00374821,0.00386829,0.00407414,0.00430572,0.00464023,0.00503478,0.00547221,0.00606404,0.00695606,0.00807109,0.00928046,0.0108072,0.0124454,0.0141694,0.0160049,0.0175488,0.0188697,0.0201649,0.021297,0.0223606,0.023407,0.0244277,0.0255856,0.026409,0.0272667,0.0283131,0.0292566,0.0301572,0.0313923,0.0327475,0.0344201,0.0365472,0.0393262,0.0423882,0.0455703,0.0495844,0.0537358,0.0576469,0.0622014,0.0677765,0.0736605,0.0796559,0.0856513,0.0916381,0.0961068,0.0997864,0.103483,0.108183,0.114007,0.121135,0.130896,0.139524,0.146823,0.153008,0.158454,0.165762,0.176123,0.184314,0.188234,0.187522
0.174013,0.164878,0.154792,0.144851,0.136085,0.1293,0.124857,0.123382,0.125724,0.132139,0.141883,0.153008,0.164244,0.176106,0.184048,0.18838,0.189212,0.186381,0.178705,0.163678,0.147432,0.13129,0.116203,0.10374,0.0921442,0.0814571,0.0721166,0.0635051,0.0564719,0.0500562,0.0431859,0.0369417,0.0314095,0.0263318,0.0219317,0.018235,0.0151043,0.0125569,0.0106271,0.00920327,0.00814828,0.00727341,0.00649289,0.00572095,0.00526636,0.00470885,0.00421995,0.00381683,0.00331935,0.00306204,0.00290765,0.00282188,0.00277042,0.00277899,0.00284761,0.00295054,0.00312208,0.0034137,0.00386829,0.00427141,0.00473458,0.00525779,0.00569522,0.00651005,0.00753073,0.00886018,0.0107729,0.0133718,0.0173172,0.0220175,0.0280129,0.0349947,0.043529,0.0524063,0.0604345,0.0702382,0.0801962,0.0908319,0.102042,0.112832,0.121778,0.130312,0.13696,0.143676,0.150795,0.159603,0.171809,0.184469,0.19326,0.196193,0.193818,0.183191,0.157708,0.132268,0.111031,0.0939111,0.0801276,0.0688401,0.0599199,0.0535642,0.0467883,0.0405098,0.0341542,0.0283646,0.0228066,0.0182007,0.0142895,0.0116821,0.0098294,0.00838844,0.00726484,0.00626131,0.00553225,0.00493185,0.00427141,0.00378252,0.00328504,0.00307919,0.00303631,0.00303631,0.00308777,0.00321643,0.00340512,0.00374821,0.00399695,0.00429715,0.0048032,0.00536929,0.00608119,0.00703325,0.00815686,0.00952062,0.0109444,0.0124883,0.0140065,0.0156361,0.0170428,0.0183036,0.0195301,0.0206023,0.0216144,0.0226951,0.0236129,0.0245649,0.025517,0.0262117,0.026795,0.0277299,0.0289564,0.0300972,0.0317869,0.0337425,0.0360326,0.0387772,0.0419422,0.0452273,0.0496359,0.0540617,0.0581015,0.0629734,0.0685828,0.0746554,0.0801276,0.0852396,0.0896911,0.0934908,0.0972047,0.10133,0.106785,0.113527,0.120414,0.129155,0.136745,0.143513,0.149251,0.155598,0.164552,0.17379,0.178044,0.178001
0.167546,0.162751,0.155581,0.147741,0.140322,0.134181,0.130853,0.13033,0.13316,0.138967,0.146309,0.154611,0.162177,0.170899,0.178199,0.182659,0.184417,0.181244,0.171723,0.155649,0.140116,0.123897,0.111288,0.0994519,0.0885504,0.0789954,0.070324,0.0620728,0.0552368,0.0485123,0.0417449,0.0350977,0.0295311,0.0243848,0.0199676,0.0163823,0.0133203,0.0112189,0.00965786,0.00841417,0.00754788,0.00680167,0.00596111,0.00546364,0.00500905,0.00452015,0.00409987,0.0038254,0.0034137,0.00321643,0.00307062,0.003002,0.00299342,0.00306204,0.0031907,0.0034137,0.0038254,0.0040913,0.00446869,0.00482035,0.00524921,0.00558372,0.00608977,0.00684456,0.00777089,0.00895453,0.0106614,0.0130544,0.0165968,0.0209883,0.0265977,0.0333908,0.041033,0.0491727,0.0565405,0.0639426,0.0726312,0.0807023,0.0886361,0.0965957,0.103029,0.108115,0.111194,0.114265,0.117996,0.123476,0.130647,0.138221,0.145151,0.149011,0.146472,0.136437,0.120852,0.106219,0.0916381,0.0785237,0.067099,0.0580844,0.0514371,0.0448756,0.0392747,0.0339054,0.0287677,0.0236043,0.0190069,0.0149585,0.0119308,0.00985513,0.00837986,0.00716191,0.0061155,0.00536929,0.00470885,0.00404841,0.00336224,0.00299342,0.00283046,0.00268464,0.00261603,0.00264176,0.00271895,0.00283903,0.0029248,0.00306204,0.00321643,0.00354236,0.00404841,0.00464023,0.00530067,0.00609835,0.00711902,0.00829409,0.00954636,0.0108158,0.0121023,0.0135176,0.0148642,0.0162623,0.0174716,0.0185524,0.0197103,0.0207052,0.021623,0.0225665,0.0233984,0.0241189,0.0249166,0.0258686,0.0266577,0.0280472,0.0296254,0.0314609,0.0335195,0.0358782,0.0387172,0.0421223,0.0458705,0.050485,0.0548422,0.0592852,0.0641484,0.0700838,0.075719,0.080445,0.0847764,0.088679,0.0928733,0.0970846,0.102402,0.108955,0.115543,0.122284,0.130072,0.136471,0.142543,0.148376,0.154869,0.160753,0.165041,0.167812
0.163875,0.163703,0.159878,0.153548,0.146738,0.141703,0.139584,0.141283,0.145545,0.15167,0.156687,0.160521,0.16336,0.166748,0.171174,0.174691,0.175677,0.171208,0.1595,0.145528,0.130218,0.116066,0.104727,0.0942971,0.0847078,0.0762936,0.0680767,0.0603573,0.054096,0.0466082,0.0398751,0.033408,0.027524,0.0224292,0.0181321,0.0144696,0.0118879,0.00997521,0.00867149,0.00773658,0.00689602,0.00614123,0.00557514,0.00514628,0.00470885,0.00430572,0.00403126,0.0037911,0.00350805,0.00335366,0.00326789,0.003225,0.00331935,0.00347374,0.00381683,0.00407414,0.00439149,0.00469169,0.00504336,0.00530067,0.00560945,0.00599542,0.00653578,0.00711045,0.00800247,0.00905746,0.0105756,0.0127456,0.0159535,0.0199676,0.0251396,0.0313409,0.038194,0.045536,0.0530067,0.0591908,0.0658467,0.0726055,0.0787467,0.0842532,0.0890736,0.0929076,0.0953778,0.0977279,0.100584,0.104435,0.109136,0.113347,0.116572,0.117961,0.116032,0.109916,0.0997435,0.0880186,0.0766625,0.065212,0.056206,0.0488811,0.0423882,0.0371905,0.0326017,0.028133,0.0237072,0.019573,0.0157905,0.0124369,0.0101039,0.00852568,0.00728199,0.00613265,0.00530067,0.00457161,0.00386829,0.00315639,0.00283903,0.00255599,0.00235871,0.00229867,0.00228152,0.0022901,0.00231583,0.00238444,0.00249595,0.00261603,0.00277042,0.00291623,0.0031907,0.00385971,0.00453731,0.00530067,0.0061155,0.00711902,0.00818259,0.00931477,0.0104727,0.0116306,0.01284,0.0139979,0.0152502,0.0164338,0.0176089,0.0185524,0.0196931,0.0205508,0.0213742,0.0221033,0.0228924,0.0238187,0.025071,0.0263147,0.0277985,0.0295997,0.0315553,0.033751,0.036247,0.0393691,0.0431687,0.0473201,0.0520804,0.0562317,0.0607862,0.0659067,0.0713275,0.0764823,0.0808224,0.0849566,0.0893824,0.0941255,0.099632,0.105979,0.112523,0.118708,0.125484,0.131711,0.136728,0.141977,0.146206,0.150829,0.155504,0.160538
0.16258,0.166165,0.165324,0.160761,0.155401,0.15209,0.152527,0.157073,0.165685,0.174313,0.176869,0.174802,0.17162,0.169218,0.168112,0.168223,0.166671,0.160332,0.149337,0.135407,0.120183,0.108801,0.0978995,0.0885761,0.0803421,0.0727084,0.0650319,0.0583074,0.0519946,0.044421,0.0374992,0.0312551,0.0256285,0.0204222,0.0163223,0.0129,0.0105928,0.00898884,0.00788239,0.00695606,0.00623558,0.0056266,0.00524921,0.00476031,0.00440007,0.00408272,0.00386829,0.00374821,0.00355094,0.00347374,0.00347374,0.00354236,0.00377394,0.00395406,0.00423711,0.00454588,0.00488897,0.0052149,0.00547221,0.00569522,0.00606404,0.00649289,0.00693891,0.00749642,0.00815686,0.00914323,0.0104984,0.0123682,0.0150271,0.0187153,0.0234585,0.029188,0.0352006,0.0420537,0.048761,0.0547908,0.0600142,0.065212,0.0704955,0.0752129,0.0786095,0.0814828,0.0834727,0.0854798,0.0876584,0.0907375,0.0938082,0.0968102,0.0985856,0.0987829,0.0967072,0.0913379,0.0831639,0.0741065,0.0635051,0.0548079,0.0462651,0.0396006,0.0345058,0.0304488,0.0266492,0.0229953,0.0194272,0.0160478,0.0128571,0.0104727,0.00872295,0.00746211,0.00629562,0.0054036,0.00460592,0.0038254,0.00306204,0.00266749,0.00235871,0.00216144,0.00204994,0.00198132,0.00194701,0.00197274,0.0019899,0.00205851,0.00209282,0.00218717,0.00229867,0.00244448,0.00266749,0.00299342,0.00365386,0.00448584,0.00530067,0.00608977,0.00704183,0.00807966,0.009006,0.00994948,0.0109959,0.0119651,0.0130458,0.0141609,0.0153617,0.0165024,0.0176003,0.0184752,0.0194101,0.0202678,0.0210569,0.022129,0.0233984,0.024848,0.0263575,0.0280472,0.0299342,0.0321385,0.0344544,0.037362,0.041033,0.0449185,0.0494987,0.0539845,0.058093,0.0626303,0.0678623,0.0727084,0.0775888,0.0819974,0.0865862,0.0918869,0.0974534,0.103861,0.110637,0.116778,0.122447,0.127928,0.132165,0.136033,0.139816,0.144293,0.150229,0.156636
0.163206,0.170359,0.172915,0.171774,0.169596,0.169519,0.174639,0.183414,0.191699,0.196279,0.196245,0.191528,0.184443,0.177693,0.172778,0.169038,0.163575,0.155083,0.142758,0.127628,0.113639,0.101673,0.0917325,0.083061,0.0759248,0.0685313,0.0616868,0.0554169,0.0488125,0.0415134,0.0346431,0.0287677,0.0231926,0.0184408,0.0144267,0.0115191,0.00946916,0.00811397,0.00703325,0.00628704,0.00563518,0.00524921,0.00471743,0.00430572,0.00404841,0.00384256,0.00365386,0.00355094,0.00353378,0.00356809,0.00366244,0.0038254,0.0040141,0.00427141,0.00460592,0.00496616,0.00528352,0.00553225,0.00577241,0.0061155,0.00651005,0.00688744,0.00728199,0.00783093,0.00841417,0.00928046,0.010447,0.0119908,0.0143152,0.0177204,0.0217859,0.0267521,0.0324645,0.0382197,0.044258,0.0500905,0.0548251,0.0588563,0.0626303,0.0662241,0.0695692,0.0720051,0.0743038,0.0761478,0.0780348,0.0799904,0.0821175,0.0837986,0.0847679,0.0839959,0.0814828,0.0767911,0.0700152,0.061601,0.0537701,0.0448584,0.0374992,0.0322329,0.0283474,0.0250109,0.0217173,0.0185952,0.0157905,0.0128743,0.0106271,0.0089288,0.0076165,0.00649289,0.00553225,0.00474316,0.00388544,0.00306204,0.00261603,0.00228152,0.00201563,0.00187839,0.00178404,0.00173258,0.00169827,0.00173258,0.00174116,0.00177547,0.00183551,0.00187839,0.00193843,0.00201563,0.00217859,0.00247879,0.00289907,0.0035252,0.00443438,0.00528352,0.00599542,0.00693033,0.00784808,0.0086286,0.00950347,0.0103355,0.0112532,0.0121281,0.0132002,0.0142724,0.0154903,0.016511,0.0175574,0.0184408,0.0194444,0.0205508,0.0218717,0.0234156,0.0251139,0.0267178,0.0288449,0.0307748,0.0331678,0.0357066,0.0390346,0.0428342,0.0467711,0.0514714,0.0556313,0.0599027,0.0644829,0.0696121,0.074664,0.0793385,0.0841417,0.0894338,0.0954292,0.102119,0.109178,0.115345,0.120131,0.125063,0.128777,0.132028,0.135965,0.141111,0.147287,0.155366
0.16577,0.175746,0.18169,0.184563,0.186733,0.189984,0.195799,0.203861,0.210389,0.213133,0.211324,0.205011,0.19597,0.188165,0.181312,0.175737,0.167014,0.154732,0.139704,0.122876,0.109101,0.0965357,0.0861488,0.0782321,0.0709415,0.0638825,0.0579643,0.0520804,0.0448155,0.0377994,0.0316153,0.0260917,0.020851,0.0165367,0.0128743,0.0103097,0.00855998,0.00733345,0.00637281,0.00566091,0.00523205,0.00464881,0.00419422,0.00386829,0.0036024,0.0034137,0.00335366,0.00336224,0.0034137,0.00356809,0.00377394,0.00394548,0.00419422,0.00451157,0.00488897,0.00525779,0.00553225,0.00573811,0.00610692,0.00647574,0.0068274,0.00711045,0.00754788,0.00805393,0.00862002,0.00940054,0.0104298,0.011845,0.0138521,0.0167168,0.0203707,0.0248222,0.0296597,0.0346688,0.0400038,0.0447555,0.0494644,0.0532469,0.0561888,0.058985,0.0614466,0.063548,0.065658,0.0677165,0.0695692,0.0713018,0.0727599,0.0737548,0.0736948,0.0722538,0.0693719,0.0643457,0.0586076,0.0521747,0.0439407,0.0363242,0.0305003,0.0263575,0.0231154,0.0202849,0.0176689,0.0148642,0.0125312,0.0105241,0.00893738,0.00770227,0.00656151,0.00560945,0.00488897,0.00404841,0.00313923,0.0026246,0.00223863,0.00193843,0.00176689,0.00159535,0.00146669,0.00137234,0.00133803,0.00134661,0.00140665,0.00144954,0.00149242,0.00154388,0.00162108,0.00173258,0.00184408,0.00201563,0.00233298,0.00283046,0.0034137,0.00435719,0.00519775,0.00582388,0.00675879,0.00749642,0.00823405,0.00896311,0.00976078,0.0104984,0.0114162,0.0124111,0.0133975,0.0144868,0.0157047,0.0168112,0.0179176,0.0191013,0.0205937,0.0222405,0.0239903,0.0259973,0.0277042,0.0297712,0.0320528,0.0344201,0.0373449,0.0408014,0.0444467,0.0488125,0.0531354,0.0571066,0.0614209,0.0660869,0.0711902,0.0764823,0.0815,0.0871952,0.093405,0.100224,0.107317,0.113561,0.118347,0.122696,0.126376,0.129712,0.133846,0.13949,0.146738,0.155581
0.169476,0.181458,0.189984,0.195173,0.199727,0.20532,0.212541,0.219309,0.224687,0.225656,0.221753,0.214566,0.205036,0.195936,0.189649,0.183774,0.174811,0.158694,0.140828,0.121332,0.106374,0.0930877,0.0823148,0.0739692,0.0662412,0.0598942,0.0543533,0.047646,0.0409215,0.0341799,0.0285104,0.0233727,0.0186982,0.014624,0.0115191,0.0093405,0.00788239,0.0067159,0.00577241,0.00526636,0.00464881,0.0040913,0.00368817,0.00331935,0.00316496,0.00312208,0.00313923,0.0031907,0.00331935,0.00347374,0.00377394,0.0040141,0.00429715,0.00464881,0.00504336,0.00536071,0.00563518,0.00593538,0.00629562,0.00663871,0.00693891,0.00729057,0.00773658,0.00813113,0.00869722,0.00942628,0.0104298,0.0117164,0.0135433,0.0161336,0.0192299,0.022901,0.0270609,0.0315724,0.0358267,0.0401839,0.0437949,0.0469856,0.0503221,0.0531182,0.0553054,0.0572953,0.0591565,0.0607176,0.0622786,0.0634537,0.0642256,0.06438,0.0635652,0.0620299,0.0589421,0.0548937,0.0494901,0.0425683,0.035415,0.0295654,0.0250452,0.0215629,0.018844,0.0163995,0.0139722,0.0119222,0.0101725,0.00872295,0.00759077,0.00653578,0.00560945,0.00494043,0.00409987,0.00321643,0.00269322,0.00223863,0.00190412,0.00168112,0.00143238,0.0012008,0.00110645,0.00104641,0.00104641,0.00104641,0.00106357,0.00109787,0.00112361,0.00114934,0.00119222,0.00132946,0.00147527,0.00168112,0.00190412,0.00226436,0.00276184,0.00331935,0.00423711,0.00504336,0.00564376,0.00642428,0.00709329,0.0078395,0.00841417,0.00910892,0.00986371,0.0108072,0.0117593,0.0128228,0.0139207,0.015173,0.0165024,0.0179691,0.0195559,0.0213142,0.0231583,0.0251825,0.0269665,0.0291108,0.0311607,0.0333822,0.0357752,0.0387772,0.042311,0.0459134,0.0503135,0.0545763,0.0584532,0.0626646,0.0677079,0.072777,0.0783693,0.0841675,0.0910892,0.0978652,0.104761,0.111288,0.116435,0.120603,0.12496,0.128734,0.132886,0.138864,0.146506,0.156593
0.173335,0.187573,0.196837,0.204556,0.211238,0.217679,0.224995,0.2316,0.235683,0.234799,0.229027,0.220287,0.210526,0.20128,0.195044,0.19073,0.182873,0.165367,0.143899,0.122473,0.105756,0.0915095,0.0799389,0.0706327,0.062596,0.056206,0.0502363,0.0434604,0.0367102,0.0307748,0.0256028,0.0207824,0.0167769,0.0130458,0.010447,0.00855998,0.00717049,0.00609835,0.00536929,0.00473458,0.0040913,0.00353378,0.00312208,0.00296769,0.00289907,0.00289907,0.00293338,0.00302773,0.00313923,0.00333651,0.00366244,0.00400552,0.0043143,0.00471743,0.00508624,0.00542933,0.00569522,0.00603831,0.00636424,0.0067159,0.00696464,0.00733345,0.00776231,0.00814828,0.00869722,0.0094177,0.0103955,0.0116134,0.0133203,0.0156962,0.0184151,0.0216144,0.0252768,0.0289736,0.0325931,0.0358782,0.0390517,0.0419079,0.0443781,0.0470113,0.0499018,0.0521576,0.0541389,0.0554255,0.0564719,0.0572267,0.0575783,0.0570637,0.0559229,0.0541046,0.0505708,0.0455618,0.0399952,0.033974,0.0285361,0.0237415,0.0202678,0.0175831,0.0151644,0.0129343,0.011176,0.00970074,0.00839702,0.00733345,0.0063042,0.00553225,0.00482035,0.00407414,0.00321643,0.00269322,0.00223863,0.00188697,0.00162108,0.00133803,0.00110645,0.00100353,0.000952062,0.000917754,0.000917754,0.000917754,0.000934908,0.000943485,0.000943485,0.000969217,0.000994948,0.00102926,0.00108072,0.00125226,0.00154388,0.00185266,0.00216144,0.00266749,0.00321643,0.0040913,0.00485466,0.00548079,0.00606404,0.00679309,0.00735061,0.00801962,0.00866291,0.00945201,0.0103526,0.0113819,0.0124454,0.0137063,0.0151987,0.0168712,0.0185609,0.0205508,0.0225407,0.0244963,0.0264004,0.0283989,0.0302087,0.0323701,0.0345316,0.0371219,0.040201,0.0435547,0.0473715,0.0519603,0.0556227,0.059654,0.0638225,0.0691317,0.0747926,0.0806165,0.0872552,0.094237,0.101313,0.108252,0.113913,0.118673,0.123494,0.128048,0.132422,0.138366,0.14642,0.157639
0.177392,0.192411,0.203089,0.211967,0.219309,0.22726,0.235056,0.240958,0.242947,0.240735,0.233839,0.224472,0.214171,0.205182,0.198955,0.195053,0.188182,0.170668,0.145991,0.123262,0.10567,0.0904888,0.0782921,0.0679738,0.0595253,0.0530239,0.0459735,0.0393691,0.0332879,0.0276012,0.0227637,0.0185352,0.0148384,0.0117678,0.00956351,0.00795101,0.00668159,0.00560945,0.00496616,0.00423711,0.00357667,0.00306204,0.00284761,0.00266749,0.00261603,0.0026246,0.00274468,0.00286476,0.00299342,0.00317354,0.0034909,0.00389402,0.00427141,0.00469169,0.00506909,0.0054036,0.00566091,0.00595253,0.00629562,0.00659582,0.00689602,0.00719622,0.00762508,0.00807966,0.00862002,0.0093405,0.0102668,0.0115191,0.0131488,0.0153273,0.0179176,0.0206623,0.0236729,0.0266835,0.0298141,0.0327561,0.0350977,0.0374221,0.0396006,0.0420537,0.0443095,0.0464795,0.0486667,0.050262,0.0512141,0.0515743,0.0513084,0.050365,0.048478,0.0454674,0.041642,0.0366673,0.0318726,0.0267607,0.0225236,0.018844,0.0161164,0.0137234,0.0118708,0.0103011,0.00898884,0.00789954,0.00689602,0.00593538,0.00528352,0.00456304,0.00386829,0.00309635,0.00261603,0.00217859,0.00187839,0.00158677,0.00128657,0.00104641,0.000952062,0.000849137,0.00078052,0.000771942,0.000763365,0.000763365,0.000771942,0.000771942,0.00078052,0.00078052,0.000806251,0.00084056,0.000917754,0.000994948,0.00110645,0.00143238,0.00179262,0.00209282,0.00256456,0.00307919,0.00388544,0.00458877,0.00524921,0.00566091,0.00628704,0.00693033,0.00762508,0.00830267,0.00913465,0.0100696,0.0112017,0.0124454,0.0139722,0.0159192,0.0178233,0.0198303,0.0217945,0.0237673,0.0258686,0.0274726,0.0294367,0.0313323,0.033408,0.0356037,0.0382626,0.0415562,0.0450643,0.0494129,0.0532898,0.0567292,0.0606232,0.0651348,0.0707014,0.0767654,0.0829924,0.0900342,0.0970503,0.103981,0.110516,0.116032,0.12086,0.126101,0.131565,0.137749,0.146506,0.159054
0.18096,0.196579,0.208802,0.217885,0.226299,0.234696,0.24227,0.247382,0.248257,0.245092,0.238127,0.228152,0.217885,0.209394,0.203072,0.197857,0.189958,0.171388,0.145297,0.122138,0.104538,0.0890135,0.0764309,0.0650319,0.056592,0.0496445,0.0424225,0.0356981,0.0298656,0.0248737,0.0203879,0.0165968,0.0132688,0.0106785,0.00875726,0.00737634,0.0061155,0.00528352,0.00452015,0.0038254,0.00310492,0.0028133,0.00253026,0.00236729,0.00234156,0.00236729,0.00247879,0.00261603,0.00284761,0.00303631,0.00331935,0.00381683,0.00417707,0.00457161,0.00499189,0.00530067,0.00556656,0.00578957,0.00609835,0.00637281,0.0067159,0.00698179,0.00739349,0.00789954,0.00841417,0.0091175,0.010061,0.0113561,0.0129086,0.0149156,0.0173944,0.0198904,0.0224635,0.0251482,0.0276012,0.0299599,0.0321042,0.0338969,0.0355008,0.0374907,0.0395406,0.0416077,0.0431687,0.0442923,0.0449185,0.0448842,0.0442752,0.0429028,0.0406642,0.0374735,0.0336481,0.0294796,0.0251567,0.0209368,0.0175917,0.0144868,0.0122567,0.0106271,0.00928904,0.00815686,0.00717049,0.00628704,0.00554941,0.00493185,0.00418564,0.0034137,0.00290765,0.00247879,0.00208424,0.00183551,0.00150958,0.00114934,0.00102068,0.000917754,0.00078052,0.000746211,0.000703325,0.00066044,0.000643285,0.000643285,0.000643285,0.000643285,0.000651863,0.00066044,0.000686171,0.00072048,0.000754788,0.000789097,0.000917754,0.00104641,0.00132946,0.00173258,0.00204994,0.00246164,0.0029248,0.00353378,0.00423711,0.00487181,0.0054036,0.00591823,0.00663013,0.00734203,0.00813113,0.009006,0.010061,0.0113561,0.0128657,0.0146669,0.0168369,0.0189297,0.0208939,0.0229181,0.0249681,0.0266063,0.028519,0.0301744,0.0322586,0.0343686,0.0367702,0.0398494,0.0432116,0.0468998,0.0509911,0.0545163,0.0577842,0.0617811,0.0666272,0.0725111,0.0788067,0.0853082,0.092513,0.0997092,0.106614,0.112746,0.117884,0.123193,0.129206,0.136351,0.146386,0.160753
0.184743,0.20098,0.213888,0.223889,0.232629,0.241215,0.247896,0.252228,0.2533,0.250924,0.244886,0.235751,0.225021,0.215681,0.20827,0.200594,0.189984,0.167674,0.14172,0.118913,0.102197,0.0868092,0.0739778,0.0624073,0.054096,0.0459134,0.0387772,0.032576,0.0269665,0.0223434,0.0183465,0.0147098,0.0119136,0.00981225,0.00813113,0.00687029,0.00569522,0.00494043,0.00409987,0.00331078,0.00286476,0.00248737,0.0022901,0.00216144,0.00210998,0.00216144,0.0022901,0.0024016,0.0026246,0.00289907,0.00312208,0.00354236,0.00402268,0.00443438,0.00481177,0.00513771,0.0054036,0.00560945,0.0058153,0.00608977,0.00637281,0.00675879,0.00703325,0.007505,0.00812255,0.00879157,0.00982082,0.0110216,0.0125912,0.0144439,0.0168198,0.0190584,0.0214,0.0236729,0.0259887,0.0276784,0.029471,0.0308091,0.0322758,0.0336738,0.0349947,0.0365386,0.0377909,0.0386915,0.0390774,0.0387772,0.0377308,0.0359039,0.0335538,0.0304317,0.0268379,0.0231583,0.0194615,0.016125,0.0130544,0.0109702,0.0094177,0.00827694,0.00728199,0.00639855,0.00560945,0.00504336,0.00439149,0.00373963,0.00303631,0.00261603,0.0022901,0.00198132,0.00173258,0.00140665,0.00109787,0.000977794,0.00084056,0.000763365,0.000711902,0.000643285,0.000574668,0.000557514,0.00054036,0.00054036,0.00054036,0.00054036,0.00054036,0.00054036,0.000548937,0.000557514,0.000608977,0.00066044,0.000746211,0.000806251,0.000994948,0.00118365,0.00162108,0.00194701,0.00229867,0.00279615,0.0031907,0.00389402,0.00454588,0.00524921,0.0057038,0.00645001,0.00718764,0.00811397,0.00910034,0.0103526,0.0118536,0.0136205,0.0158506,0.0179005,0.0199676,0.0219317,0.0238016,0.0257829,0.0273096,0.0292566,0.0312122,0.0333565,0.0356809,0.0384084,0.0418221,0.0450557,0.0489755,0.0523291,0.0554169,0.0587706,0.0630334,0.0684799,0.0751186,0.0813284,0.0881644,0.0957466,0.102977,0.109787,0.115465,0.120492,0.127096,0.135442,0.146763,0.162828
0.190301,0.205766,0.21828,0.228752,0.238196,0.246215,0.252785,0.257503,0.259707,0.258987,0.254304,0.246636,0.236009,0.225176,0.215303,0.20417,0.188954,0.161173,0.135176,0.114282,0.0978995,0.0832754,0.0707099,0.0596368,0.0509053,0.0426026,0.0354064,0.0296254,0.0244963,0.0201477,0.0164338,0.0131745,0.0107643,0.0089288,0.007505,0.00629562,0.00536929,0.00453731,0.00375679,0.00299342,0.00256456,0.0022901,0.00208424,0.00198132,0.00193843,0.00198132,0.00208424,0.00225579,0.00245306,0.0027018,0.00297627,0.0033022,0.00381683,0.00417707,0.00454588,0.0049147,0.00518917,0.0054036,0.00557514,0.00572953,0.00602115,0.0063042,0.00672448,0.00706756,0.00773658,0.00839702,0.0093405,0.010567,0.0119994,0.0138692,0.0160564,0.0182093,0.0202678,0.0222577,0.0241189,0.0258343,0.0269322,0.0281673,0.0292223,0.0300886,0.0311865,0.0321643,0.0330134,0.0334851,0.0335109,0.0331163,0.0319413,0.0299599,0.0273782,0.0244534,0.0210569,0.0178319,0.0144267,0.0117335,0.00977794,0.00827694,0.00711902,0.00623558,0.00554941,0.00499189,0.00430572,0.00365386,0.00305346,0.00266749,0.00229867,0.00201563,0.00181835,0.00156104,0.00123511,0.00102926,0.000917754,0.00078052,0.000737634,0.000643285,0.000574668,0.00054036,0.000506051,0.000471743,0.000454588,0.000454588,0.000446011,0.000411703,0.000411703,0.000446011,0.000454588,0.000463165,0.000497474,0.00054036,0.000574668,0.00066044,0.000771942,0.000943485,0.00113218,0.00152673,0.00186982,0.00216144,0.00256456,0.00299342,0.00368817,0.00440865,0.00506909,0.00563518,0.00638139,0.00728199,0.00829409,0.00946916,0.010893,0.0125741,0.0144439,0.0165968,0.0185952,0.0206452,0.0225493,0.0242733,0.0261517,0.0280129,0.0300114,0.0323444,0.0346688,0.0374649,0.0404412,0.0436147,0.0468054,0.0504679,0.0536071,0.0564204,0.0601686,0.0653235,0.0717049,0.0785752,0.0856342,0.093405,0.10091,0.107995,0.114265,0.119951,0.127954,0.13732,0.14998,0.168987
0.197214,0.212516,0.224395,0.234482,0.243239,0.251259,0.258138,0.263567,0.267204,0.267933,0.264999,0.258078,0.247931,0.235683,0.222011,0.206761,0.186055,0.153745,0.127336,0.108475,0.092513,0.0789097,0.0666015,0.0563346,0.04714,0.0391203,0.0325674,0.0268464,0.0221633,0.0181492,0.0145211,0.0118279,0.00981225,0.00815686,0.00691317,0.00573811,0.00501763,0.00410845,0.00326789,0.00279615,0.00234156,0.00208424,0.0019127,0.00184408,0.00180978,0.00184408,0.00192128,0.00208424,0.0022901,0.00253026,0.00283046,0.00307919,0.00344801,0.00394548,0.00427141,0.00462308,0.00490612,0.00512913,0.00530067,0.0055151,0.00566091,0.00589249,0.00623558,0.00669017,0.00719622,0.00793385,0.00879157,0.00991517,0.0113819,0.0129858,0.0148899,0.0169827,0.018844,0.0206537,0.0222148,0.0235271,0.0245907,0.0255256,0.0261174,0.0265977,0.0271724,0.0276956,0.0282788,0.0285276,0.0283903,0.0275412,0.0262804,0.0243677,0.021906,0.0190584,0.0161336,0.0130115,0.010567,0.00862002,0.00718764,0.00605546,0.00528352,0.00464881,0.00404841,0.00335366,0.00291623,0.00255599,0.00226436,0.0019899,0.00180978,0.00159535,0.00133803,0.00108072,0.000977794,0.000814828,0.000754788,0.00066044,0.0006004,0.00054036,0.000506051,0.000463165,0.000411703,0.000377394,0.00036024,0.000334508,0.000334508,0.000317354,0.000317354,0.000317354,0.000334508,0.000343086,0.000368817,0.000411703,0.000471743,0.00054036,0.000626131,0.000746211,0.000909177,0.00106357,0.00144954,0.0018012,0.00208424,0.00247879,0.00293338,0.00359382,0.00438292,0.00506909,0.00569522,0.00656151,0.00755646,0.00864576,0.00988086,0.0115019,0.0132688,0.0152502,0.0173172,0.0191013,0.0208768,0.022738,0.0246078,0.0265377,0.0288449,0.0312465,0.0337425,0.0363413,0.0392147,0.0422253,0.0451329,0.0485294,0.0518745,0.054868,0.0585819,0.0633851,0.0701353,0.0774344,0.0851195,0.093405,0.101442,0.109256,0.116066,0.123528,0.132954,0.144002,0.157802,0.179159
0.208999,0.222174,0.233839,0.243128,0.250804,0.258395,0.264853,0.270643,0.274546,0.275849,0.273671,0.267281,0.257391,0.244466,0.228315,0.209265,0.182642,0.14582,0.119454,0.101691,0.0864404,0.0739692,0.0622271,0.0530153,0.0437949,0.0360154,0.0298742,0.0247279,0.0201649,0.0163652,0.0129858,0.0106271,0.00886018,0.00747926,0.00629562,0.0054036,0.00455446,0.00378252,0.00299342,0.00255599,0.00217859,0.00194701,0.00180978,0.00173258,0.0016897,0.00173258,0.00181835,0.00193843,0.0021014,0.00234156,0.00261603,0.00290765,0.0031907,0.00365386,0.00402268,0.00430572,0.00458877,0.00481177,0.00504336,0.00524921,0.00539502,0.00557514,0.00579815,0.00619269,0.00679309,0.00741065,0.00823405,0.00928046,0.0105756,0.0119737,0.0136462,0.0154989,0.0172915,0.0186553,0.0200448,0.021014,0.0218202,0.0224035,0.0228066,0.0230811,0.023407,0.02357,0.0236815,0.0236557,0.0232869,0.0224121,0.0208939,0.0190927,0.0168712,0.0142037,0.0116735,0.00949489,0.00777089,0.00623558,0.00526636,0.0043143,0.00354236,0.003002,0.00266749,0.00234156,0.00208424,0.00187839,0.00173258,0.001501,0.00130373,0.00108072,0.000994948,0.000857714,0.000771942,0.000711902,0.000626131,0.000548937,0.000506051,0.000463165,0.000403126,0.000368817,0.000334508,0.000308777,0.000291623,0.000248737,0.00024016,0.00024016,0.00024016,0.00024016,0.00024016,0.00024016,0.000291623,0.000317354,0.000368817,0.000454588,0.000523205,0.000617554,0.000746211,0.000892022,0.00104641,0.00140665,0.00177547,0.00208424,0.00247879,0.00296769,0.00373963,0.00446869,0.00524921,0.00584103,0.00687029,0.0079167,0.00908319,0.0104813,0.0119994,0.0138006,0.0158162,0.0175917,0.0192643,0.0209368,0.0228581,0.0249938,0.0271724,0.0297455,0.0325159,0.0350548,0.0378166,0.0407929,0.0436834,0.0467025,0.0503907,0.054036,0.057707,0.0627246,0.0697321,0.0775888,0.0860973,0.0954464,0.104504,0.11345,0.121521,0.132062,0.143375,0.156636,0.1759,0.193577
0.224224,0.237321,0.248454,0.256302,0.263001,0.268396,0.273722,0.278054,0.281116,0.28121,0.278054,0.271964,0.262726,0.249766,0.232252,0.210989,0.179099,0.138795,0.113458,0.0953692,0.0809939,0.0687629,0.0582302,0.0494043,0.0407929,0.0334937,0.027524,0.0225922,0.0183808,0.0145983,0.0117335,0.00967501,0.00813113,0.00687029,0.00572953,0.00501763,0.00413418,0.0033022,0.0028133,0.00235871,0.00207567,0.00186982,0.00173258,0.00162108,0.00156104,0.0016125,0.00173258,0.00184408,0.0019899,0.00218717,0.00245306,0.00277042,0.00299342,0.0033022,0.00375679,0.00404841,0.00427141,0.00451157,0.00470885,0.00493185,0.00508624,0.00528352,0.00553225,0.00572953,0.00623558,0.00689602,0.00771085,0.00857714,0.00975221,0.0109444,0.0122138,0.0136377,0.0151644,0.0165024,0.0176346,0.018398,0.0189297,0.0191956,0.0193758,0.0195216,0.0195473,0.0194958,0.0193071,0.0190327,0.018458,0.0175831,0.0161851,0.014238,0.0122138,0.0102497,0.00842275,0.00689602,0.00553225,0.00446011,0.00335366,0.0028133,0.00235871,0.00208424,0.00189555,0.00173258,0.00152673,0.00132088,0.00113218,0.00102926,0.000952062,0.000849137,0.000771942,0.00072048,0.000634708,0.000557514,0.000514628,0.000463165,0.000403126,0.000368817,0.000334508,0.000308777,0.000274468,0.00024016,0.000214428,0.000205851,0.000197274,0.000162966,0.000162966,0.000162966,0.000162966,0.000197274,0.000205851,0.00024016,0.000291623,0.000343086,0.000454588,0.00054036,0.000634708,0.000763365,0.000934908,0.00109787,0.00147527,0.00183551,0.00212713,0.00256456,0.00306204,0.00386829,0.00463165,0.00536071,0.0061155,0.00714476,0.00827694,0.00954636,0.0109444,0.0124454,0.0140751,0.0159706,0.0176174,0.0192557,0.0210226,0.0231497,0.02568,0.0281845,0.0308777,0.0337167,0.0364185,0.0392404,0.042311,0.0454846,0.04937,0.0532726,0.0574154,0.0629476,0.0704269,0.0787381,0.0881129,0.0984827,0.109419,0.119385,0.13165,0.144156,0.158471,0.177881,0.194778,0.210311
0.242664,0.255796,0.266071,0.273345,0.278199,0.281347,0.283689,0.28567,0.286451,0.283938,0.279126,0.272779,0.263387,0.250847,0.233461,0.210929,0.174828,0.132894,0.108312,0.0900428,0.0763365,0.064097,0.0548594,0.0458191,0.0378166,0.0313066,0.02568,0.0207738,0.0168369,0.0133203,0.0107643,0.00886876,0.00747926,0.00628704,0.0054036,0.00459735,0.00381683,0.00304488,0.00260745,0.00226436,0.00198132,0.00180978,0.00164681,0.00152673,0.00147527,0.00150958,0.0016125,0.00174974,0.00188697,0.00208424,0.00229867,0.00256456,0.00285619,0.00306204,0.00335366,0.00377394,0.00402268,0.00422853,0.00443438,0.0046145,0.00481177,0.00503478,0.00525779,0.00548079,0.00578957,0.00636424,0.00703325,0.00790812,0.00879157,0.00983798,0.0108672,0.0118879,0.0129086,0.0139121,0.0147098,0.0154989,0.0159535,0.0160307,0.0160307,0.0159706,0.0158506,0.0155589,0.0152244,0.014624,0.0139722,0.0129515,0.0117507,0.0103698,0.00889449,0.00747926,0.00608977,0.00499189,0.00381683,0.00284761,0.00229867,0.00193843,0.00173258,0.00151815,0.0013123,0.00110645,0.0010121,0.000943485,0.000857714,0.00078052,0.000754788,0.000694748,0.000626131,0.000557514,0.000514628,0.000463165,0.000403126,0.000368817,0.000334508,0.000308777,0.000274468,0.00024016,0.000214428,0.000205851,0.000162966,0.000154388,0.000137234,0.00012008,0.00012008,0.00012008,0.00012008,0.000128657,0.000154388,0.000197274,0.000223006,0.000291623,0.000368817,0.000463165,0.000557514,0.00066044,0.000789097,0.000986371,0.00114934,0.00159535,0.00189555,0.00226436,0.00269322,0.00320785,0.00404841,0.00481177,0.00553225,0.00645001,0.00747069,0.00854283,0.00982082,0.0111074,0.0125741,0.0140665,0.0158763,0.0174888,0.0192471,0.0213142,0.0236643,0.0263318,0.0292566,0.0322072,0.0349261,0.0378766,0.0411703,0.044584,0.0486753,0.0531182,0.0577756,0.0636338,0.0717135,0.0807109,0.0911578,0.102497,0.11441,0.127216,0.142157,0.157674,0.17843,0.195619,0.212224,0.227491
0.26174,0.275215,0.284521,0.290362,0.293364,0.294513,0.29423,0.292652,0.290636,0.286056,0.27874,0.270883,0.261431,0.249372,0.232235,0.209334,0.170342,0.128365,0.103715,0.0856685,0.0721595,0.060709,0.0520718,0.0431173,0.0354665,0.0292995,0.0237673,0.0192643,0.0155504,0.0124025,0.0100438,0.00831125,0.00698179,0.00584103,0.00507767,0.00426284,0.00340512,0.00289907,0.00247022,0.00216144,0.0019127,0.00175831,0.00159535,0.00146669,0.00140665,0.0014238,0.00150958,0.00164681,0.00181835,0.00198132,0.00217859,0.0024016,0.00267607,0.00291623,0.00312208,0.00339655,0.00378252,0.00400552,0.00415134,0.00435719,0.00453731,0.004726,0.00495759,0.00524921,0.00553225,0.00586676,0.0065272,0.00719622,0.00801105,0.00872295,0.00955493,0.0102239,0.0109444,0.0115363,0.0120337,0.0125398,0.0127799,0.0128228,0.0127027,0.012514,0.0122138,0.011948,0.0115534,0.0110474,0.0104041,0.0096064,0.00862002,0.0076165,0.00649289,0.0054036,0.0043143,0.00315639,0.00247879,0.0019899,0.00168112,0.00134661,0.00111503,0.0010121,0.000943485,0.000814828,0.000771942,0.000746211,0.000677594,0.000643285,0.000574668,0.00054036,0.000506051,0.000463165,0.000403126,0.000368817,0.000334508,0.000308777,0.000274468,0.00024016,0.000214428,0.000205851,0.000162966,0.000154388,0.000128657,0.00012008,0.00012008,0.000111503,0.000111503,0.000111503,0.000111503,0.00012008,0.00012008,0.000154388,0.000205851,0.00024016,0.000325931,0.000403126,0.000531783,0.000626131,0.000754788,0.0009006,0.00104641,0.00136377,0.00173258,0.0019899,0.00235871,0.00285619,0.00335366,0.00419422,0.00501763,0.00568664,0.00663013,0.00764223,0.00866291,0.00983798,0.0110474,0.0124111,0.0138607,0.0155761,0.0174202,0.0194272,0.021743,0.0244963,0.0273868,0.0305518,0.0337853,0.0369675,0.0405184,0.0442752,0.048641,0.0535814,0.0586333,0.0652634,0.0740036,0.0831982,0.094237,0.106519,0.119128,0.134996,0.151781,0.172838,0.193157,0.210715,0.227895,0.24528
0.280695,0.292832,0.301495,0.305981,0.307422,0.307285,0.305483,0.301615,0.29622,0.28899,0.279589,0.269648,0.259098,0.247202,0.230596,0.20749,0.165033,0.124386,0.100438,0.0826322,0.0692089,0.0581873,0.0493957,0.0408358,0.0335967,0.0274726,0.0223434,0.0180635,0.0144096,0.0116306,0.00956351,0.00801105,0.00675879,0.00560945,0.00486324,0.00405699,0.00321643,0.00277899,0.00235871,0.00208424,0.00188697,0.00173258,0.00154388,0.00140665,0.00133803,0.00133803,0.0014238,0.00156104,0.00174116,0.00188697,0.00208424,0.00229867,0.00253883,0.0028133,0.00298484,0.0031907,0.00342228,0.00378252,0.00396264,0.00409987,0.00428857,0.004503,0.00469169,0.00494043,0.00525779,0.00554083,0.00594396,0.00656151,0.00716191,0.00784808,0.00831982,0.00879157,0.00918612,0.00956351,0.00984655,0.0100438,0.0101382,0.0101039,0.00997521,0.0098294,0.00956351,0.00918612,0.00883445,0.00837129,0.00787381,0.00707614,0.00629562,0.00553225,0.00464881,0.00365386,0.0028133,0.00218717,0.00183551,0.00144954,0.00110645,0.000977794,0.000857714,0.00078052,0.000737634,0.00066044,0.000626131,0.000557514,0.00054036,0.000506051,0.000471743,0.000454588,0.000377394,0.000368817,0.000334508,0.000308777,0.000274468,0.00024016,0.000223006,0.000205851,0.00018012,0.000154388,0.000137234,0.00012008,0.00012008,0.000111503,0.000111503,0.000111503,0.000111503,0.000111503,0.000111503,0.000111503,0.00012008,0.000137234,0.00018012,0.00024016,0.000308777,0.000377394,0.000497474,0.000574668,0.00072048,0.000806251,0.000994948,0.00114934,0.00156104,0.00186124,0.00212713,0.00250452,0.00293338,0.00354236,0.0043143,0.0051034,0.00575526,0.00674163,0.00765938,0.00858572,0.00967501,0.0108072,0.0120251,0.0136119,0.0154989,0.0176003,0.0199676,0.0227123,0.0259802,0.0292566,0.0327304,0.0362899,0.0403211,0.0444467,0.0492928,0.0545249,0.0599885,0.0672705,0.0762593,0.0857542,0.0973848,0.110431,0.124274,0.142329,0.162271,0.186896,0.205731,0.224738,0.244294,0.263644
0.29785,0.308949,0.316702,0.31979,0.32033,0.319353,0.316428,0.310389,0.303528,0.29393,0.282428,0.27048,0.258669,0.245692,0.228606,0.205139,0.160272,0.120637,0.0975821,0.0800933,0.0663956,0.0559916,0.0467711,0.0385199,0.0317869,0.0260488,0.0208939,0.0169913,0.0135948,0.0110645,0.00914323,0.00776231,0.0065272,0.00553225,0.00471743,0.00391118,0.00310492,0.00267607,0.00229867,0.00205851,0.00186124,0.00168112,0.00150958,0.00134661,0.0013123,0.00130373,0.00133803,0.00148384,0.00164681,0.00184408,0.0019899,0.00217859,0.00239302,0.00263318,0.00288192,0.00304488,0.003225,0.00347374,0.00377394,0.0039026,0.00408272,0.00425426,0.00444296,0.00464881,0.00494043,0.00526636,0.00555799,0.0059268,0.00648432,0.00693033,0.00733345,0.00763365,0.00786524,0.00797674,0.00807109,0.00809682,0.00807966,0.00803678,0.00789954,0.00767654,0.00740207,0.00705041,0.00679309,0.00623558,0.0057038,0.00526636,0.00457161,0.00384256,0.00298484,0.0024016,0.00198132,0.00162108,0.00121795,0.00100353,0.000857714,0.000771942,0.000711902,0.000634708,0.000574668,0.00054036,0.000497474,0.000463165,0.000454588,0.000377394,0.000368817,0.000343086,0.000317354,0.000308777,0.000274468,0.000248737,0.00024016,0.000205851,0.000205851,0.000162966,0.000154388,0.000128657,0.00012008,0.00012008,0.000111503,0.000111503,0.000111503,0.000111503,0.000111503,0.000111503,0.000111503,0.000111503,0.00012008,0.000137234,0.000171543,0.00024016,0.000308777,0.000377394,0.000497474,0.000574668,0.000703325,0.00078052,0.000952062,0.00110645,0.0014238,0.00173258,0.00198132,0.00228152,0.00261603,0.00303631,0.00374821,0.00443438,0.00518917,0.00578957,0.00669017,0.007505,0.0084056,0.00940054,0.0105241,0.0119136,0.0135776,0.0158248,0.018235,0.0210054,0.0243848,0.0280129,0.0319327,0.0358524,0.0404069,0.0449442,0.0502963,0.0556313,0.0617039,0.0693204,0.0782407,0.0880443,0.100087,0.113578,0.129626,0.14998,0.176921,0.199127,0.218794,0.239722,0.261303,0.281768
0.313692,0.324971,0.331712,0.333608,0.33257,0.330563,0.326798,0.320588,0.312002,0.301058,0.287497,0.273053,0.259227,0.244774,0.22672,0.201383,0.154534,0.117087,0.0944343,0.0777432,0.0638911,0.0542332,0.044481,0.0363242,0.0298399,0.0243505,0.019796,0.0160478,0.0128657,0.0106013,0.00889449,0.00757361,0.00638139,0.00548079,0.00468312,0.00386829,0.00306204,0.0026246,0.0022901,0.00199847,0.00184408,0.00163823,0.00146669,0.00132946,0.00121795,0.0012008,0.00130373,0.00140665,0.00156104,0.00175831,0.00190412,0.00208424,0.00229867,0.0025131,0.00275326,0.00291623,0.00307919,0.00325074,0.00343943,0.00374821,0.00386829,0.00404841,0.00419422,0.00439149,0.0046145,0.0049147,0.00524921,0.00549795,0.00573811,0.00610692,0.00637281,0.00657009,0.00667301,0.00665586,0.00656151,0.00649289,0.00631277,0.00616696,0.00596969,0.00577241,0.00557514,0.00535213,0.00504336,0.00460592,0.0040913,0.00342228,0.0029248,0.00247879,0.00208424,0.00176689,0.00140665,0.00107214,0.000943485,0.00078052,0.00072048,0.000626131,0.000557514,0.00054036,0.00048032,0.000454588,0.000394548,0.000368817,0.000343086,0.000325931,0.000308777,0.000291623,0.000274468,0.00024016,0.00024016,0.000214428,0.000205851,0.000197274,0.000162966,0.000154388,0.000137234,0.00012008,0.00012008,0.00012008,0.000111503,0.000111503,0.000111503,0.000111503,0.000111503,0.000111503,0.000111503,0.00012008,0.00012008,0.000154388,0.000197274,0.00024016,0.000308777,0.000377394,0.000497474,0.000574668,0.000694748,0.00078052,0.000943485,0.00104641,0.00132946,0.00162108,0.00186124,0.00208424,0.00235871,0.00274468,0.00309635,0.0038254,0.00451157,0.00524921,0.00577241,0.00657867,0.00741065,0.00827694,0.00925473,0.0104984,0.0119737,0.0140494,0.0166482,0.0196931,0.0230811,0.0269494,0.0313151,0.0356209,0.0405527,0.045699,0.0516601,0.057038,0.0633507,0.0711216,0.0799046,0.0902229,0.102445,0.116392,0.135382,0.160255,0.190936,0.21267,0.232672,0.255659,0.278517,0.298433
0.331189,0.341036,0.346062,0.346208,0.343875,0.340847,0.337013,0.330451,0.320931,0.308168,0.292944,0.276681,0.260067,0.243273,0.223735,0.195619,0.146772,0.113132,0.0913379,0.0753244,0.0617554,0.0519689,0.0422853,0.0341799,0.0280301,0.0228066,0.0185266,0.0151043,0.0123253,0.0102668,0.0087058,0.00747926,0.00636424,0.00548079,0.00464881,0.00385971,0.00304488,0.00261603,0.00226436,0.00198132,0.00180978,0.00160392,0.0014238,0.00130373,0.00114934,0.00114934,0.00119222,0.00132946,0.00149242,0.00165539,0.00184408,0.0019899,0.00216144,0.00235871,0.00257314,0.0028133,0.0029248,0.00307062,0.00321643,0.00336224,0.00357667,0.0037911,0.00392833,0.0040913,0.00427141,0.00452015,0.00479462,0.00505193,0.00528352,0.00548079,0.00560945,0.00563518,0.00563518,0.00556656,0.00544648,0.00528352,0.00505193,0.00482035,0.00460592,0.00434861,0.00407414,0.00378252,0.0033022,0.00296769,0.00265034,0.00233298,0.00204994,0.00180978,0.00150958,0.00114934,0.000994948,0.00084056,0.000746211,0.000643285,0.000574668,0.00054036,0.00048032,0.000454588,0.000377394,0.000368817,0.000334508,0.000308777,0.0003002,0.000274468,0.000248737,0.00024016,0.00024016,0.000214428,0.000205851,0.000205851,0.00018012,0.000162966,0.000154388,0.000137234,0.000128657,0.00012008,0.00012008,0.00012008,0.00012008,0.000111503,0.000111503,0.000111503,0.000111503,0.00012008,0.00012008,0.000128657,0.000154388,0.000162966,0.000205851,0.000248737,0.000334508,0.000394548,0.000506051,0.000574668,0.000703325,0.00078052,0.000943485,0.00104641,0.00124369,0.00153531,0.00176689,0.00195559,0.00217859,0.00247879,0.00283903,0.00318212,0.00388544,0.00454588,0.00526636,0.00578957,0.0066044,0.00746211,0.00836271,0.00951205,0.0109444,0.0128657,0.0154646,0.0185095,0.0221547,0.0262889,0.0306633,0.0354064,0.0408272,0.0463594,0.0527408,0.0585304,0.0649289,0.0727084,0.0813542,0.0920327,0.104607,0.119462,0.142115,0.175025,0.204024,0.225665,0.248703,0.27422,0.297009,0.31605
0.349415,0.357504,0.360197,0.358293,0.354965,0.35174,0.34746,0.340349,0.330306,0.316445,0.299677,0.280644,0.260694,0.241249,0.218829,0.187959,0.138735,0.108647,0.0878299,0.0724168,0.0595168,0.0495759,0.0399266,0.0322672,0.0262546,0.0214085,0.0176174,0.0143324,0.0119222,0.010061,0.00862002,0.00747069,0.00636424,0.00548079,0.00464881,0.0038254,0.003002,0.00256456,0.00220432,0.00194701,0.00176689,0.00156104,0.00136377,0.00121795,0.00114076,0.00114076,0.00114934,0.00121795,0.00137234,0.00156104,0.00174116,0.00188697,0.00205851,0.00226436,0.0024016,0.00260745,0.00279615,0.00290765,0.00302773,0.00313923,0.00326789,0.00337939,0.00359382,0.00381683,0.00395406,0.00409987,0.0043143,0.00453731,0.00474316,0.0049147,0.00499189,0.00500047,0.0049147,0.00470885,0.00446869,0.00410845,0.00384256,0.00337939,0.00310492,0.0029248,0.00275326,0.00250452,0.00229867,0.00208424,0.00188697,0.00173258,0.00148384,0.00114934,0.00102926,0.000909177,0.000771942,0.000694748,0.000608977,0.00054036,0.000497474,0.000454588,0.000377394,0.000368817,0.000334508,0.000308777,0.0003002,0.000274468,0.000248737,0.00024016,0.000231583,0.000214428,0.000205851,0.000205851,0.000197274,0.000162966,0.000162966,0.000154388,0.000154388,0.000145811,0.000137234,0.000137234,0.000128657,0.00012008,0.00012008,0.00012008,0.00012008,0.00012008,0.00012008,0.000137234,0.000145811,0.000154388,0.000162966,0.000205851,0.00024016,0.000291623,0.000343086,0.000446011,0.000514628,0.000591823,0.00072048,0.00078052,0.000934908,0.00103783,0.00118365,0.00147527,0.00169827,0.00187839,0.00205851,0.00229867,0.00256456,0.00289907,0.00331078,0.00403983,0.00470885,0.00536071,0.00596111,0.00688744,0.00783093,0.00886018,0.0102411,0.0119994,0.0144439,0.017849,0.0215029,0.0258858,0.0302945,0.035355,0.0411445,0.0471828,0.0538387,0.0596712,0.0663356,0.0744753,0.0827865,0.0937824,0.107549,0.124506,0.15179,0.191056,0.21822,0.242227,0.268344,0.29441,0.316762,0.335263
0.367367,0.375541,0.376905,0.373929,0.369597,0.365103,0.358447,0.350882,0.340332,0.325485,0.306564,0.284847,0.260925,0.237587,0.212902,0.176715,0.131136,0.104126,0.0851109,0.0702382,0.0576469,0.0470799,0.0377051,0.0303802,0.0248308,0.0202935,0.0167769,0.0138263,0.0116478,0.00987229,0.00855998,0.00746211,0.00632993,0.00547221,0.00463165,0.00377394,0.00297627,0.0025131,0.00216144,0.00190412,0.00173258,0.00150958,0.00132946,0.00114934,0.00110645,0.00109787,0.00110645,0.00114934,0.00130373,0.00143238,0.00162108,0.00178404,0.0019127,0.00208424,0.00226436,0.00239302,0.00256456,0.00271895,0.00284761,0.0029248,0.00301915,0.00310492,0.00321643,0.00333651,0.00348232,0.00368817,0.00385971,0.0040141,0.00409987,0.00421995,0.00423711,0.00417707,0.00404841,0.0038254,0.00339655,0.00307919,0.00284761,0.00256456,0.00234156,0.00216144,0.00198132,0.00184408,0.0016897,0.00150958,0.00132088,0.00112361,0.0010121,0.000917754,0.00078052,0.000737634,0.000643285,0.000557514,0.000506051,0.000454588,0.000394548,0.000368817,0.000334508,0.000317354,0.0003002,0.000274468,0.00024016,0.00024016,0.000223006,0.000205851,0.000205851,0.000205851,0.000197274,0.000197274,0.000162966,0.000162966,0.000162966,0.000162966,0.000154388,0.000154388,0.000154388,0.000154388,0.000154388,0.000154388,0.000154388,0.000154388,0.000154388,0.000154388,0.000154388,0.000162966,0.000162966,0.000197274,0.000205851,0.000231583,0.000248737,0.000308777,0.000368817,0.000454588,0.00054036,0.000608977,0.00072048,0.00078052,0.000917754,0.00102926,0.00114934,0.00140665,0.00162108,0.00180978,0.00197274,0.00216144,0.00236729,0.00267607,0.00299342,0.00354236,0.00426284,0.00501763,0.00561803,0.00651863,0.00747926,0.00855998,0.00986371,0.0116906,0.0140494,0.0174116,0.0210655,0.0255256,0.0301143,0.035355,0.0415734,0.0480406,0.0546621,0.060709,0.0681368,0.0763451,0.0848879,0.0964928,0.111306,0.132337,0.168901,0.208476,0.236583,0.263807,0.290799,0.315484,0.337279,0.354682
0.385122,0.392112,0.393862,0.391503,0.386735,0.380353,0.371845,0.362513,0.351345,0.3354,0.314335,0.289736,0.261723,0.233727,0.205371,0.162254,0.123965,0.100773,0.0828552,0.0684198,0.0563518,0.0456304,0.0362127,0.0291537,0.0236129,0.0194787,0.0161851,0.0133975,0.0114419,0.00983798,0.00849137,0.00740207,0.00629562,0.0054036,0.00453731,0.00362813,0.00290765,0.00245306,0.00208424,0.00186124,0.00164681,0.00144954,0.00124369,0.00113218,0.00105499,0.00104641,0.00104641,0.00108072,0.00114076,0.0013123,0.00146669,0.00162966,0.00180978,0.0019127,0.00207567,0.00219575,0.00234156,0.00247879,0.00260745,0.00269322,0.0028133,0.00289907,0.00293338,0.003002,0.00307919,0.00316496,0.00325074,0.00334508,0.00340512,0.00342228,0.0034137,0.00331935,0.00315639,0.00298484,0.00279615,0.00250452,0.00227294,0.00201563,0.00186982,0.00170685,0.00150958,0.0013123,0.00111503,0.00102926,0.000952062,0.000857714,0.00078052,0.000746211,0.00066044,0.000574668,0.00054036,0.000471743,0.000446011,0.000377394,0.000343086,0.000317354,0.000308777,0.000274468,0.000248737,0.00024016,0.000223006,0.000214428,0.000205851,0.000205851,0.000197274,0.000197274,0.00018012,0.00018012,0.000171543,0.000162966,0.000162966,0.00018012,0.00018012,0.000188697,0.000197274,0.000197274,0.000197274,0.000197274,0.000197274,0.000197274,0.000205851,0.000205851,0.000205851,0.000205851,0.000214428,0.000223006,0.00024016,0.000248737,0.0003002,0.000334508,0.000377394,0.000463165,0.00054036,0.000626131,0.00072048,0.00078052,0.000917754,0.00102926,0.00114076,0.00134661,0.00156104,0.00174974,0.00188697,0.00205851,0.00228152,0.0025131,0.00286476,0.00321643,0.00399695,0.00471743,0.00548079,0.0063042,0.00737634,0.00848279,0.00985513,0.0116821,0.0140065,0.0173516,0.0208939,0.0253111,0.0300286,0.0355008,0.0420022,0.0489497,0.0555455,0.0622271,0.070324,0.0787467,0.0883102,0.100773,0.117327,0.146009,0.193646,0.227474,0.257872,0.286965,0.311899,0.335821,0.356329,0.372754
0.398562,0.406659,0.409807,0.408246,0.402714,0.39448,0.384796,0.374315,0.361638,0.343815,0.320313,0.293047,0.261457,0.229224,0.196622,0.150692,0.118287,0.0978823,0.0813284,0.0675107,0.055597,0.0446354,0.035192,0.0282874,0.0228581,0.0187582,0.0156704,0.0130544,0.0112189,0.00973505,0.00841417,0.00729057,0.00620127,0.00530067,0.00443438,0.00342228,0.00284761,0.00235871,0.00201563,0.00180978,0.00159535,0.00136377,0.00114934,0.00107214,0.00103783,0.00102926,0.00102068,0.00102926,0.00104641,0.00114076,0.00130373,0.00145811,0.00162108,0.00176689,0.00188697,0.0019899,0.00212713,0.00226436,0.00234156,0.00244448,0.00253026,0.00260745,0.00266749,0.00275326,0.0028133,0.00286476,0.00289907,0.00291623,0.0029248,0.00291623,0.00289907,0.0028133,0.00265034,0.00247879,0.0022901,0.00208424,0.00188697,0.00173258,0.00149242,0.00123511,0.00104641,0.000986371,0.0009006,0.000789097,0.000763365,0.00072048,0.000643285,0.000574668,0.00054036,0.000497474,0.000454588,0.000394548,0.000368817,0.000334508,0.000308777,0.0003002,0.000274468,0.00024016,0.00024016,0.000214428,0.000205851,0.000205851,0.000205851,0.000197274,0.000197274,0.00018012,0.000188697,0.000197274,0.000197274,0.000205851,0.000205851,0.000205851,0.000205851,0.000205851,0.000214428,0.000223006,0.000223006,0.000231583,0.00024016,0.00024016,0.00024016,0.00024016,0.00024016,0.00024016,0.000248737,0.000265891,0.000274468,0.000308777,0.000325931,0.000368817,0.000411703,0.000497474,0.000548937,0.000634708,0.000729057,0.00078052,0.000917754,0.00100353,0.00111503,0.00132088,0.00151815,0.0016897,0.00184408,0.0019899,0.00216144,0.00239302,0.00275326,0.00308777,0.00384256,0.00460592,0.0054036,0.00628704,0.00737634,0.00855998,0.0100181,0.0118965,0.0142724,0.0174888,0.0209883,0.025354,0.0300629,0.0357238,0.0424568,0.0497646,0.056652,0.0639511,0.0730086,0.0824177,0.0937138,0.108475,0.130081,0.172589,0.215758,0.248917,0.28037,0.307113,0.331515,0.353189,0.371965,0.387189
0.41003,0.41859,0.423153,0.422613,0.416909,0.406608,0.395269,0.382772,0.367873,0.348558,0.32256,0.292618,0.258163,0.223194,0.185892,0.140013,0.113278,0.0947602,0.0796559,0.0661812,0.0549023,0.0439921,0.0346431,0.0276355,0.0223606,0.0183036,0.0151386,0.0127113,0.0109444,0.00946916,0.00824263,0.00709329,0.00603831,0.00523205,0.00425426,0.00327647,0.00271895,0.0022901,0.00194701,0.00174116,0.00151815,0.0013123,0.00114076,0.00104641,0.000994948,0.000986371,0.000977794,0.000986371,0.000994948,0.00104641,0.00110645,0.00121795,0.00140665,0.00156104,0.00173258,0.00183551,0.0019127,0.0019899,0.00208424,0.00216144,0.00227294,0.00229867,0.00235871,0.0024016,0.00247022,0.00250452,0.00253883,0.00255599,0.00253883,0.00249595,0.00241875,0.00233298,0.00220432,0.00208424,0.00192128,0.00178404,0.00160392,0.00134661,0.00112361,0.000994948,0.0009006,0.00078052,0.000746211,0.00066044,0.000626131,0.000557514,0.00054036,0.000497474,0.000463165,0.000403126,0.000377394,0.000343086,0.000334508,0.000308777,0.000291623,0.000257314,0.00024016,0.00024016,0.000214428,0.000205851,0.000205851,0.000205851,0.000197274,0.000197274,0.000197274,0.000197274,0.000205851,0.000205851,0.000205851,0.000214428,0.000223006,0.00024016,0.00024016,0.000248737,0.000248737,0.000274468,0.000274468,0.000274468,0.000291623,0.000291623,0.000291623,0.0003002,0.0003002,0.000308777,0.000308777,0.000308777,0.000317354,0.000334508,0.000343086,0.000377394,0.000454588,0.000506051,0.000557514,0.000643285,0.000737634,0.00078052,0.000909177,0.000994948,0.00109787,0.00130373,0.00147527,0.00164681,0.00180978,0.00194701,0.00212713,0.00235871,0.00269322,0.00307062,0.00381683,0.00458877,0.0054036,0.0063042,0.00747069,0.00868006,0.0102239,0.0121281,0.014624,0.0178404,0.0213142,0.0256199,0.0302687,0.036084,0.0431173,0.0508453,0.0581444,0.0665929,0.0766625,0.0874353,0.101167,0.118656,0.15082,0.200533,0.236618,0.270377,0.300354,0.326,0.348832,0.367273,0.384316,0.397902
0.419937,0.429826,0.435401,0.434895,0.427948,0.416,0.40141,0.385894,0.368011,0.346559,0.319172,0.2879,0.25065,0.214111,0.167649,0.128623,0.107214,0.0910978,0.0773658,0.0644829,0.0540789,0.0431687,0.0340598,0.0270523,0.0218031,0.0177976,0.0144439,0.0121795,0.010507,0.00913465,0.00806251,0.00692175,0.00579815,0.0050262,0.00405699,0.00312208,0.00259887,0.00216144,0.00188697,0.00167254,0.00144954,0.00120938,0.00107214,0.0010121,0.000969217,0.000943485,0.000917754,0.000917754,0.000943485,0.000969217,0.00100353,0.00105499,0.00114934,0.00132088,0.00146669,0.00160392,0.00173258,0.00180978,0.00187839,0.00193843,0.0019899,0.00204994,0.00208424,0.00210998,0.00216144,0.00217859,0.00219575,0.00219575,0.00216144,0.00216144,0.00208424,0.0019899,0.00188697,0.0018012,0.00164681,0.00147527,0.00124369,0.00105499,0.000977794,0.000831982,0.000763365,0.00066044,0.000617554,0.000557514,0.000523205,0.00048032,0.000454588,0.000403126,0.000377394,0.000368817,0.000334508,0.000317354,0.000308777,0.000291623,0.000265891,0.00024016,0.00024016,0.000214428,0.000205851,0.000205851,0.000205851,0.000205851,0.000205851,0.000205851,0.000205851,0.000205851,0.000214428,0.000223006,0.00024016,0.000248737,0.000274468,0.000291623,0.0003002,0.000308777,0.000317354,0.000317354,0.000334508,0.000334508,0.000334508,0.000334508,0.000334508,0.000343086,0.000343086,0.000343086,0.000343086,0.000343086,0.00036024,0.000368817,0.000377394,0.00042028,0.000463165,0.000531783,0.000557514,0.000643285,0.000737634,0.00078052,0.000874868,0.000994948,0.00105499,0.00121795,0.00143238,0.00162108,0.0018012,0.00193843,0.00212713,0.00235871,0.00275326,0.00312208,0.00388544,0.00469169,0.00553225,0.00649289,0.00762508,0.00886018,0.0104727,0.012514,0.0151043,0.0181492,0.0215543,0.0259973,0.0308177,0.0368388,0.044258,0.0523806,0.0599971,0.0698179,0.0807366,0.093851,0.110671,0.136025,0.184571,0.22292,0.256619,0.289959,0.318443,0.34306,0.36331,0.380439,0.394986,0.407937
0.431387,0.442049,0.448155,0.446329,0.436782,0.421249,0.401882,0.381726,0.359888,0.336541,0.308768,0.276235,0.238144,0.198544,0.147029,0.117404,0.100387,0.086226,0.0741665,0.0622443,0.0522691,0.0418221,0.0330048,0.0262546,0.0209111,0.0170256,0.0138092,0.0116392,0.0100524,0.00876584,0.00776231,0.00666444,0.00560945,0.00478604,0.00385971,0.00299342,0.00247879,0.00208424,0.00185266,0.00162108,0.00138092,0.00114934,0.00104641,0.000994948,0.000934908,0.000857714,0.00084056,0.000814828,0.00084056,0.000874868,0.000934908,0.000977794,0.00102926,0.00107214,0.00114934,0.00132088,0.00144954,0.00156104,0.00163823,0.00173258,0.00177547,0.00183551,0.00185266,0.00187839,0.00188697,0.00190412,0.0019127,0.0019127,0.00188697,0.00186124,0.00180978,0.00173258,0.00162108,0.00148384,0.00132088,0.00114076,0.00102926,0.000943485,0.000806251,0.000746211,0.000643285,0.000574668,0.00054036,0.00048032,0.000454588,0.000394548,0.000377394,0.00036024,0.000334508,0.000325931,0.000308777,0.0003002,0.000291623,0.000274468,0.00024016,0.00024016,0.000223006,0.000214428,0.000205851,0.000205851,0.000205851,0.000205851,0.000205851,0.000205851,0.000214428,0.00024016,0.00024016,0.000274468,0.0003002,0.000308777,0.000334508,0.000343086,0.000351663,0.000368817,0.000368817,0.000377394,0.000377394,0.000377394,0.000394548,0.000394548,0.000394548,0.000394548,0.000394548,0.000394548,0.000394548,0.000394548,0.000394548,0.000394548,0.000446011,0.000454588,0.000497474,0.00054036,0.000574668,0.000643285,0.000737634,0.00078052,0.000857714,0.000977794,0.00104641,0.00115791,0.00140665,0.00162108,0.00179262,0.00194701,0.00216144,0.00244448,0.00284761,0.0033022,0.00408272,0.00488897,0.00561803,0.00668159,0.00785666,0.00910034,0.0107643,0.0128228,0.015516,0.018458,0.0220089,0.0264176,0.0317869,0.0381768,0.0459563,0.0544391,0.062493,0.0732402,0.0855055,0.10109,0.121392,0.159595,0.209316,0.243042,0.276707,0.307182,0.335023,0.358379,0.377797,0.392473,0.405827,0.419122
0.447186,0.456844,0.460189,0.454931,0.441474,0.421575,0.397216,0.371682,0.346027,0.320348,0.292326,0.257906,0.219798,0.173404,0.129506,0.108535,0.0936967,0.0814828,0.0702296,0.0592938,0.0496531,0.0394548,0.0313151,0.0249595,0.019959,0.016125,0.0130287,0.0110474,0.00958924,0.00837986,0.00737634,0.0063042,0.00542075,0.00453731,0.00359382,0.00289907,0.00237587,0.00204994,0.00180978,0.00157819,0.00133803,0.00112361,0.00102926,0.000943485,0.000874868,0.000806251,0.00078052,0.00078052,0.00078052,0.00078052,0.000806251,0.000857714,0.000917754,0.000977794,0.0010121,0.00104641,0.00114076,0.00121795,0.00133803,0.0014238,0.00149242,0.00154388,0.00159535,0.00162108,0.00162966,0.00164681,0.00164681,0.00164681,0.00162108,0.00156104,0.00149242,0.00138092,0.00126942,0.00114076,0.00104641,0.000977794,0.000874868,0.00078052,0.00072048,0.000626131,0.000548937,0.000506051,0.000454588,0.000394548,0.000368817,0.000343086,0.000334508,0.000317354,0.000308777,0.000308777,0.0003002,0.000274468,0.000265891,0.000248737,0.00024016,0.00024016,0.000223006,0.000214428,0.000205851,0.000205851,0.000214428,0.000214428,0.00024016,0.00024016,0.000248737,0.000291623,0.000308777,0.000334508,0.000343086,0.000368817,0.000385971,0.000411703,0.000454588,0.000454588,0.000463165,0.000463165,0.000471743,0.000471743,0.000471743,0.000471743,0.000471743,0.000471743,0.000471743,0.000463165,0.000463165,0.000463165,0.000463165,0.000463165,0.000463165,0.00048032,0.000506051,0.00054036,0.000574668,0.000643285,0.000737634,0.00078052,0.000857714,0.000969217,0.00104641,0.00114934,0.00140665,0.0016125,0.00180978,0.00198132,0.00219575,0.00253883,0.00293338,0.00356809,0.00433145,0.00513771,0.00584103,0.00692175,0.00807966,0.00940054,0.0110474,0.0131659,0.0159792,0.0190069,0.0227637,0.0273268,0.0331678,0.0402354,0.048538,0.0566263,0.0656065,0.0773143,0.0910892,0.109136,0.136359,0.18814,0.226479,0.260393,0.293175,0.323161,0.35023,0.373123,0.391109,0.405107,0.419534,0.434038
0.465704,0.471786,0.470516,0.459846,0.442151,0.418333,0.389522,0.358988,0.329963,0.302233,0.271775,0.236583,0.19772,0.145082,0.116049,0.0996406,0.0872123,0.0765338,0.0654521,0.0557686,0.0459134,0.03647,0.0291708,0.0232526,0.0185609,0.0149242,0.0122825,0.0104727,0.00908319,0.00803678,0.00698179,0.00598684,0.00524921,0.00429715,0.00335366,0.00279615,0.00229867,0.0019899,0.00177547,0.00153531,0.0013123,0.0010893,0.000994948,0.000934908,0.000823405,0.00078052,0.000763365,0.000746211,0.000746211,0.000746211,0.000763365,0.000771942,0.000789097,0.000831982,0.0009006,0.000943485,0.000994948,0.00102926,0.00105499,0.00111503,0.00114934,0.00119222,0.00126942,0.0013123,0.00132088,0.00132088,0.00132088,0.0013123,0.00123511,0.00114934,0.00112361,0.00104641,0.00102926,0.000969217,0.0009006,0.000797674,0.000754788,0.00066044,0.0006004,0.00054036,0.00048032,0.000446011,0.000377394,0.000343086,0.000334508,0.000317354,0.000308777,0.0003002,0.000291623,0.000274468,0.000274468,0.000265891,0.000248737,0.00024016,0.00024016,0.00024016,0.000223006,0.000223006,0.000223006,0.000231583,0.00024016,0.00024016,0.000274468,0.0003002,0.000317354,0.000343086,0.000368817,0.000394548,0.000454588,0.000463165,0.000497474,0.000514628,0.00054036,0.00054036,0.00054036,0.00054036,0.00054036,0.000548937,0.000548937,0.00054036,0.00054036,0.00054036,0.00054036,0.00054036,0.000531783,0.000514628,0.000506051,0.000506051,0.000506051,0.000514628,0.00054036,0.000548937,0.000591823,0.000651863,0.000737634,0.00078052,0.000857714,0.00096064,0.00104641,0.00114934,0.00140665,0.00162108,0.00181835,0.0019899,0.0022901,0.00265034,0.00308777,0.00388544,0.00464023,0.00539502,0.00615839,0.00719622,0.00831982,0.00977794,0.0114591,0.0136462,0.0165196,0.0198561,0.0238101,0.0289564,0.0349947,0.04298,0.0518488,0.0597912,0.0697922,0.0816372,0.0968445,0.117129,0.152707,0.204488,0.239397,0.274065,0.306375,0.336687,0.363696,0.386906,0.404335,0.420983,0.437597,0.452933
0.481486,0.482884,0.475079,0.459675,0.438849,0.412089,0.380559,0.347691,0.315416,0.284564,0.251456,0.21689,0.171912,0.128263,0.106648,0.0923672,0.0810625,0.0708043,0.0606918,0.051926,0.0420194,0.0334165,0.0266492,0.0214428,0.0173773,0.0139636,0.0115534,0.00986371,0.00867149,0.00765938,0.00667301,0.00569522,0.00496616,0.00407414,0.00316496,0.00266749,0.00226436,0.00194701,0.00174116,0.00150958,0.00124369,0.00105499,0.000994948,0.0009006,0.000806251,0.000763365,0.000737634,0.000711902,0.00066044,0.000669017,0.000703325,0.00072048,0.000746211,0.000763365,0.00078052,0.000806251,0.00084056,0.000909177,0.000943485,0.000977794,0.000994948,0.00102068,0.00102926,0.00104641,0.00104641,0.00104641,0.00102926,0.00102926,0.00100353,0.000994948,0.000943485,0.000917754,0.00084056,0.00078052,0.000763365,0.000711902,0.000634708,0.000557514,0.000514628,0.000463165,0.000377394,0.00036024,0.000334508,0.000308777,0.0003002,0.000291623,0.000274468,0.000274468,0.000274468,0.000274468,0.000248737,0.000248737,0.00024016,0.00024016,0.00024016,0.00024016,0.00024016,0.00024016,0.00024016,0.00024016,0.000274468,0.0003002,0.000317354,0.000343086,0.000377394,0.000454588,0.000471743,0.000506051,0.00054036,0.000557514,0.000574668,0.0006004,0.000626131,0.000634708,0.000643285,0.000643285,0.000643285,0.000643285,0.000643285,0.000643285,0.000626131,0.000626131,0.000608977,0.000574668,0.000574668,0.000557514,0.000548937,0.00054036,0.00054036,0.00054036,0.000548937,0.000566091,0.000617554,0.00066044,0.000737634,0.00078052,0.000857714,0.00096064,0.00104641,0.00114934,0.00140665,0.00162966,0.00184408,0.00205851,0.00235871,0.0028133,0.0033022,0.00411703,0.00494043,0.00560945,0.00653578,0.00756504,0.00868006,0.0100696,0.0118965,0.0142724,0.0173944,0.0208682,0.0255513,0.0310407,0.0380825,0.0464967,0.0553054,0.0636424,0.0747069,0.0867663,0.103234,0.126264,0.170651,0.215518,0.249183,0.284469,0.317045,0.348386,0.37706,0.40135,0.421644,0.439364,0.456004,0.471828
0.489849,0.483399,0.470216,0.452633,0.430238,0.401745,0.36964,0.336644,0.303356,0.269571,0.235949,0.200422,0.150066,0.117241,0.0987057,0.0853768,0.0752215,0.0647831,0.0559573,0.0467454,0.0376708,0.030243,0.0244963,0.0198561,0.0162194,0.0130887,0.0109702,0.00945201,0.00829409,0.00726484,0.00628704,0.00547221,0.00469169,0.00385971,0.00303631,0.00255599,0.00216144,0.00190412,0.00173258,0.00147527,0.0012008,0.00104641,0.000977794,0.000866291,0.00078052,0.000746211,0.000711902,0.000651863,0.000634708,0.000626131,0.000634708,0.000643285,0.00066044,0.000677594,0.00072048,0.000746211,0.000763365,0.000771942,0.00078052,0.000806251,0.00084056,0.000857714,0.000892022,0.000909177,0.000909177,0.0009006,0.000874868,0.000849137,0.000814828,0.000797674,0.00078052,0.000763365,0.000746211,0.000677594,0.000634708,0.000574668,0.00054036,0.00048032,0.000446011,0.000368817,0.000334508,0.000308777,0.0003002,0.000274468,0.000274468,0.000248737,0.000248737,0.000248737,0.000248737,0.000248737,0.000248737,0.000248737,0.000248737,0.00024016,0.00024016,0.00024016,0.00024016,0.000248737,0.000274468,0.0003002,0.000317354,0.000343086,0.000377394,0.000454588,0.000497474,0.00054036,0.000557514,0.000608977,0.000643285,0.00066044,0.000711902,0.00072048,0.000746211,0.000746211,0.000763365,0.000763365,0.000763365,0.000763365,0.000754788,0.000746211,0.000746211,0.00072048,0.000694748,0.00066044,0.000643285,0.000626131,0.000626131,0.000591823,0.000574668,0.000574668,0.000574668,0.000591823,0.000634708,0.00066044,0.000746211,0.00078052,0.000857714,0.000969217,0.00104641,0.00117507,0.00143238,0.00165539,0.00187839,0.00208424,0.00246164,0.00290765,0.00356809,0.00443438,0.00524921,0.00589249,0.00689602,0.0079167,0.00905746,0.0104984,0.0124369,0.0151644,0.0184065,0.0224978,0.027524,0.0339826,0.0422081,0.0514543,0.0596712,0.0691918,0.0797331,0.0926588,0.110122,0.136891,0.186733,0.224824,0.258532,0.293432,0.326403,0.358799,0.389891,0.417158,0.43921,0.456741,0.472763,0.486238
