0.00258251,0.0021927,0.00181913,0.00121817,0.000893321,0.000535993,0.000422297,0.000341086,0.000243633,0.000113695,3.24844e-05,3.24844e-05,1.62422e-05,1.62422e-05,0,0,0,0,0,0,0,0,0,0,0,0,0,0,0,0,0,0,0,0,0,0,0,0,0,0,0,0,0,0,0,0,1.62422e-05,1.62422e-05,1.62422e-05,1.62422e-05,1.62422e-05,3.24844e-05,3.24844e-05,3.24844e-05,3.24844e-05,3.24844e-05,3.24844e-05,3.24844e-05,3.24844e-05,3.24844e-05,3.24844e-05,3.24844e-05,3.24844e-05,3.24844e-05,1.62422e-05,1.62422e-05,1.62422e-05,1.62422e-05,1.62422e-05,1.62422e-05,0,0,0,0,0,0,0,0,0,0,0,0,0,0,0,0,0,0,0,0,0,0,0,0,0,0,0,0,0,0,0,1.62422e-05,1.62422e-05,1.62422e-05,3.24844e-05,3.24844e-05,3.24844e-05,8.1211e-05,0.000162422,0.000194906,0.000276117,0.000308602,0.000341086,0.000389813,0.000422297,0.000503508,0.000568477,0.000747141,0.000942048,0.00112071,0.00121817,0.00138059,0.0016567,0.0017704,0.0018841,0.00196531,0.00204652,0.00204652,0.002079,0.00211149,0.00212773,0.00212773,0.00212773,0.00212773,0.00212773,0.00212773,0.00212773,0.00209524,0.00204652,0.00204652,0.00201403,0.00196531,0.00196531,0.00201403,0.00204652,0.00209524,0.00214397,0.00220894,0.00232264,0.00233888,0.00233888,0.00237136,0.00245257,0.00253378,0.00259875,0.00269621,0.00279366,0.00290735,0.00319971,0.00344335,0.00368698,0.00404431,0.0043854,0.00497011,0.00568477,0.00649688,0.00726027,0.00808862,0.00898194,0.00976156,0.0101839,0.0102326,0.0100214,0.00930678,0.0081211,0.00695166,0.00586344,0.00471024,0.0039631,0.00318347
0.00306978,0.00248506,0.00212773,0.00168919,0.00113695,0.000747141,0.000471024,0.000389813,0.000276117,0.000162422,3.24844e-05,3.24844e-05,1.62422e-05,1.62422e-05,0,0,0,0,0,0,0,0,0,0,0,0,0,0,0,0,0,0,0,0,0,0,0,0,0,0,0,0,0,0,0,1.62422e-05,1.62422e-05,1.62422e-05,1.62422e-05,1.62422e-05,3.24844e-05,3.24844e-05,3.24844e-05,3.24844e-05,3.24844e-05,3.24844e-05,3.24844e-05,3.24844e-05,3.24844e-05,3.24844e-05,3.24844e-05,3.24844e-05,3.24844e-05,3.24844e-05,3.24844e-05,3.24844e-05,1.62422e-05,1.62422e-05,1.62422e-05,1.62422e-05,1.62422e-05,0,0,0,0,0,0,0,0,0,0,0,0,0,0,0,0,0,0,0,0,0,0,0,0,0,0,0,0,1.62422e-05,1.62422e-05,1.62422e-05,1.62422e-05,3.24844e-05,3.24844e-05,3.24844e-05,8.1211e-05,0.000162422,0.000211149,0.000276117,0.000324844,0.000341086,0.000389813,0.00043854,0.000503508,0.000617204,0.000828352,0.0010395,0.00121817,0.00155925,0.00180288,0.00201403,0.00209524,0.0021927,0.00229015,0.00233888,0.00235512,0.00242009,0.00246881,0.00251754,0.00253378,0.00253378,0.00253378,0.00253378,0.00251754,0.00248506,0.00242009,0.00237136,0.00233888,0.00233888,0.00232264,0.00225767,0.00225767,0.00229015,0.00232264,0.00233888,0.00242009,0.00253378,0.00263124,0.00267996,0.00269621,0.00279366,0.00289111,0.00306978,0.00331341,0.00350832,0.00370322,0.00394686,0.004158,0.0043854,0.00474272,0.00532744,0.00605834,0.00690294,0.00786123,0.00924181,0.01046,0.0118568,0.013075,0.0144718,0.0152677,0.0153651,0.0147642,0.0133511,0.0116944,0.00979405,0.00773129,0.00626949,0.00480769,0.00394686
0.00376819,0.00282614,0.00233888,0.00203028,0.00139683,0.000974532,0.000552235,0.000406055,0.000324844,0.000178664,3.24844e-05,3.24844e-05,3.24844e-05,1.62422e-05,1.62422e-05,0,0,0,0,0,0,0,0,0,0,0,0,0,0,0,0,0,0,0,0,0,0,0,0,0,0,0,0,0,1.62422e-05,1.62422e-05,1.62422e-05,1.62422e-05,3.24844e-05,3.24844e-05,3.24844e-05,3.24844e-05,3.24844e-05,3.24844e-05,3.24844e-05,3.24844e-05,3.24844e-05,3.24844e-05,3.24844e-05,3.24844e-05,3.24844e-05,3.24844e-05,3.24844e-05,3.24844e-05,3.24844e-05,3.24844e-05,3.24844e-05,1.62422e-05,1.62422e-05,1.62422e-05,1.62422e-05,1.62422e-05,0,0,0,0,0,0,0,0,0,0,0,0,0,0,0,0,0,0,0,0,0,0,0,0,0,0,1.62422e-05,1.62422e-05,1.62422e-05,3.24844e-05,3.24844e-05,3.24844e-05,3.24844e-05,0.000113695,0.000162422,0.000211149,0.000276117,0.000324844,0.000341086,0.000389813,0.000422297,0.000503508,0.000617204,0.000877079,0.00113695,0.00136435,0.00180288,0.00204652,0.00220894,0.00233888,0.00251754,0.00264748,0.00274493,0.00284239,0.00290735,0.00306978,0.00316723,0.00319971,0.00321596,0.00319971,0.00318347,0.00315099,0.00308602,0.00298857,0.00290735,0.0028099,0.00277742,0.00269621,0.00264748,0.00264748,0.00259875,0.00264748,0.00267996,0.00269621,0.0028099,0.00290735,0.0031185,0.00328093,0.0034271,0.00358953,0.00370322,0.0039631,0.004158,0.0043854,0.00472648,0.00508381,0.00553859,0.0060421,0.00667555,0.0073902,0.00860837,0.0100052,0.0115969,0.0133024,0.0154951,0.0178827,0.0206438,0.0224467,0.0236649,0.0236649,0.0221869,0.0199129,0.016632,0.0134648,0.0107199,0.0081211,0.00628573,0.00471024
0.0043854,0.00349207,0.00264748,0.00220894,0.00180288,0.00116944,0.000747141,0.000454782,0.000341086,0.000227391,8.1211e-05,3.24844e-05,3.24844e-05,1.62422e-05,1.62422e-05,0,0,0,0,0,0,0,0,0,0,0,0,0,0,0,0,0,0,0,0,0,0,0,0,0,0,0,0,1.62422e-05,1.62422e-05,1.62422e-05,1.62422e-05,3.24844e-05,3.24844e-05,3.24844e-05,3.24844e-05,3.24844e-05,3.24844e-05,3.24844e-05,3.24844e-05,3.24844e-05,3.24844e-05,3.24844e-05,3.24844e-05,3.24844e-05,3.24844e-05,3.24844e-05,3.24844e-05,3.24844e-05,3.24844e-05,3.24844e-05,3.24844e-05,3.24844e-05,1.62422e-05,1.62422e-05,1.62422e-05,1.62422e-05,1.62422e-05,0,0,0,0,0,0,0,0,0,0,0,0,0,0,0,0,0,0,0,0,0,0,0,0,1.62422e-05,1.62422e-05,1.62422e-05,3.24844e-05,3.24844e-05,3.24844e-05,3.24844e-05,0.000113695,0.000162422,0.000211149,0.000276117,0.000324844,0.000341086,0.000389813,0.000422297,0.000503508,0.000617204,0.000860837,0.0011532,0.00152677,0.00193282,0.00214397,0.00233888,0.00264748,0.00287487,0.00331341,0.00358953,0.00376819,0.00393061,0.00404431,0.00412552,0.00414176,0.004158,0.00414176,0.00412552,0.00409304,0.00399558,0.00391437,0.00383316,0.00370322,0.00360577,0.00350832,0.00339462,0.00332965,0.00319971,0.00318347,0.0032322,0.00334589,0.00344335,0.00355704,0.00367074,0.00383316,0.00399558,0.004158,0.00433667,0.0045803,0.00498636,0.00539241,0.00594465,0.00648064,0.00704912,0.00761759,0.00855964,0.00948545,0.0107199,0.0123116,0.0146667,0.017168,0.0206763,0.0243146,0.0283102,0.031721,0.0349045,0.036545,0.0360739,0.0334589,0.0294471,0.0244445,0.0191658,0.0145205,0.0108011,0.00786123,0.0059284
0.00527872,0.00402807,0.00302105,0.00240385,0.00204652,0.00141307,0.000942048,0.000503508,0.000389813,0.000276117,0.000113695,3.24844e-05,3.24844e-05,1.62422e-05,1.62422e-05,1.62422e-05,0,0,0,0,0,0,0,0,0,0,0,0,0,0,0,0,0,0,0,0,0,0,0,0,0,0,1.62422e-05,1.62422e-05,1.62422e-05,1.62422e-05,3.24844e-05,3.24844e-05,3.24844e-05,3.24844e-05,3.24844e-05,3.24844e-05,3.24844e-05,3.24844e-05,3.24844e-05,3.24844e-05,3.24844e-05,3.24844e-05,3.24844e-05,3.24844e-05,3.24844e-05,3.24844e-05,3.24844e-05,3.24844e-05,3.24844e-05,3.24844e-05,3.24844e-05,3.24844e-05,3.24844e-05,1.62422e-05,1.62422e-05,1.62422e-05,1.62422e-05,1.62422e-05,0,0,0,0,0,0,0,0,0,0,0,0,0,0,0,0,0,0,0,0,0,0,1.62422e-05,1.62422e-05,1.62422e-05,3.24844e-05,3.24844e-05,3.24844e-05,3.24844e-05,0.000113695,0.000162422,0.000194906,0.000276117,0.000324844,0.000341086,0.000389813,0.000406055,0.000471024,0.000552235,0.00081211,0.00113695,0.00152677,0.00196531,0.00220894,0.00251754,0.0028099,0.0034271,0.00388189,0.00425546,0.00461279,0.00497011,0.00522999,0.00539241,0.00544114,0.00544114,0.00535993,0.0053112,0.00516502,0.00503508,0.00487266,0.00472648,0.0045803,0.00443412,0.00436915,0.00422297,0.004158,0.00410928,0.00402807,0.00399558,0.00402807,0.00410928,0.004158,0.00425546,0.0043854,0.00449909,0.00472648,0.00506757,0.00548986,0.0060421,0.00656185,0.00724402,0.00807238,0.00898194,0.00997271,0.010996,0.0121654,0.0135622,0.0156737,0.0184836,0.0220569,0.0261499,0.0309901,0.0370485,0.0434966,0.0491814,0.0536805,0.0553697,0.0541028,0.0496199,0.0429931,0.0347421,0.0267834,0.0198317,0.014147,0.0101839,0.00726027
0.00636694,0.00446661,0.00350832,0.00264748,0.0021927,0.00172167,0.00113695,0.000617204,0.000422297,0.000324844,0.000178664,3.24844e-05,3.24844e-05,1.62422e-05,1.62422e-05,1.62422e-05,0,0,0,0,0,0,0,0,0,0,0,0,0,0,0,0,0,0,0,0,0,0,0,0,0,0,1.62422e-05,1.62422e-05,1.62422e-05,1.62422e-05,3.24844e-05,3.24844e-05,3.24844e-05,3.24844e-05,3.24844e-05,3.24844e-05,3.24844e-05,3.24844e-05,3.24844e-05,4.87266e-05,4.87266e-05,8.1211e-05,6.49688e-05,4.87266e-05,4.87266e-05,3.24844e-05,3.24844e-05,3.24844e-05,3.24844e-05,3.24844e-05,3.24844e-05,3.24844e-05,3.24844e-05,3.24844e-05,1.62422e-05,1.62422e-05,1.62422e-05,1.62422e-05,0,0,0,0,0,0,0,0,0,0,0,0,0,0,0,0,0,0,0,0,1.62422e-05,1.62422e-05,1.62422e-05,1.62422e-05,3.24844e-05,3.24844e-05,3.24844e-05,3.24844e-05,8.1211e-05,0.000162422,0.000194906,0.000259875,0.000308602,0.000341086,0.000389813,0.000406055,0.00043854,0.000503508,0.000747141,0.0010395,0.00136435,0.00193282,0.00220894,0.00256627,0.00303729,0.00370322,0.00432043,0.00501884,0.00579847,0.00643191,0.00693542,0.00727651,0.00748766,0.00752014,0.0073902,0.00726027,0.00704912,0.00678924,0.00652937,0.00633446,0.00607458,0.00589592,0.00563604,0.00540865,0.00522999,0.00506757,0.00498636,0.00487266,0.00487266,0.0048889,0.00498636,0.00506757,0.00524623,0.00544114,0.0057335,0.00605834,0.00648064,0.00704912,0.00766632,0.00870582,0.0098915,0.0111584,0.0125065,0.0142119,0.016096,0.0182075,0.02092,0.0240547,0.0280503,0.0326468,0.0388351,0.0464365,0.0545088,0.0633121,0.0716931,0.0781575,0.0804964,0.0777027,0.0704262,0.0600149,0.0483206,0.0363663,0.0261662,0.0182725,0.0126364,0.00894945
0.00729275,0.00513254,0.00391437,0.00282614,0.00233888,0.00193282,0.00121817,0.000779626,0.000454782,0.000341086,0.000211149,8.1211e-05,3.24844e-05,3.24844e-05,1.62422e-05,1.62422e-05,0,0,0,0,0,0,0,0,0,0,0,0,0,0,0,0,0,0,0,0,0,0,0,0,0,0,1.62422e-05,1.62422e-05,1.62422e-05,3.24844e-05,3.24844e-05,3.24844e-05,3.24844e-05,3.24844e-05,3.24844e-05,3.24844e-05,3.24844e-05,4.87266e-05,8.1211e-05,8.1211e-05,9.74532e-05,0.000113695,0.000113695,8.1211e-05,8.1211e-05,8.1211e-05,4.87266e-05,3.24844e-05,3.24844e-05,3.24844e-05,3.24844e-05,3.24844e-05,3.24844e-05,3.24844e-05,3.24844e-05,1.62422e-05,1.62422e-05,1.62422e-05,1.62422e-05,0,0,0,0,0,0,0,0,0,0,0,0,0,0,0,0,0,0,1.62422e-05,1.62422e-05,1.62422e-05,1.62422e-05,3.24844e-05,3.24844e-05,3.24844e-05,3.24844e-05,8.1211e-05,0.000113695,0.000178664,0.000243633,0.00029236,0.000341086,0.000373571,0.000389813,0.000422297,0.000503508,0.000600962,0.000942048,0.00121817,0.00180288,0.00214397,0.00253378,0.00310226,0.00391437,0.00466151,0.00579847,0.00687045,0.00784498,0.0089657,0.00979405,0.0102651,0.0105412,0.0105412,0.0103138,0.00994023,0.00945296,0.00886824,0.00846219,0.00802365,0.00763384,0.0073902,0.00717905,0.00688669,0.00672427,0.00649688,0.00641567,0.00633446,0.00631822,0.00636694,0.00641567,0.00652937,0.00672427,0.00688669,0.0071953,0.00753638,0.00818607,0.00906315,0.0100864,0.0114508,0.013075,0.0153976,0.0178339,0.02092,0.0240222,0.027563,0.0312987,0.0361064,0.0415638,0.047817,0.0554996,0.064579,0.0764521,0.0890885,0.100296,0.108644,0.111438,0.106939,0.0961376,0.0808862,0.0632959,0.0473298,0.0331828,0.0228365,0.0154463,0.0106549
0.00838098,0.00579847,0.00417425,0.00315099,0.00242009,0.00204652,0.00136435,0.000877079,0.000503508,0.000389813,0.000276117,0.000113695,3.24844e-05,3.24844e-05,1.62422e-05,1.62422e-05,0,0,0,0,0,0,0,0,0,0,0,0,0,0,0,0,0,0,0,0,0,0,0,0,0,1.62422e-05,1.62422e-05,1.62422e-05,1.62422e-05,3.24844e-05,3.24844e-05,3.24844e-05,3.24844e-05,3.24844e-05,3.24844e-05,4.87266e-05,8.1211e-05,8.1211e-05,0.000113695,0.000113695,0.000113695,0.000113695,0.000113695,0.000113695,0.000113695,0.000113695,8.1211e-05,8.1211e-05,3.24844e-05,3.24844e-05,3.24844e-05,3.24844e-05,3.24844e-05,3.24844e-05,3.24844e-05,1.62422e-05,1.62422e-05,1.62422e-05,1.62422e-05,0,0,0,0,0,0,0,0,0,0,0,0,0,0,0,0,0,1.62422e-05,1.62422e-05,1.62422e-05,1.62422e-05,3.24844e-05,3.24844e-05,3.24844e-05,3.24844e-05,4.87266e-05,0.000113695,0.000162422,0.000211149,0.000276117,0.000324844,0.000341086,0.000389813,0.000422297,0.000454782,0.000535993,0.000779626,0.00113695,0.0016567,0.00204652,0.00240385,0.00290735,0.00391437,0.00477521,0.00625325,0.00761759,0.00945296,0.010996,0.0123278,0.0135135,0.0142931,0.0146342,0.0144718,0.0139196,0.0131075,0.0123116,0.0116294,0.010931,0.0103625,0.0100052,0.00961538,0.00924181,0.00886824,0.00855964,0.00821856,0.00805613,0.0079262,0.00790995,0.00802365,0.00808862,0.0082348,0.00849467,0.00870582,0.00912812,0.00964787,0.0103138,0.0113695,0.0127339,0.0148291,0.0173954,0.0211311,0.0248993,0.0293984,0.0341898,0.040102,0.0462091,0.0520725,0.0584882,0.066122,0.0761597,0.0883413,0.102846,0.119673,0.13507,0.146488,0.149201,0.141729,0.12487,0.102764,0.0798467,0.0579197,0.040703,0.0273194,0.0181101,0.0121654
0.00917685,0.00628573,0.0043854,0.00339462,0.00255003,0.00211149,0.00155925,0.000974532,0.000535993,0.000406055,0.000308602,0.000162422,3.24844e-05,3.24844e-05,1.62422e-05,1.62422e-05,0,0,0,0,0,0,0,0,0,0,0,0,0,0,0,0,0,0,0,0,0,0,0,0,0,1.62422e-05,1.62422e-05,1.62422e-05,3.24844e-05,3.24844e-05,3.24844e-05,3.24844e-05,3.24844e-05,3.24844e-05,3.24844e-05,8.1211e-05,0.000113695,0.000113695,0.000113695,0.000113695,0.000129938,0.00014618,0.00014618,0.000129938,0.000113695,0.000113695,0.000113695,9.74532e-05,8.1211e-05,3.24844e-05,3.24844e-05,3.24844e-05,3.24844e-05,3.24844e-05,3.24844e-05,3.24844e-05,1.62422e-05,1.62422e-05,1.62422e-05,1.62422e-05,0,0,0,0,0,0,0,0,0,0,0,0,0,0,0,1.62422e-05,1.62422e-05,1.62422e-05,1.62422e-05,3.24844e-05,3.24844e-05,3.24844e-05,3.24844e-05,3.24844e-05,0.000113695,0.000162422,0.000194906,0.000259875,0.000308602,0.000341086,0.000389813,0.000406055,0.00043854,0.000503508,0.000617204,0.000942048,0.00125065,0.00191658,0.00232264,0.00274493,0.00368698,0.004694,0.00631822,0.00808862,0.0103138,0.012604,0.015089,0.0171518,0.0189059,0.0199292,0.0200916,0.0196693,0.0185486,0.0173629,0.0161935,0.0150728,0.0141145,0.0133024,0.0127339,0.0121979,0.0118081,0.0112883,0.0107523,0.01046,0.0102001,0.0101839,0.0101839,0.0102001,0.0102488,0.0103463,0.0105249,0.0107686,0.0112558,0.011938,0.0127339,0.0141307,0.0160473,0.0187922,0.0227716,0.0273519,0.0326956,0.039566,0.0471349,0.0548662,0.0628086,0.0706049,0.0792132,0.0884875,0.0997596,0.115498,0.133706,0.154723,0.175205,0.187484,0.189157,0.178502,0.154723,0.12487,0.0948057,0.0679574,0.0470537,0.0309739,0.0206114,0.0133673
0.00964787,0.00654561,0.00453157,0.00347583,0.00258251,0.00212773,0.0016567,0.0010395,0.000584719,0.000422297,0.000324844,0.000178664,3.24844e-05,3.24844e-05,1.62422e-05,1.62422e-05,0,0,0,0,0,0,0,0,0,0,0,0,0,0,0,0,0,0,0,0,0,0,0,0,0,1.62422e-05,1.62422e-05,1.62422e-05,3.24844e-05,3.24844e-05,3.24844e-05,3.24844e-05,3.24844e-05,3.24844e-05,8.1211e-05,9.74532e-05,0.000113695,0.000113695,0.00014618,0.000162422,0.000162422,0.000162422,0.000162422,0.000162422,0.000162422,0.000162422,0.000113695,0.000113695,0.000113695,8.1211e-05,3.24844e-05,3.24844e-05,3.24844e-05,3.24844e-05,3.24844e-05,3.24844e-05,1.62422e-05,1.62422e-05,1.62422e-05,1.62422e-05,1.62422e-05,0,0,0,0,0,0,0,0,0,0,0,0,0,1.62422e-05,1.62422e-05,1.62422e-05,1.62422e-05,3.24844e-05,3.24844e-05,3.24844e-05,3.24844e-05,3.24844e-05,8.1211e-05,0.000113695,0.000178664,0.000243633,0.000276117,0.000341086,0.000357328,0.000389813,0.000422297,0.000471024,0.000535993,0.000795868,0.00113695,0.00167295,0.00212773,0.00256627,0.0034271,0.0043854,0.00602586,0.00797492,0.0106224,0.0135298,0.0168756,0.02079,0.0237623,0.0257277,0.0269296,0.0269296,0.0260038,0.0246232,0.0228365,0.0212286,0.0196368,0.0182562,0.0171518,0.0163884,0.0156737,0.0149591,0.0142119,0.013546,0.0130425,0.0127501,0.0127014,0.012604,0.0126527,0.0127176,0.0127339,0.0128801,0.0131562,0.0136759,0.0146342,0.0156737,0.0171843,0.0198805,0.023535,0.0282614,0.0340761,0.0419211,0.0506107,0.0605834,0.0710272,0.0819419,0.0913462,0.100783,0.112201,0.126202,0.144279,0.166531,0.189514,0.220277,0.248473,0.248035,0.214852,0.179801,0.142996,0.106468,0.0754938,0.0514228,0.0336863,0.0219919,0.0142931
0.00990774,0.00672427,0.00466151,0.00355704,0.00259875,0.00212773,0.00167295,0.00108823,0.000617204,0.00043854,0.000341086,0.000194906,4.87266e-05,3.24844e-05,1.62422e-05,1.62422e-05,0,0,0,0,0,0,0,0,0,0,0,0,0,0,0,0,0,0,0,0,0,0,0,0,0,1.62422e-05,1.62422e-05,1.62422e-05,3.24844e-05,3.24844e-05,3.24844e-05,3.24844e-05,3.24844e-05,4.87266e-05,8.1211e-05,0.000113695,0.000113695,0.000162422,0.000162422,0.000162422,0.000162422,0.000162422,0.000162422,0.000162422,0.000162422,0.000162422,0.000162422,0.000113695,0.000113695,9.74532e-05,8.1211e-05,3.24844e-05,3.24844e-05,3.24844e-05,3.24844e-05,3.24844e-05,3.24844e-05,1.62422e-05,1.62422e-05,1.62422e-05,1.62422e-05,0,0,0,0,0,0,0,0,0,0,0,0,1.62422e-05,1.62422e-05,1.62422e-05,1.62422e-05,3.24844e-05,3.24844e-05,3.24844e-05,3.24844e-05,3.24844e-05,4.87266e-05,0.000113695,0.000162422,0.000194906,0.000276117,0.000308602,0.000341086,0.000389813,0.000406055,0.000454782,0.000503508,0.000714657,0.000974532,0.00136435,0.00199779,0.00233888,0.00290735,0.00404431,0.00535993,0.0073902,0.0101676,0.0134323,0.0176228,0.0226416,0.0273031,0.0311201,0.03393,0.0355704,0.0355379,0.0339462,0.0315748,0.0294146,0.0269621,0.025013,0.0236162,0.0221544,0.0211473,0.0199942,0.018841,0.0178015,0.0168756,0.0163072,0.0159823,0.0157062,0.0156412,0.0156737,0.0157062,0.0157387,0.0159174,0.0161935,0.016632,0.0176065,0.0190196,0.0210661,0.0238436,0.0281153,0.0337188,0.04158,0.0508868,0.0619965,0.0743243,0.0876754,0.0997109,0.111389,0.122499,0.135899,0.152238,0.172622,0.195589,0.234879,0.277482,0.294617,0.289225,0.253963,0.19338,0.152807,0.112916,0.0799116,0.0540378,0.0351806,0.0227716,0.0147479
0.00994023,0.00675676,0.00466151,0.00352456,0.00258251,0.00212773,0.0016567,0.00108823,0.000682173,0.00043854,0.000341086,0.000227391,8.1211e-05,3.24844e-05,1.62422e-05,1.62422e-05,0,0,0,0,0,0,0,0,0,0,0,0,0,0,0,0,0,0,0,0,0,0,0,0,0,1.62422e-05,1.62422e-05,1.62422e-05,3.24844e-05,3.24844e-05,3.24844e-05,3.24844e-05,3.24844e-05,8.1211e-05,0.000113695,0.000113695,0.00014618,0.000162422,0.000162422,0.000178664,0.000178664,0.000178664,0.000178664,0.000178664,0.000178664,0.000162422,0.000162422,0.000162422,0.000113695,0.000113695,8.1211e-05,4.87266e-05,3.24844e-05,3.24844e-05,3.24844e-05,3.24844e-05,3.24844e-05,3.24844e-05,1.62422e-05,1.62422e-05,1.62422e-05,1.62422e-05,0,0,0,0,0,0,0,0,0,1.62422e-05,1.62422e-05,1.62422e-05,1.62422e-05,1.62422e-05,3.24844e-05,3.24844e-05,3.24844e-05,3.24844e-05,3.24844e-05,3.24844e-05,0.000113695,0.000162422,0.000194906,0.000243633,0.00029236,0.000341086,0.000373571,0.000406055,0.00043854,0.000503508,0.000584719,0.000844595,0.00116944,0.00172167,0.0021927,0.00264748,0.00358953,0.00466151,0.00656185,0.00924181,0.0124578,0.0169081,0.0228203,0.029106,0.0352131,0.040703,0.0444062,0.0464527,0.0461766,0.0439676,0.0408654,0.0372109,0.0338812,0.0312662,0.0294146,0.0276605,0.0260687,0.0246719,0.0234537,0.0219919,0.0209524,0.0200429,0.0194906,0.0191658,0.0191171,0.0191983,0.0192795,0.0193282,0.0194582,0.0198155,0.0204977,0.0213585,0.0227716,0.0247856,0.0281315,0.0329392,0.0399071,0.0486454,0.0593815,0.0724402,0.0871394,0.101806,0.116668,0.129142,0.141973,0.156364,0.174912,0.195199,0.230379,0.276556,0.304574,0.314985,0.303583,0.265771,0.197846,0.154285,0.113484,0.0802202,0.0540541,0.0350344,0.0226904,0.0147154
0.00976156,0.00667555,0.00456406,0.00345959,0.00256627,0.00211149,0.0016567,0.00108823,0.000682173,0.000454782,0.000341086,0.000243633,9.74532e-05,3.24844e-05,3.24844e-05,1.62422e-05,0,0,0,0,0,0,0,0,0,0,0,0,0,0,0,0,0,0,0,0,0,0,0,0,1.62422e-05,1.62422e-05,1.62422e-05,1.62422e-05,3.24844e-05,3.24844e-05,3.24844e-05,3.24844e-05,3.24844e-05,8.1211e-05,0.000113695,0.000113695,0.000162422,0.000162422,0.000178664,0.000178664,0.000178664,0.000178664,0.000194906,0.000178664,0.000178664,0.000178664,0.000162422,0.000162422,0.000162422,0.000113695,0.000113695,8.1211e-05,3.24844e-05,3.24844e-05,3.24844e-05,3.24844e-05,3.24844e-05,3.24844e-05,1.62422e-05,1.62422e-05,1.62422e-05,1.62422e-05,1.62422e-05,0,0,0,0,0,0,0,1.62422e-05,1.62422e-05,1.62422e-05,1.62422e-05,3.24844e-05,3.24844e-05,3.24844e-05,3.24844e-05,3.24844e-05,3.24844e-05,4.87266e-05,0.000113695,0.00014618,0.000178664,0.000243633,0.000276117,0.000324844,0.000341086,0.000389813,0.000422297,0.000471024,0.000535993,0.000779626,0.00108823,0.0014618,0.00204652,0.00237136,0.00306978,0.00414176,0.00558732,0.00779626,0.0110934,0.0153976,0.021456,0.0286188,0.0366749,0.0447798,0.0512279,0.0558407,0.0577898,0.0575786,0.0552235,0.0512604,0.0471186,0.0426683,0.0391437,0.0360739,0.0335564,0.0313799,0.029642,0.0278391,0.0261987,0.0248343,0.0237786,0.0231289,0.0227716,0.0227716,0.0229015,0.022999,0.0230802,0.0232588,0.0236486,0.0241684,0.0250617,0.0265722,0.0288949,0.0324357,0.0382666,0.0462091,0.0554996,0.067129,0.0818932,0.0970959,0.113078,0.128638,0.14285,0.156656,0.172768,0.190099,0.220797,0.266275,0.297687,0.318298,0.322002,0.304054,0.259713,0.191398,0.149266,0.109537,0.0774428,0.0523486,0.0337351,0.0219107,0.0143256
0.0094692,0.00648064,0.00445036,0.00339462,0.00253378,0.002079,0.00159174,0.0010395,0.000617204,0.00043854,0.000341086,0.000243633,0.000113695,3.24844e-05,3.24844e-05,1.62422e-05,0,0,0,0,0,0,0,0,0,0,0,0,0,0,0,0,0,0,0,0,0,0,0,0,0,1.62422e-05,1.62422e-05,3.24844e-05,3.24844e-05,3.24844e-05,3.24844e-05,3.24844e-05,3.24844e-05,8.1211e-05,0.000113695,0.000129938,0.000162422,0.000162422,0.000178664,0.000178664,0.000194906,0.000194906,0.000194906,0.000194906,0.000194906,0.000178664,0.000178664,0.000162422,0.000162422,0.00014618,0.000113695,0.000113695,6.49688e-05,3.24844e-05,3.24844e-05,3.24844e-05,3.24844e-05,3.24844e-05,3.24844e-05,1.62422e-05,1.62422e-05,1.62422e-05,1.62422e-05,1.62422e-05,0,0,0,1.62422e-05,1.62422e-05,1.62422e-05,1.62422e-05,1.62422e-05,3.24844e-05,3.24844e-05,3.24844e-05,3.24844e-05,3.24844e-05,3.24844e-05,3.24844e-05,6.49688e-05,0.000113695,0.00014618,0.000178664,0.000211149,0.000276117,0.000324844,0.000341086,0.000389813,0.000406055,0.000454782,0.000503508,0.000714657,0.000974532,0.00123441,0.00185161,0.00220894,0.00269621,0.00360577,0.00466151,0.00656185,0.00938799,0.01301,0.0185486,0.026085,0.0349532,0.0454294,0.054785,0.0628086,0.0686071,0.0712058,0.0710434,0.0684446,0.063507,0.0580659,0.0529496,0.0478008,0.0437078,0.0405243,0.0375195,0.0347908,0.032322,0.0303404,0.0286512,0.0275143,0.0266535,0.0264261,0.0264098,0.0265398,0.0266535,0.0267509,0.0269783,0.027563,0.0283102,0.0293984,0.0309252,0.0335726,0.0380555,0.0440813,0.0521212,0.0621102,0.0738858,0.0884875,0.104242,0.120582,0.136646,0.152076,0.167928,0.184804,0.208842,0.253947,0.291759,0.317438,0.331081,0.327963,0.3023,0.248896,0.185486,0.142428,0.103723,0.072895,0.0495874,0.0321433,0.0210661,0.0137571
0.00917685,0.00628573,0.0043854,0.00337838,0.00251754,0.002079,0.00147804,0.000990774,0.000600962,0.00043854,0.000341086,0.000243633,0.000113695,3.24844e-05,3.24844e-05,1.62422e-05,0,0,0,0,0,0,0,0,0,0,0,0,0,0,0,0,0,0,0,0,0,0,0,0,0,1.62422e-05,1.62422e-05,1.62422e-05,3.24844e-05,3.24844e-05,3.24844e-05,3.24844e-05,4.87266e-05,8.1211e-05,0.000113695,0.00014618,0.000162422,0.000162422,0.000178664,0.000194906,0.000194906,0.000194906,0.000194906,0.000194906,0.000194906,0.000194906,0.000178664,0.000178664,0.000162422,0.000162422,0.000113695,0.000113695,8.1211e-05,4.87266e-05,3.24844e-05,3.24844e-05,3.24844e-05,3.24844e-05,3.24844e-05,3.24844e-05,1.62422e-05,1.62422e-05,1.62422e-05,1.62422e-05,1.62422e-05,1.62422e-05,1.62422e-05,1.62422e-05,1.62422e-05,1.62422e-05,3.24844e-05,3.24844e-05,3.24844e-05,3.24844e-05,3.24844e-05,3.24844e-05,3.24844e-05,4.87266e-05,8.1211e-05,0.000113695,0.000162422,0.000178664,0.000211149,0.000276117,0.000308602,0.000341086,0.000373571,0.000406055,0.000454782,0.000503508,0.000617204,0.000844595,0.00116944,0.00167295,0.002079,0.00243633,0.00313475,0.00412552,0.00544114,0.00753638,0.0107686,0.0154463,0.0223493,0.0312987,0.0426195,0.054655,0.0656835,0.0756399,0.0829489,0.086376,0.086506,0.0834524,0.0778489,0.0709622,0.063978,0.0575786,0.0520725,0.047476,0.0437727,0.0405081,0.0373246,0.0344822,0.0323707,0.0310064,0.0302917,0.0299669,0.0299994,0.0301618,0.0304054,0.0308115,0.0310064,0.0315748,0.0326956,0.0341736,0.0364962,0.0396959,0.0441788,0.0502371,0.058342,0.0685746,0.0804964,0.093685,0.109472,0.125487,0.142509,0.158556,0.176748,0.197879,0.2398,0.289257,0.325104,0.348834,0.356159,0.344676,0.311282,0.251722,0.183001,0.13814,0.0993211,0.0692405,0.0471674,0.0308439,0.0201566,0.0132699
0.00883576,0.00609083,0.00433667,0.00337838,0.00251754,0.00204652,0.00144556,0.000974532,0.000584719,0.000422297,0.000341086,0.000243633,0.000113695,3.24844e-05,3.24844e-05,1.62422e-05,1.62422e-05,0,0,0,0,0,0,0,0,0,0,0,0,0,0,0,0,0,0,0,0,0,0,0,0,1.62422e-05,1.62422e-05,1.62422e-05,3.24844e-05,3.24844e-05,3.24844e-05,3.24844e-05,4.87266e-05,8.1211e-05,0.000113695,0.00014618,0.000162422,0.000178664,0.000178664,0.000194906,0.000194906,0.000194906,0.000194906,0.000194906,0.000194906,0.000194906,0.000194906,0.000178664,0.000178664,0.000162422,0.000162422,0.000113695,0.000113695,8.1211e-05,3.24844e-05,3.24844e-05,3.24844e-05,3.24844e-05,3.24844e-05,3.24844e-05,3.24844e-05,1.62422e-05,1.62422e-05,1.62422e-05,1.62422e-05,1.62422e-05,1.62422e-05,1.62422e-05,3.24844e-05,3.24844e-05,3.24844e-05,3.24844e-05,3.24844e-05,3.24844e-05,3.24844e-05,4.87266e-05,9.74532e-05,0.000113695,0.000162422,0.000162422,0.000194906,0.000227391,0.000276117,0.000308602,0.000341086,0.000373571,0.000406055,0.00043854,0.000503508,0.000584719,0.00081211,0.00108823,0.00144556,0.00199779,0.00232264,0.00271245,0.00363825,0.00456406,0.00641567,0.00890073,0.012474,0.018305,0.0268484,0.0380717,0.0512766,0.0648876,0.0790021,0.090063,0.097843,0.102423,0.103024,0.0996134,0.0936688,0.0861974,0.0775403,0.0688182,0.0610707,0.0550611,0.0499773,0.0464527,0.0424734,0.0394036,0.0367236,0.0349857,0.0339949,0.0336376,0.0337513,0.0341249,0.0346284,0.0352293,0.035944,0.0369023,0.0382666,0.0404756,0.0430743,0.0468588,0.0512766,0.0577573,0.0656835,0.0756075,0.0867659,0.0991587,0.114573,0.130604,0.147625,0.16567,0.186883,0.225572,0.289436,0.336587,0.377209,0.403408,0.405698,0.383348,0.33839,0.273405,0.187841,0.139439,0.0982004,0.0677137,0.0456081,0.0298044,0.0195394,0.0127664
0.00864085,0.00599337,0.00432043,0.00337838,0.00251754,0.00204652,0.00138059,0.000942048,0.000552235,0.000422297,0.000341086,0.000243633,0.000113695,3.24844e-05,3.24844e-05,1.62422e-05,1.62422e-05,0,0,0,0,0,0,0,0,0,0,0,0,0,0,0,0,0,0,0,0,0,0,0,0,1.62422e-05,1.62422e-05,1.62422e-05,3.24844e-05,3.24844e-05,3.24844e-05,3.24844e-05,3.24844e-05,8.1211e-05,0.000113695,0.00014618,0.000162422,0.000178664,0.000178664,0.000194906,0.000194906,0.000194906,0.000194906,0.000194906,0.000194906,0.000194906,0.000194906,0.000178664,0.000178664,0.000162422,0.000162422,0.00014618,0.000113695,0.000113695,8.1211e-05,3.24844e-05,3.24844e-05,3.24844e-05,3.24844e-05,3.24844e-05,3.24844e-05,3.24844e-05,3.24844e-05,3.24844e-05,3.24844e-05,3.24844e-05,3.24844e-05,3.24844e-05,3.24844e-05,3.24844e-05,3.24844e-05,3.24844e-05,4.87266e-05,8.1211e-05,0.000113695,0.000113695,0.000162422,0.000162422,0.000178664,0.000211149,0.000243633,0.000276117,0.000308602,0.000341086,0.000373571,0.000389813,0.000422297,0.000503508,0.000568477,0.000779626,0.000990774,0.00123441,0.00181913,0.0021927,0.00258251,0.0032322,0.004158,0.00535993,0.00737396,0.010395,0.0149266,0.0221219,0.0323382,0.0465502,0.0617204,0.078596,0.0941236,0.107442,0.117659,0.122336,0.122629,0.119169,0.111795,0.102017,0.0920121,0.081747,0.0714332,0.0633446,0.0572538,0.0526085,0.0483693,0.0450559,0.042116,0.040102,0.0389001,0.0383803,0.0386564,0.0393224,0.0399071,0.0407679,0.0417912,0.0429931,0.0449584,0.0474597,0.0505782,0.0548499,0.0602423,0.0671615,0.0752989,0.0845082,0.0946108,0.106273,0.120615,0.136857,0.154772,0.17639,0.207202,0.279155,0.342564,0.40448,0.450136,0.474483,0.471544,0.441593,0.38637,0.308456,0.204506,0.146229,0.101091,0.0685746,0.0454457,0.0293821,0.0190846,0.0125227
0.00859213,0.00597713,0.00433667,0.00337838,0.00253378,0.00204652,0.00136435,0.000942048,0.000535993,0.000422297,0.000341086,0.000243633,0.000113695,3.24844e-05,3.24844e-05,1.62422e-05,1.62422e-05,0,0,0,0,0,0,0,0,0,0,0,0,0,0,0,0,0,0,0,0,0,0,0,0,1.62422e-05,1.62422e-05,1.62422e-05,3.24844e-05,3.24844e-05,3.24844e-05,3.24844e-05,3.24844e-05,8.1211e-05,0.000113695,0.00014618,0.000162422,0.000178664,0.000178664,0.000194906,0.000194906,0.000194906,0.000194906,0.000194906,0.000194906,0.000194906,0.000194906,0.000194906,0.000178664,0.000178664,0.000162422,0.000162422,0.000129938,0.000113695,9.74532e-05,6.49688e-05,3.24844e-05,3.24844e-05,3.24844e-05,3.24844e-05,3.24844e-05,3.24844e-05,3.24844e-05,3.24844e-05,3.24844e-05,3.24844e-05,3.24844e-05,3.24844e-05,3.24844e-05,3.24844e-05,8.1211e-05,0.000113695,0.000113695,0.000162422,0.000162422,0.000178664,0.000194906,0.000211149,0.000243633,0.000276117,0.000276117,0.000308602,0.000341086,0.000357328,0.000389813,0.000422297,0.000487266,0.000535993,0.000747141,0.00095829,0.00118568,0.00167295,0.002079,0.00240385,0.00289111,0.00376819,0.004694,0.00641567,0.008852,0.0123278,0.0182075,0.0274493,0.0406055,0.0569452,0.0763546,0.0967873,0.116749,0.132163,0.142883,0.148064,0.148064,0.143143,0.133836,0.1218,0.108904,0.0960077,0.0843458,0.0740969,0.0662682,0.0605347,0.0561493,0.0524461,0.049019,0.046875,0.0451858,0.0443412,0.0445036,0.045397,0.0466151,0.047476,0.0486616,0.0502371,0.0528196,0.0558894,0.0598525,0.0648714,0.0715794,0.0797492,0.0876104,0.0961701,0.105623,0.11709,0.130457,0.147171,0.167441,0.191934,0.256708,0.330951,0.407858,0.477342,0.529723,0.554639,0.549295,0.513514,0.445394,0.353349,0.240044,0.157371,0.106874,0.0711084,0.0468912,0.0299019,0.0192145,0.0125227
0.00865709,0.0060421,0.00436915,0.00339462,0.00253378,0.00204652,0.00136435,0.000893321,0.000535993,0.000406055,0.000341086,0.000243633,0.000129938,3.24844e-05,3.24844e-05,1.62422e-05,1.62422e-05,0,0,0,0,0,0,0,0,0,0,0,0,0,0,0,0,0,0,0,0,0,0,0,0,1.62422e-05,1.62422e-05,1.62422e-05,3.24844e-05,3.24844e-05,3.24844e-05,3.24844e-05,3.24844e-05,8.1211e-05,0.000113695,0.000113695,0.000162422,0.000162422,0.000178664,0.000194906,0.000194906,0.000194906,0.000194906,0.000194906,0.000194906,0.000194906,0.000194906,0.000194906,0.000194906,0.000178664,0.000178664,0.000162422,0.000162422,0.000113695,0.000113695,8.1211e-05,4.87266e-05,3.24844e-05,3.24844e-05,3.24844e-05,3.24844e-05,3.24844e-05,3.24844e-05,3.24844e-05,3.24844e-05,3.24844e-05,4.87266e-05,8.1211e-05,0.000113695,0.000113695,0.000162422,0.000162422,0.000178664,0.000194906,0.000211149,0.000243633,0.000243633,0.000276117,0.000276117,0.000308602,0.000324844,0.000341086,0.000373571,0.000389813,0.000422297,0.000471024,0.000535993,0.000714657,0.000877079,0.00113695,0.0014618,0.00196531,0.00232264,0.00269621,0.00345959,0.00430418,0.00563604,0.00760135,0.0108173,0.0157387,0.024006,0.0360415,0.0529658,0.0737558,0.0987851,0.126299,0.151978,0.171501,0.182871,0.186396,0.184544,0.176813,0.164436,0.148632,0.131643,0.115628,0.10088,0.089527,0.0803989,0.0726514,0.0670478,0.0625487,0.0583745,0.0554509,0.0534044,0.0521375,0.0521375,0.0530308,0.0543302,0.0558407,0.0575299,0.0593165,0.0622564,0.0659921,0.0712058,0.0785311,0.0863273,0.0949357,0.103398,0.11186,0.120517,0.131253,0.145189,0.163153,0.186201,0.23254,0.313085,0.395075,0.476384,0.549263,0.599419,0.625,0.617382,0.578564,0.507812,0.405649,0.28609,0.172297,0.115238,0.0760785,0.0494738,0.0312987,0.0199292,0.0127664
0.00891697,0.00613955,0.0043854,0.00339462,0.00253378,0.00206276,0.00136435,0.000877079,0.000503508,0.000406055,0.000341086,0.000243633,0.000162422,3.24844e-05,3.24844e-05,3.24844e-05,1.62422e-05,1.62422e-05,0,0,0,0,0,0,0,0,0,0,0,0,0,0,0,0,0,0,0,0,0,0,0,1.62422e-05,1.62422e-05,1.62422e-05,3.24844e-05,3.24844e-05,3.24844e-05,3.24844e-05,3.24844e-05,8.1211e-05,0.000113695,0.000113695,0.000162422,0.000162422,0.000178664,0.000178664,0.000194906,0.000194906,0.000194906,0.000194906,0.000194906,0.000194906,0.000194906,0.000194906,0.000194906,0.000194906,0.000178664,0.000178664,0.000162422,0.000162422,0.000113695,0.000113695,8.1211e-05,8.1211e-05,3.24844e-05,3.24844e-05,3.24844e-05,3.24844e-05,3.24844e-05,8.1211e-05,8.1211e-05,0.000113695,0.000113695,0.000162422,0.000162422,0.000178664,0.000194906,0.000227391,0.000243633,0.000259875,0.000276117,0.000276117,0.000308602,0.000324844,0.000341086,0.000341086,0.000341086,0.000373571,0.000389813,0.000422297,0.000454782,0.000503508,0.000617204,0.00081211,0.0010395,0.00123441,0.00178664,0.00212773,0.00251754,0.00308602,0.00399558,0.00503508,0.00687045,0.00968035,0.0141145,0.0217321,0.0331828,0.0498148,0.0716444,0.100588,0.13624,0.176407,0.217857,0.267785,0.287471,0.288202,0.274477,0.248278,0.212578,0.186558,0.165362,0.14402,0.125617,0.111389,0.0998408,0.0913137,0.0836473,0.0770368,0.071287,0.0671778,0.0638319,0.0621589,0.0616392,0.0625162,0.0638806,0.0659758,0.0687045,0.0709622,0.0743568,0.0796355,0.0855314,0.0933927,0.103219,0.113874,0.122905,0.131237,0.139732,0.149851,0.165199,0.185762,0.22385,0.297687,0.3731,0.460109,0.54426,0.611113,0.667685,0.689449,0.681896,0.635622,0.56073,0.452589,0.323366,0.188004,0.124513,0.0822505,0.0532095,0.0334914,0.0212286,0.0133673
0.00929054,0.00626949,0.0043854,0.00339462,0.00253378,0.00204652,0.00136435,0.000844595,0.000503508,0.000406055,0.000341086,0.000243633,0.000162422,4.87266e-05,3.24844e-05,3.24844e-05,1.62422e-05,1.62422e-05,0,0,0,0,0,0,0,0,0,0,0,0,0,0,0,0,0,0,0,0,0,0,0,0,1.62422e-05,1.62422e-05,3.24844e-05,3.24844e-05,3.24844e-05,3.24844e-05,3.24844e-05,4.87266e-05,0.000113695,0.000113695,0.000162422,0.000162422,0.000162422,0.000178664,0.000178664,0.000194906,0.000194906,0.000194906,0.000194906,0.000211149,0.000211149,0.000194906,0.000194906,0.000194906,0.000194906,0.000178664,0.000178664,0.000162422,0.000162422,0.000162422,0.000113695,0.000113695,0.000113695,0.000113695,0.000113695,0.000113695,0.000113695,0.00014618,0.000162422,0.000178664,0.000194906,0.000194906,0.000243633,0.000243633,0.000276117,0.000276117,0.00029236,0.000308602,0.000324844,0.000341086,0.000341086,0.000341086,0.000357328,0.000373571,0.000389813,0.000389813,0.000422297,0.000454782,0.000503508,0.000584719,0.000779626,0.000974532,0.00116944,0.00155925,0.00201403,0.00233888,0.00271245,0.00357328,0.00443412,0.00607458,0.00860837,0.0123441,0.0193607,0.0304054,0.0470374,0.0693705,0.0998571,0.141957,0.193282,0.290947,0.359651,0.40638,0.424214,0.418302,0.395936,0.360382,0.324373,0.281364,0.224191,0.187078,0.164257,0.144864,0.129434,0.11735,0.106127,0.0968847,0.0892509,0.0831114,0.0781575,0.074503,0.0732848,0.0740644,0.0761922,0.0791483,0.0823155,0.0854665,0.089527,0.094887,0.101936,0.111941,0.123035,0.135298,0.146066,0.154203,0.161594,0.17181,0.187386,0.220569,0.286399,0.352667,0.434755,0.520936,0.599272,0.671826,0.712919,0.730656,0.722404,0.687029,0.604113,0.493227,0.354064,0.207916,0.135151,0.0882601,0.0564579,0.0358303,0.0225117,0.0141145
0.00951793,0.00633446,0.0043854,0.00337838,0.00251754,0.00204652,0.00136435,0.000844595,0.000503508,0.000389813,0.000341086,0.000259875,0.000162422,8.1211e-05,3.24844e-05,3.24844e-05,1.62422e-05,1.62422e-05,1.62422e-05,0,0,0,0,0,0,0,0,0,0,0,0,0,0,0,0,0,0,0,0,0,0,0,1.62422e-05,1.62422e-05,1.62422e-05,3.24844e-05,3.24844e-05,3.24844e-05,3.24844e-05,3.24844e-05,8.1211e-05,0.000113695,0.000129938,0.000162422,0.000162422,0.000178664,0.000178664,0.000194906,0.000194906,0.000194906,0.000211149,0.000211149,0.000227391,0.000227391,0.000227391,0.000211149,0.000211149,0.000194906,0.000194906,0.000194906,0.000178664,0.000178664,0.000162422,0.000162422,0.000162422,0.000162422,0.000162422,0.000162422,0.000178664,0.000194906,0.000211149,0.000243633,0.000259875,0.000276117,0.000276117,0.000308602,0.000308602,0.000324844,0.000341086,0.000341086,0.000341086,0.000357328,0.000373571,0.000389813,0.000389813,0.000389813,0.000406055,0.000422297,0.000454782,0.000503508,0.000552235,0.000747141,0.000860837,0.00108823,0.00123441,0.00172167,0.00212773,0.00246881,0.00305353,0.0039631,0.00511629,0.00721154,0.0106224,0.0161935,0.0260038,0.0414826,0.0632959,0.094887,0.138773,0.199682,0.322408,0.427186,0.509534,0.558326,0.575786,0.564985,0.532858,0.490677,0.443916,0.395384,0.341379,0.293107,0.236373,0.193834,0.17246,0.15318,0.137068,0.122629,0.111746,0.102017,0.0951468,0.0903391,0.0878378,0.0881464,0.0902742,0.0930029,0.0965924,0.100848,0.106127,0.1129,0.121557,0.132942,0.145904,0.158199,0.169357,0.177527,0.184252,0.193006,0.218019,0.273454,0.33126,0.404902,0.486811,0.571644,0.65128,0.712854,0.749951,0.764585,0.754808,0.717516,0.639569,0.525143,0.382569,0.229145,0.144279,0.0934576,0.05995,0.0380717,0.0237623,0.0147317
0.00959914,0.00636694,0.0043854,0.00332965,0.00246881,0.00204652,0.00123441,0.00081211,0.000503508,0.000406055,0.000341086,0.000276117,0.000178664,0.000113695,3.24844e-05,3.24844e-05,3.24844e-05,1.62422e-05,1.62422e-05,0,0,0,0,0,0,0,0,0,0,0,0,0,0,0,0,0,0,0,0,0,0,0,1.62422e-05,1.62422e-05,1.62422e-05,3.24844e-05,3.24844e-05,3.24844e-05,3.24844e-05,3.24844e-05,8.1211e-05,0.000113695,0.000113695,0.000162422,0.000162422,0.000178664,0.000178664,0.000194906,0.000194906,0.000211149,0.000227391,0.000243633,0.000243633,0.000243633,0.000243633,0.000243633,0.000243633,0.000243633,0.000243633,0.000243633,0.000227391,0.000211149,0.000194906,0.000194906,0.000194906,0.000194906,0.000211149,0.000243633,0.000243633,0.000276117,0.000276117,0.00029236,0.000308602,0.000324844,0.000341086,0.000341086,0.000341086,0.000341086,0.000357328,0.000373571,0.000389813,0.000389813,0.000389813,0.000406055,0.000406055,0.000422297,0.000422297,0.000454782,0.000503508,0.000535993,0.000682173,0.00081211,0.000974532,0.00116944,0.00142931,0.0018841,0.00220894,0.00264748,0.00339462,0.00430418,0.00586344,0.00846219,0.0127014,0.0205301,0.0329392,0.0530308,0.0821043,0.123311,0.18443,0.312906,0.442421,0.558033,0.642152,0.695118,0.709849,0.699129,0.66939,0.619413,0.573139,0.52334,0.467418,0.41239,0.357199,0.306929,0.253525,0.202605,0.177397,0.15586,0.139748,0.125991,0.116099,0.108303,0.1046,0.104291,0.10624,0.109765,0.114329,0.119348,0.12526,0.13343,0.143792,0.155568,0.169146,0.180256,0.188832,0.196856,0.205772,0.221787,0.261126,0.30779,0.366343,0.442421,0.526946,0.608871,0.692015,0.746735,0.782468,0.795137,0.779528,0.737217,0.662991,0.54361,0.399737,0.249643,0.149721,0.0974532,0.0628086,0.0396959,0.024477,0.0149591
0.00950169,0.00628573,0.00432043,0.00321596,0.00242009,0.00199779,0.00121817,0.000795868,0.000503508,0.000406055,0.000341086,0.000276117,0.000194906,0.000113695,3.24844e-05,3.24844e-05,3.24844e-05,1.62422e-05,1.62422e-05,0,0,0,0,0,0,0,0,0,0,0,0,0,0,0,0,0,0,0,0,0,0,0,1.62422e-05,1.62422e-05,1.62422e-05,3.24844e-05,3.24844e-05,3.24844e-05,3.24844e-05,3.24844e-05,4.87266e-05,9.74532e-05,0.000113695,0.00014618,0.000162422,0.000162422,0.000178664,0.000194906,0.000194906,0.000227391,0.000243633,0.000243633,0.000243633,0.000259875,0.000276117,0.000276117,0.000276117,0.000276117,0.000276117,0.000276117,0.000276117,0.000276117,0.000276117,0.000276117,0.000276117,0.000276117,0.000276117,0.00029236,0.000308602,0.000324844,0.000341086,0.000341086,0.000341086,0.000341086,0.000357328,0.000373571,0.000389813,0.000389813,0.000389813,0.000389813,0.000406055,0.000406055,0.000422297,0.000422297,0.00043854,0.00043854,0.000454782,0.000503508,0.000535993,0.000600962,0.000747141,0.000877079,0.00107199,0.00121817,0.00164046,0.00199779,0.00232264,0.00269621,0.00358953,0.00446661,0.00641567,0.0094692,0.014618,0.0237786,0.0390138,0.0626624,0.0972096,0.149769,0.248197,0.395465,0.535424,0.653099,0.730217,0.773308,0.790492,0.783881,0.760915,0.729519,0.691804,0.64134,0.587643,0.533199,0.472128,0.412373,0.352732,0.299831,0.240677,0.193542,0.171469,0.15318,0.140073,0.130457,0.125374,0.125,0.127599,0.130993,0.135249,0.140511,0.147057,0.155162,0.166125,0.177982,0.188621,0.199519,0.208875,0.216833,0.226806,0.251088,0.285976,0.330902,0.393662,0.467207,0.551926,0.636435,0.716476,0.771716,0.807903,0.815976,0.794764,0.744283,0.664452,0.542035,0.399688,0.251527,0.151312,0.0993536,0.0640105,0.0405405,0.0246881,0.0149591
0.00924181,0.00605834,0.00420673,0.00308602,0.00233888,0.00191658,0.00118568,0.000779626,0.000503508,0.000406055,0.000341086,0.000276117,0.000194906,0.000113695,3.24844e-05,3.24844e-05,3.24844e-05,1.62422e-05,1.62422e-05,1.62422e-05,0,0,0,0,0,0,0,0,0,0,0,0,0,0,0,0,0,0,0,0,0,0,1.62422e-05,1.62422e-05,1.62422e-05,3.24844e-05,3.24844e-05,3.24844e-05,3.24844e-05,3.24844e-05,3.24844e-05,8.1211e-05,0.000113695,0.000113695,0.000162422,0.000162422,0.000178664,0.000194906,0.000211149,0.000243633,0.000243633,0.000259875,0.000276117,0.000276117,0.000276117,0.00029236,0.000308602,0.000308602,0.000308602,0.000308602,0.000308602,0.000308602,0.000308602,0.000308602,0.000324844,0.000324844,0.000341086,0.000341086,0.000341086,0.000357328,0.000373571,0.000389813,0.000389813,0.000389813,0.000389813,0.000406055,0.000406055,0.000406055,0.000422297,0.000422297,0.000422297,0.00043854,0.00043854,0.000454782,0.000471024,0.000487266,0.000503508,0.000503508,0.000568477,0.000714657,0.00081211,0.000974532,0.00113695,0.00123441,0.00167295,0.00204652,0.00233888,0.00279366,0.00367074,0.00466151,0.00662682,0.00994023,0.0154788,0.0252566,0.0420998,0.0678599,0.105769,0.163949,0.285733,0.43188,0.571742,0.688994,0.757894,0.80407,0.825591,0.826696,0.815294,0.792473,0.760476,0.723671,0.681978,0.62271,0.563296,0.501007,0.438426,0.376933,0.32015,0.265674,0.20868,0.183326,0.168123,0.157127,0.151491,0.15063,0.153245,0.156624,0.160359,0.164842,0.169942,0.177219,0.185941,0.196238,0.209719,0.219383,0.224565,0.229405,0.242301,0.266356,0.297703,0.342483,0.404057,0.47627,0.558846,0.64592,0.725214,0.782127,0.816674,0.821888,0.793432,0.735203,0.64246,0.521602,0.382455,0.234521,0.148259,0.0983628,0.0638319,0.0402969,0.0244445,0.0146667
0.008852,0.00579847,0.00412552,0.00290735,0.00232264,0.00180288,0.0011532,0.000747141,0.000503508,0.000406055,0.000341086,0.000308602,0.000227391,0.000162422,8.1211e-05,3.24844e-05,3.24844e-05,1.62422e-05,1.62422e-05,1.62422e-05,0,0,0,0,0,0,0,0,0,0,0,0,0,0,0,0,0,0,0,0,0,0,1.62422e-05,1.62422e-05,1.62422e-05,3.24844e-05,3.24844e-05,3.24844e-05,3.24844e-05,3.24844e-05,3.24844e-05,8.1211e-05,0.000113695,0.000113695,0.000162422,0.000162422,0.000178664,0.000194906,0.000227391,0.000243633,0.000259875,0.000276117,0.000276117,0.000308602,0.000308602,0.000324844,0.000324844,0.000341086,0.000341086,0.000341086,0.000341086,0.000341086,0.000341086,0.000341086,0.000357328,0.000373571,0.000389813,0.000389813,0.000389813,0.000406055,0.000406055,0.000406055,0.000422297,0.000422297,0.000422297,0.00043854,0.00043854,0.00043854,0.000454782,0.000454782,0.000471024,0.000471024,0.000487266,0.000503508,0.000503508,0.000503508,0.000535993,0.000552235,0.000617204,0.000763384,0.000860837,0.00100702,0.0011532,0.0013481,0.00168919,0.00204652,0.00233888,0.00279366,0.00367074,0.00466151,0.00657809,0.00985902,0.0153326,0.0249155,0.0411902,0.0659921,0.102927,0.158297,0.269588,0.410522,0.544455,0.653408,0.728008,0.776361,0.80649,0.8195,0.820134,0.808699,0.78635,0.754369,0.71797,0.675773,0.613192,0.557855,0.500227,0.439514,0.380084,0.325835,0.276004,0.225978,0.199795,0.187191,0.18227,0.18037,0.181994,0.184203,0.186201,0.188393,0.190683,0.196498,0.205383,0.21607,0.226969,0.233514,0.234034,0.234521,0.247255,0.269507,0.300627,0.344156,0.402677,0.470683,0.548093,0.62997,0.713228,0.768792,0.802186,0.804379,0.771862,0.709833,0.60689,0.486454,0.351644,0.211782,0.140641,0.0945946,0.0616879,0.0389488,0.0236649,0.0140982
0.00838098,0.00540865,0.00391437,0.00277742,0.00220894,0.00168919,0.00113695,0.000714657,0.000503508,0.000406055,0.000341086,0.000308602,0.000243633,0.000162422,8.1211e-05,3.24844e-05,3.24844e-05,3.24844e-05,1.62422e-05,1.62422e-05,0,0,0,0,0,0,0,0,0,0,0,0,0,0,0,0,0,0,0,0,0,0,1.62422e-05,1.62422e-05,1.62422e-05,3.24844e-05,3.24844e-05,3.24844e-05,3.24844e-05,3.24844e-05,3.24844e-05,8.1211e-05,0.000113695,0.000113695,0.000162422,0.000178664,0.000194906,0.000211149,0.000243633,0.000259875,0.000276117,0.00029236,0.000308602,0.000324844,0.000341086,0.000341086,0.000341086,0.000341086,0.000341086,0.000357328,0.000373571,0.000373571,0.000389813,0.000389813,0.000389813,0.000406055,0.000406055,0.000422297,0.000422297,0.00043854,0.00043854,0.000454782,0.000454782,0.000471024,0.000471024,0.000487266,0.000503508,0.000503508,0.000503508,0.000503508,0.000503508,0.000503508,0.000503508,0.000503508,0.000535993,0.000535993,0.000552235,0.000584719,0.000714657,0.000795868,0.000909563,0.0010395,0.00116944,0.00136435,0.00168919,0.00204652,0.00233888,0.00274493,0.00358953,0.00445036,0.00630198,0.00922557,0.0139521,0.0223818,0.0362364,0.0579197,0.0899168,0.13481,0.199519,0.332039,0.449714,0.549165,0.625179,0.690748,0.727878,0.75294,0.766405,0.767542,0.756952,0.735821,0.706682,0.670917,0.620745,0.576761,0.531672,0.480314,0.429606,0.379905,0.332007,0.294292,0.265479,0.238598,0.225003,0.220439,0.218506,0.218165,0.218718,0.219903,0.220179,0.222063,0.227277,0.23405,0.241197,0.244526,0.240774,0.236649,0.245728,0.267314,0.296826,0.338699,0.393337,0.453758,0.523389,0.597388,0.680711,0.735057,0.764472,0.76491,0.733774,0.670446,0.564043,0.443428,0.316772,0.189254,0.130279,0.0881302,0.0575949,0.0363825,0.0221219,0.0131724
0.00761759,0.00503508,0.00367074,0.00264748,0.00212773,0.0016567,0.00105574,0.000682173,0.000487266,0.000406055,0.000357328,0.000324844,0.000243633,0.000162422,0.000113695,3.24844e-05,3.24844e-05,3.24844e-05,1.62422e-05,1.62422e-05,1.62422e-05,0,0,0,0,0,0,0,0,0,0,0,0,0,0,0,0,0,0,0,0,0,1.62422e-05,1.62422e-05,1.62422e-05,1.62422e-05,3.24844e-05,3.24844e-05,3.24844e-05,3.24844e-05,3.24844e-05,8.1211e-05,0.000113695,0.000113695,0.000162422,0.000178664,0.000194906,0.000227391,0.000243633,0.000276117,0.00029236,0.000308602,0.000324844,0.000341086,0.000341086,0.000357328,0.000373571,0.000373571,0.000389813,0.000389813,0.000389813,0.000406055,0.000406055,0.000422297,0.000422297,0.00043854,0.000454782,0.000471024,0.000503508,0.000503508,0.000503508,0.000503508,0.000503508,0.000503508,0.000535993,0.000535993,0.000535993,0.000535993,0.000535993,0.000535993,0.000535993,0.000535993,0.000535993,0.000552235,0.000552235,0.000568477,0.000584719,0.000617204,0.000747141,0.00081211,0.000942048,0.0010395,0.00116944,0.00136435,0.00168919,0.00201403,0.00229015,0.00264748,0.00341086,0.00425546,0.00574974,0.00807238,0.0120842,0.0184024,0.029171,0.0461279,0.0697115,0.101952,0.145774,0.202881,0.307692,0.390268,0.460044,0.522999,0.575136,0.615921,0.650419,0.670121,0.670965,0.658004,0.632325,0.607572,0.583875,0.560015,0.533589,0.501462,0.465956,0.42868,0.389309,0.352245,0.327069,0.307692,0.293951,0.284531,0.277271,0.27118,0.267054,0.263595,0.259014,0.254532,0.25419,0.254889,0.254012,0.251917,0.247028,0.240108,0.244267,0.262149,0.288429,0.3259,0.37193,0.427381,0.487883,0.554022,0.618925,0.68292,0.711961,0.713341,0.684154,0.610431,0.518013,0.402823,0.281234,0.173467,0.118958,0.0806101,0.0527709,0.0330691,0.0203515,0.0121979
0.00713033,0.004694,0.00345959,0.00253378,0.00204652,0.0014618,0.0010395,0.000617204,0.000471024,0.000406055,0.000357328,0.000324844,0.000259875,0.000178664,0.000113695,3.24844e-05,3.24844e-05,3.24844e-05,1.62422e-05,1.62422e-05,1.62422e-05,0,0,0,0,0,0,0,0,0,0,0,0,0,0,0,0,0,0,0,0,0,1.62422e-05,1.62422e-05,1.62422e-05,1.62422e-05,3.24844e-05,3.24844e-05,3.24844e-05,3.24844e-05,3.24844e-05,8.1211e-05,0.000113695,0.00014618,0.000162422,0.000178664,0.000211149,0.000243633,0.000276117,0.000276117,0.000308602,0.000341086,0.000341086,0.000341086,0.000373571,0.000389813,0.000389813,0.000389813,0.000406055,0.000406055,0.000422297,0.00043854,0.00043854,0.000471024,0.000503508,0.000503508,0.000503508,0.000535993,0.000535993,0.000535993,0.000552235,0.000568477,0.000584719,0.000584719,0.000584719,0.000600962,0.000600962,0.000600962,0.000600962,0.000600962,0.000600962,0.000600962,0.000600962,0.000600962,0.000600962,0.000617204,0.000617204,0.000714657,0.000747141,0.000828352,0.000942048,0.0010395,0.0011532,0.00123441,0.0016567,0.00193282,0.0021927,0.00253378,0.00308602,0.0039631,0.00503508,0.00695166,0.0100052,0.0144718,0.0216671,0.0324194,0.0486941,0.0696791,0.0960889,0.127989,0.163949,0.200266,0.261467,0.314953,0.366781,0.419163,0.460986,0.491034,0.506286,0.510281,0.508251,0.506562,0.508072,0.509697,0.508413,0.501608,0.487948,0.466882,0.442048,0.416077,0.393614,0.370127,0.350767,0.334573,0.321141,0.309658,0.300773,0.293042,0.286041,0.279593,0.273389,0.268695,0.264147,0.258511,0.251397,0.243877,0.242382,0.254126,0.274786,0.306068,0.34578,0.395465,0.445767,0.50229,0.557579,0.606094,0.64017,0.647041,0.617041,0.558846,0.469984,0.360723,0.238533,0.15638,0.107166,0.0720017,0.0472323,0.0294958,0.0180288,0.0111584
0.00652937,0.0043854,0.00319971,0.00242009,0.00203028,0.00136435,0.000974532,0.000617204,0.000471024,0.000406055,0.000373571,0.000324844,0.000259875,0.000178664,0.000113695,3.24844e-05,3.24844e-05,3.24844e-05,1.62422e-05,1.62422e-05,1.62422e-05,0,0,0,0,0,0,0,0,0,0,0,0,0,0,0,0,0,0,0,0,0,1.62422e-05,1.62422e-05,1.62422e-05,1.62422e-05,3.24844e-05,3.24844e-05,3.24844e-05,3.24844e-05,3.24844e-05,8.1211e-05,0.000113695,0.000162422,0.000178664,0.000194906,0.000227391,0.000259875,0.000276117,0.000308602,0.000324844,0.000341086,0.000357328,0.000373571,0.000389813,0.000389813,0.000406055,0.000422297,0.000422297,0.00043854,0.000454782,0.000503508,0.000503508,0.000535993,0.000535993,0.000568477,0.000584719,0.000617204,0.000617204,0.000682173,0.000714657,0.000730899,0.000730899,0.000747141,0.000747141,0.000747141,0.000747141,0.000747141,0.000730899,0.000730899,0.000714657,0.000698415,0.000682173,0.000682173,0.000682173,0.000682173,0.000698415,0.000747141,0.000779626,0.000828352,0.000942048,0.0010395,0.00113695,0.00121817,0.00151052,0.00180288,0.002079,0.00233888,0.00274493,0.00355704,0.0043854,0.00586344,0.00784498,0.0110447,0.0153651,0.0218133,0.0309252,0.0434154,0.0579197,0.0752176,0.0931328,0.111535,0.129662,0.149201,0.173515,0.200867,0.244916,0.283605,0.308033,0.329587,0.349272,0.371167,0.400338,0.429038,0.456032,0.47627,0.488143,0.490433,0.483888,0.471024,0.454587,0.433131,0.407858,0.38265,0.359343,0.343458,0.330724,0.319841,0.310421,0.3004,0.290053,0.280519,0.271846,0.264212,0.254921,0.246021,0.240498,0.244867,0.260525,0.285148,0.318428,0.358498,0.40612,0.453417,0.501624,0.544422,0.572976,0.581812,0.562532,0.510298,0.426601,0.323187,0.202134,0.140739,0.0962188,0.0640917,0.0419211,0.026085,0.0160473,0.0101189
0.00605834,0.00417425,0.00297232,0.00233888,0.00196531,0.00131562,0.00095829,0.000600962,0.000471024,0.000406055,0.000373571,0.000324844,0.000259875,0.000178664,0.000113695,3.24844e-05,3.24844e-05,3.24844e-05,1.62422e-05,1.62422e-05,1.62422e-05,0,0,0,0,0,0,0,0,0,0,0,0,0,0,0,0,0,0,0,0,0,1.62422e-05,1.62422e-05,1.62422e-05,3.24844e-05,3.24844e-05,3.24844e-05,3.24844e-05,3.24844e-05,3.24844e-05,8.1211e-05,0.000113695,0.000162422,0.000178664,0.000194906,0.000243633,0.000276117,0.000308602,0.000324844,0.000341086,0.000357328,0.000389813,0.000389813,0.000406055,0.000422297,0.000422297,0.000454782,0.000471024,0.000503508,0.000503508,0.000535993,0.000584719,0.000617204,0.000714657,0.000747141,0.000747141,0.000795868,0.000795868,0.000795868,0.00081211,0.00081211,0.00081211,0.00081211,0.00081211,0.00081211,0.00081211,0.000795868,0.000795868,0.000795868,0.000779626,0.000747141,0.000747141,0.000747141,0.000747141,0.000730899,0.000747141,0.000747141,0.000779626,0.00081211,0.000877079,0.000974532,0.00108823,0.00118568,0.00136435,0.00167295,0.00196531,0.0021927,0.00251754,0.00297232,0.00383316,0.004694,0.00628573,0.0082348,0.0108985,0.0142119,0.0189059,0.0251592,0.0323382,0.0414663,0.0506107,0.0596576,0.069273,0.0800091,0.0921258,0.106127,0.121427,0.136402,0.151946,0.170413,0.189563,0.22333,0.280064,0.329457,0.379402,0.42527,0.461993,0.490076,0.506302,0.511581,0.504938,0.485626,0.457397,0.426033,0.398519,0.374951,0.359343,0.349337,0.338796,0.325396,0.30766,0.292067,0.279203,0.267607,0.256432,0.245257,0.237169,0.235902,0.246118,0.267282,0.294617,0.329798,0.369786,0.415849,0.459232,0.498067,0.526101,0.534141,0.516729,0.465307,0.386337,0.286253,0.181555,0.12716,0.086912,0.0576761,0.0374383,0.023535,0.0145205,0.00929054
0.00574974,0.00410928,0.00290735,0.00233888,0.00194906,0.00128313,0.000942048,0.000600962,0.000471024,0.000406055,0.000373571,0.000324844,0.000259875,0.000178664,0.000113695,4.87266e-05,3.24844e-05,3.24844e-05,1.62422e-05,1.62422e-05,1.62422e-05,0,0,0,0,0,0,0,0,0,0,0,0,0,0,0,0,0,0,0,0,1.62422e-05,1.62422e-05,1.62422e-05,1.62422e-05,3.24844e-05,3.24844e-05,3.24844e-05,3.24844e-05,3.24844e-05,4.87266e-05,0.000113695,0.000113695,0.000162422,0.000194906,0.000227391,0.000259875,0.000276117,0.000324844,0.000341086,0.000357328,0.000389813,0.000389813,0.000406055,0.000422297,0.00043854,0.000471024,0.000503508,0.000535993,0.000552235,0.000617204,0.000714657,0.000763384,0.00081211,0.000844595,0.000860837,0.000909563,0.000942048,0.000942048,0.000942048,0.000942048,0.000942048,0.000942048,0.000942048,0.000909563,0.000893321,0.000877079,0.000860837,0.000844595,0.000844595,0.00081211,0.000795868,0.000795868,0.000779626,0.000747141,0.000747141,0.000747141,0.000747141,0.000779626,0.000795868,0.000844595,0.000942048,0.000990774,0.00113695,0.00121817,0.00142931,0.00175416,0.00204652,0.00227391,0.00259875,0.00315099,0.00391437,0.00472648,0.00609083,0.00760135,0.00959914,0.0117594,0.0144231,0.0173954,0.0213585,0.025484,0.0302917,0.0353755,0.0407354,0.0468588,0.0539404,0.0627436,0.072895,0.0854665,0.0997596,0.118893,0.141453,0.170348,0.209427,0.284937,0.347697,0.408816,0.46123,0.502047,0.527547,0.536155,0.526264,0.500877,0.46568,0.433082,0.410002,0.39769,0.388481,0.37513,0.356045,0.33139,0.306068,0.286171,0.270173,0.256399,0.241993,0.231565,0.229307,0.234391,0.252696,0.276832,0.30753,0.346268,0.392217,0.434008,0.469432,0.494267,0.498425,0.476286,0.426975,0.348135,0.247223,0.16507,0.115547,0.0788721,0.0526572,0.0337513,0.0215047,0.0133186,0.00865709
0.00557108,0.00402807,0.00290735,0.00233888,0.00199779,0.0013481,0.000974532,0.000600962,0.000471024,0.000406055,0.000357328,0.000324844,0.000259875,0.000178664,0.000113695,4.87266e-05,3.24844e-05,3.24844e-05,1.62422e-05,1.62422e-05,1.62422e-05,0,0,0,0,0,0,0,0,0,0,0,0,0,0,0,0,0,0,0,0,1.62422e-05,1.62422e-05,1.62422e-05,1.62422e-05,3.24844e-05,3.24844e-05,3.24844e-05,3.24844e-05,3.24844e-05,8.1211e-05,0.000113695,0.000162422,0.000178664,0.000194906,0.000243633,0.000276117,0.000308602,0.000341086,0.000341086,0.000373571,0.000389813,0.000406055,0.000422297,0.000454782,0.000503508,0.000503508,0.000552235,0.000617204,0.000747141,0.000795868,0.000844595,0.000942048,0.000974532,0.0010395,0.0010395,0.00107199,0.00108823,0.00108823,0.00107199,0.0010395,0.0010395,0.0010395,0.000990774,0.000990774,0.000974532,0.000974532,0.000942048,0.000942048,0.000893321,0.000844595,0.000844595,0.00081211,0.000795868,0.000779626,0.000747141,0.000747141,0.000747141,0.000747141,0.000779626,0.00081211,0.000844595,0.000942048,0.0010395,0.00113695,0.00121817,0.0014618,0.0017704,0.00204652,0.00229015,0.00258251,0.00305353,0.00370322,0.0043854,0.00532744,0.00641567,0.00735772,0.00855964,0.00979405,0.0111097,0.0127176,0.0149266,0.0170706,0.0198155,0.0224467,0.0258413,0.0306815,0.037422,0.046875,0.0579197,0.0722128,0.0907452,0.113923,0.144263,0.182302,0.250292,0.331081,0.405032,0.467938,0.516778,0.54426,0.550058,0.536269,0.50778,0.474971,0.453888,0.442405,0.435226,0.422216,0.397788,0.359976,0.325283,0.294617,0.272187,0.254288,0.237364,0.227212,0.224191,0.226644,0.237315,0.262766,0.293172,0.33113,0.373652,0.417701,0.451371,0.471056,0.470845,0.44489,0.393614,0.315554,0.210613,0.150338,0.105282,0.0720179,0.0484505,0.0314449,0.0204977,0.0127664,0.00841346
0.00563604,0.00410928,0.00290735,0.00233888,0.00201403,0.00136435,0.000974532,0.000600962,0.000471024,0.000406055,0.000341086,0.000308602,0.000243633,0.000178664,0.000113695,4.87266e-05,3.24844e-05,3.24844e-05,1.62422e-05,1.62422e-05,1.62422e-05,0,0,0,0,0,0,0,0,0,0,0,0,0,0,0,0,0,0,0,1.62422e-05,1.62422e-05,1.62422e-05,1.62422e-05,3.24844e-05,3.24844e-05,3.24844e-05,3.24844e-05,3.24844e-05,3.24844e-05,8.1211e-05,0.000113695,0.000162422,0.000178664,0.000211149,0.000243633,0.000276117,0.000324844,0.000341086,0.000373571,0.000389813,0.000406055,0.000422297,0.000454782,0.000503508,0.000535993,0.000584719,0.000714657,0.000795868,0.000860837,0.000974532,0.0010395,0.00112071,0.00113695,0.00116944,0.00118568,0.00120192,0.00120192,0.00118568,0.00116944,0.0011532,0.00113695,0.00113695,0.00112071,0.00108823,0.0010395,0.0010395,0.000990774,0.000974532,0.000942048,0.000909563,0.000860837,0.000844595,0.00081211,0.000795868,0.000779626,0.000747141,0.000747141,0.000747141,0.000747141,0.000747141,0.000795868,0.000828352,0.000893321,0.000990774,0.00112071,0.00120192,0.00136435,0.00168919,0.00201403,0.00220894,0.00245257,0.00277742,0.00337838,0.00383316,0.00432043,0.00474272,0.00522999,0.0057335,0.00628573,0.00688669,0.00773129,0.00894945,0.0100702,0.0112721,0.0127501,0.0152677,0.0187273,0.0245257,0.0323057,0.0432043,0.0566853,0.0742269,0.0975507,0.128622,0.168903,0.228771,0.325851,0.407208,0.475019,0.527254,0.555954,0.559739,0.547411,0.527206,0.510525,0.497629,0.485658,0.467272,0.435827,0.393435,0.345066,0.30485,0.273616,0.249334,0.230006,0.220991,0.216833,0.217288,0.224419,0.248197,0.282761,0.321839,0.3629,0.406201,0.437614,0.453921,0.448431,0.41939,0.362494,0.288202,0.190927,0.140706,0.0989475,0.0684609,0.0467288,0.0308764,0.0201078,0.0127501,0.00846219
0.00586344,0.00417425,0.00308602,0.00242009,0.00204652,0.0014618,0.000990774,0.000617204,0.000471024,0.000406055,0.000341086,0.000308602,0.000243633,0.000178664,0.000113695,4.87266e-05,3.24844e-05,3.24844e-05,1.62422e-05,1.62422e-05,1.62422e-05,0,0,0,0,0,0,0,0,0,0,0,0,0,0,0,0,0,0,0,1.62422e-05,1.62422e-05,1.62422e-05,1.62422e-05,3.24844e-05,3.24844e-05,3.24844e-05,3.24844e-05,3.24844e-05,4.87266e-05,0.000113695,0.000113695,0.000162422,0.000194906,0.000243633,0.000276117,0.000308602,0.000341086,0.000373571,0.000389813,0.000406055,0.00043854,0.000471024,0.000503508,0.000552235,0.000682173,0.000779626,0.000844595,0.000974532,0.00105574,0.00113695,0.00118568,0.00121817,0.00123441,0.00136435,0.00136435,0.00136435,0.00136435,0.00136435,0.00125065,0.00121817,0.00121817,0.00118568,0.0011532,0.00113695,0.00113695,0.00108823,0.0010395,0.0010395,0.000974532,0.000942048,0.000909563,0.000844595,0.00081211,0.000795868,0.000779626,0.000747141,0.000730899,0.000714657,0.000698415,0.000714657,0.000747141,0.000747141,0.000795868,0.000844595,0.000942048,0.0010395,0.00113695,0.00123441,0.00159174,0.00185161,0.002079,0.00229015,0.00246881,0.00269621,0.00293984,0.00337838,0.00358953,0.00370322,0.00391437,0.00414176,0.0043854,0.00480769,0.00548986,0.00626949,0.00711409,0.00844595,0.0103463,0.0132374,0.017704,0.0245907,0.0338812,0.0477034,0.0650825,0.0894133,0.120225,0.161854,0.222989,0.325737,0.412146,0.488241,0.54249,0.569565,0.577816,0.574633,0.56518,0.552121,0.535181,0.509924,0.469757,0.419569,0.364166,0.315115,0.275874,0.244218,0.223639,0.213926,0.208631,0.207657,0.21326,0.232929,0.27412,0.31531,0.356354,0.398129,0.427202,0.440196,0.431929,0.399461,0.342158,0.268175,0.183618,0.135346,0.0967223,0.0675351,0.0467938,0.0310389,0.0206114,0.0130262,0.00867334
0.00612331,0.00432043,0.0032322,0.00248506,0.002079,0.00155925,0.0010395,0.000617204,0.000471024,0.000389813,0.000341086,0.00029236,0.000243633,0.000162422,0.000113695,4.87266e-05,3.24844e-05,3.24844e-05,1.62422e-05,1.62422e-05,0,0,0,0,0,0,0,0,0,0,0,0,0,0,0,0,0,0,0,1.62422e-05,1.62422e-05,1.62422e-05,1.62422e-05,1.62422e-05,3.24844e-05,3.24844e-05,3.24844e-05,3.24844e-05,3.24844e-05,8.1211e-05,0.000113695,0.000162422,0.000178664,0.000211149,0.000259875,0.000308602,0.000341086,0.000357328,0.000389813,0.000406055,0.00043854,0.000503508,0.000535993,0.000600962,0.000747141,0.000828352,0.000942048,0.0010395,0.00113695,0.00120192,0.00123441,0.00136435,0.00151052,0.00164046,0.0016567,0.00167295,0.00167295,0.0016567,0.0016567,0.00152677,0.00142931,0.00136435,0.00123441,0.00121817,0.00118568,0.0011532,0.00113695,0.00108823,0.0010395,0.000990774,0.000974532,0.000942048,0.000844595,0.00081211,0.000795868,0.000747141,0.000747141,0.000698415,0.000617204,0.000617204,0.000600962,0.000617204,0.000617204,0.000682173,0.000730899,0.000763384,0.00081211,0.000909563,0.0010395,0.00113695,0.00121817,0.00160798,0.00183537,0.00204652,0.00214397,0.00232264,0.00233888,0.00246881,0.00255003,0.00258251,0.00264748,0.00269621,0.00287487,0.00337838,0.00376819,0.00425546,0.00498636,0.00620452,0.00778002,0.0103463,0.0141307,0.0200916,0.0292197,0.0425383,0.0607134,0.0848818,0.117074,0.160099,0.22437,0.332348,0.428729,0.50968,0.565196,0.597258,0.609846,0.608092,0.597242,0.577037,0.547135,0.501218,0.442405,0.382065,0.325575,0.28086,0.244137,0.220553,0.208534,0.201988,0.200088,0.205107,0.224435,0.267298,0.308017,0.350101,0.390528,0.416726,0.427495,0.416288,0.381432,0.327215,0.253378,0.179639,0.134453,0.0976319,0.0693867,0.0481581,0.0320134,0.0212123,0.0135298,0.00912812
0.00643191,0.00441788,0.00339462,0.00256627,0.00212773,0.0016567,0.00107199,0.000633446,0.000471024,0.000389813,0.000341086,0.000276117,0.000211149,0.000162422,0.000113695,3.24844e-05,3.24844e-05,3.24844e-05,1.62422e-05,1.62422e-05,0,0,0,0,0,0,0,0,0,0,0,0,0,0,0,0,0,0,0,1.62422e-05,1.62422e-05,1.62422e-05,1.62422e-05,3.24844e-05,3.24844e-05,3.24844e-05,3.24844e-05,3.24844e-05,3.24844e-05,8.1211e-05,0.000113695,0.000162422,0.000194906,0.000243633,0.000276117,0.000324844,0.000341086,0.000389813,0.000422297,0.000454782,0.000503508,0.000552235,0.000698415,0.00081211,0.000942048,0.0010395,0.00113695,0.00121817,0.00129938,0.0014618,0.0016567,0.00168919,0.0017704,0.00180288,0.00185161,0.00185161,0.00185161,0.00180288,0.0017704,0.00168919,0.0016567,0.00152677,0.00136435,0.00123441,0.00121817,0.00118568,0.00113695,0.00113695,0.00107199,0.0010395,0.000974532,0.000942048,0.000844595,0.00081211,0.000779626,0.000747141,0.000698415,0.000617204,0.000600962,0.000584719,0.000552235,0.000552235,0.000535993,0.000552235,0.000552235,0.000584719,0.000600962,0.000698415,0.000747141,0.000828352,0.000942048,0.00105574,0.00116944,0.0013481,0.0016567,0.00172167,0.00185161,0.00193282,0.00194906,0.00196531,0.00198155,0.00201403,0.002079,0.00220894,0.00237136,0.00269621,0.00328093,0.0039631,0.00477521,0.00631822,0.00855964,0.012003,0.0174279,0.0267022,0.040638,0.0586993,0.0834524,0.116928,0.162195,0.237932,0.353966,0.458794,0.543188,0.598298,0.628801,0.638497,0.6301,0.609018,0.576111,0.526475,0.462074,0.397755,0.336116,0.288429,0.25,0.220358,0.204668,0.196238,0.193916,0.199812,0.219497,0.262165,0.302316,0.342824,0.380327,0.405129,0.411854,0.399834,0.363712,0.31544,0.243097,0.178713,0.136321,0.100864,0.0724402,0.050562,0.0336538,0.0220569,0.0142444,0.0095829
0.006773,0.00462903,0.00352456,0.00264748,0.00214397,0.00168919,0.00108823,0.000682173,0.000471024,0.000389813,0.000341086,0.000276117,0.000194906,0.000162422,0.000113695,3.24844e-05,3.24844e-05,3.24844e-05,1.62422e-05,1.62422e-05,0,0,0,0,0,0,0,0,0,0,0,0,0,0,0,0,0,0,0,1.62422e-05,1.62422e-05,1.62422e-05,1.62422e-05,3.24844e-05,3.24844e-05,3.24844e-05,3.24844e-05,3.24844e-05,3.24844e-05,0.000113695,0.000162422,0.000178664,0.000227391,0.000276117,0.000324844,0.000341086,0.000389813,0.000422297,0.000471024,0.000503508,0.000600962,0.000779626,0.000893321,0.0010395,0.0011532,0.00121817,0.00136435,0.00152677,0.00167295,0.0017704,0.00185161,0.00193282,0.00198155,0.00201403,0.00203028,0.00204652,0.00201403,0.00199779,0.00193282,0.0018841,0.0017704,0.00168919,0.00160798,0.00136435,0.00123441,0.00121817,0.0011532,0.00113695,0.00108823,0.0010395,0.000974532,0.000909563,0.000844595,0.000795868,0.000747141,0.000714657,0.000617204,0.000584719,0.000552235,0.000535993,0.000535993,0.000503508,0.000503508,0.000503508,0.000503508,0.000503508,0.000503508,0.000503508,0.000535993,0.000535993,0.000584719,0.000682173,0.000747141,0.000828352,0.000942048,0.0010395,0.00113695,0.00113695,0.00113695,0.00113695,0.00113695,0.0011532,0.00121817,0.00138059,0.00172167,0.00204652,0.00225767,0.00258251,0.00318347,0.00410928,0.0053112,0.00748766,0.0111584,0.0167944,0.0264423,0.0400208,0.0582445,0.0841021,0.119348,0.170413,0.27308,0.392071,0.497547,0.577069,0.626705,0.652482,0.652319,0.631432,0.597486,0.547037,0.480412,0.412487,0.348217,0.296047,0.255669,0.221706,0.203629,0.19351,0.190846,0.196677,0.216362,0.258251,0.298775,0.337562,0.370761,0.393792,0.397349,0.382942,0.351806,0.30818,0.240677,0.180516,0.13991,0.1046,0.0761435,0.0535018,0.0356841,0.0234375,0.0149916,0.0100377
0.0070816,0.00487266,0.0036545,0.00269621,0.00220894,0.00168919,0.00113695,0.000682173,0.000471024,0.000389813,0.000341086,0.000276117,0.000194906,0.000162422,8.1211e-05,3.24844e-05,3.24844e-05,3.24844e-05,1.62422e-05,1.62422e-05,0,0,0,0,0,0,0,0,0,0,0,0,0,0,0,0,0,0,1.62422e-05,1.62422e-05,1.62422e-05,1.62422e-05,1.62422e-05,3.24844e-05,3.24844e-05,3.24844e-05,3.24844e-05,3.24844e-05,8.1211e-05,0.000113695,0.000162422,0.000194906,0.000259875,0.000308602,0.000341086,0.000389813,0.000422297,0.000471024,0.000535993,0.000698415,0.000844595,0.000990774,0.0011532,0.00121817,0.00142931,0.0016567,0.00172167,0.00185161,0.00194906,0.00201403,0.00204652,0.002079,0.00211149,0.00212773,0.00212773,0.00212773,0.00211149,0.002079,0.00204652,0.00201403,0.00191658,0.00180288,0.00168919,0.00152677,0.00136435,0.00121817,0.00116944,0.00113695,0.00108823,0.000990774,0.000942048,0.000877079,0.00081211,0.000779626,0.000730899,0.000617204,0.000584719,0.000535993,0.000535993,0.000503508,0.000503508,0.000503508,0.000471024,0.000454782,0.000454782,0.00043854,0.00043854,0.00043854,0.00043854,0.00043854,0.00043854,0.000454782,0.000471024,0.000503508,0.000503508,0.000535993,0.000535993,0.000568477,0.000584719,0.000584719,0.000617204,0.000682173,0.000747141,0.000860837,0.0010395,0.00118568,0.00151052,0.00194906,0.00227391,0.00269621,0.00373571,0.00506757,0.0073902,0.0111909,0.0169081,0.0265235,0.0403456,0.059414,0.0868471,0.127079,0.186071,0.312646,0.433602,0.536155,0.605623,0.647366,0.662016,0.648438,0.615222,0.567746,0.506026,0.435583,0.365612,0.308196,0.264748,0.225832,0.205902,0.194777,0.191398,0.19705,0.215761,0.257179,0.297606,0.334654,0.364394,0.38356,0.38598,0.371427,0.345991,0.306409,0.244478,0.184008,0.144101,0.108725,0.0798792,0.0558894,0.0376657,0.0245257,0.0157062,0.0104762
0.00734148,0.00511629,0.00383316,0.00274493,0.00225767,0.0017704,0.00113695,0.000682173,0.000454782,0.000389813,0.000324844,0.000259875,0.000178664,0.000113695,4.87266e-05,3.24844e-05,3.24844e-05,1.62422e-05,1.62422e-05,0,0,0,0,0,0,0,0,0,0,0,0,0,0,0,0,0,0,0,1.62422e-05,1.62422e-05,1.62422e-05,1.62422e-05,3.24844e-05,3.24844e-05,3.24844e-05,3.24844e-05,3.24844e-05,3.24844e-05,8.1211e-05,0.000162422,0.000178664,0.000243633,0.000276117,0.000341086,0.000373571,0.000406055,0.000471024,0.000535993,0.000747141,0.000909563,0.00112071,0.00121817,0.00142931,0.00167295,0.00180288,0.00193282,0.00204652,0.002079,0.00212773,0.00217646,0.00220894,0.00224142,0.00225767,0.00227391,0.00227391,0.00225767,0.00220894,0.0021927,0.00212773,0.002079,0.00203028,0.00191658,0.0017704,0.0016567,0.00142931,0.00123441,0.00118568,0.00113695,0.00107199,0.000990774,0.000942048,0.000844595,0.000795868,0.000747141,0.000617204,0.000584719,0.000535993,0.000503508,0.000503508,0.000503508,0.000471024,0.000454782,0.00043854,0.000422297,0.000406055,0.000406055,0.000389813,0.000389813,0.000389813,0.000389813,0.000373571,0.000373571,0.000373571,0.000357328,0.000357328,0.000373571,0.000389813,0.000389813,0.000389813,0.000406055,0.000422297,0.000454782,0.000503508,0.000503508,0.000584719,0.000747141,0.000909563,0.00116944,0.00168919,0.00214397,0.00269621,0.00381692,0.00524623,0.00761759,0.0114995,0.0172167,0.0269783,0.0419211,0.0628736,0.094887,0.143386,0.222063,0.35983,0.478106,0.570183,0.627063,0.657972,0.658329,0.632894,0.593182,0.537861,0.467451,0.397187,0.331438,0.281624,0.238598,0.21287,0.200559,0.19619,0.201485,0.217581,0.25739,0.296566,0.331114,0.358595,0.375244,0.37984,0.368162,0.344725,0.307351,0.250845,0.188263,0.149916,0.114215,0.0836149,0.0585207,0.0395498,0.0254678,0.0163721,0.0108823
0.00761759,0.00539241,0.00402807,0.00284239,0.00232264,0.00181913,0.00113695,0.000682173,0.000454782,0.000389813,0.000324844,0.000243633,0.000162422,0.000113695,3.24844e-05,3.24844e-05,3.24844e-05,1.62422e-05,1.62422e-05,0,0,0,0,0,0,0,0,0,0,0,0,0,0,0,0,0,0,0,1.62422e-05,1.62422e-05,1.62422e-05,1.62422e-05,3.24844e-05,3.24844e-05,3.24844e-05,3.24844e-05,3.24844e-05,4.87266e-05,0.000113695,0.000162422,0.000211149,0.000276117,0.000324844,0.000357328,0.000406055,0.000454782,0.000535993,0.000747141,0.000942048,0.00113695,0.00128313,0.0016567,0.00180288,0.00196531,0.00204652,0.00212773,0.00220894,0.00227391,0.00232264,0.00233888,0.00235512,0.00237136,0.00240385,0.00240385,0.00237136,0.00233888,0.00233888,0.00232264,0.00220894,0.00214397,0.002079,0.00201403,0.00185161,0.00168919,0.00151052,0.00125065,0.00118568,0.00113695,0.0010395,0.000974532,0.000877079,0.00081211,0.000747141,0.000682173,0.000584719,0.000535993,0.000503508,0.000503508,0.000471024,0.000454782,0.00043854,0.000422297,0.000406055,0.000389813,0.000389813,0.000373571,0.000357328,0.000341086,0.000341086,0.000324844,0.000308602,0.000276117,0.000276117,0.000243633,0.000243633,0.000211149,0.000211149,0.000243633,0.000276117,0.000308602,0.000341086,0.000357328,0.000389813,0.000406055,0.00043854,0.000503508,0.000535993,0.000763384,0.00112071,0.00168919,0.00220894,0.00279366,0.00402807,0.00558732,0.00807238,0.0120192,0.0182075,0.0287974,0.0454132,0.0706373,0.110203,0.170771,0.290492,0.415183,0.523892,0.597973,0.6422,0.660197,0.649445,0.618942,0.571596,0.507455,0.434138,0.362835,0.305759,0.262393,0.225409,0.209882,0.204148,0.207056,0.221284,0.255815,0.292311,0.326371,0.353382,0.372044,0.380035,0.370533,0.348655,0.313133,0.262994,0.195832,0.15729,0.120062,0.0879028,0.0615904,0.0414988,0.0266859,0.0169731,0.0113208
0.00807238,0.00570101,0.004158,0.00298857,0.00233888,0.0018841,0.0011532,0.000682173,0.000454782,0.000373571,0.000308602,0.000227391,0.000162422,8.1211e-05,3.24844e-05,3.24844e-05,3.24844e-05,1.62422e-05,1.62422e-05,0,0,0,0,0,0,0,0,0,0,0,0,0,0,0,0,0,0,0,1.62422e-05,1.62422e-05,1.62422e-05,1.62422e-05,3.24844e-05,3.24844e-05,3.24844e-05,3.24844e-05,3.24844e-05,8.1211e-05,0.00014618,0.000178664,0.000243633,0.000308602,0.000341086,0.000389813,0.00043854,0.000535993,0.000747141,0.000942048,0.0011532,0.00136435,0.00168919,0.00193282,0.00204652,0.00214397,0.00225767,0.00233888,0.00237136,0.00246881,0.00253378,0.00258251,0.00263124,0.00264748,0.00264748,0.00264748,0.00258251,0.00255003,0.00246881,0.00235512,0.00233888,0.00224142,0.00212773,0.00204652,0.00193282,0.00173792,0.00160798,0.00131562,0.00118568,0.00113695,0.00100702,0.000942048,0.000828352,0.000779626,0.000698415,0.000584719,0.000535993,0.000503508,0.000503508,0.000454782,0.00043854,0.000422297,0.000406055,0.000389813,0.000389813,0.000373571,0.000341086,0.000341086,0.000324844,0.000308602,0.000276117,0.000243633,0.000211149,0.000178664,0.000162422,0.000113695,0.000113695,8.1211e-05,4.87266e-05,8.1211e-05,0.000113695,0.000162422,0.000194906,0.000276117,0.000308602,0.000341086,0.000373571,0.000389813,0.000422297,0.000503508,0.000714657,0.00113695,0.00181913,0.00233888,0.00310226,0.00423922,0.00594465,0.00864085,0.0127339,0.0200104,0.0315911,0.05204,0.084427,0.134323,0.208842,0.349321,0.470585,0.564953,0.622726,0.655828,0.66239,0.642883,0.60382,0.549165,0.477667,0.403797,0.334784,0.285619,0.247515,0.222128,0.21287,0.212854,0.224094,0.253606,0.288348,0.322684,0.352115,0.374594,0.386711,0.380149,0.357345,0.324373,0.277872,0.209719,0.166824,0.127712,0.0932302,0.0650825,0.0441301,0.0283914,0.0181101,0.0119705
0.00867334,0.0060421,0.00430418,0.00318347,0.00235512,0.00193282,0.00116944,0.000714657,0.000454782,0.000373571,0.000276117,0.000194906,0.000113695,3.24844e-05,3.24844e-05,3.24844e-05,1.62422e-05,1.62422e-05,0,0,0,0,0,0,0,0,0,0,0,0,0,0,0,0,0,0,0,0,1.62422e-05,1.62422e-05,1.62422e-05,1.62422e-05,3.24844e-05,3.24844e-05,3.24844e-05,3.24844e-05,3.24844e-05,0.000113695,0.000162422,0.000211149,0.000276117,0.000324844,0.000373571,0.000422297,0.000503508,0.000617204,0.000877079,0.00113695,0.00136435,0.00172167,0.00199779,0.00212773,0.00224142,0.00233888,0.00246881,0.00258251,0.00267996,0.00272869,0.00279366,0.00284239,0.00285863,0.00285863,0.00282614,0.00279366,0.00274493,0.00269621,0.00264748,0.00255003,0.00242009,0.00233888,0.00220894,0.00209524,0.00199779,0.00180288,0.0016567,0.0013481,0.00118568,0.00112071,0.000974532,0.000860837,0.000795868,0.000714657,0.000600962,0.000535993,0.000503508,0.000487266,0.000454782,0.000422297,0.000406055,0.000389813,0.000389813,0.000373571,0.000341086,0.000341086,0.000324844,0.000276117,0.000276117,0.000243633,0.000194906,0.000162422,0.000113695,8.1211e-05,3.24844e-05,3.24844e-05,3.24844e-05,3.24844e-05,3.24844e-05,3.24844e-05,3.24844e-05,3.24844e-05,8.1211e-05,0.000129938,0.000178664,0.000243633,0.000276117,0.000308602,0.000341086,0.000389813,0.000454782,0.000747141,0.00121817,0.00201403,0.00246881,0.00339462,0.00440164,0.00633446,0.00925806,0.0138871,0.0223005,0.0371459,0.0628573,0.104031,0.165735,0.28726,0.418968,0.530438,0.60343,0.649607,0.669098,0.665362,0.635492,0.58826,0.524639,0.445475,0.369429,0.311152,0.270092,0.238809,0.22333,0.21927,0.226595,0.253703,0.287471,0.323285,0.356094,0.385606,0.399315,0.395433,0.372921,0.340112,0.297541,0.231224,0.178973,0.137734,0.100864,0.0709622,0.0480607,0.0308764,0.0198155,0.0127176
0.00945296,0.00641567,0.00443412,0.00337838,0.00245257,0.00199779,0.00120192,0.000730899,0.00043854,0.000341086,0.000276117,0.000178664,0.000113695,3.24844e-05,3.24844e-05,3.24844e-05,1.62422e-05,1.62422e-05,0,0,0,0,0,0,0,0,0,0,0,0,0,0,0,0,0,0,0,0,1.62422e-05,1.62422e-05,1.62422e-05,1.62422e-05,3.24844e-05,3.24844e-05,3.24844e-05,3.24844e-05,6.49688e-05,0.000113695,0.000178664,0.000243633,0.000308602,0.000341086,0.000389813,0.000454782,0.000552235,0.000795868,0.00108823,0.00125065,0.00168919,0.00201403,0.00212773,0.00232264,0.00242009,0.00259875,0.00269621,0.00285863,0.00306978,0.0032322,0.00337838,0.0034271,0.0034271,0.00339462,0.00334589,0.00319971,0.00306978,0.00289111,0.00277742,0.00267996,0.00256627,0.00237136,0.00232264,0.00212773,0.00204652,0.00185161,0.0016567,0.0013481,0.00116944,0.00107199,0.000942048,0.00081211,0.000747141,0.000600962,0.000535993,0.000503508,0.000471024,0.00043854,0.000422297,0.000406055,0.000389813,0.000373571,0.000341086,0.000341086,0.000324844,0.000276117,0.000259875,0.000227391,0.000178664,0.000162422,0.000113695,3.24844e-05,3.24844e-05,3.24844e-05,3.24844e-05,3.24844e-05,1.62422e-05,1.62422e-05,1.62422e-05,1.62422e-05,3.24844e-05,3.24844e-05,3.24844e-05,3.24844e-05,4.87266e-05,0.000113695,0.000162422,0.000162422,0.000194906,0.000276117,0.000373571,0.000487266,0.000877079,0.0014618,0.00211149,0.00264748,0.00355704,0.00466151,0.00672427,0.0100052,0.0154788,0.0261499,0.0464527,0.080139,0.132666,0.215144,0.366457,0.495452,0.586002,0.642672,0.673824,0.680337,0.666726,0.624367,0.566528,0.49157,0.411253,0.34297,0.295559,0.264244,0.239735,0.230087,0.235431,0.261093,0.292863,0.330431,0.368243,0.402319,0.418659,0.4171,0.399103,0.365401,0.325737,0.270774,0.19541,0.151637,0.111389,0.0790508,0.0535668,0.034466,0.0219919,0.0139845
0.0103138,0.00687045,0.004694,0.0035408,0.00255003,0.00204652,0.00121817,0.000747141,0.00043854,0.000341086,0.000243633,0.000162422,4.87266e-05,3.24844e-05,3.24844e-05,1.62422e-05,1.62422e-05,0,0,0,0,0,0,0,0,0,0,0,0,0,0,0,0,0,0,0,0,0,1.62422e-05,1.62422e-05,1.62422e-05,1.62422e-05,3.24844e-05,3.24844e-05,3.24844e-05,3.24844e-05,8.1211e-05,0.000162422,0.000194906,0.000276117,0.000324844,0.000373571,0.000422297,0.000503508,0.000698415,0.000974532,0.00120192,0.0016567,0.00194906,0.00212773,0.00233888,0.00251754,0.00269621,0.00289111,0.00319971,0.00345959,0.0036545,0.00381692,0.00391437,0.00391437,0.00391437,0.00383316,0.00370322,0.00358953,0.00344335,0.0032322,0.00295608,0.00279366,0.00264748,0.00251754,0.00233888,0.00220894,0.00204652,0.0018841,0.0016567,0.0013481,0.0011532,0.0010395,0.000877079,0.000779626,0.000617204,0.000535993,0.000503508,0.000471024,0.00043854,0.000406055,0.000389813,0.000389813,0.000357328,0.000341086,0.000324844,0.000308602,0.000276117,0.000243633,0.000194906,0.000162422,0.000113695,4.87266e-05,3.24844e-05,3.24844e-05,3.24844e-05,1.62422e-05,1.62422e-05,1.62422e-05,1.62422e-05,1.62422e-05,1.62422e-05,1.62422e-05,1.62422e-05,1.62422e-05,3.24844e-05,3.24844e-05,3.24844e-05,3.24844e-05,3.24844e-05,3.24844e-05,4.87266e-05,0.000113695,0.000243633,0.000373571,0.000503508,0.000990774,0.0016567,0.0021927,0.00269621,0.00367074,0.0048889,0.00717905,0.010996,0.0183862,0.0335402,0.0618503,0.107556,0.177803,0.321125,0.459947,0.566837,0.633982,0.676082,0.689482,0.685324,0.659044,0.602797,0.53458,0.455756,0.383771,0.328385,0.291142,0.26824,0.257553,0.261467,0.27896,0.308569,0.347957,0.392866,0.428063,0.448545,0.452557,0.437711,0.408962,0.365839,0.312256,0.231549,0.170559,0.124513,0.0880165,0.0593977,0.0392087,0.0247206,0.015625
0.0113695,0.00742269,0.00503508,0.00367074,0.00264748,0.00204652,0.00121817,0.000747141,0.00043854,0.000341086,0.000243633,0.000113695,3.24844e-05,3.24844e-05,3.24844e-05,1.62422e-05,0,0,0,0,0,0,0,0,0,0,0,0,0,0,0,0,0,0,0,0,0,0,1.62422e-05,1.62422e-05,1.62422e-05,3.24844e-05,3.24844e-05,3.24844e-05,3.24844e-05,3.24844e-05,0.000113695,0.000162422,0.000243633,0.000308602,0.000341086,0.000389813,0.000454782,0.000552235,0.00081211,0.00112071,0.00138059,0.00185161,0.00209524,0.00232264,0.00253378,0.00274493,0.00313475,0.00350832,0.00381692,0.00410928,0.00423922,0.00436915,0.00441788,0.00441788,0.0043854,0.00430418,0.004158,0.0039631,0.00370322,0.00355704,0.00331341,0.00295608,0.00274493,0.00258251,0.00237136,0.00224142,0.002079,0.00191658,0.00167295,0.00128313,0.00113695,0.000974532,0.00081211,0.000714657,0.000568477,0.000503508,0.000471024,0.00043854,0.000406055,0.000389813,0.000373571,0.000341086,0.000341086,0.000308602,0.000276117,0.000243633,0.000194906,0.000178664,0.000113695,8.1211e-05,3.24844e-05,3.24844e-05,3.24844e-05,1.62422e-05,1.62422e-05,1.62422e-05,1.62422e-05,1.62422e-05,0,0,1.62422e-05,1.62422e-05,1.62422e-05,1.62422e-05,1.62422e-05,1.62422e-05,3.24844e-05,3.24844e-05,3.24844e-05,3.24844e-05,3.24844e-05,3.24844e-05,0.000113695,0.000276117,0.000389813,0.000584719,0.00112071,0.00172167,0.00222518,0.00274493,0.00383316,0.00524623,0.0078125,0.0129938,0.0244932,0.0477196,0.087513,0.149932,0.273567,0.421713,0.543399,0.624155,0.678356,0.697684,0.700055,0.684544,0.637815,0.573528,0.498327,0.425107,0.362965,0.322651,0.298613,0.289079,0.291759,0.306653,0.335873,0.376689,0.424214,0.464413,0.490628,0.49935,0.490027,0.463617,0.422086,0.362526,0.28994,0.192503,0.140511,0.097437,0.0657322,0.0435616,0.0276605,0.0173954
0.0122791,0.00807238,0.00535993,0.00383316,0.00264748,0.002079,0.00123441,0.000730899,0.000422297,0.000341086,0.000227391,0.000113695,3.24844e-05,3.24844e-05,1.62422e-05,1.62422e-05,0,0,0,0,0,0,0,0,0,0,0,0,0,0,0,0,0,0,0,0,0,0,1.62422e-05,1.62422e-05,1.62422e-05,3.24844e-05,3.24844e-05,3.24844e-05,3.24844e-05,4.87266e-05,0.000113695,0.000194906,0.000276117,0.000324844,0.000373571,0.000406055,0.000503508,0.000617204,0.000942048,0.00121817,0.00168919,0.00204652,0.00225767,0.00251754,0.00277742,0.00328093,0.00367074,0.00412552,0.0043854,0.00472648,0.00506757,0.0053112,0.00535993,0.00532744,0.00516502,0.00492139,0.00461279,0.00433667,0.00412552,0.00383316,0.00355704,0.0032322,0.00285863,0.00267996,0.00246881,0.00232264,0.00211149,0.00193282,0.00167295,0.00125065,0.00113695,0.000942048,0.000779626,0.000600962,0.000535993,0.000471024,0.00043854,0.000406055,0.000389813,0.000357328,0.000341086,0.000308602,0.000276117,0.000259875,0.000211149,0.000178664,0.000162422,0.000113695,3.24844e-05,3.24844e-05,3.24844e-05,3.24844e-05,1.62422e-05,1.62422e-05,1.62422e-05,0,0,0,0,0,0,0,1.62422e-05,1.62422e-05,1.62422e-05,1.62422e-05,1.62422e-05,1.62422e-05,1.62422e-05,3.24844e-05,3.24844e-05,3.24844e-05,3.24844e-05,0.000162422,0.000324844,0.000422297,0.000682173,0.00116944,0.00185161,0.00232264,0.00290735,0.00414176,0.00594465,0.00976156,0.0176715,0.035944,0.0697115,0.124204,0.211327,0.375244,0.514082,0.610723,0.680191,0.70842,0.717857,0.709427,0.679005,0.611665,0.537373,0.461441,0.401296,0.356728,0.33381,0.325526,0.328953,0.343539,0.373701,0.418285,0.466752,0.512149,0.542246,0.554817,0.547687,0.523551,0.482199,0.422817,0.341184,0.234635,0.158183,0.107637,0.071823,0.0473785,0.0303242,0.019312
0.0129288,0.00864085,0.00565229,0.00391437,0.00269621,0.00209524,0.00123441,0.000714657,0.000422297,0.000341086,0.000194906,8.1211e-05,3.24844e-05,3.24844e-05,1.62422e-05,0,0,0,0,0,0,0,0,0,0,0,0,0,0,0,0,0,0,0,0,0,0,0,1.62422e-05,1.62422e-05,1.62422e-05,3.24844e-05,3.24844e-05,3.24844e-05,3.24844e-05,8.1211e-05,0.000162422,0.000211149,0.000276117,0.000341086,0.000389813,0.00043854,0.000535993,0.000795868,0.00112071,0.00142931,0.00191658,0.00217646,0.00242009,0.00277742,0.00337838,0.00383316,0.00430418,0.00479145,0.00540865,0.00602586,0.00643191,0.00672427,0.00672427,0.00657809,0.00631822,0.00589592,0.00535993,0.00487266,0.00441788,0.00414176,0.00381692,0.00345959,0.00306978,0.00272869,0.00253378,0.00233888,0.00212773,0.00194906,0.00167295,0.00123441,0.00112071,0.000893321,0.000747141,0.000535993,0.000503508,0.00043854,0.000406055,0.000389813,0.000341086,0.000324844,0.000308602,0.000276117,0.000227391,0.000178664,0.000162422,0.000113695,6.49688e-05,3.24844e-05,3.24844e-05,3.24844e-05,1.62422e-05,1.62422e-05,1.62422e-05,0,0,0,0,0,0,0,0,0,0,0,1.62422e-05,1.62422e-05,1.62422e-05,1.62422e-05,1.62422e-05,1.62422e-05,1.62422e-05,1.62422e-05,3.24844e-05,3.24844e-05,0.000227391,0.000341086,0.000454782,0.000795868,0.00121817,0.00201403,0.00242009,0.00331341,0.00451533,0.00730899,0.0131562,0.0271245,0.0548662,0.100767,0.174474,0.325754,0.474029,0.591671,0.678534,0.720975,0.741976,0.741765,0.716866,0.663981,0.578953,0.501316,0.439871,0.401637,0.378232,0.368422,0.372953,0.392412,0.424474,0.468961,0.521488,0.566902,0.597908,0.610853,0.60421,0.580675,0.540995,0.477553,0.393159,0.286577,0.176455,0.118065,0.0772966,0.0499285,0.0318185,0.0206763
0.0131724,0.00872206,0.00576598,0.00394686,0.00269621,0.002079,0.00121817,0.000682173,0.000422297,0.000324844,0.000178664,3.24844e-05,3.24844e-05,1.62422e-05,1.62422e-05,0,0,0,0,0,0,0,0,0,0,0,0,0,0,0,0,0,0,0,0,0,0,0,1.62422e-05,1.62422e-05,1.62422e-05,3.24844e-05,3.24844e-05,3.24844e-05,3.24844e-05,0.000113695,0.000162422,0.000243633,0.000308602,0.000341086,0.000406055,0.000454782,0.000584719,0.000909563,0.00121817,0.00170543,0.002079,0.00233888,0.00269621,0.00339462,0.00399558,0.00449909,0.0053112,0.0061558,0.00695166,0.00763384,0.00841346,0.00870582,0.00870582,0.00841346,0.00773129,0.00711409,0.00641567,0.00566853,0.00501884,0.00443412,0.00412552,0.00370322,0.00336214,0.00284239,0.00261499,0.00233888,0.00214397,0.00199779,0.00168919,0.00123441,0.00108823,0.000844595,0.000617204,0.000503508,0.000454782,0.000406055,0.000389813,0.000341086,0.000324844,0.000276117,0.000243633,0.000194906,0.000162422,0.000113695,8.1211e-05,3.24844e-05,3.24844e-05,3.24844e-05,3.24844e-05,1.62422e-05,1.62422e-05,1.62422e-05,0,0,0,0,0,0,0,0,0,0,0,0,0,0,1.62422e-05,1.62422e-05,1.62422e-05,1.62422e-05,1.62422e-05,1.62422e-05,1.62422e-05,3.24844e-05,0.000113695,0.000276117,0.000389813,0.000503508,0.000844595,0.00138059,0.002079,0.00261499,0.00370322,0.00568477,0.0101839,0.0206763,0.0426683,0.0811623,0.143337,0.267639,0.427121,0.564888,0.672216,0.734716,0.771017,0.780925,0.760655,0.711766,0.631172,0.55256,0.491262,0.454473,0.434836,0.426049,0.431604,0.451355,0.485317,0.531721,0.582137,0.628411,0.665979,0.677267,0.66913,0.637766,0.592727,0.529804,0.437711,0.323204,0.191463,0.126787,0.0818445,0.0520238,0.0328255,0.0210661
0.0129288,0.00851091,0.00555483,0.00383316,0.00264748,0.00204652,0.00116944,0.000600962,0.000406055,0.000308602,0.000162422,3.24844e-05,3.24844e-05,1.62422e-05,0,0,0,0,0,0,0,0,0,0,0,0,0,0,0,0,0,0,0,0,0,0,0,0,1.62422e-05,1.62422e-05,1.62422e-05,3.24844e-05,3.24844e-05,3.24844e-05,3.24844e-05,0.000113695,0.000178664,0.000259875,0.000324844,0.000373571,0.000406055,0.000503508,0.000747141,0.00107199,0.0014618,0.00196531,0.00229015,0.00264748,0.00337838,0.00412552,0.00484018,0.0059284,0.00695166,0.0081211,0.00950169,0.0106549,0.0115644,0.0120517,0.011938,0.0112883,0.0102163,0.00912812,0.00771505,0.00672427,0.00581471,0.00501884,0.0043854,0.00402807,0.00358953,0.00308602,0.00269621,0.00242009,0.00220894,0.00201403,0.00168919,0.00123441,0.00108823,0.00081211,0.000584719,0.000503508,0.000422297,0.000389813,0.000341086,0.000324844,0.000276117,0.000243633,0.000178664,0.000162422,9.74532e-05,3.24844e-05,3.24844e-05,3.24844e-05,3.24844e-05,1.62422e-05,1.62422e-05,1.62422e-05,0,0,0,0,0,0,0,0,0,0,0,0,0,0,0,0,0,0,0,0,0,1.62422e-05,1.62422e-05,1.62422e-05,3.24844e-05,0.000162422,0.000308602,0.000406055,0.000535993,0.000974532,0.0016567,0.0021927,0.00285863,0.00443412,0.00779626,0.0155275,0.0325656,0.0642542,0.117204,0.199747,0.372807,0.531299,0.662065,0.748067,0.803128,0.823999,0.809008,0.759843,0.692649,0.609635,0.552901,0.518841,0.499919,0.49386,0.501608,0.524526,0.559381,0.60343,0.658329,0.698431,0.721982,0.729015,0.71875,0.694419,0.647041,0.576143,0.478788,0.353577,0.210077,0.13356,0.0840047,0.0527709,0.0326468,0.0208712
0.0121329,0.00773129,0.00511629,0.00360577,0.00251754,0.00194906,0.00112071,0.000535993,0.000389813,0.000276117,0.000113695,3.24844e-05,1.62422e-05,1.62422e-05,0,0,0,0,0,0,0,0,0,0,0,0,0,0,0,0,0,0,0,0,0,0,0,0,1.62422e-05,1.62422e-05,1.62422e-05,3.24844e-05,3.24844e-05,3.24844e-05,3.24844e-05,0.000113695,0.000194906,0.000276117,0.000341086,0.000389813,0.000422297,0.000535993,0.000844595,0.00120192,0.00175416,0.00212773,0.00255003,0.0032322,0.004158,0.00521375,0.00656185,0.00799116,0.00979405,0.0116294,0.013481,0.0155275,0.0169081,0.0176878,0.0173954,0.016096,0.0141307,0.0120517,0.0100377,0.00821856,0.00685421,0.00581471,0.00495387,0.00436915,0.00391437,0.00341086,0.0028099,0.00251754,0.00225767,0.00204652,0.00168919,0.00125065,0.00108823,0.00081211,0.000568477,0.000471024,0.000406055,0.000373571,0.000341086,0.000276117,0.000243633,0.000178664,0.000113695,8.1211e-05,3.24844e-05,3.24844e-05,3.24844e-05,3.24844e-05,1.62422e-05,1.62422e-05,0,0,0,0,0,0,0,0,0,0,0,0,0,0,0,0,0,0,0,0,0,0,0,0,0,1.62422e-05,3.24844e-05,3.24844e-05,0.000194906,0.000341086,0.000422297,0.000568477,0.00107199,0.00178664,0.00237136,0.00370322,0.00631822,0.0121004,0.0251917,0.0512766,0.094887,0.165654,0.319923,0.491051,0.64337,0.756676,0.828304,0.85166,0.845975,0.810941,0.745452,0.680743,0.620436,0.590875,0.573756,0.568412,0.580984,0.606922,0.646082,0.692015,0.72882,0.757033,0.77425,0.777563,0.766421,0.742301,0.701468,0.624675,0.520481,0.383219,0.225539,0.136792,0.0843458,0.0518126,0.0314124,0.0195231
0.0108498,0.00695166,0.00453157,0.00328093,0.00233888,0.00175416,0.000974532,0.000503508,0.000389813,0.000243633,8.1211e-05,3.24844e-05,1.62422e-05,0,0,0,0,0,0,0,0,0,0,0,0,0,0,0,0,0,0,0,0,0,0,0,0,0,1.62422e-05,1.62422e-05,1.62422e-05,3.24844e-05,3.24844e-05,3.24844e-05,4.87266e-05,0.00014618,0.000194906,0.000276117,0.000341086,0.000389813,0.00043854,0.000584719,0.000974532,0.00138059,0.00201403,0.00233888,0.00293984,0.00412552,0.00548986,0.00732523,0.00959914,0.011938,0.0147642,0.0180126,0.0218458,0.0251917,0.0278391,0.0287,0.0275955,0.0247206,0.0209037,0.016632,0.0131075,0.0104925,0.00841346,0.00685421,0.00576598,0.00482393,0.00423922,0.00368698,0.00310226,0.00264748,0.00233888,0.002079,0.0017704,0.0013481,0.00108823,0.000795868,0.000535993,0.000454782,0.000389813,0.000341086,0.000308602,0.000243633,0.000178664,0.000113695,8.1211e-05,3.24844e-05,3.24844e-05,3.24844e-05,1.62422e-05,1.62422e-05,1.62422e-05,0,0,0,0,0,0,0,0,0,0,0,0,0,0,0,0,0,0,0,0,0,0,0,0,0,0,0,1.62422e-05,3.24844e-05,4.87266e-05,0.000211149,0.000341086,0.000422297,0.000617204,0.00116944,0.002079,0.00302105,0.00506757,0.00963163,0.0198317,0.0409304,0.0770043,0.136613,0.264147,0.447651,0.620939,0.756919,0.840177,0.873197,0.87435,0.847957,0.798889,0.739199,0.698496,0.674555,0.657809,0.652254,0.671323,0.697976,0.730493,0.764147,0.795251,0.816658,0.826939,0.828986,0.82015,0.794552,0.750487,0.679964,0.556393,0.404545,0.233871,0.135834,0.0822343,0.0491002,0.0290735,0.0172492
0.00935551,0.0060421,0.00412552,0.00277742,0.00214397,0.00142931,0.00081211,0.000471024,0.000341086,0.000194906,3.24844e-05,3.24844e-05,1.62422e-05,0,0,0,0,0,0,0,0,0,0,0,0,0,0,0,0,0,0,0,0,0,0,0,0,0,1.62422e-05,1.62422e-05,1.62422e-05,3.24844e-05,3.24844e-05,3.24844e-05,4.87266e-05,0.000162422,0.000211149,0.000276117,0.000341086,0.000389813,0.000471024,0.000714657,0.00113695,0.00168919,0.00217646,0.00269621,0.00391437,0.00544114,0.00778002,0.010931,0.0145043,0.0188247,0.0243633,0.0305029,0.0373733,0.043659,0.0479145,0.0485967,0.0459817,0.0393549,0.0313799,0.0244283,0.0182562,0.0136272,0.0105899,0.00841346,0.00678924,0.00563604,0.004694,0.00410928,0.00345959,0.00277742,0.00237136,0.00212773,0.00185161,0.00136435,0.00108823,0.000795868,0.000535993,0.00043854,0.000389813,0.000341086,0.000276117,0.000194906,0.000162422,8.1211e-05,3.24844e-05,3.24844e-05,3.24844e-05,1.62422e-05,1.62422e-05,1.62422e-05,0,0,0,0,0,0,0,0,0,0,0,0,0,0,0,0,0,0,0,0,0,0,0,0,0,0,0,0,1.62422e-05,1.62422e-05,3.24844e-05,8.1211e-05,0.000243633,0.000341086,0.00043854,0.000795868,0.00168919,0.00258251,0.00430418,0.00773129,0.0156575,0.0324194,0.0630198,0.114735,0.204554,0.405146,0.594075,0.748165,0.84323,0.886938,0.897966,0.875617,0.840502,0.796485,0.761418,0.741051,0.728349,0.72718,0.742594,0.769036,0.803794,0.833176,0.849743,0.8616,0.866522,0.867155,0.85892,0.838439,0.793172,0.711327,0.576322,0.407809,0.223395,0.128719,0.0759648,0.0443899,0.0252241,0.0148941
0.00753638,0.00495387,0.00350832,0.00246881,0.00194906,0.0011532,0.000617204,0.000422297,0.000324844,0.000162422,3.24844e-05,1.62422e-05,1.62422e-05,0,0,0,0,0,0,0,0,0,0,0,0,0,0,0,0,0,0,0,0,0,0,0,0,0,0,1.62422e-05,1.62422e-05,3.24844e-05,3.24844e-05,3.24844e-05,4.87266e-05,0.000162422,0.000211149,0.000276117,0.000341086,0.000389813,0.000503508,0.000779626,0.00118568,0.00190034,0.00237136,0.00344335,0.00493763,0.00752014,0.0114345,0.0163884,0.0233725,0.0312825,0.0415638,0.0529983,0.0643841,0.0761759,0.0835824,0.0838585,0.0763546,0.0635233,0.0494738,0.0363338,0.0261175,0.0186623,0.0136272,0.0104762,0.0081211,0.00661058,0.00535993,0.0043854,0.00373571,0.00298857,0.00253378,0.00220894,0.00193282,0.00138059,0.00108823,0.000795868,0.000535993,0.000422297,0.000373571,0.000308602,0.000243633,0.000162422,0.000113695,3.24844e-05,3.24844e-05,3.24844e-05,1.62422e-05,1.62422e-05,1.62422e-05,0,0,0,0,0,0,0,0,0,0,0,0,0,0,0,0,0,0,0,0,0,0,0,0,0,0,0,0,0,1.62422e-05,1.62422e-05,1.62422e-05,3.24844e-05,0.000113695,0.000276117,0.000389813,0.000568477,0.00121817,0.00232264,0.00370322,0.00648064,0.0125715,0.0264098,0.0525273,0.0971933,0.176845,0.359716,0.561704,0.732296,0.839771,0.891015,0.91338,0.901361,0.870533,0.842061,0.821839,0.805402,0.793627,0.793951,0.810697,0.835012,0.858108,0.880733,0.895969,0.904951,0.909125,0.907582,0.89233,0.863387,0.815781,0.718246,0.566837,0.383219,0.194338,0.114037,0.0658784,0.0376819,0.0212286,0.0121817
0.00620452,0.00414176,0.00279366,0.0021927,0.00159174,0.000909563,0.000503508,0.000389813,0.000276117,8.1211e-05,3.24844e-05,1.62422e-05,0,0,0,0,0,0,0,0,0,0,0,0,0,0,0,0,0,0,0,0,0,0,0,0,0,0,0,1.62422e-05,1.62422e-05,3.24844e-05,3.24844e-05,3.24844e-05,4.87266e-05,0.000162422,0.000211149,0.000276117,0.000341086,0.000389813,0.000503508,0.00081211,0.00123441,0.00206276,0.00269621,0.004158,0.00649688,0.0105087,0.0164371,0.0252241,0.0371459,0.0519588,0.0688669,0.0892509,0.112169,0.134453,0.148502,0.147512,0.130571,0.104437,0.0778976,0.0553697,0.0380717,0.0261499,0.0183374,0.0132049,0.0100377,0.0076988,0.00628573,0.00495387,0.00412552,0.00336214,0.00264748,0.00229015,0.00199779,0.0014618,0.00112071,0.000795868,0.000535993,0.000422297,0.000357328,0.000308602,0.000194906,0.000113695,3.24844e-05,3.24844e-05,3.24844e-05,1.62422e-05,1.62422e-05,1.62422e-05,0,0,0,0,0,0,0,0,0,0,0,0,0,0,0,0,0,0,0,0,0,0,0,0,0,0,0,0,0,0,1.62422e-05,1.62422e-05,1.62422e-05,3.24844e-05,3.24844e-05,0.000194906,0.000357328,0.000503508,0.00113695,0.00211149,0.00319971,0.00532744,0.0103138,0.0212935,0.0435616,0.0834687,0.153505,0.318428,0.522366,0.707234,0.828531,0.88585,0.919764,0.921404,0.900127,0.875861,0.861941,0.852959,0.848314,0.850783,0.862412,0.88278,0.909677,0.936266,0.947733,0.950331,0.948886,0.939384,0.913055,0.869591,0.806978,0.691138,0.517915,0.325315,0.163851,0.0935876,0.0538429,0.0299669,0.0165346,0.00990774
0.00475897,0.00337838,0.00235512,0.0018841,0.00113695,0.000617204,0.00043854,0.000341086,0.000178664,3.24844e-05,1.62422e-05,1.62422e-05,0,0,0,0,0,0,0,0,0,0,0,0,0,0,0,0,0,0,0,0,0,0,0,0,0,0,0,1.62422e-05,1.62422e-05,1.62422e-05,3.24844e-05,3.24844e-05,4.87266e-05,0.00014618,0.000194906,0.000276117,0.000341086,0.000389813,0.000503508,0.000844595,0.00138059,0.00220894,0.00318347,0.0048889,0.00828352,0.0139845,0.0236486,0.0378119,0.0570426,0.0814871,0.11108,0.149899,0.194971,0.270124,0.308651,0.303404,0.245663,0.173808,0.122076,0.0837123,0.0560843,0.0373896,0.0251917,0.0173954,0.0123116,0.00929054,0.00711409,0.00555483,0.00436915,0.00357328,0.00272869,0.00233888,0.00203028,0.00147804,0.00108823,0.000779626,0.000503508,0.000422297,0.000341086,0.000276117,0.000178664,8.1211e-05,3.24844e-05,3.24844e-05,3.24844e-05,1.62422e-05,1.62422e-05,0,0,0,0,0,0,0,0,0,0,0,0,0,0,0,0,0,0,0,0,0,0,0,0,0,0,0,0,0,0,1.62422e-05,1.62422e-05,1.62422e-05,1.62422e-05,3.24844e-05,3.24844e-05,0.000162422,0.000341086,0.000503508,0.0010395,0.00201403,0.00277742,0.00446661,0.00847843,0.0167295,0.035473,0.0707673,0.133251,0.271229,0.473948,0.669585,0.801228,0.871881,0.915914,0.932611,0.925562,0.910554,0.900971,0.895969,0.895839,0.901978,0.915362,0.939449,0.963098,0.977098,0.979437,0.974581,0.965778,0.944679,0.903797,0.849272,0.757894,0.608043,0.423662,0.22575,0.125975,0.0714819,0.0406867,0.0226416,0.0127014,0.00760135
0.00383316,0.00264748,0.00204652,0.00125065,0.000795868,0.000503508,0.000389813,0.000276117,9.74532e-05,3.24844e-05,1.62422e-05,0,0,0,0,0,0,0,0,0,0,0,0,0,0,0,0,0,0,0,0,0,0,0,0,0,0,0,0,1.62422e-05,1.62422e-05,1.62422e-05,3.24844e-05,3.24844e-05,3.24844e-05,0.000113695,0.000194906,0.000276117,0.000324844,0.000389813,0.000503508,0.000860837,0.00151052,0.00232264,0.00358953,0.00579847,0.0100864,0.0177202,0.0314124,0.0531282,0.0825591,0.120615,0.174295,0.281705,0.395222,0.488241,0.538055,0.527254,0.453157,0.330951,0.188913,0.122824,0.0808862,0.0534531,0.0349857,0.0236486,0.0156575,0.010996,0.00800741,0.00609083,0.00461279,0.00370322,0.0028099,0.00233888,0.00204652,0.0014618,0.00107199,0.000747141,0.000503508,0.000406055,0.000341086,0.000259875,0.000162422,3.24844e-05,3.24844e-05,3.24844e-05,1.62422e-05,1.62422e-05,1.62422e-05,0,0,0,0,0,0,0,0,0,0,0,0,0,0,0,0,0,0,0,0,0,0,0,0,0,0,0,0,0,0,1.62422e-05,1.62422e-05,1.62422e-05,1.62422e-05,3.24844e-05,3.24844e-05,0.000162422,0.000341086,0.000503508,0.000974532,0.00185161,0.00258251,0.00412552,0.0070816,0.013546,0.0287,0.0591054,0.112981,0.207056,0.415118,0.608482,0.761288,0.850962,0.902206,0.933781,0.940683,0.938296,0.938036,0.93953,0.9445,0.953028,0.963536,0.97718,0.988257,0.992025,0.987737,0.976108,0.95397,0.913364,0.862688,0.790459,0.668139,0.48595,0.300253,0.155893,0.0909726,0.0512766,0.0286188,0.0160473,0.00955042,0.00583095
0.0028099,0.0021927,0.00160798,0.000942048,0.000535993,0.000406055,0.000324844,0.000162422,3.24844e-05,3.24844e-05,1.62422e-05,0,0,0,0,0,0,0,0,0,0,0,0,0,0,0,0,0,0,0,0,0,0,0,0,0,0,0,0,1.62422e-05,1.62422e-05,1.62422e-05,3.24844e-05,3.24844e-05,3.24844e-05,0.000113695,0.000178664,0.000243633,0.000308602,0.000389813,0.000503508,0.000844595,0.00152677,0.00233888,0.00381692,0.00641567,0.0115157,0.0216021,0.0399558,0.0687045,0.110268,0.170754,0.300822,0.45241,0.591476,0.700949,0.746703,0.735398,0.661155,0.512896,0.334817,0.179038,0.112981,0.0732036,0.0481256,0.0309739,0.0200429,0.01301,0.0091606,0.00651312,0.00479145,0.00383316,0.00284239,0.00233888,0.00201403,0.00136435,0.000990774,0.000682173,0.000487266,0.000389813,0.000324844,0.000227391,0.000113695,3.24844e-05,3.24844e-05,1.62422e-05,1.62422e-05,1.62422e-05,0,0,0,0,0,0,0,0,0,0,0,0,0,0,0,0,0,0,0,0,0,0,0,0,0,0,0,0,0,0,0,1.62422e-05,1.62422e-05,1.62422e-05,3.24844e-05,3.24844e-05,3.24844e-05,0.000178664,0.000341086,0.000471024,0.000942048,0.00168919,0.00242009,0.00371946,0.00625325,0.0115157,0.0236811,0.0488565,0.0940748,0.171242,0.348493,0.547866,0.716103,0.826598,0.882666,0.923678,0.943282,0.950916,0.956455,0.962334,0.970098,0.976709,0.982816,0.988273,0.991863,0.988176,0.973996,0.94476,0.898844,0.852699,0.785879,0.680337,0.515771,0.333306,0.175903,0.105298,0.0611357,0.0340761,0.0189059,0.010996,0.00672427,0.00430418
0.00232264,0.0017704,0.00112071,0.000600962,0.000422297,0.000341086,0.000227391,8.1211e-05,3.24844e-05,1.62422e-05,0,0,0,0,0,0,0,0,0,0,0,0,0,0,0,0,0,0,0,0,0,0,0,0,0,0,0,0,0,0,1.62422e-05,1.62422e-05,3.24844e-05,3.24844e-05,3.24844e-05,8.1211e-05,0.000162422,0.000211149,0.000276117,0.000373571,0.000471024,0.00081211,0.0014618,0.00233888,0.00383316,0.00656185,0.0121654,0.0238923,0.0464689,0.0822343,0.136321,0.233807,0.415752,0.591411,0.740791,0.83623,0.872824,0.865709,0.808862,0.679866,0.480314,0.287373,0.153895,0.0974532,0.0626787,0.0398259,0.0246232,0.0153164,0.0100377,0.00683797,0.00487266,0.00383316,0.0028099,0.00232264,0.00193282,0.00123441,0.000942048,0.000584719,0.000454782,0.000389813,0.000308602,0.000178664,4.87266e-05,3.24844e-05,1.62422e-05,1.62422e-05,0,0,0,0,0,0,0,0,0,0,0,0,0,0,0,0,0,0,0,0,0,0,0,0,0,0,0,0,0,0,0,0,0,1.62422e-05,1.62422e-05,1.62422e-05,3.24844e-05,3.24844e-05,4.87266e-05,0.000194906,0.000341086,0.000471024,0.000877079,0.0016567,0.00233888,0.00350832,0.00548986,0.0100702,0.0199617,0.0407517,0.078596,0.142688,0.285765,0.480314,0.661675,0.784856,0.858027,0.901751,0.93011,0.945605,0.952443,0.960093,0.969432,0.974711,0.976985,0.976595,0.970553,0.951387,0.914712,0.870225,0.824438,0.749253,0.645985,0.50333,0.337562,0.181588,0.11186,0.0673402,0.0388026,0.0213585,0.011938,0.00721154,0.00462903,0.00321596
0.00193282,0.00118568,0.000747141,0.000454782,0.000357328,0.000276117,0.00014618,3.24844e-05,3.24844e-05,1.62422e-05,0,0,0,0,0,0,0,0,0,0,0,0,0,0,0,0,0,0,0,0,0,0,0,0,0,0,0,0,0,0,1.62422e-05,1.62422e-05,1.62422e-05,3.24844e-05,3.24844e-05,3.24844e-05,0.000113695,0.000178664,0.000276117,0.000341086,0.000454782,0.000747141,0.00136435,0.00232264,0.00367074,0.00641567,0.0120517,0.0244283,0.0485642,0.0888124,0.152368,0.295121,0.488419,0.681961,0.82374,0.9088,0.967304,0.964787,0.896342,0.793042,0.609424,0.396862,0.201598,0.122791,0.0770855,0.0476221,0.02857,0.0167782,0.0105412,0.00693542,0.00480769,0.00370322,0.00269621,0.00220894,0.0017704,0.00116944,0.00081211,0.000535993,0.000422297,0.000341086,0.000276117,0.000162422,3.24844e-05,3.24844e-05,1.62422e-05,0,0,0,0,0,0,0,0,0,0,0,0,0,0,0,0,0,0,0,0,0,0,0,0,0,0,0,0,0,0,0,0,0,0,1.62422e-05,1.62422e-05,1.62422e-05,3.24844e-05,3.24844e-05,9.74532e-05,0.000243633,0.000341086,0.000487266,0.000877079,0.0016567,0.00232264,0.00337838,0.00501884,0.0089657,0.0171518,0.0347746,0.0661707,0.120127,0.214462,0.412,0.590908,0.733774,0.826631,0.870939,0.900663,0.916986,0.923986,0.930288,0.939043,0.942405,0.938799,0.924929,0.900208,0.867853,0.83074,0.764927,0.685161,0.572538,0.445101,0.304265,0.173044,0.108888,0.0674214,0.0401182,0.0224142,0.0123116,0.00734148,0.00477521,0.00345959,0.00242009
0.00123441,0.00081211,0.000503508,0.000389813,0.000308602,0.000178664,4.87266e-05,3.24844e-05,1.62422e-05,1.62422e-05,0,0,0,0,0,0,0,0,0,0,0,0,0,0,0,0,0,0,0,0,0,0,0,0,0,0,0,0,0,0,1.62422e-05,1.62422e-05,1.62422e-05,3.24844e-05,3.24844e-05,3.24844e-05,8.1211e-05,0.000162422,0.000243633,0.000341086,0.000422297,0.000682173,0.00121817,0.00214397,0.00339462,0.00579847,0.010996,0.0226904,0.046875,0.0869608,0.152839,0.304135,0.509258,0.708517,0.849678,0.956844,0.994867,0.996053,0.970033,0.860317,0.707315,0.485236,0.276117,0.14402,0.0872856,0.0526572,0.0306003,0.0174116,0.0105412,0.00675676,0.00456406,0.00350832,0.00258251,0.00209524,0.00151052,0.0010395,0.000682173,0.000503508,0.000389813,0.000341086,0.000227391,0.000113695,3.24844e-05,1.62422e-05,1.62422e-05,0,0,0,0,0,0,0,0,0,0,0,0,0,0,0,0,0,0,0,0,0,0,0,0,0,0,0,0,0,0,0,0,0,0,1.62422e-05,1.62422e-05,1.62422e-05,3.24844e-05,3.24844e-05,0.000113695,0.000276117,0.000373571,0.000503508,0.000942048,0.00168919,0.00233888,0.00328093,0.00472648,0.00808862,0.0154626,0.0309089,0.0583745,0.103398,0.177576,0.341817,0.518419,0.670251,0.767363,0.83074,0.856906,0.868341,0.872353,0.875081,0.877859,0.876088,0.866798,0.847437,0.813897,0.75484,0.685518,0.583436,0.472827,0.355363,0.225572,0.14847,0.0976806,0.0617041,0.0374383,0.0218458,0.0123278,0.00734148,0.00472648,0.00352456,0.00255003,0.00204652
0.000877079,0.000535993,0.000406055,0.000341086,0.000211149,0.000113695,3.24844e-05,3.24844e-05,1.62422e-05,0,0,0,0,0,0,0,0,0,0,0,0,0,0,0,0,0,0,0,0,0,0,0,0,0,0,0,0,0,0,0,0,1.62422e-05,1.62422e-05,1.62422e-05,3.24844e-05,3.24844e-05,3.24844e-05,0.000113695,0.000194906,0.000324844,0.000406055,0.000568477,0.0011532,0.00204652,0.00284239,0.00493763,0.0094692,0.0193445,0.0410278,0.0785311,0.139439,0.275581,0.48535,0.698658,0.84963,0.965193,0.998213,1,0.992399,0.891665,0.748035,0.531315,0.307043,0.151426,0.0892672,0.0527709,0.0299019,0.0165833,0.00990774,0.00626949,0.00425546,0.00313475,0.00233888,0.0018841,0.00118568,0.00081211,0.000535993,0.00043854,0.000373571,0.00029236,0.000178664,3.24844e-05,3.24844e-05,1.62422e-05,0,0,0,0,0,0,0,0,0,0,0,0,0,0,0,0,0,0,0,0,0,0,0,0,0,0,0,0,0,0,0,0,0,0,0,1.62422e-05,1.62422e-05,1.62422e-05,3.24844e-05,3.24844e-05,0.000162422,0.000276117,0.000389813,0.000535993,0.000990774,0.0017704,0.00233888,0.00331341,0.00462903,0.00761759,0.014147,0.0281315,0.0527709,0.091135,0.150565,0.273064,0.429509,0.57119,0.685389,0.748181,0.783897,0.798889,0.801715,0.802121,0.801228,0.79223,0.768841,0.730347,0.668448,0.573106,0.472876,0.363452,0.254629,0.168334,0.118747,0.0816333,0.0529496,0.0321433,0.0196693,0.0119218,0.00726027,0.00466151,0.0034271,0.00253378,0.00204652,0.00136435
0.000535993,0.000422297,0.000341086,0.000243633,0.000162422,3.24844e-05,3.24844e-05,1.62422e-05,1.62422e-05,0,0,0,0,0,0,0,0,0,0,0,0,0,0,0,0,0,0,0,0,0,0,0,0,0,0,0,0,0,0,0,0,1.62422e-05,1.62422e-05,1.62422e-05,3.24844e-05,3.24844e-05,3.24844e-05,6.49688e-05,0.000162422,0.000276117,0.000389813,0.000503508,0.0010395,0.00185161,0.00258251,0.00419049,0.00753638,0.0155275,0.033394,0.0655698,0.119478,0.216996,0.437662,0.662747,0.831942,0.946368,0.995615,0.999139,0.988111,0.883284,0.739134,0.517249,0.287649,0.140641,0.0816171,0.0471186,0.0258901,0.0144718,0.00859213,0.00539241,0.00383316,0.00269621,0.00212773,0.00147804,0.000974532,0.000600962,0.000471024,0.000389813,0.000341086,0.000243633,0.000113695,3.24844e-05,1.62422e-05,0,0,0,0,0,0,0,0,0,0,0,0,0,0,0,0,0,0,0,0,0,0,0,0,0,0,0,0,0,0,0,0,0,0,0,0,1.62422e-05,1.62422e-05,3.24844e-05,3.24844e-05,8.1211e-05,0.000178664,0.000324844,0.000406055,0.000568477,0.00108823,0.00185161,0.00235512,0.00337838,0.00466151,0.00743893,0.0132212,0.0252566,0.0470537,0.0796193,0.126722,0.193883,0.330513,0.451663,0.551504,0.617382,0.662325,0.677982,0.67894,0.674587,0.666856,0.644296,0.606273,0.547866,0.459492,0.357507,0.257195,0.172346,0.124756,0.0897869,0.0622564,0.0414176,0.0260687,0.0163072,0.0106711,0.00693542,0.00451533,0.0032322,0.00242009,0.00204652,0.00129938,0.000860837
0.000406055,0.000341086,0.000276117,0.000162422,4.87266e-05,3.24844e-05,3.24844e-05,1.62422e-05,1.62422e-05,0,0,0,0,0,0,0,0,0,0,0,0,0,0,0,0,0,0,0,0,0,0,0,0,0,0,0,0,0,0,0,0,0,1.62422e-05,1.62422e-05,1.62422e-05,3.24844e-05,3.24844e-05,3.24844e-05,0.000113695,0.000243633,0.000357328,0.000487266,0.000860837,0.0016567,0.00233888,0.0036545,0.00628573,0.0123116,0.0266535,0.0540541,0.100084,0.180272,0.379174,0.600929,0.78864,0.897203,0.973103,0.983839,0.934381,0.834784,0.669471,0.433358,0.205513,0.11415,0.0647089,0.0365937,0.0200916,0.0113858,0.00688669,0.00441788,0.00318347,0.00233888,0.00185161,0.00113695,0.000714657,0.000503508,0.000406055,0.000357328,0.000276117,0.000178664,3.24844e-05,3.24844e-05,1.62422e-05,0,0,0,0,0,0,0,0,0,0,0,0,0,0,0,0,0,0,0,0,0,0,0,0,0,0,0,0,0,0,0,0,0,0,0,0,1.62422e-05,1.62422e-05,3.24844e-05,3.24844e-05,0.000113695,0.000243633,0.000341086,0.000422297,0.000617204,0.0011532,0.00193282,0.00242009,0.00339462,0.004694,0.00735772,0.012409,0.0227553,0.0404756,0.0662682,0.102505,0.150825,0.212708,0.315456,0.392509,0.44757,0.482556,0.497044,0.496086,0.48595,0.471479,0.446644,0.403326,0.336149,0.248278,0.173109,0.12794,0.0928892,0.0658946,0.046274,0.0308439,0.0203677,0.0131075,0.00912812,0.00628573,0.00432043,0.00306978,0.00233888,0.00193282,0.00121817,0.00081211,0.000503508
0.000341086,0.000259875,0.000162422,8.1211e-05,3.24844e-05,3.24844e-05,1.62422e-05,1.62422e-05,0,0,0,0,0,0,0,0,0,0,0,0,0,0,0,0,0,0,0,0,0,0,0,0,0,0,0,0,0,0,0,0,0,0,1.62422e-05,1.62422e-05,1.62422e-05,1.62422e-05,3.24844e-05,3.24844e-05,8.1211e-05,0.000194906,0.000341086,0.00043854,0.000747141,0.00136435,0.0021927,0.00318347,0.0053112,0.0103138,0.0216833,0.0446823,0.084427,0.152173,0.314579,0.528473,0.716898,0.834492,0.881286,0.881058,0.83342,0.711701,0.514277,0.294634,0.142688,0.0808212,0.0454457,0.0248343,0.0137734,0.00838098,0.00521375,0.0036545,0.00259875,0.00204652,0.00123441,0.000795868,0.000503508,0.000422297,0.000373571,0.000308602,0.000211149,0.000113695,3.24844e-05,1.62422e-05,0,0,0,0,0,0,0,0,0,0,0,0,0,0,0,0,0,0,0,0,0,0,0,0,0,0,0,0,0,0,0,0,0,0,0,0,0,1.62422e-05,3.24844e-05,3.24844e-05,8.1211e-05,0.000178664,0.000276117,0.000357328,0.000454782,0.000747141,0.00121817,0.00199779,0.00245257,0.00339462,0.00466151,0.0071953,0.0117269,0.0199942,0.0335402,0.0537292,0.0800416,0.11186,0.147268,0.182286,0.219643,0.26759,0.292571,0.302706,0.300042,0.289436,0.272317,0.238565,0.196807,0.163949,0.128346,0.0959589,0.0692405,0.0487429,0.0331666,0.0223493,0.0151052,0.0105087,0.00737396,0.0053112,0.00399558,0.0028099,0.00229015,0.00180288,0.0011532,0.000747141,0.000503508,0.000389813
0.000243633,0.000162422,8.1211e-05,3.24844e-05,3.24844e-05,3.24844e-05,1.62422e-05,1.62422e-05,0,0,0,0,0,0,0,0,0,0,0,0,0,0,0,0,0,0,0,0,0,0,0,0,0,0,0,0,0,0,0,0,0,0,0,1.62422e-05,1.62422e-05,1.62422e-05,3.24844e-05,3.24844e-05,3.24844e-05,0.000162422,0.000308602,0.000422297,0.000617204,0.00118568,0.00204652,0.00277742,0.00466151,0.00899818,0.0182725,0.0375845,0.0709622,0.125893,0.228235,0.424685,0.593799,0.71287,0.756887,0.739881,0.65664,0.499708,0.308602,0.154528,0.0878054,0.0489702,0.0266859,0.0149266,0.00901442,0.00579847,0.00402807,0.00274493,0.0021927,0.00160798,0.000877079,0.000503508,0.000406055,0.000373571,0.000324844,0.000243633,0.00014618,3.24844e-05,3.24844e-05,1.62422e-05,0,0,0,0,0,0,0,0,0,0,0,0,0,0,0,0,0,0,0,0,0,0,0,0,0,0,0,0,0,0,0,0,0,0,0,0,1.62422e-05,1.62422e-05,3.24844e-05,3.24844e-05,0.000129938,0.000227391,0.000308602,0.000389813,0.000487266,0.000795868,0.00121817,0.00203028,0.00246881,0.00339462,0.00453157,0.00687045,0.0106549,0.0168756,0.0275143,0.0419861,0.0596089,0.0804476,0.100734,0.119543,0.134339,0.144734,0.149916,0.151767,0.150387,0.146034,0.138465,0.126608,0.109943,0.0903391,0.0695166,0.0508868,0.0354405,0.0242334,0.0163072,0.011532,0.00838098,0.00609083,0.00445036,0.00355704,0.00267996,0.00220894,0.00172167,0.00113695,0.000714657,0.000454782,0.000389813,0.000308602
0.000113695,4.87266e-05,3.24844e-05,3.24844e-05,3.24844e-05,1.62422e-05,1.62422e-05,0,0,0,0,0,0,0,0,0,0,0,0,0,0,0,0,0,0,0,0,0,0,0,0,0,0,0,0,0,0,0,0,0,0,0,0,1.62422e-05,1.62422e-05,1.62422e-05,1.62422e-05,3.24844e-05,3.24844e-05,0.000162422,0.00029236,0.000406055,0.000584719,0.00112071,0.00191658,0.00259875,0.00432043,0.00784498,0.0156412,0.0313799,0.0591216,0.101108,0.166759,0.298824,0.430662,0.52144,0.548792,0.507666,0.403018,0.25765,0.143419,0.0845082,0.0471836,0.0251917,0.0140982,0.00865709,0.00566853,0.00412552,0.00287487,0.00227391,0.00172167,0.0010395,0.000535993,0.000406055,0.000341086,0.000308602,0.000243633,0.000162422,3.24844e-05,3.24844e-05,1.62422e-05,0,0,0,0,0,0,0,0,0,0,0,0,0,0,0,0,0,0,0,0,0,0,0,0,0,0,0,0,0,0,0,0,0,0,0,0,0,1.62422e-05,3.24844e-05,3.24844e-05,8.1211e-05,0.000178664,0.000276117,0.000341086,0.000389813,0.000503508,0.00081211,0.00125065,0.00204652,0.00245257,0.00334589,0.0043854,0.00643191,0.00953417,0.014147,0.0216833,0.0313799,0.0435778,0.0559706,0.0678437,0.0776865,0.0842808,0.0881952,0.0898519,0.089527,0.088114,0.0851904,0.0802852,0.0714332,0.0602423,0.0477358,0.0351481,0.0248993,0.0169081,0.012068,0.00886824,0.00667555,0.00503508,0.00402807,0.00310226,0.00251754,0.00214397,0.00172167,0.00113695,0.000714657,0.000454782,0.000373571,0.000276117,0.000194906
3.24844e-05,3.24844e-05,3.24844e-05,3.24844e-05,1.62422e-05,1.62422e-05,1.62422e-05,0,0,0,0,0,0,0,0,0,0,0,0,0,0,0,0,0,0,0,0,0,0,0,0,0,0,0,0,0,0,0,0,0,0,0,0,0,1.62422e-05,1.62422e-05,1.62422e-05,3.24844e-05,3.24844e-05,0.00014618,0.000276117,0.000406055,0.000552235,0.0010395,0.0017704,0.00245257,0.00402807,0.00698415,0.013075,0.0252566,0.0469562,0.0778814,0.119673,0.173174,0.247369,0.304655,0.306588,0.252956,0.174084,0.117399,0.0724565,0.0415963,0.0220244,0.0121492,0.00745517,0.00505133,0.00386564,0.0028099,0.00227391,0.0017704,0.00108823,0.000535993,0.000389813,0.000324844,0.000276117,0.000194906,0.000113695,3.24844e-05,3.24844e-05,1.62422e-05,0,0,0,0,0,0,0,0,0,0,0,0,0,0,0,0,0,0,0,0,0,0,0,0,0,0,0,0,0,0,0,0,0,0,0,0,0,1.62422e-05,1.62422e-05,3.24844e-05,3.24844e-05,0.000129938,0.000227391,0.000308602,0.000357328,0.000422297,0.000535993,0.000844595,0.00128313,0.00203028,0.00242009,0.00316723,0.00419049,0.00586344,0.00821856,0.0117594,0.0165021,0.0232588,0.0304541,0.0381205,0.0450559,0.0497336,0.0528196,0.0540216,0.0543139,0.0539566,0.0529171,0.0503833,0.0468588,0.040703,0.0328417,0.0249155,0.0176228,0.0123116,0.0089657,0.006773,0.00524623,0.00420673,0.00345959,0.00271245,0.00233888,0.002079,0.00168919,0.0011532,0.000747141,0.000487266,0.000389813,0.000308602,0.000194906,0.000113695
3.24844e-05,3.24844e-05,1.62422e-05,1.62422e-05,1.62422e-05,1.62422e-05,0,0,0,0,0,0,0,0,0,0,0,0,0,0,0,0,0,0,0,0,0,0,0,0,0,0,0,0,0,0,0,0,0,0,0,0,0,0,1.62422e-05,1.62422e-05,1.62422e-05,3.24844e-05,3.24844e-05,0.000129938,0.000276117,0.000406055,0.000535993,0.000990774,0.00168919,0.00233888,0.00368698,0.00605834,0.0107361,0.0194906,0.0338812,0.0553372,0.0818607,0.109472,0.13382,0.145546,0.13879,0.116278,0.0866197,0.0575624,0.0340761,0.0185486,0.010395,0.00641567,0.00436915,0.00339462,0.00264748,0.00217646,0.00168919,0.00105574,0.000535993,0.000389813,0.00029236,0.000194906,0.000162422,8.1211e-05,3.24844e-05,3.24844e-05,1.62422e-05,0,0,0,0,0,0,0,0,0,0,0,0,0,0,0,0,0,0,0,0,0,0,0,0,0,0,0,0,0,0,0,0,0,0,0,0,0,0,1.62422e-05,3.24844e-05,3.24844e-05,8.1211e-05,0.000178664,0.000276117,0.000341086,0.000389813,0.00043854,0.000535993,0.000877079,0.00125065,0.00201403,0.00233888,0.00290735,0.0039631,0.00513254,0.00704912,0.00961538,0.0126527,0.016567,0.0212286,0.0251917,0.0288786,0.031185,0.0323545,0.032793,0.0324519,0.0319159,0.0311201,0.0296095,0.0266859,0.0227716,0.0178827,0.0133024,0.00976156,0.00704912,0.0053112,0.00420673,0.00352456,0.00279366,0.00243633,0.0021927,0.00199779,0.00164046,0.00113695,0.000795868,0.000503508,0.000389813,0.000324844,0.000194906,0.000113695,3.24844e-05
3.24844e-05,1.62422e-05,1.62422e-05,1.62422e-05,1.62422e-05,0,0,0,0,0,0,0,0,0,0,0,0,0,0,0,0,0,0,0,0,0,0,0,0,0,0,0,0,0,0,0,0,0,0,0,0,0,0,0,1.62422e-05,1.62422e-05,1.62422e-05,3.24844e-05,3.24844e-05,0.000162422,0.000276117,0.000406055,0.000535993,0.000974532,0.0016567,0.00225767,0.00337838,0.00510005,0.00855964,0.014147,0.0235999,0.0362526,0.0512929,0.0653911,0.0763221,0.0793269,0.0722128,0.0584882,0.0421323,0.0266535,0.0153976,0.0089657,0.00540865,0.00375195,0.00277742,0.00233888,0.00201403,0.00136435,0.000942048,0.000503508,0.000389813,0.000243633,0.000113695,8.1211e-05,3.24844e-05,3.24844e-05,3.24844e-05,1.62422e-05,0,0,0,0,0,0,0,0,0,0,0,0,0,0,0,0,0,0,0,0,0,0,0,0,0,0,0,0,0,0,0,0,0,0,0,0,0,0,1.62422e-05,1.62422e-05,3.24844e-05,3.24844e-05,0.000113695,0.000194906,0.00029236,0.000341086,0.000389813,0.000454782,0.000552235,0.000893321,0.00123441,0.00193282,0.00232264,0.00277742,0.00363825,0.00446661,0.00596089,0.00761759,0.00987526,0.0121329,0.0146342,0.016697,0.0185161,0.0198155,0.0201728,0.0201403,0.0198967,0.0193932,0.0184836,0.0170706,0.0153651,0.0127664,0.0103138,0.00773129,0.00587968,0.0043854,0.00357328,0.00277742,0.00235512,0.00212773,0.00196531,0.00168919,0.00123441,0.0010395,0.000747141,0.000503508,0.000406055,0.000341086,0.000243633,0.000113695,3.24844e-05,3.24844e-05
1.62422e-05,1.62422e-05,1.62422e-05,1.62422e-05,1.62422e-05,0,0,0,0,0,0,0,0,0,0,0,0,0,0,0,0,0,0,0,0,0,0,0,0,0,0,0,0,0,0,0,0,0,0,0,0,0,0,0,0,1.62422e-05,1.62422e-05,3.24844e-05,3.24844e-05,0.000162422,0.000276117,0.000389813,0.000535993,0.000942048,0.00142931,0.00212773,0.0028099,0.00430418,0.00656185,0.0101351,0.0153976,0.0225117,0.0303404,0.0373246,0.0413202,0.0411577,0.0361389,0.0283751,0.0197343,0.0123928,0.00761759,0.00477521,0.00331341,0.00240385,0.00204652,0.00152677,0.00105574,0.000682173,0.000454782,0.000341086,0.000178664,3.24844e-05,3.24844e-05,3.24844e-05,3.24844e-05,1.62422e-05,1.62422e-05,0,0,0,0,0,0,0,0,0,0,0,0,0,0,0,0,0,0,0,0,0,0,0,0,0,0,0,0,0,0,0,0,0,0,0,0,0,0,0,1.62422e-05,3.24844e-05,3.24844e-05,8.1211e-05,0.000162422,0.000243633,0.000324844,0.000357328,0.000406055,0.000471024,0.000568477,0.000877079,0.00121817,0.00185161,0.00220894,0.00264748,0.00332965,0.00410928,0.00495387,0.00625325,0.00748766,0.00901442,0.0103138,0.0114345,0.0121167,0.0123603,0.012409,0.0122629,0.0121004,0.0117756,0.0111909,0.0103463,0.00940424,0.0078125,0.00641567,0.00497011,0.0039631,0.00295608,0.00242009,0.00209524,0.0017704,0.00142931,0.00120192,0.0010395,0.00081211,0.000584719,0.000471024,0.000406055,0.000341086,0.000243633,0.000162422,3.24844e-05,3.24844e-05,3.24844e-05
1.62422e-05,1.62422e-05,1.62422e-05,1.62422e-05,0,0,0,0,0,0,0,0,0,0,0,0,0,0,0,0,0,0,0,0,0,0,0,0,0,0,0,0,0,0,0,0,0,0,0,0,0,0,0,0,0,1.62422e-05,1.62422e-05,3.24844e-05,3.24844e-05,0.000162422,0.000276117,0.000389813,0.000503508,0.000844595,0.00123441,0.00199779,0.00251754,0.00358953,0.00495387,0.00714657,0.0100702,0.0134485,0.0170706,0.0201891,0.0215047,0.0206276,0.0173954,0.0134485,0.00976156,0.00656185,0.00436915,0.00290735,0.00220894,0.00168919,0.00113695,0.000747141,0.000503508,0.000389813,0.000276117,0.000113695,3.24844e-05,1.62422e-05,1.62422e-05,1.62422e-05,1.62422e-05,0,0,0,0,0,0,0,0,0,0,0,0,0,0,0,0,0,0,0,0,0,0,0,0,0,0,0,0,0,0,0,0,0,0,0,0,0,0,0,0,0,1.62422e-05,3.24844e-05,3.24844e-05,0.000113695,0.000178664,0.000276117,0.000341086,0.000373571,0.000406055,0.000471024,0.000568477,0.000844595,0.00118568,0.00172167,0.00212773,0.00243633,0.00284239,0.00358953,0.00420673,0.00497011,0.0059284,0.00672427,0.0073902,0.00786123,0.00821856,0.00825104,0.00807238,0.00779626,0.00752014,0.00726027,0.00695166,0.00649688,0.00589592,0.00503508,0.00417425,0.00345959,0.00267996,0.00222518,0.00185161,0.00123441,0.0010395,0.000844595,0.000747141,0.000552235,0.000503508,0.000422297,0.000389813,0.000341086,0.000259875,0.000162422,3.24844e-05,3.24844e-05,3.24844e-05,1.62422e-05
1.62422e-05,1.62422e-05,1.62422e-05,0,0,0,0,0,0,0,0,0,0,0,0,0,0,0,0,0,0,0,0,0,0,0,0,0,0,0,0,0,0,0,0,0,0,0,0,0,0,0,0,0,0,1.62422e-05,1.62422e-05,3.24844e-05,3.24844e-05,0.000162422,0.000276117,0.000373571,0.000471024,0.000779626,0.00116944,0.00173792,0.00220894,0.00279366,0.00388189,0.00503508,0.0066593,0.00841346,0.0100377,0.0111584,0.0113695,0.0106874,0.00920933,0.0071953,0.00532744,0.0039631,0.00274493,0.00212773,0.0014618,0.000942048,0.000535993,0.000406055,0.000341086,0.000194906,3.24844e-05,1.62422e-05,1.62422e-05,0,0,0,0,0,0,0,0,0,0,0,0,0,0,0,0,0,0,0,0,0,0,0,0,0,0,0,0,0,0,0,0,0,0,0,0,0,0,0,0,0,0,0,0,1.62422e-05,1.62422e-05,3.24844e-05,3.24844e-05,0.00014618,0.000211149,0.000276117,0.000341086,0.000389813,0.000422297,0.000487266,0.000552235,0.00081211,0.00113695,0.00160798,0.00204652,0.00232264,0.00264748,0.00306978,0.0036545,0.004158,0.00456406,0.00508381,0.00552235,0.00579847,0.00587968,0.00579847,0.00555483,0.0053112,0.00503508,0.00472648,0.00445036,0.00425546,0.00391437,0.0034271,0.00277742,0.00233888,0.00204652,0.00152677,0.00105574,0.000747141,0.000535993,0.000503508,0.00043854,0.000406055,0.000389813,0.000341086,0.000308602,0.000243633,0.000162422,8.1211e-05,3.24844e-05,3.24844e-05,1.62422e-05,1.62422e-05
1.62422e-05,1.62422e-05,0,0,0,0,0,0,0,0,0,0,0,0,0,0,0,0,0,0,0,0,0,0,0,0,0,0,0,0,0,0,0,0,0,0,0,0,0,0,0,0,0,0,0,1.62422e-05,1.62422e-05,3.24844e-05,3.24844e-05,0.000113695,0.000259875,0.000341086,0.00043854,0.000600962,0.0010395,0.0014618,0.00201403,0.00233888,0.00287487,0.00370322,0.00443412,0.00532744,0.00607458,0.00648064,0.00648064,0.00602586,0.00513254,0.00425546,0.0034271,0.00258251,0.00204652,0.00123441,0.00081211,0.000503508,0.000373571,0.000259875,0.000113695,3.24844e-05,1.62422e-05,0,0,0,0,0,0,0,0,0,0,0,0,0,0,0,0,0,0,0,0,0,0,0,0,0,0,0,0,0,0,0,0,0,0,0,0,0,0,0,0,0,0,0,0,0,0,1.62422e-05,3.24844e-05,3.24844e-05,8.1211e-05,0.000162422,0.000243633,0.000308602,0.000341086,0.000389813,0.000422297,0.000487266,0.000535993,0.000779626,0.0010395,0.00136435,0.0018841,0.00214397,0.00237136,0.00269621,0.00306978,0.0035408,0.0038494,0.00414176,0.00430418,0.00436915,0.00432043,0.00422297,0.00412552,0.00391437,0.0036545,0.00345959,0.00318347,0.0028099,0.00264748,0.00233888,0.00209524,0.00172167,0.00120192,0.000844595,0.000535993,0.000454782,0.000422297,0.000389813,0.000357328,0.000341086,0.000308602,0.000259875,0.000194906,0.00014618,4.87266e-05,3.24844e-05,3.24844e-05,1.62422e-05,1.62422e-05,1.62422e-05
1.62422e-05,0,0,0,0,0,0,0,0,0,0,0,0,0,0,0,0,0,0,0,0,0,0,0,0,0,0,0,0,0,0,0,0,0,0,0,0,0,0,0,0,0,0,0,1.62422e-05,1.62422e-05,1.62422e-05,3.24844e-05,3.24844e-05,0.000113695,0.000243633,0.000341086,0.000406055,0.000535993,0.00081211,0.00118568,0.00168919,0.00204652,0.00233888,0.00269621,0.0032322,0.00367074,0.00402807,0.00414176,0.00410928,0.00380068,0.00337838,0.00269621,0.00233888,0.00193282,0.00118568,0.000730899,0.00043854,0.000341086,0.000178664,3.24844e-05,3.24844e-05,1.62422e-05,0,0,0,0,0,0,0,0,0,0,0,0,0,0,0,0,0,0,0,0,0,0,0,0,0,0,0,0,0,0,0,0,0,0,0,0,0,0,0,0,0,0,0,0,0,0,1.62422e-05,1.62422e-05,3.24844e-05,3.24844e-05,0.000113695,0.000178664,0.000243633,0.000308602,0.000341086,0.000389813,0.000422297,0.000471024,0.000535993,0.000714657,0.000942048,0.00118568,0.0016567,0.00201403,0.00220894,0.00242009,0.00267996,0.00287487,0.00319971,0.0034271,0.00355704,0.00355704,0.00350832,0.00339462,0.00315099,0.00285863,0.00269621,0.00255003,0.00233888,0.00220894,0.00204652,0.00178664,0.00136435,0.0010395,0.000747141,0.000503508,0.000422297,0.000389813,0.000341086,0.000324844,0.000276117,0.000243633,0.000178664,0.000162422,8.1211e-05,3.24844e-05,3.24844e-05,3.24844e-05,1.62422e-05,1.62422e-05,1.62422e-05,1.62422e-05
0,0,0,0,0,0,0,0,0,0,0,0,0,0,0,0,0,0,0,0,0,0,0,0,0,0,0,0,0,0,0,0,0,0,0,0,0,0,0,0,0,0,0,0,1.62422e-05,1.62422e-05,1.62422e-05,3.24844e-05,3.24844e-05,8.1211e-05,0.000194906,0.000308602,0.000389813,0.000471024,0.000617204,0.000974532,0.00121817,0.00168919,0.00204652,0.00224142,0.00242009,0.00259875,0.00269621,0.00269621,0.00264748,0.00251754,0.00232264,0.00204652,0.0016567,0.0010395,0.000568477,0.000406055,0.000308602,0.000162422,3.24844e-05,1.62422e-05,0,0,0,0,0,0,0,0,0,0,0,0,0,0,0,0,0,0,0,0,0,0,0,0,0,0,0,0,0,0,0,0,0,0,0,0,0,0,0,0,0,0,0,0,0,0,0,0,1.62422e-05,1.62422e-05,3.24844e-05,3.24844e-05,0.000113695,0.000178664,0.000259875,0.000324844,0.000341086,0.000389813,0.000422297,0.000471024,0.000503508,0.000617204,0.00081211,0.00107199,0.00125065,0.00172167,0.00204652,0.00220894,0.00235512,0.00256627,0.00269621,0.00277742,0.0028099,0.00279366,0.00274493,0.00267996,0.00255003,0.00235512,0.00227391,0.00212773,0.00201403,0.00173792,0.00138059,0.0011532,0.000909563,0.000617204,0.000503508,0.000406055,0.000357328,0.000324844,0.000259875,0.000194906,0.000162422,0.000113695,3.24844e-05,3.24844e-05,3.24844e-05,3.24844e-05,3.24844e-05,1.62422e-05,1.62422e-05,1.62422e-05,1.62422e-05,1.62422e-05
0,0,0,0,0,0,0,0,0,0,0,0,0,0,0,0,0,0,0,0,0,0,0,0,0,0,0,0,0,0,0,0,0,0,0,0,0,0,0,0,0,0,0,0,1.62422e-05,1.62422e-05,1.62422e-05,3.24844e-05,3.24844e-05,8.1211e-05,0.000162422,0.000276117,0.000341086,0.000422297,0.000503508,0.000747141,0.000990774,0.00121817,0.00164046,0.00186785,0.00204652,0.00211149,0.00212773,0.00212773,0.00204652,0.00193282,0.0016567,0.00118568,0.000844595,0.000535993,0.000406055,0.000324844,0.000178664,3.24844e-05,1.62422e-05,1.62422e-05,0,0,0,0,0,0,0,0,0,0,0,0,0,0,0,0,0,0,0,0,0,0,0,0,0,0,0,0,0,0,0,0,0,0,0,0,0,0,0,0,0,0,0,0,0,0,0,0,1.62422e-05,1.62422e-05,3.24844e-05,3.24844e-05,0.000113695,0.000194906,0.000276117,0.000324844,0.000341086,0.000389813,0.000422297,0.000454782,0.000503508,0.000568477,0.000747141,0.000909563,0.00113695,0.00136435,0.00175416,0.00203028,0.00212773,0.00227391,0.00233888,0.00242009,0.00242009,0.00242009,0.00235512,0.00232264,0.00220894,0.002079,0.00194906,0.00172167,0.00139683,0.00118568,0.000990774,0.000795868,0.000552235,0.000454782,0.000389813,0.000341086,0.000276117,0.000194906,0.000113695,3.24844e-05,3.24844e-05,3.24844e-05,3.24844e-05,3.24844e-05,1.62422e-05,1.62422e-05,1.62422e-05,1.62422e-05,1.62422e-05,1.62422e-05,1.62422e-05,0
0,0,0,0,0,0,0,0,0,0,0,0,0,0,0,0,0,0,0,0,0,0,0,0,0,0,0,0,0,0,0,0,0,0,0,0,0,0,0,0,0,0,0,1.62422e-05,1.62422e-05,1.62422e-05,1.62422e-05,3.24844e-05,3.24844e-05,3.24844e-05,0.00014618,0.000227391,0.000324844,0.000389813,0.00043854,0.000535993,0.000747141,0.000974532,0.00113695,0.00123441,0.0014618,0.0016567,0.00167295,0.00164046,0.00136435,0.00118568,0.000990774,0.000747141,0.000503508,0.000422297,0.000341086,0.000243633,9.74532e-05,3.24844e-05,1.62422e-05,0,0,0,0,0,0,0,0,0,0,0,0,0,0,0,0,0,0,0,0,0,0,0,0,0,0,0,0,0,0,0,0,0,0,0,0,0,0,0,0,0,0,0,0,0,0,0,0,1.62422e-05,1.62422e-05,3.24844e-05,3.24844e-05,3.24844e-05,0.000129938,0.000194906,0.000276117,0.000324844,0.000341086,0.000389813,0.000406055,0.00043854,0.000503508,0.000535993,0.000617204,0.000779626,0.000942048,0.00113695,0.00131562,0.00167295,0.0018841,0.00203028,0.002079,0.00212773,0.00212773,0.00212773,0.002079,0.00204652,0.0018841,0.00168919,0.00138059,0.00118568,0.0010395,0.000828352,0.000617204,0.000503508,0.00043854,0.000389813,0.000324844,0.000243633,0.000162422,3.24844e-05,3.24844e-05,3.24844e-05,1.62422e-05,1.62422e-05,1.62422e-05,1.62422e-05,1.62422e-05,1.62422e-05,1.62422e-05,1.62422e-05,0,0,0,0
0,0,0,0,0,0,0,0,0,0,0,0,0,0,0,0,0,0,0,0,0,0,0,0,0,0,0,0,0,0,0,0,0,0,0,0,0,0,0,0,0,0,0,1.62422e-05,1.62422e-05,1.62422e-05,1.62422e-05,3.24844e-05,3.24844e-05,3.24844e-05,0.000113695,0.000178664,0.000276117,0.000341086,0.000389813,0.00043854,0.000535993,0.000682173,0.00081211,0.000974532,0.0010395,0.00112071,0.00112071,0.00105574,0.000974532,0.00081211,0.000617204,0.000503508,0.000422297,0.000357328,0.000276117,0.000162422,3.24844e-05,3.24844e-05,1.62422e-05,0,0,0,0,0,0,0,0,0,0,0,0,0,0,0,0,0,0,0,0,0,0,0,0,0,0,0,0,0,0,0,0,0,0,0,0,0,0,0,0,0,0,0,0,0,0,0,0,1.62422e-05,1.62422e-05,3.24844e-05,3.24844e-05,4.87266e-05,0.000162422,0.000194906,0.000276117,0.000324844,0.000341086,0.000389813,0.000406055,0.000422297,0.000471024,0.000503508,0.000552235,0.000617204,0.000795868,0.000942048,0.00108823,0.00120192,0.00136435,0.0016567,0.00168919,0.0017704,0.00180288,0.0017704,0.00168919,0.00152677,0.00125065,0.0011532,0.000990774,0.000828352,0.00066593,0.000535993,0.000454782,0.000406055,0.000357328,0.000308602,0.000211149,0.000113695,3.24844e-05,3.24844e-05,1.62422e-05,1.62422e-05,0,0,0,0,0,0,0,0,0,0,0,0
0,0,0,0,0,0,0,0,0,0,0,0,0,0,0,0,0,0,0,0,0,0,0,0,0,0,0,0,0,0,0,0,0,0,0,0,0,0,0,0,0,0,0,1.62422e-05,1.62422e-05,1.62422e-05,1.62422e-05,3.24844e-05,3.24844e-05,3.24844e-05,8.1211e-05,0.000162422,0.000211149,0.000276117,0.000341086,0.000389813,0.000422297,0.000503508,0.000535993,0.000617204,0.000747141,0.000747141,0.000747141,0.000730899,0.000600962,0.000535993,0.000471024,0.000406055,0.000357328,0.000308602,0.000194906,0.000113695,3.24844e-05,1.62422e-05,1.62422e-05,0,0,0,0,0,0,0,0,0,0,0,0,0,0,0,0,0,0,0,0,0,0,0,0,0,0,0,0,0,0,0,0,0,0,0,0,0,0,0,0,0,0,0,0,0,0,0,1.62422e-05,1.62422e-05,1.62422e-05,3.24844e-05,3.24844e-05,8.1211e-05,0.000162422,0.000194906,0.000276117,0.000308602,0.000341086,0.000373571,0.000389813,0.000422297,0.00043854,0.000503508,0.000503508,0.000552235,0.000617204,0.000747141,0.000844595,0.000974532,0.00107199,0.0011532,0.00120192,0.00121817,0.00121817,0.00118568,0.0011532,0.00107199,0.000942048,0.000795868,0.000617204,0.000535993,0.000471024,0.000406055,0.000389813,0.000341086,0.000276117,0.000194906,0.000113695,3.24844e-05,1.62422e-05,1.62422e-05,0,0,0,0,0,0,0,0,0,0,0,0,0,0
0,0,0,0,0,0,0,0,0,0,0,0,0,0,0,0,0,0,0,0,0,0,0,0,0,0,0,0,0,0,0,0,0,0,0,0,0,0,0,0,0,0,1.62422e-05,1.62422e-05,1.62422e-05,1.62422e-05,1.62422e-05,3.24844e-05,3.24844e-05,3.24844e-05,3.24844e-05,0.000113695,0.000178664,0.000243633,0.00029236,0.000341086,0.000373571,0.000406055,0.00043854,0.000471024,0.000503508,0.000503508,0.000503508,0.000487266,0.000454782,0.000422297,0.000389813,0.000341086,0.000308602,0.000227391,0.00014618,3.24844e-05,3.24844e-05,1.62422e-05,1.62422e-05,0,0,0,0,0,0,0,0,0,0,0,0,0,0,0,0,0,0,0,0,0,0,0,0,0,0,0,0,0,0,0,0,0,0,0,0,0,0,0,0,0,0,0,0,0,0,1.62422e-05,1.62422e-05,1.62422e-05,3.24844e-05,3.24844e-05,3.24844e-05,0.000113695,0.000162422,0.000211149,0.000276117,0.000308602,0.000341086,0.000373571,0.000389813,0.000406055,0.000422297,0.000454782,0.000503508,0.000503508,0.000535993,0.000584719,0.000617204,0.000747141,0.000795868,0.000844595,0.000877079,0.000909563,0.000877079,0.000844595,0.000795868,0.000714657,0.000584719,0.000503508,0.000454782,0.000422297,0.000389813,0.000341086,0.000308602,0.000243633,0.000178664,8.1211e-05,3.24844e-05,1.62422e-05,1.62422e-05,0,0,0,0,0,0,0,0,0,0,0,0,0,0,0
0,0,0,0,0,0,0,0,0,0,0,0,0,0,0,0,0,0,0,0,0,0,0,0,0,0,0,0,0,0,0,0,0,0,0,0,0,0,0,0,0,0,1.62422e-05,1.62422e-05,1.62422e-05,1.62422e-05,1.62422e-05,3.24844e-05,3.24844e-05,3.24844e-05,3.24844e-05,4.87266e-05,0.000113695,0.000178664,0.000243633,0.000276117,0.000324844,0.000341086,0.000373571,0.000389813,0.000406055,0.000406055,0.000406055,0.000389813,0.000389813,0.000341086,0.000341086,0.000276117,0.000227391,0.000162422,3.24844e-05,3.24844e-05,3.24844e-05,1.62422e-05,1.62422e-05,0,0,0,0,0,0,0,0,0,0,0,0,0,0,0,0,0,0,0,0,0,0,0,0,0,0,0,0,0,0,0,0,0,0,0,0,0,0,0,0,0,0,0,0,0,1.62422e-05,1.62422e-05,1.62422e-05,3.24844e-05,3.24844e-05,3.24844e-05,3.24844e-05,0.000113695,0.000178664,0.000227391,0.000276117,0.000308602,0.000341086,0.000357328,0.000389813,0.000389813,0.000406055,0.000422297,0.000454782,0.000471024,0.000503508,0.000503508,0.000535993,0.000535993,0.000568477,0.000584719,0.000600962,0.000600962,0.000584719,0.000552235,0.000503508,0.000503508,0.000454782,0.000406055,0.000389813,0.000341086,0.000324844,0.000276117,0.000211149,0.000162422,4.87266e-05,3.24844e-05,1.62422e-05,1.62422e-05,0,0,0,0,0,0,0,0,0,0,0,0,0,0,0,0
0,0,0,0,0,0,0,0,0,0,0,0,0,0,0,0,0,0,0,0,0,0,0,0,0,0,0,0,0,0,0,0,0,0,0,0,0,0,0,0,0,1.62422e-05,1.62422e-05,1.62422e-05,1.62422e-05,1.62422e-05,1.62422e-05,3.24844e-05,3.24844e-05,3.24844e-05,3.24844e-05,3.24844e-05,8.1211e-05,0.000113695,0.000178664,0.000211149,0.000259875,0.000276117,0.000308602,0.000341086,0.000341086,0.000341086,0.000341086,0.000341086,0.000324844,0.00029236,0.000259875,0.000194906,0.000162422,4.87266e-05,3.24844e-05,3.24844e-05,1.62422e-05,1.62422e-05,1.62422e-05,0,0,0,0,0,0,0,0,0,0,0,0,0,0,0,0,0,0,0,0,0,0,0,0,0,0,0,0,0,0,0,0,0,0,0,0,0,0,0,0,0,0,0,0,1.62422e-05,1.62422e-05,1.62422e-05,3.24844e-05,3.24844e-05,3.24844e-05,3.24844e-05,8.1211e-05,0.00014618,0.000178664,0.000243633,0.000276117,0.000308602,0.000341086,0.000341086,0.000373571,0.000389813,0.000406055,0.000406055,0.000422297,0.00043854,0.000454782,0.000471024,0.000487266,0.000503508,0.000503508,0.000503508,0.000503508,0.000503508,0.000471024,0.000454782,0.000422297,0.000406055,0.000389813,0.000357328,0.000341086,0.000308602,0.000243633,0.000178664,0.000113695,3.24844e-05,3.24844e-05,1.62422e-05,1.62422e-05,0,0,0,0,0,0,0,0,0,0,0,0,0,0,0,0,0
0,0,0,0,0,0,0,0,0,0,0,0,0,0,0,0,0,0,0,0,0,0,0,0,0,0,0,0,0,0,0,0,0,0,0,0,0,0,0,0,0,1.62422e-05,1.62422e-05,1.62422e-05,1.62422e-05,1.62422e-05,1.62422e-05,3.24844e-05,3.24844e-05,3.24844e-05,3.24844e-05,3.24844e-05,3.24844e-05,8.1211e-05,0.000113695,0.000162422,0.000194906,0.000227391,0.000243633,0.000276117,0.000276117,0.000276117,0.000276117,0.000276117,0.000243633,0.000194906,0.000162422,0.000113695,3.24844e-05,3.24844e-05,3.24844e-05,1.62422e-05,1.62422e-05,1.62422e-05,1.62422e-05,0,0,0,0,0,0,0,0,0,0,0,0,0,0,0,0,0,0,0,0,0,0,0,0,0,0,0,0,0,0,0,0,0,0,0,0,0,0,0,0,0,0,0,1.62422e-05,1.62422e-05,1.62422e-05,3.24844e-05,3.24844e-05,3.24844e-05,3.24844e-05,4.87266e-05,0.000113695,0.000162422,0.000194906,0.000243633,0.000276117,0.000308602,0.000341086,0.000341086,0.000357328,0.000389813,0.000389813,0.000389813,0.000406055,0.000406055,0.000422297,0.000422297,0.000422297,0.00043854,0.00043854,0.000422297,0.000422297,0.000422297,0.000406055,0.000389813,0.000389813,0.000357328,0.000341086,0.000308602,0.000276117,0.000211149,0.000162422,0.000113695,3.24844e-05,3.24844e-05,1.62422e-05,1.62422e-05,0,0,0,0,0,0,0,0,0,0,0,0,0,0,0,0,0,0
0,0,0,0,0,0,0,0,0,0,0,0,0,0,0,0,0,0,0,0,0,0,0,0,0,0,0,0,0,0,0,0,0,0,0,0,0,0,0,0,0,1.62422e-05,1.62422e-05,1.62422e-05,1.62422e-05,1.62422e-05,1.62422e-05,3.24844e-05,3.24844e-05,3.24844e-05,3.24844e-05,3.24844e-05,3.24844e-05,3.24844e-05,4.87266e-05,0.000113695,0.000113695,0.000162422,0.000178664,0.000178664,0.000194906,0.000194906,0.000178664,0.000178664,0.000162422,0.000113695,8.1211e-05,3.24844e-05,3.24844e-05,3.24844e-05,3.24844e-05,1.62422e-05,1.62422e-05,1.62422e-05,0,0,0,0,0,0,0,0,0,0,0,0,0,0,0,0,0,0,0,0,0,0,0,0,0,0,0,0,0,0,0,0,0,0,0,0,0,0,0,0,0,0,0,1.62422e-05,1.62422e-05,1.62422e-05,3.24844e-05,3.24844e-05,3.24844e-05,3.24844e-05,8.1211e-05,0.000113695,0.000162422,0.000194906,0.000243633,0.000276117,0.00029236,0.000324844,0.000341086,0.000341086,0.000357328,0.000373571,0.000389813,0.000389813,0.000389813,0.000389813,0.000389813,0.000406055,0.000406055,0.000406055,0.000389813,0.000389813,0.000389813,0.000389813,0.000357328,0.000341086,0.000341086,0.000308602,0.000276117,0.000227391,0.000178664,0.000113695,4.87266e-05,3.24844e-05,3.24844e-05,1.62422e-05,1.62422e-05,0,0,0,0,0,0,0,0,0,0,0,0,0,0,0,0,0,0,0
0,0,0,0,0,0,0,0,0,0,0,0,0,0,0,0,0,0,0,0,0,0,0,0,0,0,0,0,0,0,0,0,0,0,0,0,0,0,0,0,0,1.62422e-05,1.62422e-05,1.62422e-05,1.62422e-05,1.62422e-05,1.62422e-05,1.62422e-05,3.24844e-05,3.24844e-05,3.24844e-05,3.24844e-05,3.24844e-05,3.24844e-05,3.24844e-05,3.24844e-05,8.1211e-05,9.74532e-05,0.000113695,0.000113695,0.000113695,0.000113695,0.000113695,9.74532e-05,4.87266e-05,3.24844e-05,3.24844e-05,3.24844e-05,3.24844e-05,3.24844e-05,1.62422e-05,1.62422e-05,1.62422e-05,1.62422e-05,0,0,0,0,0,0,0,0,0,0,0,0,0,0,0,0,0,0,0,0,0,0,0,0,0,0,0,0,0,0,0,0,0,0,0,0,0,0,0,0,0,0,0,1.62422e-05,1.62422e-05,3.24844e-05,3.24844e-05,3.24844e-05,4.87266e-05,0.000113695,0.000162422,0.000178664,0.000194906,0.000243633,0.000259875,0.000276117,0.000308602,0.000324844,0.000341086,0.000341086,0.000341086,0.000357328,0.000373571,0.000373571,0.000373571,0.000389813,0.000389813,0.000389813,0.000373571,0.000373571,0.000357328,0.000341086,0.000341086,0.000341086,0.000324844,0.000276117,0.000259875,0.000227391,0.000178664,0.000129938,8.1211e-05,3.24844e-05,3.24844e-05,3.24844e-05,1.62422e-05,1.62422e-05,0,0,0,0,0,0,0,0,0,0,0,0,0,0,0,0,0,0,0,0
0,0,0,0,0,0,0,0,0,0,0,0,0,0,0,0,0,0,0,0,0,0,0,0,0,0,0,0,0,0,0,0,0,0,0,0,0,0,0,0,0,1.62422e-05,1.62422e-05,1.62422e-05,1.62422e-05,1.62422e-05,1.62422e-05,1.62422e-05,3.24844e-05,3.24844e-05,3.24844e-05,3.24844e-05,3.24844e-05,3.24844e-05,3.24844e-05,3.24844e-05,3.24844e-05,3.24844e-05,3.24844e-05,3.24844e-05,4.87266e-05,3.24844e-05,3.24844e-05,3.24844e-05,3.24844e-05,3.24844e-05,3.24844e-05,3.24844e-05,3.24844e-05,1.62422e-05,1.62422e-05,1.62422e-05,1.62422e-05,1.62422e-05,0,0,0,0,0,0,0,0,0,0,0,0,0,0,0,0,0,0,0,0,0,0,0,0,0,0,0,0,0,0,0,0,0,0,0,0,0,0,0,0,0,0,1.62422e-05,1.62422e-05,3.24844e-05,3.24844e-05,3.24844e-05,8.1211e-05,0.000113695,0.000162422,0.000194906,0.000227391,0.000243633,0.000276117,0.000276117,0.000308602,0.000324844,0.000324844,0.000341086,0.000341086,0.000341086,0.000341086,0.000341086,0.000357328,0.000357328,0.000357328,0.000341086,0.000341086,0.000341086,0.000341086,0.000341086,0.000324844,0.000308602,0.000276117,0.000243633,0.000194906,0.000178664,0.000129938,8.1211e-05,3.24844e-05,3.24844e-05,3.24844e-05,1.62422e-05,1.62422e-05,1.62422e-05,0,0,0,0,0,0,0,0,0,0,0,0,0,0,0,0,0,0,0,0,0
0,0,0,0,0,0,0,0,0,0,0,0,0,0,0,0,0,0,0,0,0,0,0,0,0,0,0,0,0,0,0,0,0,0,0,0,0,0,0,0,0,1.62422e-05,1.62422e-05,1.62422e-05,1.62422e-05,1.62422e-05,1.62422e-05,1.62422e-05,3.24844e-05,3.24844e-05,3.24844e-05,3.24844e-05,3.24844e-05,3.24844e-05,3.24844e-05,3.24844e-05,3.24844e-05,3.24844e-05,3.24844e-05,3.24844e-05,3.24844e-05,3.24844e-05,3.24844e-05,3.24844e-05,3.24844e-05,3.24844e-05,3.24844e-05,3.24844e-05,1.62422e-05,1.62422e-05,1.62422e-05,1.62422e-05,1.62422e-05,0,0,0,0,0,0,0,0,0,0,0,0,0,0,0,0,0,0,0,0,0,0,0,0,0,0,0,0,0,0,0,0,0,0,0,0,0,0,0,0,0,0,1.62422e-05,1.62422e-05,3.24844e-05,3.24844e-05,3.24844e-05,0.000113695,0.000162422,0.000194906,0.000227391,0.000259875,0.000276117,0.00029236,0.000308602,0.000324844,0.000324844,0.000341086,0.000341086,0.000341086,0.000341086,0.000341086,0.000341086,0.000341086,0.000341086,0.000341086,0.000341086,0.000341086,0.000341086,0.000324844,0.000308602,0.000276117,0.000276117,0.000243633,0.000194906,0.000162422,0.000113695,8.1211e-05,3.24844e-05,3.24844e-05,3.24844e-05,3.24844e-05,1.62422e-05,1.62422e-05,0,0,0,0,0,0,0,0,0,0,0,0,0,0,0,0,0,0,0,0,0,0,0
0,0,0,0,0,0,0,0,0,0,0,0,0,0,0,0,0,0,0,0,0,0,0,0,0,0,0,0,0,0,0,0,0,0,0,0,0,0,0,0,0,1.62422e-05,1.62422e-05,1.62422e-05,1.62422e-05,1.62422e-05,1.62422e-05,1.62422e-05,1.62422e-05,3.24844e-05,3.24844e-05,3.24844e-05,3.24844e-05,3.24844e-05,3.24844e-05,3.24844e-05,3.24844e-05,3.24844e-05,3.24844e-05,3.24844e-05,3.24844e-05,3.24844e-05,3.24844e-05,3.24844e-05,3.24844e-05,3.24844e-05,3.24844e-05,1.62422e-05,1.62422e-05,1.62422e-05,1.62422e-05,1.62422e-05,0,0,0,0,0,0,0,0,0,0,0,0,0,0,0,0,0,0,0,0,0,0,0,0,0,0,0,0,0,0,0,0,0,0,0,0,0,0,0,0,0,0,0,1.62422e-05,3.24844e-05,3.24844e-05,3.24844e-05,0.000113695,0.000162422,0.000211149,0.000259875,0.000276117,0.000308602,0.000324844,0.000341086,0.000341086,0.000341086,0.000341086,0.000341086,0.000341086,0.000341086,0.000341086,0.000341086,0.000341086,0.000341086,0.000341086,0.000341086,0.000324844,0.000324844,0.000308602,0.000276117,0.000276117,0.000243633,0.000194906,0.000162422,0.000113695,8.1211e-05,3.24844e-05,3.24844e-05,3.24844e-05,3.24844e-05,1.62422e-05,1.62422e-05,0,0,0,0,0,0,0,0,0,0,0,0,0,0,0,0,0,0,0,0,0,0,0,0,0
0,0,0,0,0,0,0,0,0,0,0,0,0,0,0,0,0,0,0,0,0,0,0,0,0,0,0,0,0,0,0,0,0,0,0,0,0,0,0,0,0,1.62422e-05,1.62422e-05,1.62422e-05,1.62422e-05,1.62422e-05,1.62422e-05,1.62422e-05,1.62422e-05,3.24844e-05,3.24844e-05,3.24844e-05,3.24844e-05,3.24844e-05,3.24844e-05,3.24844e-05,3.24844e-05,3.24844e-05,3.24844e-05,3.24844e-05,3.24844e-05,3.24844e-05,3.24844e-05,3.24844e-05,3.24844e-05,3.24844e-05,1.62422e-05,1.62422e-05,1.62422e-05,1.62422e-05,1.62422e-05,1.62422e-05,0,0,0,0,0,0,0,0,0,0,0,0,0,0,0,0,0,0,0,0,0,0,0,0,0,0,0,0,0,0,0,0,0,0,0,0,0,0,0,0,0,0,1.62422e-05,1.62422e-05,3.24844e-05,3.24844e-05,0.000113695,0.000178664,0.000243633,0.000276117,0.000308602,0.000341086,0.000341086,0.000341086,0.000357328,0.000373571,0.000373571,0.000373571,0.000373571,0.000357328,0.000357328,0.000341086,0.000341086,0.000341086,0.000341086,0.000341086,0.000324844,0.000308602,0.00029236,0.000276117,0.000243633,0.000211149,0.000178664,0.000162422,0.000113695,3.24844e-05,3.24844e-05,3.24844e-05,3.24844e-05,1.62422e-05,1.62422e-05,1.62422e-05,0,0,0,0,0,0,0,0,0,0,0,0,0,0,0,0,0,0,0,0,0,0,0,0,0,0
0,0,0,0,0,0,0,0,0,0,0,0,0,0,0,0,0,0,0,0,0,0,0,0,0,0,0,0,0,0,0,0,0,0,0,0,0,0,0,0,0,1.62422e-05,1.62422e-05,1.62422e-05,1.62422e-05,1.62422e-05,1.62422e-05,1.62422e-05,1.62422e-05,1.62422e-05,3.24844e-05,3.24844e-05,3.24844e-05,3.24844e-05,3.24844e-05,3.24844e-05,3.24844e-05,3.24844e-05,3.24844e-05,3.24844e-05,3.24844e-05,3.24844e-05,3.24844e-05,3.24844e-05,1.62422e-05,1.62422e-05,1.62422e-05,1.62422e-05,1.62422e-05,1.62422e-05,1.62422e-05,0,0,0,0,0,0,0,0,0,0,0,0,0,0,0,0,0,0,0,0,0,0,0,0,0,0,0,0,0,0,0,0,0,0,0,0,0,0,0,0,0,0,1.62422e-05,1.62422e-05,3.24844e-05,3.24844e-05,0.000113695,0.000178664,0.000243633,0.00029236,0.000341086,0.000341086,0.000373571,0.000389813,0.000389813,0.000389813,0.000389813,0.000389813,0.000389813,0.000389813,0.000389813,0.000373571,0.000357328,0.000341086,0.000341086,0.000341086,0.000324844,0.000308602,0.00029236,0.000276117,0.000243633,0.000194906,0.000178664,0.00014618,8.1211e-05,3.24844e-05,3.24844e-05,3.24844e-05,1.62422e-05,1.62422e-05,1.62422e-05,0,0,0,0,0,0,0,0,0,0,0,0,0,0,0,0,0,0,0,0,0,0,0,0,0,0,0,0
0,0,0,0,0,0,0,0,0,0,0,0,0,0,0,0,0,0,0,0,0,0,0,0,0,0,0,0,0,0,0,0,0,0,0,0,0,0,0,0,0,0,1.62422e-05,1.62422e-05,1.62422e-05,1.62422e-05,1.62422e-05,1.62422e-05,1.62422e-05,1.62422e-05,1.62422e-05,1.62422e-05,3.24844e-05,3.24844e-05,3.24844e-05,3.24844e-05,3.24844e-05,3.24844e-05,3.24844e-05,3.24844e-05,3.24844e-05,3.24844e-05,1.62422e-05,1.62422e-05,1.62422e-05,1.62422e-05,1.62422e-05,1.62422e-05,1.62422e-05,1.62422e-05,0,0,0,0,0,0,0,0,0,0,0,0,0,0,0,0,0,0,0,0,0,0,0,0,0,0,0,0,0,0,0,0,0,0,0,0,0,0,0,0,0,0,0,1.62422e-05,3.24844e-05,3.24844e-05,8.1211e-05,0.000162422,0.000243633,0.000308602,0.000341086,0.000357328,0.000389813,0.000406055,0.000406055,0.000422297,0.000422297,0.000422297,0.000422297,0.000406055,0.000406055,0.000389813,0.000389813,0.000389813,0.000357328,0.000341086,0.000341086,0.000324844,0.000308602,0.000276117,0.000243633,0.000211149,0.000178664,0.000162422,0.000113695,3.24844e-05,3.24844e-05,3.24844e-05,1.62422e-05,1.62422e-05,1.62422e-05,0,0,0,0,0,0,0,0,0,0,0,0,0,0,0,0,0,0,0,0,0,0,0,0,0,0,0,0,0
0,0,0,0,0,0,0,0,0,0,0,0,0,0,0,0,0,0,0,0,0,0,0,0,0,0,0,0,0,0,0,0,0,0,0,0,0,0,0,0,0,0,1.62422e-05,1.62422e-05,1.62422e-05,1.62422e-05,1.62422e-05,1.62422e-05,1.62422e-05,1.62422e-05,1.62422e-05,1.62422e-05,1.62422e-05,1.62422e-05,1.62422e-05,1.62422e-05,1.62422e-05,1.62422e-05,1.62422e-05,1.62422e-05,1.62422e-05,1.62422e-05,1.62422e-05,1.62422e-05,1.62422e-05,1.62422e-05,1.62422e-05,1.62422e-05,1.62422e-05,0,0,0,0,0,0,0,0,0,0,0,0,0,0,0,0,0,0,0,0,0,0,0,0,0,0,0,0,0,0,0,0,0,0,0,0,0,0,0,0,0,0,0,0,1.62422e-05,3.24844e-05,3.24844e-05,0.000162422,0.000243633,0.000308602,0.000341086,0.000373571,0.000389813,0.000422297,0.00043854,0.000454782,0.000454782,0.000471024,0.000454782,0.000454782,0.00043854,0.000422297,0.000422297,0.000406055,0.000389813,0.000373571,0.000341086,0.000341086,0.000324844,0.00029236,0.000276117,0.000243633,0.000194906,0.000162422,0.000113695,4.87266e-05,3.24844e-05,3.24844e-05,3.24844e-05,1.62422e-05,1.62422e-05,0,0,0,0,0,0,0,0,0,0,0,0,0,0,0,0,0,0,0,0,0,0,0,0,0,0,0,0,0,0
0,0,0,0,0,0,0,0,0,0,0,0,0,0,0,0,0,0,0,0,0,0,0,0,0,0,0,0,0,0,0,0,0,0,0,0,0,0,0,0,0,0,0,1.62422e-05,1.62422e-05,1.62422e-05,1.62422e-05,1.62422e-05,1.62422e-05,1.62422e-05,1.62422e-05,1.62422e-05,1.62422e-05,1.62422e-05,1.62422e-05,1.62422e-05,1.62422e-05,1.62422e-05,1.62422e-05,1.62422e-05,1.62422e-05,1.62422e-05,1.62422e-05,1.62422e-05,1.62422e-05,1.62422e-05,1.62422e-05,0,0,0,0,0,0,0,0,0,0,0,0,0,0,0,0,0,0,0,0,0,0,0,0,0,0,0,0,0,0,0,0,0,0,0,0,0,0,0,0,0,0,0,0,0,1.62422e-05,1.62422e-05,3.24844e-05,0.000113695,0.000194906,0.00029236,0.000341086,0.000389813,0.000406055,0.00043854,0.000471024,0.000503508,0.000503508,0.000503508,0.000503508,0.000503508,0.000503508,0.000503508,0.000471024,0.00043854,0.000422297,0.000406055,0.000389813,0.000357328,0.000341086,0.000324844,0.000276117,0.000259875,0.000211149,0.000178664,0.00014618,8.1211e-05,3.24844e-05,3.24844e-05,3.24844e-05,1.62422e-05,1.62422e-05,0,0,0,0,0,0,0,0,0,0,0,0,0,0,0,0,0,0,0,0,0,0,0,0,0,0,0,0,0,0,0
0,0,0,0,0,0,0,0,0,0,0,0,0,0,0,0,0,0,0,0,0,0,0,0,0,0,0,0,0,0,0,0,0,0,0,0,0,0,0,0,0,0,0,1.62422e-05,1.62422e-05,1.62422e-05,1.62422e-05,1.62422e-05,1.62422e-05,1.62422e-05,1.62422e-05,1.62422e-05,1.62422e-05,1.62422e-05,1.62422e-05,1.62422e-05,1.62422e-05,1.62422e-05,1.62422e-05,1.62422e-05,1.62422e-05,1.62422e-05,1.62422e-05,1.62422e-05,1.62422e-05,1.62422e-05,0,0,0,0,0,0,0,0,0,0,0,0,0,0,0,0,0,0,0,0,0,0,0,0,0,0,0,0,0,0,0,0,0,0,0,0,0,0,0,0,0,0,0,0,0,0,1.62422e-05,3.24844e-05,3.24844e-05,0.000178664,0.000276117,0.000341086,0.000389813,0.000422297,0.000471024,0.000503508,0.000535993,0.000584719,0.000600962,0.000617204,0.000600962,0.000584719,0.000552235,0.000535993,0.000503508,0.000487266,0.00043854,0.000422297,0.000389813,0.000373571,0.000341086,0.000324844,0.00029236,0.000243633,0.000194906,0.000162422,0.000113695,4.87266e-05,3.24844e-05,3.24844e-05,3.24844e-05,1.62422e-05,1.62422e-05,0,0,0,0,0,0,0,0,0,0,0,0,0,0,0,0,0,0,0,0,0,0,0,0,0,0,0,0,0,0,0
0,0,0,0,0,0,0,0,0,0,0,0,0,0,0,0,0,0,0,0,0,0,0,0,0,0,0,0,0,0,0,0,0,0,0,0,0,0,0,0,0,0,0,0,1.62422e-05,1.62422e-05,1.62422e-05,1.62422e-05,1.62422e-05,1.62422e-05,1.62422e-05,1.62422e-05,1.62422e-05,1.62422e-05,1.62422e-05,1.62422e-05,1.62422e-05,1.62422e-05,1.62422e-05,1.62422e-05,1.62422e-05,1.62422e-05,1.62422e-05,1.62422e-05,0,0,0,0,0,0,0,0,0,0,0,0,0,0,0,0,0,0,0,0,0,0,0,0,0,0,0,0,0,0,0,0,0,0,0,0,0,0,0,0,0,0,0,0,0,0,0,0,1.62422e-05,3.24844e-05,0.000113695,0.000259875,0.000341086,0.000389813,0.00043854,0.000503508,0.000584719,0.000714657,0.000795868,0.00081211,0.000844595,0.000844595,0.00081211,0.000779626,0.000747141,0.000617204,0.000552235,0.000503508,0.000487266,0.00043854,0.000406055,0.000389813,0.000357328,0.000341086,0.00029236,0.000243633,0.000194906,0.000162422,0.000113695,3.24844e-05,3.24844e-05,3.24844e-05,1.62422e-05,1.62422e-05,0,0,0,0,0,0,0,0,0,0,0,0,0,0,0,0,0,0,0,0,0,0,0,0,0,0,0,0,0,0,0,0
0,0,0,0,0,0,0,0,0,0,0,0,0,0,0,0,0,0,0,0,0,0,0,0,0,0,0,0,0,0,0,0,0,0,0,0,0,0,0,0,0,0,0,0,0,0,1.62422e-05,1.62422e-05,1.62422e-05,1.62422e-05,1.62422e-05,1.62422e-05,1.62422e-05,1.62422e-05,1.62422e-05,1.62422e-05,1.62422e-05,1.62422e-05,1.62422e-05,1.62422e-05,1.62422e-05,1.62422e-05,0,0,0,0,0,0,0,0,0,0,0,0,0,0,0,0,0,0,0,0,0,0,0,0,0,0,0,0,0,0,0,0,0,0,0,0,0,0,0,0,0,0,0,0,0,0,0,0,0,1.62422e-05,3.24844e-05,8.1211e-05,0.000243633,0.000341086,0.000406055,0.000471024,0.000552235,0.000747141,0.000877079,0.0010395,0.00112071,0.00113695,0.00113695,0.00113695,0.00107199,0.000974532,0.000877079,0.000795868,0.000714657,0.000584719,0.000503508,0.000471024,0.000422297,0.000389813,0.000373571,0.000341086,0.000308602,0.000243633,0.000194906,0.000162422,0.000113695,3.24844e-05,3.24844e-05,3.24844e-05,1.62422e-05,1.62422e-05,0,0,0,0,0,0,0,0,0,0,0,0,0,0,0,0,0,0,0,0,0,0,0,0,0,0,0,0,0,0,0,0
0,0,0,0,0,0,0,0,0,0,0,0,0,0,0,0,0,0,0,0,0,0,0,0,0,0,0,0,0,0,0,0,0,0,0,0,0,0,0,0,0,0,0,0,0,0,0,0,1.62422e-05,1.62422e-05,1.62422e-05,1.62422e-05,1.62422e-05,1.62422e-05,1.62422e-05,1.62422e-05,1.62422e-05,1.62422e-05,1.62422e-05,1.62422e-05,0,0,0,0,0,0,0,0,0,0,0,0,0,0,0,0,0,0,0,0,0,0,0,0,0,0,0,0,0,0,0,0,0,0,0,0,0,0,0,0,0,0,0,0,0,0,0,0,0,0,0,1.62422e-05,3.24844e-05,0.000194906,0.000341086,0.000406055,0.000503508,0.000682173,0.000909563,0.00113695,0.00121817,0.00136435,0.00152677,0.00164046,0.00160798,0.0014618,0.0013481,0.00121817,0.00113695,0.000974532,0.000844595,0.000747141,0.000568477,0.000503508,0.000454782,0.000406055,0.000389813,0.000341086,0.000308602,0.000243633,0.000194906,0.000162422,8.1211e-05,3.24844e-05,3.24844e-05,3.24844e-05,1.62422e-05,1.62422e-05,0,0,0,0,0,0,0,0,0,0,0,0,0,0,0,0,0,0,0,0,0,0,0,0,0,0,0,0,0,0,0,0
0,0,0,0,0,0,0,0,0,0,0,0,0,1.62422e-05,1.62422e-05,1.62422e-05,1.62422e-05,1.62422e-05,1.62422e-05,1.62422e-05,1.62422e-05,0,0,0,0,0,0,0,0,0,0,0,0,0,0,0,0,0,0,0,0,0,0,0,0,0,0,0,0,0,0,0,0,0,0,0,0,0,0,0,0,0,0,0,0,0,0,0,0,0,0,0,0,0,0,0,0,0,0,0,0,0,0,0,0,0,0,0,0,0,0,0,0,0,0,0,0,0,0,0,0,0,0,0,0,0,0,0,0,0,0,3.24844e-05,0.000162422,0.000308602,0.000406055,0.000503508,0.000779626,0.00105574,0.00123441,0.0016567,0.00185161,0.00201403,0.00204652,0.00204652,0.00204652,0.00194906,0.00180288,0.0016567,0.00136435,0.00116944,0.0010395,0.000844595,0.000714657,0.000535993,0.000487266,0.000422297,0.000389813,0.000341086,0.000308602,0.000259875,0.000194906,0.000162422,8.1211e-05,3.24844e-05,3.24844e-05,3.24844e-05,1.62422e-05,0,0,0,0,0,0,0,0,0,0,0,0,0,0,0,0,0,0,0,0,0,0,0,0,0,0,0,0,0,0,0,0,0
0,0,0,0,0,0,0,0,0,0,1.62422e-05,1.62422e-05,1.62422e-05,1.62422e-05,1.62422e-05,1.62422e-05,1.62422e-05,1.62422e-05,1.62422e-05,1.62422e-05,1.62422e-05,1.62422e-05,1.62422e-05,1.62422e-05,0,0,0,0,0,0,0,0,0,0,0,0,0,0,0,0,0,0,0,0,0,0,0,0,0,0,0,0,0,0,0,0,0,0,0,0,0,0,0,0,0,0,0,0,0,0,0,0,0,0,0,0,0,0,0,0,0,0,0,0,0,0,0,0,0,0,0,0,0,0,0,0,0,0,0,0,0,0,0,0,0,0,0,0,0,0,1.62422e-05,8.1211e-05,0.000276117,0.000389813,0.000503508,0.000795868,0.00113695,0.00155925,0.00193282,0.00211149,0.00224142,0.00233888,0.00233888,0.00233888,0.00233888,0.00224142,0.00212773,0.00201403,0.0017704,0.0014618,0.00118568,0.000990774,0.00081211,0.000617204,0.000503508,0.00043854,0.000389813,0.000341086,0.000308602,0.000259875,0.000194906,0.00014618,8.1211e-05,3.24844e-05,3.24844e-05,1.62422e-05,1.62422e-05,0,0,0,0,0,0,0,0,0,0,0,0,0,0,0,0,0,0,0,0,0,0,0,0,0,0,0,0,0,0,0,0,0
0,0,0,0,0,0,0,0,1.62422e-05,1.62422e-05,1.62422e-05,1.62422e-05,1.62422e-05,1.62422e-05,1.62422e-05,1.62422e-05,1.62422e-05,1.62422e-05,1.62422e-05,1.62422e-05,1.62422e-05,1.62422e-05,1.62422e-05,1.62422e-05,1.62422e-05,0,0,0,0,0,0,0,0,0,0,0,0,0,0,0,0,0,0,0,0,0,0,0,0,0,0,0,0,0,0,0,0,0,0,0,0,0,0,0,0,0,0,0,0,0,0,0,0,0,0,0,0,0,0,0,0,0,0,0,0,0,0,0,0,0,0,0,0,0,0,0,0,0,0,0,0,0,0,0,0,0,0,0,0,1.62422e-05,3.24844e-05,0.000211149,0.000373571,0.000503508,0.000795868,0.00116944,0.00168919,0.00204652,0.00232264,0.00248506,0.00264748,0.00274493,0.00279366,0.00277742,0.00269621,0.00258251,0.00237136,0.00224142,0.00204652,0.00180288,0.00142931,0.0011532,0.000942048,0.000747141,0.000535993,0.000471024,0.000406055,0.000357328,0.000324844,0.000259875,0.000194906,0.000129938,4.87266e-05,3.24844e-05,3.24844e-05,1.62422e-05,1.62422e-05,0,0,0,0,0,0,0,0,0,0,0,0,0,0,0,0,0,0,0,0,0,0,0,0,0,0,0,0,0,0,0,0,0
0,0,0,0,0,0,0,1.62422e-05,1.62422e-05,1.62422e-05,1.62422e-05,1.62422e-05,1.62422e-05,1.62422e-05,1.62422e-05,3.24844e-05,3.24844e-05,3.24844e-05,1.62422e-05,1.62422e-05,1.62422e-05,1.62422e-05,1.62422e-05,1.62422e-05,1.62422e-05,1.62422e-05,1.62422e-05,0,0,0,0,0,0,0,0,0,0,0,0,0,0,0,0,0,0,0,0,0,0,0,0,0,0,0,0,0,0,0,0,0,0,0,0,0,0,0,0,0,0,0,0,0,0,0,0,0,0,0,0,0,0,0,0,0,0,0,0,0,0,0,0,0,0,0,0,0,0,0,0,0,0,0,0,0,0,0,0,0,0,3.24844e-05,0.000113695,0.000341086,0.000454782,0.000747141,0.00116944,0.0017704,0.00214397,0.00246881,0.00277742,0.00315099,0.00345959,0.00358953,0.00360577,0.00355704,0.00339462,0.00306978,0.00274493,0.00251754,0.00227391,0.00204652,0.00175416,0.00125065,0.00107199,0.00081211,0.000584719,0.000503508,0.000422297,0.000373571,0.000324844,0.000259875,0.000194906,0.000113695,4.87266e-05,3.24844e-05,3.24844e-05,1.62422e-05,1.62422e-05,0,0,0,0,0,0,0,0,0,0,0,0,0,0,0,0,0,0,0,0,0,0,0,0,0,0,0,0,0,0,0,0,0
0,0,0,0,0,1.62422e-05,1.62422e-05,1.62422e-05,1.62422e-05,1.62422e-05,1.62422e-05,3.24844e-05,3.24844e-05,3.24844e-05,3.24844e-05,3.24844e-05,3.24844e-05,3.24844e-05,3.24844e-05,3.24844e-05,3.24844e-05,3.24844e-05,1.62422e-05,1.62422e-05,1.62422e-05,1.62422e-05,1.62422e-05,1.62422e-05,0,0,0,0,0,0,0,0,0,0,0,0,0,0,0,0,0,0,0,0,0,0,0,0,0,0,0,0,0,0,0,0,0,0,0,0,0,0,0,0,0,0,0,0,0,0,0,0,0,0,0,0,0,0,0,0,0,0,0,0,0,0,0,0,0,0,0,0,0,0,0,0,0,0,0,0,0,0,0,0,1.62422e-05,3.24844e-05,0.000276117,0.000406055,0.000617204,0.00113695,0.0017704,0.00220894,0.00264748,0.00316723,0.00368698,0.00412552,0.00430418,0.0043854,0.0043854,0.00425546,0.00402807,0.00370322,0.00337838,0.0028099,0.00251754,0.00220894,0.00199779,0.00160798,0.00116944,0.000909563,0.000682173,0.000503508,0.000422297,0.000389813,0.000341086,0.000276117,0.000194906,0.000113695,4.87266e-05,3.24844e-05,3.24844e-05,1.62422e-05,1.62422e-05,0,0,0,0,0,0,0,0,0,0,0,0,0,0,0,0,0,0,0,0,0,0,0,0,0,0,0,0,0,0,0,0,0
0,0,0,0,1.62422e-05,1.62422e-05,1.62422e-05,1.62422e-05,1.62422e-05,3.24844e-05,3.24844e-05,3.24844e-05,3.24844e-05,3.24844e-05,3.24844e-05,3.24844e-05,3.24844e-05,3.24844e-05,3.24844e-05,3.24844e-05,3.24844e-05,3.24844e-05,3.24844e-05,1.62422e-05,1.62422e-05,1.62422e-05,1.62422e-05,1.62422e-05,0,0,0,0,0,0,0,0,0,0,0,0,0,0,0,0,0,0,0,0,0,0,0,0,0,0,0,0,0,0,0,0,0,0,0,0,0,0,0,0,0,0,0,0,0,0,0,0,0,0,0,0,0,0,0,0,0,0,0,0,0,0,0,0,0,0,0,0,0,0,0,0,0,0,0,0,0,0,0,0,3.24844e-05,0.000178664,0.000373571,0.000535993,0.0010395,0.00168919,0.00220894,0.00267996,0.00345959,0.00414176,0.004694,0.00524623,0.00563604,0.00579847,0.00563604,0.00524623,0.00474272,0.00432043,0.00386564,0.00337838,0.00274493,0.00235512,0.00211149,0.0017704,0.00123441,0.000990774,0.000747141,0.000535993,0.00043854,0.000389813,0.000341086,0.000276117,0.000194906,0.000113695,3.24844e-05,3.24844e-05,3.24844e-05,1.62422e-05,1.62422e-05,0,0,0,0,0,0,0,0,0,0,0,0,0,0,0,0,0,0,0,0,0,0,0,0,0,0,0,0,0,0,0,0,0
0,0,0,1.62422e-05,1.62422e-05,1.62422e-05,1.62422e-05,1.62422e-05,3.24844e-05,3.24844e-05,3.24844e-05,3.24844e-05,3.24844e-05,3.24844e-05,3.24844e-05,3.24844e-05,3.24844e-05,3.24844e-05,3.24844e-05,3.24844e-05,3.24844e-05,3.24844e-05,3.24844e-05,3.24844e-05,3.24844e-05,1.62422e-05,1.62422e-05,1.62422e-05,1.62422e-05,0,0,0,0,0,0,0,0,0,0,0,0,0,0,0,0,0,0,0,0,0,0,0,0,0,0,0,0,0,0,0,0,0,0,0,0,0,0,0,0,0,0,0,0,0,0,0,0,0,0,0,0,0,0,0,0,0,0,0,0,0,0,0,0,0,0,0,0,0,0,0,0,0,0,0,0,0,0,1.62422e-05,4.87266e-05,0.000324844,0.000471024,0.000877079,0.00152677,0.00212773,0.00264748,0.00358953,0.00441788,0.00552235,0.00649688,0.00722778,0.00753638,0.00753638,0.00726027,0.00672427,0.00594465,0.00508381,0.00436915,0.00378443,0.00313475,0.00258251,0.00224142,0.00193282,0.00138059,0.00108823,0.000795868,0.000535993,0.000454782,0.000389813,0.000341086,0.000276117,0.000194906,0.000113695,3.24844e-05,3.24844e-05,3.24844e-05,1.62422e-05,1.62422e-05,0,0,0,0,0,0,0,0,0,0,0,0,0,0,0,0,0,0,0,0,0,0,0,0,0,0,0,0,0,0,0,0,0
0,1.62422e-05,1.62422e-05,1.62422e-05,1.62422e-05,1.62422e-05,3.24844e-05,3.24844e-05,3.24844e-05,3.24844e-05,3.24844e-05,3.24844e-05,3.24844e-05,3.24844e-05,3.24844e-05,3.24844e-05,3.24844e-05,3.24844e-05,3.24844e-05,3.24844e-05,3.24844e-05,3.24844e-05,3.24844e-05,3.24844e-05,3.24844e-05,1.62422e-05,1.62422e-05,1.62422e-05,1.62422e-05,1.62422e-05,0,0,0,0,0,0,0,0,0,0,0,0,0,0,0,0,0,0,0,0,0,0,0,0,0,0,0,0,0,0,0,0,0,0,0,0,0,0,0,0,0,0,0,0,0,0,0,0,0,0,0,0,0,0,0,0,0,0,0,0,0,0,0,0,0,0,0,0,0,0,0,0,0,0,0,0,0,3.24844e-05,0.000243633,0.000406055,0.000730899,0.00121817,0.00204652,0.00258251,0.00362201,0.00474272,0.00641567,0.00784498,0.00945296,0.0103138,0.0107199,0.010395,0.00966411,0.00857588,0.00726027,0.0061558,0.00501884,0.00417425,0.00347583,0.00271245,0.00233888,0.00204652,0.00159174,0.00113695,0.00081211,0.000568477,0.000471024,0.000406055,0.000341086,0.000276117,0.000194906,0.000113695,3.24844e-05,3.24844e-05,3.24844e-05,1.62422e-05,1.62422e-05,0,0,0,0,0,0,0,0,0,0,0,0,0,0,0,0,0,0,0,0,0,0,0,0,0,0,0,0,0,0,0,0,0
1.62422e-05,1.62422e-05,1.62422e-05,1.62422e-05,1.62422e-05,3.24844e-05,3.24844e-05,3.24844e-05,3.24844e-05,3.24844e-05,3.24844e-05,3.24844e-05,3.24844e-05,3.24844e-05,3.24844e-05,3.24844e-05,3.24844e-05,3.24844e-05,3.24844e-05,3.24844e-05,3.24844e-05,3.24844e-05,3.24844e-05,3.24844e-05,3.24844e-05,3.24844e-05,1.62422e-05,1.62422e-05,1.62422e-05,1.62422e-05,0,0,0,0,0,0,0,0,0,0,0,0,0,0,0,0,0,0,0,0,0,0,0,0,0,0,0,0,0,0,0,0,0,0,0,0,0,0,0,0,0,0,0,0,0,0,0,0,0,0,0,0,0,0,0,0,0,0,0,0,0,0,0,0,0,0,0,0,0,0,0,0,0,0,0,0,1.62422e-05,0.000162422,0.000357328,0.000535993,0.00113695,0.00193282,0.00246881,0.00358953,0.0050026,0.00713033,0.00964787,0.0121004,0.0141307,0.0153651,0.0153976,0.0144718,0.0127501,0.010996,0.00912812,0.00724402,0.00581471,0.00451533,0.00371946,0.00287487,0.00240385,0.002079,0.0016567,0.0011532,0.000844595,0.000584719,0.000471024,0.000406055,0.000341086,0.00029236,0.000211149,0.000162422,4.87266e-05,3.24844e-05,3.24844e-05,1.62422e-05,1.62422e-05,0,0,0,0,0,0,0,0,0,0,0,0,0,0,0,0,0,0,0,0,0,0,0,0,0,0,0,0,0,0,0,0,0
1.62422e-05,1.62422e-05,1.62422e-05,1.62422e-05,3.24844e-05,3.24844e-05,3.24844e-05,3.24844e-05,3.24844e-05,3.24844e-05,3.24844e-05,3.24844e-05,3.24844e-05,3.24844e-05,3.24844e-05,3.24844e-05,3.24844e-05,3.24844e-05,3.24844e-05,3.24844e-05,3.24844e-05,3.24844e-05,3.24844e-05,3.24844e-05,3.24844e-05,3.24844e-05,3.24844e-05,1.62422e-05,1.62422e-05,1.62422e-05,1.62422e-05,0,0,0,0,0,0,0,0,0,0,0,0,0,0,0,0,0,0,0,0,0,0,0,0,0,0,0,0,0,0,0,0,0,0,0,0,0,0,0,0,0,0,0,0,0,0,0,0,0,0,0,0,0,0,0,0,0,0,0,0,0,0,0,0,0,0,0,0,0,0,0,0,0,0,1.62422e-05,8.1211e-05,0.000324844,0.000487266,0.000990774,0.00180288,0.00237136,0.00349207,0.00505133,0.00761759,0.0112234,0.0153651,0.0196693,0.0227878,0.0243146,0.0236649,0.021261,0.0176228,0.0142444,0.0112558,0.00867334,0.00662682,0.00503508,0.00402807,0.00308602,0.00246881,0.00212773,0.00168919,0.00116944,0.000860837,0.000600962,0.000487266,0.000406055,0.000357328,0.000308602,0.000243633,0.000162422,8.1211e-05,3.24844e-05,3.24844e-05,1.62422e-05,1.62422e-05,0,0,0,0,0,0,0,0,0,0,0,0,0,0,0,0,0,0,0,0,0,0,0,0,0,0,0,0,0,0,0,1.62422e-05,1.62422e-05
1.62422e-05,1.62422e-05,3.24844e-05,3.24844e-05,3.24844e-05,3.24844e-05,3.24844e-05,3.24844e-05,3.24844e-05,3.24844e-05,3.24844e-05,3.24844e-05,3.24844e-05,3.24844e-05,3.24844e-05,3.24844e-05,3.24844e-05,3.24844e-05,3.24844e-05,3.24844e-05,3.24844e-05,3.24844e-05,3.24844e-05,3.24844e-05,3.24844e-05,3.24844e-05,3.24844e-05,1.62422e-05,1.62422e-05,1.62422e-05,1.62422e-05,0,0,0,0,0,0,0,0,0,0,0,0,0,0,0,0,0,0,0,0,0,0,0,0,0,0,0,0,0,0,0,0,0,0,0,0,0,0,0,0,0,0,0,0,0,0,0,0,0,0,0,0,0,0,0,0,0,0,0,0,0,0,0,0,0,0,0,0,0,0,0,0,0,1.62422e-05,3.24844e-05,0.000308602,0.00043854,0.000877079,0.00168919,0.00233888,0.00337838,0.0048889,0.00776377,0.0121654,0.0181913,0.0253054,0.0319809,0.0369348,0.0383803,0.0362201,0.031185,0.0251592,0.0190196,0.0139845,0.0102163,0.00742269,0.00553859,0.00417425,0.0032322,0.00253378,0.00212773,0.00168919,0.00118568,0.000877079,0.000600962,0.000503508,0.000406055,0.000373571,0.000324844,0.000243633,0.000178664,9.74532e-05,3.24844e-05,3.24844e-05,1.62422e-05,1.62422e-05,0,0,0,0,0,0,0,0,0,0,0,0,0,0,0,0,0,0,0,0,0,0,0,0,0,0,0,0,0,1.62422e-05,1.62422e-05,1.62422e-05,1.62422e-05
1.62422e-05,3.24844e-05,3.24844e-05,3.24844e-05,3.24844e-05,3.24844e-05,3.24844e-05,3.24844e-05,3.24844e-05,3.24844e-05,3.24844e-05,3.24844e-05,4.87266e-05,4.87266e-05,4.87266e-05,4.87266e-05,4.87266e-05,4.87266e-05,3.24844e-05,3.24844e-05,3.24844e-05,3.24844e-05,3.24844e-05,3.24844e-05,3.24844e-05,3.24844e-05,3.24844e-05,3.24844e-05,1.62422e-05,1.62422e-05,1.62422e-05,0,0,0,0,0,0,0,0,0,0,0,0,0,0,0,0,0,0,0,0,0,0,0,0,0,0,0,0,0,0,0,0,0,0,0,0,0,0,0,0,0,0,0,0,0,0,0,0,0,0,0,0,0,0,0,0,0,0,0,0,0,0,0,0,0,0,0,0,0,0,0,0,0,3.24844e-05,0.000243633,0.000422297,0.000795868,0.00144556,0.00224142,0.0031185,0.00453157,0.00730899,0.0121004,0.0195231,0.0296583,0.0413039,0.051634,0.0578385,0.0585207,0.0539404,0.045397,0.0347421,0.0251592,0.0173467,0.0120842,0.00851091,0.0060421,0.00436915,0.00337838,0.00255003,0.00212773,0.00168919,0.00118568,0.000877079,0.000617204,0.000503508,0.000422297,0.000373571,0.000341086,0.000276117,0.000194906,0.000113695,3.24844e-05,3.24844e-05,3.24844e-05,1.62422e-05,1.62422e-05,0,0,0,0,0,0,0,0,0,0,0,0,0,0,0,0,0,0,0,0,0,1.62422e-05,1.62422e-05,1.62422e-05,1.62422e-05,1.62422e-05,1.62422e-05,1.62422e-05,1.62422e-05,1.62422e-05,1.62422e-05,1.62422e-05
3.24844e-05,3.24844e-05,3.24844e-05,3.24844e-05,3.24844e-05,3.24844e-05,3.24844e-05,3.24844e-05,3.24844e-05,3.24844e-05,4.87266e-05,4.87266e-05,8.1211e-05,8.1211e-05,8.1211e-05,8.1211e-05,8.1211e-05,8.1211e-05,4.87266e-05,3.24844e-05,3.24844e-05,3.24844e-05,3.24844e-05,3.24844e-05,3.24844e-05,3.24844e-05,3.24844e-05,3.24844e-05,1.62422e-05,1.62422e-05,1.62422e-05,0,0,0,0,0,0,0,0,0,0,0,0,0,0,0,0,0,0,0,0,0,0,0,0,0,0,0,0,0,0,0,0,0,0,0,0,0,0,0,0,0,0,0,0,0,0,0,0,0,0,0,0,0,0,0,0,0,0,0,0,0,0,0,0,0,0,0,0,0,0,0,0,3.24844e-05,0.000178664,0.000389813,0.000617204,0.00120192,0.002079,0.00274493,0.00417425,0.00644815,0.0107361,0.0180938,0.0299019,0.0456406,0.0624025,0.0771017,0.0854665,0.0848655,0.0758511,0.0616067,0.0465989,0.031786,0.0213747,0.0137734,0.00942048,0.00648064,0.00449909,0.0034271,0.00256627,0.00212773,0.00172167,0.00120192,0.000893321,0.000617204,0.000503508,0.000422297,0.000389813,0.000341086,0.000276117,0.000211149,0.000162422,4.87266e-05,3.24844e-05,3.24844e-05,1.62422e-05,1.62422e-05,1.62422e-05,0,0,0,0,0,0,0,0,0,0,0,0,0,0,0,1.62422e-05,1.62422e-05,1.62422e-05,1.62422e-05,1.62422e-05,1.62422e-05,1.62422e-05,1.62422e-05,1.62422e-05,1.62422e-05,1.62422e-05,1.62422e-05,1.62422e-05,1.62422e-05,1.62422e-05,3.24844e-05
3.24844e-05,3.24844e-05,3.24844e-05,3.24844e-05,3.24844e-05,3.24844e-05,3.24844e-05,3.24844e-05,3.24844e-05,4.87266e-05,8.1211e-05,8.1211e-05,8.1211e-05,8.1211e-05,8.1211e-05,8.1211e-05,8.1211e-05,8.1211e-05,8.1211e-05,4.87266e-05,3.24844e-05,3.24844e-05,3.24844e-05,3.24844e-05,3.24844e-05,3.24844e-05,3.24844e-05,3.24844e-05,1.62422e-05,1.62422e-05,1.62422e-05,1.62422e-05,0,0,0,0,0,0,0,0,0,0,0,0,0,0,0,0,0,0,0,0,0,0,0,0,0,0,0,0,0,0,0,0,0,0,0,0,0,0,0,0,0,0,0,0,0,0,0,0,0,0,0,0,0,0,0,0,0,0,0,0,0,0,0,0,0,0,0,0,0,1.62422e-05,1.62422e-05,8.1211e-05,0.000341086,0.000503508,0.0010395,0.00180288,0.00242009,0.00363825,0.00532744,0.00867334,0.0147154,0.0255003,0.0423759,0.063507,0.087042,0.10689,0.117821,0.115271,0.100572,0.080139,0.057871,0.0392899,0.0248993,0.0155113,0.0100702,0.00683797,0.004694,0.00350832,0.00258251,0.00214397,0.00175416,0.00121817,0.000942048,0.000617204,0.000503508,0.000422297,0.000389813,0.000341086,0.000308602,0.000243633,0.000178664,0.000113695,3.24844e-05,3.24844e-05,3.24844e-05,1.62422e-05,1.62422e-05,1.62422e-05,1.62422e-05,0,0,0,0,0,0,0,0,0,1.62422e-05,1.62422e-05,1.62422e-05,1.62422e-05,1.62422e-05,3.24844e-05,3.24844e-05,3.24844e-05,3.24844e-05,3.24844e-05,3.24844e-05,3.24844e-05,3.24844e-05,3.24844e-05,3.24844e-05,3.24844e-05,3.24844e-05,3.24844e-05,3.24844e-05,3.24844e-05
3.24844e-05,3.24844e-05,3.24844e-05,3.24844e-05,3.24844e-05,3.24844e-05,3.24844e-05,4.87266e-05,8.1211e-05,8.1211e-05,8.1211e-05,9.74532e-05,0.000113695,0.000113695,0.000113695,0.000113695,0.000113695,8.1211e-05,8.1211e-05,6.49688e-05,3.24844e-05,3.24844e-05,3.24844e-05,3.24844e-05,3.24844e-05,3.24844e-05,3.24844e-05,3.24844e-05,1.62422e-05,1.62422e-05,1.62422e-05,1.62422e-05,0,0,0,0,0,0,0,0,0,0,0,0,0,0,0,0,0,0,0,0,0,0,0,0,0,0,0,0,0,0,0,0,0,0,0,0,0,0,0,0,0,0,0,0,0,0,0,0,0,0,0,0,0,0,0,0,0,0,0,0,0,0,0,0,0,0,0,0,1.62422e-05,1.62422e-05,3.24844e-05,0.000243633,0.000406055,0.000747141,0.00125065,0.00212773,0.0028099,0.00432043,0.00672427,0.010996,0.0190196,0.0331828,0.0547525,0.0822505,0.11186,0.137701,0.150468,0.14566,0.124691,0.0966736,0.0686883,0.045397,0.0278391,0.016632,0.0105087,0.00701663,0.00477521,0.00358953,0.00264748,0.0021927,0.00180288,0.00121817,0.000942048,0.000617204,0.000503508,0.000422297,0.000389813,0.000341086,0.000324844,0.000276117,0.000194906,0.000129938,4.87266e-05,3.24844e-05,3.24844e-05,3.24844e-05,1.62422e-05,1.62422e-05,1.62422e-05,1.62422e-05,1.62422e-05,1.62422e-05,1.62422e-05,1.62422e-05,1.62422e-05,1.62422e-05,1.62422e-05,1.62422e-05,1.62422e-05,1.62422e-05,3.24844e-05,3.24844e-05,3.24844e-05,3.24844e-05,3.24844e-05,4.87266e-05,8.1211e-05,0.000113695,0.000113695,0.000113695,8.1211e-05,8.1211e-05,3.24844e-05,3.24844e-05,3.24844e-05,3.24844e-05,3.24844e-05,3.24844e-05
3.24844e-05,3.24844e-05,3.24844e-05,3.24844e-05,3.24844e-05,3.24844e-05,4.87266e-05,8.1211e-05,8.1211e-05,8.1211e-05,0.000113695,0.000113695,0.000113695,0.000113695,0.000113695,0.000113695,0.000113695,9.74532e-05,8.1211e-05,8.1211e-05,4.87266e-05,3.24844e-05,3.24844e-05,3.24844e-05,3.24844e-05,3.24844e-05,3.24844e-05,3.24844e-05,1.62422e-05,1.62422e-05,1.62422e-05,1.62422e-05,0,0,0,0,0,0,0,0,0,0,0,0,0,0,0,0,0,0,0,0,0,0,0,0,0,0,0,0,0,0,0,0,0,0,0,0,0,0,0,0,0,0,0,0,0,0,0,0,0,0,0,0,0,0,0,0,0,0,0,0,0,0,0,0,0,0,0,1.62422e-05,1.62422e-05,3.24844e-05,0.000113695,0.000341086,0.000503508,0.000974532,0.00168919,0.00233888,0.00339462,0.00495387,0.00773129,0.0128476,0.0227716,0.0395985,0.0638968,0.0958452,0.131026,0.161691,0.176601,0.169455,0.143337,0.108465,0.0754938,0.0488078,0.0295283,0.0173792,0.0107523,0.00709784,0.00487266,0.00363825,0.00266372,0.00220894,0.00185161,0.00123441,0.000974532,0.000682173,0.000503508,0.000422297,0.000389813,0.000357328,0.000341086,0.000276117,0.000243633,0.000162422,0.000113695,3.24844e-05,3.24844e-05,3.24844e-05,3.24844e-05,3.24844e-05,1.62422e-05,1.62422e-05,1.62422e-05,1.62422e-05,1.62422e-05,1.62422e-05,1.62422e-05,1.62422e-05,1.62422e-05,3.24844e-05,3.24844e-05,3.24844e-05,3.24844e-05,3.24844e-05,0.000113695,0.000162422,0.000178664,0.000194906,0.000243633,0.000243633,0.000243633,0.000243633,0.000211149,0.000194906,0.000162422,0.000162422,0.000113695,8.1211e-05,4.87266e-05,3.24844e-05
8.1211e-05,4.87266e-05,3.24844e-05,3.24844e-05,3.24844e-05,4.87266e-05,8.1211e-05,8.1211e-05,8.1211e-05,0.000113695,0.000113695,0.000113695,0.000113695,0.000113695,0.000113695,0.000113695,0.000113695,9.74532e-05,8.1211e-05,8.1211e-05,3.24844e-05,3.24844e-05,3.24844e-05,3.24844e-05,3.24844e-05,3.24844e-05,3.24844e-05,3.24844e-05,1.62422e-05,1.62422e-05,1.62422e-05,1.62422e-05,0,0,0,0,0,0,0,0,0,0,0,0,0,0,0,0,0,0,0,0,0,0,0,0,0,0,0,0,0,0,0,0,0,0,0,0,0,0,0,0,0,0,0,0,0,0,0,0,0,0,0,0,0,0,0,0,0,0,0,0,0,0,0,0,0,0,0,1.62422e-05,3.24844e-05,3.24844e-05,0.000194906,0.000389813,0.000584719,0.00113695,0.00193282,0.00253378,0.00368698,0.00544114,0.00867334,0.014147,0.0247856,0.0425383,0.0683472,0.101173,0.13892,0.170819,0.185259,0.177186,0.148697,0.11186,0.0771505,0.0494738,0.029772,0.0173954,0.0107686,0.00711409,0.00487266,0.00367074,0.00269621,0.00225767,0.00193282,0.00136435,0.000990774,0.000714657,0.000503508,0.00043854,0.000389813,0.000373571,0.000341086,0.000308602,0.000259875,0.000194906,0.000129938,8.1211e-05,3.24844e-05,3.24844e-05,3.24844e-05,3.24844e-05,3.24844e-05,3.24844e-05,3.24844e-05,3.24844e-05,3.24844e-05,3.24844e-05,3.24844e-05,3.24844e-05,3.24844e-05,3.24844e-05,3.24844e-05,8.1211e-05,0.00014618,0.000194906,0.000243633,0.000276117,0.000308602,0.000341086,0.000341086,0.000341086,0.000341086,0.000341086,0.000324844,0.000308602,0.000276117,0.000243633,0.000194906,0.000178664,0.000162422,0.000113695
0.000162422,0.000113695,9.74532e-05,8.1211e-05,8.1211e-05,8.1211e-05,8.1211e-05,8.1211e-05,0.000113695,0.000113695,0.000113695,0.000113695,0.000113695,0.000113695,0.000113695,0.000113695,0.000113695,8.1211e-05,8.1211e-05,4.87266e-05,3.24844e-05,3.24844e-05,3.24844e-05,3.24844e-05,3.24844e-05,3.24844e-05,3.24844e-05,3.24844e-05,1.62422e-05,1.62422e-05,1.62422e-05,1.62422e-05,0,0,0,0,0,0,0,0,0,0,0,0,0,0,0,0,0,0,0,0,0,0,0,0,0,0,0,0,0,0,0,0,0,0,0,0,0,0,0,0,0,0,0,0,0,0,0,0,0,0,0,0,0,0,0,0,0,0,0,0,0,0,0,0,0,0,1.62422e-05,1.62422e-05,3.24844e-05,4.87266e-05,0.000276117,0.000422297,0.000747141,0.00121817,0.00204652,0.00264748,0.00386564,0.00568477,0.00891697,0.0144393,0.0246394,0.0417749,0.0659433,0.0973558,0.132065,0.161236,0.174555,0.166077,0.139602,0.105087,0.0726676,0.0471349,0.0283914,0.016697,0.0105574,0.00704912,0.00484018,0.00367074,0.00269621,0.00232264,0.00196531,0.00139683,0.0010395,0.000747141,0.000503508,0.00043854,0.000406055,0.000389813,0.000341086,0.000324844,0.000276117,0.000211149,0.000162422,0.000113695,4.87266e-05,3.24844e-05,3.24844e-05,3.24844e-05,3.24844e-05,3.24844e-05,3.24844e-05,3.24844e-05,3.24844e-05,3.24844e-05,3.24844e-05,3.24844e-05,3.24844e-05,8.1211e-05,0.00014618,0.000194906,0.000276117,0.000308602,0.000341086,0.000373571,0.000389813,0.000389813,0.000406055,0.000406055,0.000406055,0.000406055,0.000389813,0.000389813,0.000341086,0.000341086,0.000308602,0.000276117,0.000211149,0.000178664
0.000194906,0.000162422,0.00014618,0.000113695,0.000113695,8.1211e-05,9.74532e-05,0.000113695,0.000113695,0.000113695,0.000113695,0.000113695,0.000113695,0.000113695,0.000113695,0.000113695,0.000113695,8.1211e-05,8.1211e-05,4.87266e-05,3.24844e-05,3.24844e-05,3.24844e-05,3.24844e-05,3.24844e-05,3.24844e-05,3.24844e-05,3.24844e-05,1.62422e-05,1.62422e-05,1.62422e-05,0,0,0,0,0,0,0,0,0,0,0,0,0,0,0,0,0,0,0,0,0,0,0,0,0,0,0,0,0,0,0,0,0,0,0,0,0,0,0,0,0,0,0,0,0,0,0,0,0,0,0,0,0,0,0,0,0,0,0,0,0,0,0,0,0,0,0,1.62422e-05,3.24844e-05,3.24844e-05,0.000129938,0.000308602,0.00043854,0.000795868,0.00123441,0.00204652,0.00264748,0.00386564,0.00557108,0.00864085,0.0134485,0.0225117,0.0372109,0.058342,0.0852066,0.113501,0.137052,0.147495,0.140316,0.118942,0.0912974,0.0638156,0.0418237,0.0254678,0.0155438,0.0100864,0.00683797,0.00472648,0.0036545,0.00269621,0.00232264,0.00201403,0.0014618,0.00107199,0.000747141,0.000535993,0.000454782,0.000406055,0.000389813,0.000341086,0.000324844,0.000276117,0.000243633,0.000178664,0.000162422,0.000113695,8.1211e-05,3.24844e-05,3.24844e-05,3.24844e-05,3.24844e-05,3.24844e-05,3.24844e-05,3.24844e-05,3.24844e-05,3.24844e-05,8.1211e-05,0.000113695,0.000178664,0.000243633,0.000308602,0.000341086,0.000389813,0.000406055,0.000422297,0.000454782,0.000471024,0.000503508,0.000503508,0.000503508,0.000471024,0.000454782,0.000422297,0.000406055,0.000389813,0.000357328,0.000341086,0.00029236,0.000243633
0.000276117,0.000211149,0.000178664,0.000162422,0.000113695,0.000113695,0.000113695,0.000113695,0.000113695,0.000113695,0.000113695,0.000113695,0.000113695,0.000113695,0.000113695,0.000113695,8.1211e-05,8.1211e-05,4.87266e-05,3.24844e-05,3.24844e-05,3.24844e-05,3.24844e-05,3.24844e-05,3.24844e-05,3.24844e-05,3.24844e-05,1.62422e-05,1.62422e-05,1.62422e-05,1.62422e-05,0,0,0,0,0,0,0,0,0,0,0,0,0,0,0,0,0,0,0,0,0,0,0,0,0,0,0,0,0,0,0,0,0,0,0,0,0,0,0,0,0,0,0,0,0,0,0,0,0,0,0,0,0,0,0,0,0,0,0,0,0,0,0,0,0,0,1.62422e-05,1.62422e-05,3.24844e-05,3.24844e-05,0.000178664,0.000341086,0.000454782,0.000795868,0.00123441,0.00204652,0.00258251,0.00370322,0.00518126,0.00766632,0.011938,0.0189059,0.0306328,0.047476,0.0680061,0.089592,0.106419,0.11415,0.108985,0.0936688,0.0729437,0.0526897,0.0347746,0.0221381,0.0139845,0.00945296,0.00648064,0.00456406,0.00358953,0.00269621,0.00232264,0.00201403,0.00151052,0.00112071,0.000795868,0.000535993,0.000454782,0.000406055,0.000389813,0.000357328,0.000341086,0.000308602,0.000276117,0.000211149,0.000178664,0.000162422,0.000113695,8.1211e-05,4.87266e-05,3.24844e-05,3.24844e-05,3.24844e-05,3.24844e-05,4.87266e-05,8.1211e-05,0.000113695,0.000162422,0.000194906,0.000276117,0.000341086,0.000373571,0.000406055,0.00043854,0.000471024,0.000503508,0.000535993,0.000552235,0.000584719,0.000584719,0.000584719,0.000552235,0.000535993,0.000503508,0.000471024,0.00043854,0.000406055,0.000373571,0.000341086,0.000308602
0.000308602,0.000276117,0.000211149,0.000178664,0.000162422,0.000113695,0.000113695,0.000113695,0.000113695,0.000113695,0.000113695,0.000113695,0.000113695,0.000113695,9.74532e-05,8.1211e-05,8.1211e-05,4.87266e-05,3.24844e-05,3.24844e-05,3.24844e-05,3.24844e-05,3.24844e-05,3.24844e-05,3.24844e-05,3.24844e-05,3.24844e-05,1.62422e-05,1.62422e-05,1.62422e-05,1.62422e-05,0,0,0,0,0,0,0,0,0,0,0,0,0,0,0,0,0,0,0,0,0,0,0,0,0,0,0,0,0,0,0,0,0,0,0,0,0,0,0,0,0,0,0,0,0,0,0,0,0,0,0,0,0,0,0,0,0,0,0,0,0,0,0,0,0,0,1.62422e-05,1.62422e-05,3.24844e-05,8.1211e-05,0.000194906,0.000341086,0.000454782,0.000779626,0.00121817,0.00196531,0.00243633,0.00344335,0.00462903,0.00672427,0.00997271,0.0149591,0.0235512,0.0352293,0.0499285,0.0646927,0.0771667,0.0828028,0.079733,0.0692405,0.0552397,0.0406055,0.0277417,0.0182562,0.0121329,0.00847843,0.0060421,0.0043854,0.00345959,0.00264748,0.00229015,0.00199779,0.00151052,0.00112071,0.000795868,0.000552235,0.000471024,0.000422297,0.000389813,0.000373571,0.000341086,0.000308602,0.000276117,0.000243633,0.000194906,0.000162422,0.000162422,0.000113695,0.000113695,0.000113695,0.000113695,0.000113695,0.000113695,0.000113695,0.000162422,0.000178664,0.000243633,0.000276117,0.000341086,0.000389813,0.000422297,0.000454782,0.000503508,0.000552235,0.000617204,0.000730899,0.000747141,0.000795868,0.000795868,0.000795868,0.000747141,0.000714657,0.000600962,0.000535993,0.000503508,0.000454782,0.000406055,0.000389813,0.000341086
0.000341086,0.000308602,0.000243633,0.000194906,0.000162422,0.000129938,0.000113695,0.000113695,0.000113695,0.000113695,0.000113695,0.000113695,9.74532e-05,8.1211e-05,8.1211e-05,8.1211e-05,4.87266e-05,3.24844e-05,3.24844e-05,3.24844e-05,3.24844e-05,3.24844e-05,3.24844e-05,3.24844e-05,3.24844e-05,3.24844e-05,1.62422e-05,1.62422e-05,1.62422e-05,1.62422e-05,0,0,0,0,0,0,0,0,0,0,0,0,0,0,0,0,0,0,0,0,0,0,0,0,0,0,0,0,0,0,0,0,0,0,0,0,0,0,0,0,0,0,0,0,0,0,0,0,0,0,0,0,0,0,0,0,0,0,0,0,0,0,0,0,0,0,1.62422e-05,1.62422e-05,3.24844e-05,3.24844e-05,0.000113695,0.000243633,0.000341086,0.00043854,0.000730899,0.0011532,0.00180288,0.00232264,0.00290735,0.00414176,0.0056198,0.0078125,0.0113695,0.016632,0.0246881,0.0339949,0.044325,0.0522674,0.0559544,0.0546225,0.0484018,0.0394361,0.0296095,0.0212286,0.0146017,0.0102326,0.0073902,0.00540865,0.004158,0.0032322,0.00258251,0.00220894,0.00193282,0.0014618,0.00113695,0.00081211,0.000568477,0.000503508,0.000422297,0.000389813,0.000373571,0.000341086,0.000324844,0.000276117,0.000259875,0.000227391,0.000194906,0.000178664,0.000162422,0.000162422,0.000162422,0.000162422,0.000162422,0.000162422,0.000162422,0.000194906,0.000243633,0.00029236,0.000341086,0.000389813,0.000422297,0.000471024,0.000535993,0.000600962,0.000747141,0.00081211,0.000844595,0.000942048,0.000942048,0.000974532,0.000942048,0.000909563,0.000844595,0.000795868,0.000714657,0.000584719,0.000503508,0.000454782,0.000406055,0.000389813
0.000373571,0.000324844,0.000276117,0.000243633,0.000178664,0.000162422,0.000113695,0.000113695,0.000113695,0.000113695,8.1211e-05,8.1211e-05,8.1211e-05,8.1211e-05,4.87266e-05,4.87266e-05,3.24844e-05,3.24844e-05,3.24844e-05,3.24844e-05,3.24844e-05,3.24844e-05,3.24844e-05,3.24844e-05,3.24844e-05,3.24844e-05,1.62422e-05,1.62422e-05,1.62422e-05,1.62422e-05,0,0,0,0,0,0,0,0,0,0,0,0,0,0,0,0,0,0,0,0,0,0,0,0,0,0,0,0,0,0,0,0,0,0,0,0,0,0,0,0,0,0,0,0,0,0,0,0,0,0,0,0,0,0,0,0,0,0,0,0,0,0,0,0,0,0,1.62422e-05,1.62422e-05,3.24844e-05,3.24844e-05,0.000113695,0.000243633,0.000341086,0.000422297,0.000600962,0.0010395,0.0016567,0.00212773,0.00264748,0.00355704,0.00449909,0.00622076,0.00849467,0.0117756,0.0162747,0.0221544,0.028229,0.0330366,0.0356516,0.0349695,0.0314774,0.0265398,0.0208712,0.0153976,0.011402,0.00857588,0.00641567,0.00474272,0.00383316,0.00290735,0.00246881,0.00214397,0.0018841,0.00138059,0.00112071,0.000828352,0.000584719,0.000503508,0.00043854,0.000406055,0.000389813,0.000341086,0.000324844,0.000308602,0.000276117,0.000243633,0.000211149,0.000194906,0.000178664,0.000178664,0.000178664,0.000178664,0.000178664,0.000178664,0.000194906,0.000243633,0.00029236,0.000341086,0.000389813,0.000422297,0.000471024,0.000535993,0.000617204,0.000779626,0.000844595,0.000974532,0.0010395,0.00107199,0.00112071,0.00112071,0.00112071,0.00105574,0.000990774,0.000942048,0.00081211,0.000747141,0.000584719,0.000503508,0.000454782,0.000406055
0.000389813,0.000341086,0.000308602,0.000259875,0.000194906,0.000162422,0.000113695,0.000113695,9.74532e-05,8.1211e-05,8.1211e-05,8.1211e-05,4.87266e-05,4.87266e-05,3.24844e-05,3.24844e-05,3.24844e-05,3.24844e-05,3.24844e-05,3.24844e-05,3.24844e-05,3.24844e-05,3.24844e-05,3.24844e-05,3.24844e-05,1.62422e-05,1.62422e-05,1.62422e-05,1.62422e-05,0,0,0,0,0,0,0,0,0,0,0,0,0,0,0,0,0,0,0,0,0,0,0,0,0,0,0,0,0,0,0,0,0,0,0,0,0,0,0,0,0,0,0,0,0,0,0,0,0,0,0,0,0,0,0,0,0,0,0,0,0,0,0,0,0,0,0,1.62422e-05,1.62422e-05,3.24844e-05,3.24844e-05,0.000113695,0.000243633,0.000341086,0.000406055,0.000535993,0.000909563,0.00125065,0.00193282,0.00233888,0.0028099,0.00378443,0.004694,0.00625325,0.00808862,0.0107361,0.0138546,0.0170706,0.0201241,0.0217808,0.0217646,0.0201241,0.0171843,0.014147,0.0113046,0.00893321,0.00693542,0.00535993,0.00425546,0.00345959,0.00269621,0.00233888,0.002079,0.0017704,0.00136435,0.00112071,0.000828352,0.000584719,0.000503508,0.00043854,0.000406055,0.000389813,0.000341086,0.000341086,0.000308602,0.000276117,0.000276117,0.000243633,0.000227391,0.000211149,0.000194906,0.000194906,0.000194906,0.000194906,0.000227391,0.000243633,0.000276117,0.000341086,0.000373571,0.000406055,0.000454782,0.000503508,0.000617204,0.000779626,0.000877079,0.000990774,0.00108823,0.00113695,0.00116944,0.00118568,0.00118568,0.00118568,0.0011532,0.00113695,0.0010395,0.000942048,0.000828352,0.000730899,0.000552235,0.000503508,0.000422297
0.000406055,0.000357328,0.000324844,0.000276117,0.000194906,0.000162422,0.000113695,0.000113695,8.1211e-05,8.1211e-05,4.87266e-05,4.87266e-05,3.24844e-05,3.24844e-05,3.24844e-05,3.24844e-05,3.24844e-05,3.24844e-05,3.24844e-05,3.24844e-05,3.24844e-05,3.24844e-05,3.24844e-05,3.24844e-05,1.62422e-05,1.62422e-05,1.62422e-05,1.62422e-05,1.62422e-05,0,0,0,0,0,0,0,0,0,0,0,0,0,0,0,0,0,0,0,0,0,0,0,0,0,0,0,0,0,0,0,0,0,0,0,0,0,0,0,0,0,0,0,0,0,0,0,0,0,0,0,0,0,0,0,0,0,0,0,0,0,0,0,0,0,0,0,1.62422e-05,1.62422e-05,3.24844e-05,3.24844e-05,0.000113695,0.000243633,0.000324844,0.000389813,0.000503508,0.000779626,0.00113695,0.0016567,0.002079,0.00242009,0.00290735,0.00378443,0.00451533,0.00579847,0.00721154,0.00899818,0.0107361,0.0122141,0.0131724,0.0133673,0.0127339,0.0116457,0.0100702,0.00846219,0.00690294,0.00563604,0.00445036,0.00373571,0.00295608,0.00253378,0.00224142,0.00203028,0.00168919,0.00123441,0.00107199,0.00081211,0.000584719,0.000503508,0.00043854,0.000406055,0.000389813,0.000341086,0.000341086,0.000308602,0.00029236,0.000276117,0.000259875,0.000243633,0.000243633,0.000243633,0.000243633,0.000243633,0.000243633,0.000259875,0.000276117,0.000324844,0.000341086,0.000389813,0.00043854,0.000503508,0.000584719,0.000747141,0.000844595,0.000990774,0.00112071,0.00116944,0.00121817,0.00121817,0.00123441,0.00123441,0.00123441,0.00121817,0.00118568,0.00113695,0.0010395,0.000942048,0.000795868,0.000617204,0.000535993,0.000454782
0.000422297,0.000389813,0.000341086,0.000276117,0.000227391,0.000162422,0.000113695,0.000113695,8.1211e-05,4.87266e-05,3.24844e-05,3.24844e-05,3.24844e-05,3.24844e-05,3.24844e-05,3.24844e-05,3.24844e-05,3.24844e-05,3.24844e-05,3.24844e-05,3.24844e-05,3.24844e-05,3.24844e-05,1.62422e-05,1.62422e-05,1.62422e-05,1.62422e-05,1.62422e-05,0,0,0,0,0,0,0,0,0,0,0,0,0,0,0,0,0,0,0,0,0,0,0,0,0,0,0,0,0,0,0,0,0,0,0,0,0,0,0,0,0,0,0,0,0,0,0,0,0,0,0,0,0,0,0,0,0,0,0,0,0,0,0,0,0,0,0,0,1.62422e-05,1.62422e-05,3.24844e-05,3.24844e-05,0.000113695,0.000211149,0.000308602,0.000373571,0.000454782,0.000600962,0.00095829,0.00123441,0.00180288,0.00214397,0.00246881,0.00287487,0.00358953,0.00425546,0.00503508,0.00605834,0.0070816,0.00786123,0.00865709,0.00886824,0.00865709,0.00797492,0.00724402,0.00641567,0.00537617,0.00446661,0.00391437,0.00321596,0.00264748,0.00233888,0.00212773,0.00190034,0.00160798,0.00121817,0.0010395,0.000795868,0.000584719,0.000503508,0.00043854,0.000406055,0.000389813,0.000341086,0.000341086,0.000324844,0.000308602,0.000276117,0.000276117,0.000276117,0.000259875,0.000243633,0.000243633,0.000259875,0.000276117,0.000276117,0.000308602,0.000341086,0.000389813,0.000406055,0.000471024,0.000535993,0.000682173,0.00081211,0.000974532,0.00108823,0.00116944,0.00121817,0.00125065,0.00136435,0.00136435,0.00138059,0.00136435,0.00131562,0.00121817,0.00118568,0.00113695,0.000990774,0.000844595,0.000747141,0.000552235,0.000487266
0.000422297,0.000389813,0.000341086,0.000276117,0.000227391,0.000162422,0.000113695,8.1211e-05,4.87266e-05,3.24844e-05,3.24844e-05,3.24844e-05,3.24844e-05,3.24844e-05,3.24844e-05,3.24844e-05,3.24844e-05,3.24844e-05,3.24844e-05,3.24844e-05,3.24844e-05,3.24844e-05,1.62422e-05,1.62422e-05,1.62422e-05,1.62422e-05,1.62422e-05,0,0,0,0,0,0,0,0,0,0,0,0,0,0,0,0,0,0,0,0,0,0,0,0,0,0,0,0,0,0,0,0,0,0,0,0,0,0,0,0,0,0,0,0,0,0,0,0,0,0,0,0,0,0,0,0,0,0,0,0,0,0,0,0,0,0,0,0,0,1.62422e-05,1.62422e-05,3.24844e-05,3.24844e-05,8.1211e-05,0.000178664,0.000276117,0.000341086,0.000406055,0.000503508,0.000779626,0.00108823,0.00141307,0.0018841,0.00214397,0.00237136,0.00269621,0.00332965,0.00383316,0.00436915,0.0048889,0.00550611,0.00594465,0.00618828,0.00610707,0.00587968,0.00535993,0.00479145,0.00430418,0.00383316,0.0032322,0.00269621,0.00240385,0.00220894,0.00204652,0.00175416,0.00138059,0.00116944,0.000974532,0.000763384,0.000552235,0.000503508,0.00043854,0.000406055,0.000389813,0.000341086,0.000341086,0.000324844,0.000308602,0.00029236,0.000276117,0.000276117,0.000276117,0.000276117,0.000276117,0.000276117,0.000276117,0.000308602,0.000324844,0.000341086,0.000389813,0.000422297,0.000503508,0.000568477,0.000747141,0.000860837,0.0010395,0.00113695,0.00120192,0.00123441,0.00136435,0.00144556,0.00151052,0.00151052,0.0014618,0.00138059,0.00131562,0.00121817,0.0011532,0.00105574,0.000942048,0.000779626,0.000584719,0.000503508
0.00043854,0.000389813,0.000341086,0.000276117,0.000227391,0.000162422,0.000113695,8.1211e-05,3.24844e-05,3.24844e-05,3.24844e-05,3.24844e-05,3.24844e-05,3.24844e-05,3.24844e-05,3.24844e-05,3.24844e-05,3.24844e-05,3.24844e-05,3.24844e-05,3.24844e-05,1.62422e-05,1.62422e-05,1.62422e-05,1.62422e-05,1.62422e-05,0,0,0,0,0,0,0,0,0,0,0,0,0,0,0,0,0,0,0,0,0,0,0,0,0,0,0,0,0,0,0,0,0,0,0,0,0,0,0,0,0,0,0,0,0,0,0,0,0,0,0,0,0,0,0,0,0,0,0,0,0,0,0,0,0,0,0,0,0,0,1.62422e-05,1.62422e-05,3.24844e-05,3.24844e-05,4.87266e-05,0.000162422,0.000243633,0.000324844,0.000389813,0.000454782,0.000568477,0.000844595,0.00113695,0.00147804,0.0018841,0.00211149,0.00233888,0.00258251,0.00284239,0.00339462,0.00375195,0.00412552,0.00432043,0.00441788,0.00443412,0.00436915,0.00417425,0.00391437,0.00355704,0.00306978,0.00269621,0.00242009,0.00224142,0.00204652,0.0018841,0.0016567,0.00121817,0.00112071,0.000877079,0.000730899,0.000535993,0.000487266,0.000422297,0.000389813,0.000373571,0.000341086,0.000341086,0.000324844,0.000308602,0.000308602,0.00029236,0.000276117,0.000276117,0.000276117,0.000276117,0.000276117,0.000308602,0.000324844,0.000341086,0.000373571,0.000406055,0.00043854,0.000503508,0.000600962,0.000779626,0.000942048,0.00107199,0.0011532,0.00121817,0.00136435,0.00142931,0.00152677,0.00160798,0.00160798,0.00155925,0.0014618,0.00136435,0.00123441,0.00118568,0.00112071,0.000942048,0.000795868,0.000617204,0.000503508
0.00043854,0.000389813,0.000341086,0.000276117,0.000211149,0.000162422,0.000113695,4.87266e-05,3.24844e-05,3.24844e-05,3.24844e-05,3.24844e-05,3.24844e-05,3.24844e-05,3.24844e-05,3.24844e-05,3.24844e-05,3.24844e-05,3.24844e-05,1.62422e-05,1.62422e-05,1.62422e-05,1.62422e-05,1.62422e-05,1.62422e-05,0,0,0,0,0,0,0,0,0,0,0,0,0,0,0,0,0,0,0,0,0,0,0,0,0,0,0,0,0,0,0,0,0,0,0,0,0,0,0,0,0,0,0,0,0,0,0,0,0,0,0,0,0,0,0,0,0,0,0,0,0,0,0,0,0,0,0,0,0,0,0,1.62422e-05,1.62422e-05,3.24844e-05,3.24844e-05,3.24844e-05,0.000113695,0.000194906,0.000276117,0.000341086,0.000406055,0.000487266,0.000600962,0.000844595,0.00113695,0.00136435,0.0017704,0.00204652,0.0021927,0.00233888,0.00259875,0.00279366,0.0031185,0.00337838,0.00350832,0.00355704,0.00345959,0.00334589,0.00305353,0.00277742,0.00258251,0.00233888,0.00220894,0.00206276,0.00191658,0.00168919,0.00136435,0.00116944,0.000990774,0.00081211,0.000617204,0.000503508,0.000471024,0.000422297,0.000389813,0.000373571,0.000341086,0.000341086,0.000324844,0.000308602,0.000308602,0.000308602,0.00029236,0.000276117,0.000276117,0.000276117,0.00029236,0.000308602,0.000324844,0.000341086,0.000389813,0.000406055,0.000454782,0.000503508,0.000617204,0.000795868,0.000942048,0.00108823,0.00116944,0.00121817,0.00136435,0.0014618,0.00155925,0.00164046,0.0016567,0.00159174,0.00147804,0.00136435,0.00123441,0.00118568,0.00112071,0.000974532,0.000795868,0.000617204,0.000503508
0.00043854,0.000389813,0.000341086,0.000276117,0.000194906,0.000162422,8.1211e-05,3.24844e-05,3.24844e-05,3.24844e-05,3.24844e-05,3.24844e-05,3.24844e-05,3.24844e-05,3.24844e-05,3.24844e-05,3.24844e-05,1.62422e-05,1.62422e-05,1.62422e-05,1.62422e-05,1.62422e-05,1.62422e-05,1.62422e-05,0,0,0,0,0,0,0,0,0,0,0,0,0,0,0,0,0,0,0,0,0,0,0,0,0,0,0,0,0,0,0,0,0,0,0,0,0,0,0,0,0,0,0,0,0,0,0,0,0,0,0,0,0,0,0,0,0,0,0,0,0,0,0,0,0,0,0,0,0,0,0,0,1.62422e-05,1.62422e-05,1.62422e-05,3.24844e-05,3.24844e-05,8.1211e-05,0.000162422,0.000243633,0.000308602,0.000357328,0.000406055,0.000503508,0.000584719,0.00081211,0.0010395,0.00121817,0.00159174,0.00180288,0.00204652,0.00217646,0.00232264,0.00242009,0.00258251,0.00264748,0.00269621,0.00267996,0.00264748,0.00251754,0.00235512,0.00227391,0.00212773,0.00204652,0.0018841,0.00168919,0.00138059,0.00120192,0.00107199,0.000877079,0.000747141,0.000568477,0.000503508,0.00043854,0.000406055,0.000389813,0.000357328,0.000341086,0.000341086,0.000324844,0.000308602,0.000308602,0.000308602,0.000308602,0.00029236,0.00029236,0.000308602,0.000308602,0.000308602,0.000341086,0.000341086,0.000389813,0.000406055,0.000454782,0.000503508,0.000617204,0.000795868,0.000942048,0.00108823,0.00116944,0.00121817,0.00136435,0.00144556,0.00152677,0.00160798,0.00160798,0.00155925,0.0014618,0.00136435,0.00123441,0.00118568,0.00108823,0.000942048,0.000795868,0.000600962,0.000503508
0.000422297,0.000389813,0.000324844,0.000276117,0.000178664,0.000113695,4.87266e-05,3.24844e-05,3.24844e-05,3.24844e-05,3.24844e-05,3.24844e-05,3.24844e-05,3.24844e-05,3.24844e-05,1.62422e-05,1.62422e-05,1.62422e-05,1.62422e-05,1.62422e-05,1.62422e-05,1.62422e-05,0,0,0,0,0,0,0,0,0,0,0,0,0,0,0,0,0,0,0,0,0,0,0,0,0,0,0,0,0,0,0,0,0,0,0,0,0,0,0,0,0,0,0,0,0,0,0,0,0,0,0,0,0,0,0,0,0,0,0,0,0,0,0,0,0,0,0,0,0,0,0,0,0,0,1.62422e-05,1.62422e-05,1.62422e-05,3.24844e-05,3.24844e-05,3.24844e-05,0.000113695,0.000178664,0.000259875,0.000324844,0.000373571,0.000406055,0.000471024,0.000535993,0.000747141,0.000893321,0.00112071,0.00121817,0.00147804,0.00172167,0.00194906,0.00204652,0.00212773,0.00220894,0.00224142,0.00224142,0.00220894,0.00217646,0.00211149,0.00204652,0.00193282,0.0017704,0.0016567,0.00136435,0.00120192,0.00108823,0.000942048,0.000795868,0.000617204,0.000535993,0.000471024,0.000422297,0.000406055,0.000389813,0.000341086,0.000341086,0.000341086,0.000324844,0.000308602,0.000308602,0.000308602,0.000308602,0.000308602,0.000308602,0.000308602,0.000308602,0.000324844,0.000341086,0.000341086,0.000389813,0.000406055,0.000454782,0.000503508,0.000600962,0.000779626,0.000942048,0.0010395,0.0011532,0.00121817,0.00128313,0.00136435,0.0014618,0.00152677,0.00152677,0.00147804,0.00138059,0.00131562,0.00121817,0.0011532,0.0010395,0.000909563,0.000779626,0.000584719,0.000503508
0.000406055,0.000357328,0.000308602,0.000243633,0.000162422,0.000113695,3.24844e-05,3.24844e-05,3.24844e-05,3.24844e-05,3.24844e-05,3.24844e-05,3.24844e-05,1.62422e-05,1.62422e-05,1.62422e-05,1.62422e-05,1.62422e-05,1.62422e-05,1.62422e-05,1.62422e-05,0,0,0,0,0,0,0,0,0,0,0,0,0,0,0,0,0,0,0,0,0,0,0,0,0,0,0,0,0,0,0,0,0,0,0,0,0,0,0,0,0,0,0,0,0,0,0,0,0,0,0,0,0,0,0,0,0,0,0,0,0,0,0,0,0,0,0,0,0,0,0,0,0,0,0,1.62422e-05,1.62422e-05,1.62422e-05,3.24844e-05,3.24844e-05,3.24844e-05,4.87266e-05,0.000113695,0.000194906,0.000259875,0.000324844,0.000357328,0.000406055,0.00043854,0.000503508,0.000568477,0.000747141,0.000860837,0.0010395,0.00116944,0.00125065,0.00152677,0.00168919,0.00180288,0.0018841,0.00193282,0.00191658,0.0018841,0.00180288,0.00168919,0.0016567,0.00142931,0.00123441,0.00116944,0.00107199,0.000942048,0.000795868,0.000682173,0.000535993,0.000503508,0.00043854,0.000406055,0.000389813,0.000373571,0.000341086,0.000341086,0.000324844,0.000308602,0.000308602,0.000308602,0.000308602,0.000308602,0.000308602,0.000308602,0.000308602,0.000308602,0.000324844,0.000341086,0.000341086,0.000389813,0.000406055,0.00043854,0.000503508,0.000584719,0.000747141,0.000844595,0.000990774,0.00113695,0.00118568,0.00121817,0.00131562,0.00136435,0.00139683,0.00139683,0.00136435,0.0013481,0.00121817,0.00118568,0.00113695,0.000990774,0.000844595,0.000730899,0.000535993,0.000471024
0.000389813,0.000341086,0.000276117,0.000194906,0.000162422,8.1211e-05,3.24844e-05,3.24844e-05,3.24844e-05,3.24844e-05,3.24844e-05,3.24844e-05,1.62422e-05,1.62422e-05,1.62422e-05,1.62422e-05,1.62422e-05,1.62422e-05,1.62422e-05,0,0,0,0,0,0,0,0,0,0,0,0,0,0,0,0,0,0,0,0,0,0,0,0,0,0,0,0,0,0,0,0,0,0,0,0,0,0,0,0,0,0,0,0,0,0,0,0,0,0,0,0,0,0,0,0,0,0,0,0,0,0,0,0,0,0,0,0,0,0,0,0,0,0,0,0,0,1.62422e-05,1.62422e-05,1.62422e-05,1.62422e-05,3.24844e-05,3.24844e-05,3.24844e-05,8.1211e-05,0.000113695,0.000178664,0.000243633,0.000308602,0.000341086,0.000389813,0.000406055,0.00043854,0.000503508,0.000535993,0.000617204,0.000795868,0.000925806,0.0010395,0.00113695,0.00121817,0.00123441,0.00136435,0.00136435,0.00136435,0.0013481,0.00123441,0.00121817,0.0011532,0.00108823,0.000974532,0.000877079,0.000795868,0.000682173,0.000552235,0.000503508,0.000454782,0.000422297,0.000389813,0.000373571,0.000341086,0.000341086,0.000324844,0.000308602,0.000308602,0.000308602,0.00029236,0.00029236,0.00029236,0.00029236,0.00029236,0.000308602,0.000308602,0.000324844,0.000341086,0.000341086,0.000373571,0.000389813,0.000422297,0.000503508,0.000535993,0.000682173,0.00081211,0.000942048,0.0010395,0.00113695,0.00118568,0.00121817,0.00123441,0.00125065,0.00125065,0.00123441,0.00121817,0.00118568,0.00113695,0.0010395,0.000942048,0.000795868,0.000600962,0.000503508,0.00043854
0.000373571,0.000324844,0.000243633,0.000178664,0.000113695,3.24844e-05,3.24844e-05,3.24844e-05,3.24844e-05,3.24844e-05,1.62422e-05,1.62422e-05,1.62422e-05,1.62422e-05,1.62422e-05,1.62422e-05,1.62422e-05,0,0,0,0,0,0,0,0,0,0,0,0,0,0,0,0,0,0,0,0,0,0,0,0,0,0,0,0,0,0,0,0,0,0,0,0,0,0,0,0,0,0,0,0,0,0,0,0,0,0,0,0,0,0,0,0,0,0,0,0,0,0,0,0,0,0,0,0,0,0,0,0,0,0,0,0,0,0,0,0,1.62422e-05,1.62422e-05,1.62422e-05,1.62422e-05,3.24844e-05,3.24844e-05,3.24844e-05,4.87266e-05,0.000113695,0.000178664,0.000227391,0.000276117,0.000324844,0.000341086,0.000389813,0.000406055,0.000422297,0.000454782,0.000503508,0.000552235,0.000682173,0.000795868,0.000860837,0.000974532,0.00102326,0.0010395,0.00107199,0.00107199,0.0010395,0.000990774,0.000942048,0.000844595,0.000795868,0.000747141,0.000600962,0.000535993,0.000503508,0.000454782,0.000422297,0.000389813,0.000389813,0.000341086,0.000341086,0.000324844,0.000308602,0.000308602,0.00029236,0.000276117,0.000276117,0.000276117,0.000276117,0.000276117,0.000276117,0.000308602,0.000308602,0.000308602,0.000324844,0.000341086,0.000357328,0.000389813,0.000422297,0.000454782,0.000503508,0.000584719,0.000747141,0.000844595,0.000974532,0.0010395,0.00113695,0.00116944,0.00118568,0.00121817,0.00120192,0.00118568,0.00116944,0.00113695,0.0010395,0.000942048,0.00081211,0.000698415,0.000535993,0.000471024,0.000406055
0.000341086,0.000276117,0.000194906,0.000129938,4.87266e-05,3.24844e-05,3.24844e-05,3.24844e-05,3.24844e-05,1.62422e-05,1.62422e-05,1.62422e-05,1.62422e-05,1.62422e-05,1.62422e-05,0,0,0,0,0,0,0,0,0,0,0,0,0,0,0,0,0,0,0,0,0,0,0,0,0,0,0,0,0,0,0,0,0,0,0,0,0,0,0,0,0,0,0,0,0,0,0,0,0,0,0,0,0,0,0,0,0,0,0,0,0,0,0,0,0,0,0,0,0,0,0,0,0,0,0,0,0,0,0,0,0,0,1.62422e-05,1.62422e-05,1.62422e-05,1.62422e-05,3.24844e-05,3.24844e-05,3.24844e-05,3.24844e-05,3.24844e-05,0.000113695,0.000162422,0.000194906,0.000243633,0.000276117,0.000324844,0.000341086,0.000357328,0.000389813,0.000406055,0.00043854,0.000487266,0.000503508,0.000552235,0.000617204,0.000714657,0.000747141,0.000779626,0.000795868,0.000795868,0.000779626,0.000747141,0.000682173,0.000600962,0.000552235,0.000503508,0.000503508,0.000454782,0.000422297,0.000389813,0.000373571,0.000341086,0.000341086,0.000324844,0.000308602,0.000308602,0.000276117,0.000276117,0.000276117,0.000276117,0.000276117,0.000276117,0.000276117,0.000276117,0.000276117,0.000308602,0.000308602,0.000324844,0.000341086,0.000341086,0.000389813,0.000406055,0.000422297,0.000487266,0.000535993,0.000617204,0.000747141,0.000844595,0.000942048,0.0010395,0.00108823,0.00113695,0.00113695,0.00113695,0.00112071,0.00107199,0.000990774,0.000942048,0.00081211,0.000730899,0.000568477,0.000503508,0.00043854,0.000389813
0.000308602,0.000243633,0.000162422,8.1211e-05,3.24844e-05,3.24844e-05,3.24844e-05,3.24844e-05,1.62422e-05,1.62422e-05,1.62422e-05,1.62422e-05,1.62422e-05,0,0,0,0,0,0,0,0,0,0,0,0,0,0,0,0,0,0,0,0,0,0,0,0,0,0,0,0,0,0,0,0,0,0,0,0,0,0,0,0,0,0,0,0,0,0,0,0,0,0,0,0,0,0,0,0,0,0,0,0,0,0,0,0,0,0,0,0,0,0,0,0,0,0,0,0,0,0,0,0,0,0,0,0,0,1.62422e-05,1.62422e-05,1.62422e-05,1.62422e-05,3.24844e-05,3.24844e-05,3.24844e-05,3.24844e-05,3.24844e-05,8.1211e-05,0.000113695,0.000162422,0.000194906,0.000243633,0.000276117,0.00029236,0.000324844,0.000341086,0.000373571,0.000389813,0.000422297,0.00043854,0.000471024,0.000503508,0.000503508,0.000535993,0.000535993,0.000535993,0.000535993,0.000535993,0.000503508,0.000503508,0.000503508,0.000454782,0.000422297,0.000406055,0.000389813,0.000373571,0.000341086,0.000341086,0.000308602,0.000308602,0.000276117,0.000276117,0.000276117,0.000276117,0.000276117,0.000276117,0.000276117,0.000276117,0.000276117,0.000276117,0.000276117,0.000276117,0.000308602,0.000308602,0.000324844,0.000341086,0.000357328,0.000389813,0.000406055,0.00043854,0.000503508,0.000535993,0.000600962,0.000747141,0.00081211,0.000860837,0.000942048,0.000974532,0.000990774,0.000974532,0.000974532,0.000942048,0.000844595,0.000795868,0.000698415,0.000552235,0.000503508,0.00043854,0.000406055,0.000341086
0.000243633,0.000178664,0.000113695,3.24844e-05,3.24844e-05,3.24844e-05,3.24844e-05,1.62422e-05,1.62422e-05,1.62422e-05,1.62422e-05,1.62422e-05,0,0,0,0,0,0,0,0,0,0,0,0,0,0,0,0,0,0,0,0,0,0,0,0,0,0,0,0,0,0,0,0,0,0,0,0,0,0,0,0,0,0,0,0,0,0,0,0,0,0,0,0,0,0,0,0,0,0,0,0,0,0,0,0,0,0,0,0,0,0,0,0,0,0,0,0,0,0,0,0,0,0,0,0,0,0,0,1.62422e-05,1.62422e-05,1.62422e-05,1.62422e-05,3.24844e-05,3.24844e-05,3.24844e-05,3.24844e-05,3.24844e-05,3.24844e-05,8.1211e-05,0.000113695,0.000162422,0.000178664,0.000194906,0.000243633,0.000276117,0.000308602,0.000341086,0.000341086,0.000389813,0.000406055,0.000422297,0.000422297,0.00043854,0.000454782,0.000454782,0.000454782,0.000454782,0.00043854,0.00043854,0.000422297,0.000406055,0.000389813,0.000373571,0.000341086,0.000341086,0.000324844,0.000308602,0.000276117,0.000276117,0.000276117,0.000259875,0.000243633,0.000243633,0.000243633,0.000243633,0.000243633,0.000243633,0.000259875,0.000276117,0.000276117,0.000276117,0.000276117,0.00029236,0.000308602,0.000324844,0.000341086,0.000357328,0.000389813,0.000406055,0.00043854,0.000503508,0.000535993,0.000584719,0.000682173,0.000747141,0.000795868,0.00081211,0.00081211,0.00081211,0.00081211,0.000779626,0.000730899,0.000600962,0.000535993,0.000503508,0.00043854,0.000406055,0.000357328,0.000324844
0.000178664,0.000113695,3.24844e-05,3.24844e-05,3.24844e-05,3.24844e-05,1.62422e-05,1.62422e-05,1.62422e-05,1.62422e-05,1.62422e-05,0,0,0,0,0,0,0,0,0,0,0,0,0,0,0,0,0,0,0,0,0,0,0,0,0,0,0,0,0,0,0,0,0,0,0,0,0,0,0,0,0,0,0,0,0,0,0,0,0,0,0,0,0,0,0,0,0,0,0,0,0,0,0,0,0,0,0,0,0,0,0,0,0,0,0,0,0,0,0,0,0,0,0,0,0,0,0,0,0,1.62422e-05,1.62422e-05,1.62422e-05,1.62422e-05,1.62422e-05,3.24844e-05,3.24844e-05,3.24844e-05,3.24844e-05,3.24844e-05,3.24844e-05,3.24844e-05,8.1211e-05,0.000113695,0.000162422,0.000162422,0.000194906,0.000243633,0.000276117,0.000308602,0.000341086,0.000341086,0.000373571,0.000389813,0.000389813,0.000389813,0.000406055,0.000389813,0.000389813,0.000389813,0.000389813,0.000373571,0.000341086,0.000341086,0.000324844,0.000308602,0.000276117,0.000276117,0.000259875,0.000243633,0.000243633,0.000243633,0.000227391,0.000227391,0.000227391,0.000227391,0.000243633,0.000243633,0.000243633,0.000243633,0.000259875,0.000276117,0.000276117,0.000276117,0.000276117,0.000308602,0.000324844,0.000341086,0.000357328,0.000389813,0.000406055,0.000422297,0.000471024,0.000503508,0.000535993,0.000552235,0.000600962,0.000617204,0.000617204,0.000617204,0.000617204,0.000584719,0.000535993,0.000503508,0.000471024,0.000422297,0.000389813,0.000357328,0.000324844,0.000259875
0.000113695,3.24844e-05,3.24844e-05,3.24844e-05,3.24844e-05,1.62422e-05,1.62422e-05,1.62422e-05,1.62422e-05,0,0,0,0,0,0,0,0,0,0,0,0,0,0,0,0,0,0,0,0,0,0,0,0,0,0,0,0,0,0,0,0,0,0,0,0,0,0,0,0,0,0,0,0,0,0,0,0,0,0,0,0,0,0,0,0,0,0,0,0,0,0,0,0,0,0,0,0,0,0,0,0,0,0,0,0,0,0,0,0,0,0,0,0,0,0,0,0,0,0,0,0,1.62422e-05,1.62422e-05,1.62422e-05,1.62422e-05,1.62422e-05,1.62422e-05,3.24844e-05,3.24844e-05,3.24844e-05,3.24844e-05,3.24844e-05,3.24844e-05,3.24844e-05,3.24844e-05,8.1211e-05,0.000113695,0.000113695,0.000162422,0.000194906,0.000243633,0.000276117,0.000308602,0.000324844,0.000341086,0.000341086,0.000341086,0.000341086,0.000341086,0.000341086,0.000341086,0.000324844,0.000308602,0.000276117,0.000276117,0.000243633,0.000243633,0.000227391,0.000211149,0.000194906,0.000194906,0.000194906,0.000194906,0.000194906,0.000194906,0.000194906,0.000194906,0.000211149,0.000227391,0.000243633,0.000243633,0.000243633,0.000243633,0.000259875,0.000276117,0.000276117,0.000308602,0.000324844,0.000341086,0.000341086,0.000373571,0.000389813,0.000406055,0.00043854,0.000454782,0.000503508,0.000503508,0.000503508,0.000503508,0.000503508,0.000503508,0.000503508,0.000454782,0.00043854,0.000406055,0.000389813,0.000341086,0.000308602,0.000243633,0.000178664
3.24844e-05,3.24844e-05,3.24844e-05,3.24844e-05,1.62422e-05,1.62422e-05,1.62422e-05,1.62422e-05,0,0,0,0,0,0,0,0,0,0,0,0,0,0,0,0,0,0,0,0,0,0,0,0,0,0,0,0,0,0,0,0,0,0,0,0,0,0,0,0,0,0,0,0,0,0,0,0,0,0,0,0,0,0,0,0,0,0,0,0,0,0,0,0,0,0,0,0,0,0,0,0,0,0,0,0,0,0,0,0,0,0,0,0,0,0,0,0,0,0,0,0,0,0,0,1.62422e-05,1.62422e-05,1.62422e-05,1.62422e-05,1.62422e-05,1.62422e-05,3.24844e-05,3.24844e-05,3.24844e-05,3.24844e-05,3.24844e-05,3.24844e-05,3.24844e-05,3.24844e-05,3.24844e-05,4.87266e-05,0.000113695,0.000129938,0.000162422,0.000194906,0.000227391,0.000243633,0.000276117,0.000276117,0.000276117,0.000276117,0.000276117,0.000276117,0.000243633,0.000243633,0.000211149,0.000194906,0.000194906,0.000178664,0.000178664,0.000178664,0.000178664,0.000162422,0.000162422,0.000162422,0.000178664,0.000178664,0.000178664,0.000178664,0.000194906,0.000194906,0.000194906,0.000211149,0.000227391,0.000243633,0.000243633,0.000243633,0.000259875,0.000276117,0.000276117,0.000308602,0.000324844,0.000341086,0.000341086,0.000373571,0.000389813,0.000406055,0.000422297,0.000422297,0.00043854,0.00043854,0.00043854,0.000422297,0.000406055,0.000406055,0.000389813,0.000341086,0.000324844,0.000276117,0.000227391,0.000162422,0.000113695
3.24844e-05,3.24844e-05,3.24844e-05,1.62422e-05,1.62422e-05,1.62422e-05,1.62422e-05,0,0,0,0,0,0,0,0,0,0,0,0,0,0,0,0,0,0,0,0,0,0,0,0,0,0,0,0,0,0,0,0,0,0,0,0,0,0,0,0,0,0,0,0,0,0,0,0,0,0,0,0,0,0,0,0,0,0,0,0,0,0,0,0,0,0,0,0,0,0,0,0,0,0,0,0,0,0,0,0,0,0,0,0,0,0,0,0,0,0,0,0,0,0,0,0,0,1.62422e-05,1.62422e-05,1.62422e-05,1.62422e-05,1.62422e-05,1.62422e-05,1.62422e-05,1.62422e-05,1.62422e-05,3.24844e-05,3.24844e-05,3.24844e-05,3.24844e-05,3.24844e-05,3.24844e-05,3.24844e-05,3.24844e-05,4.87266e-05,0.000113695,0.000113695,0.000162422,0.000162422,0.000178664,0.000178664,0.000178664,0.000178664,0.000178664,0.000162422,0.000162422,0.000162422,0.000162422,0.000162422,0.000162422,0.000162422,0.00014618,0.000129938,0.000129938,0.00014618,0.000162422,0.000162422,0.000162422,0.000162422,0.000162422,0.000178664,0.000178664,0.000178664,0.000194906,0.000194906,0.000194906,0.000194906,0.000211149,0.000227391,0.000243633,0.000243633,0.000276117,0.000276117,0.000308602,0.000324844,0.000341086,0.000341086,0.000357328,0.000373571,0.000389813,0.000389813,0.000389813,0.000389813,0.000373571,0.000357328,0.000341086,0.000324844,0.000276117,0.000243633,0.000194906,0.00014618,8.1211e-05,3.24844e-05
3.24844e-05,3.24844e-05,1.62422e-05,1.62422e-05,1.62422e-05,1.62422e-05,0,0,0,0,0,0,0,0,0,0,0,0,0,0,0,0,0,0,0,0,0,0,0,0,0,0,0,0,0,0,0,0,0,0,0,0,0,0,0,0,0,0,0,0,0,0,0,0,0,0,0,0,0,0,0,0,0,0,0,0,0,0,0,0,0,0,0,0,0,0,0,0,0,0,0,0,0,0,0,0,0,0,0,0,0,0,0,0,0,0,0,0,0,0,0,0,0,0,0,0,0,1.62422e-05,1.62422e-05,1.62422e-05,1.62422e-05,1.62422e-05,1.62422e-05,1.62422e-05,1.62422e-05,1.62422e-05,3.24844e-05,3.24844e-05,3.24844e-05,3.24844e-05,3.24844e-05,3.24844e-05,3.24844e-05,3.24844e-05,3.24844e-05,8.1211e-05,8.1211e-05,9.74532e-05,0.000113695,0.000113695,0.000113695,0.000113695,0.000113695,0.000113695,0.000113695,9.74532e-05,8.1211e-05,8.1211e-05,8.1211e-05,9.74532e-05,0.000113695,0.000113695,0.000113695,0.000113695,0.000113695,0.000113695,0.00014618,0.000162422,0.000162422,0.000162422,0.000162422,0.000162422,0.000178664,0.000178664,0.000178664,0.000178664,0.000194906,0.000194906,0.000211149,0.000243633,0.000243633,0.000276117,0.000276117,0.00029236,0.000308602,0.000324844,0.000324844,0.000324844,0.000324844,0.000324844,0.000308602,0.000276117,0.000276117,0.000243633,0.000194906,0.000162422,0.000113695,3.24844e-05,3.24844e-05,3.24844e-05
1.62422e-05,1.62422e-05,1.62422e-05,1.62422e-05,0,0,0,0,0,0,0,0,0,0,0,0,0,0,0,0,0,0,0,0,0,0,0,0,0,0,0,0,0,0,0,0,0,0,0,0,0,0,0,0,0,0,0,0,0,0,0,0,0,0,0,0,0,0,0,0,0,0,0,0,0,0,0,0,0,0,0,0,0,0,0,0,0,0,1.62422e-05,0,0,0,0,0,0,0,0,0,0,0,0,0,0,0,0,0,0,0,0,0,0,0,0,0,0,0,0,0,0,0,0,1.62422e-05,1.62422e-05,1.62422e-05,1.62422e-05,1.62422e-05,1.62422e-05,1.62422e-05,1.62422e-05,3.24844e-05,3.24844e-05,3.24844e-05,3.24844e-05,3.24844e-05,3.24844e-05,3.24844e-05,3.24844e-05,3.24844e-05,3.24844e-05,3.24844e-05,3.24844e-05,3.24844e-05,3.24844e-05,3.24844e-05,3.24844e-05,3.24844e-05,3.24844e-05,3.24844e-05,3.24844e-05,3.24844e-05,3.24844e-05,4.87266e-05,8.1211e-05,8.1211e-05,8.1211e-05,0.000113695,0.000113695,0.000113695,0.000113695,0.000113695,0.000129938,0.000162422,0.000162422,0.000162422,0.000162422,0.000162422,0.000162422,0.000162422,0.000178664,0.000178664,0.000178664,0.000194906,0.000194906,0.000227391,0.000243633,0.000243633,0.000243633,0.000243633,0.000243633,0.000243633,0.000194906,0.000194906,0.000162422,0.000129938,0.000113695,3.24844e-05,3.24844e-05,3.24844e-05,3.24844e-05,3.24844e-05
1.62422e-05,1.62422e-05,1.62422e-05,0,0,0,0,0,0,0,0,0,0,0,0,0,0,0,0,0,0,0,0,0,0,0,0,0,0,0,0,0,0,0,0,0,0,0,0,0,0,0,0,0,0,0,0,0,0,0,0,0,0,0,0,0,0,0,0,0,0,0,0,0,0,0,0,0,0,0,0,0,0,0,0,0,0,0,0,0,0,0,0,0,0,0,0,0,0,0,0,0,0,0,0,0,0,0,0,0,0,0,0,0,0,0,0,0,0,0,0,0,0,0,0,1.62422e-05,1.62422e-05,1.62422e-05,1.62422e-05,1.62422e-05,1.62422e-05,1.62422e-05,3.24844e-05,3.24844e-05,3.24844e-05,3.24844e-05,3.24844e-05,3.24844e-05,3.24844e-05,3.24844e-05,3.24844e-05,3.24844e-05,3.24844e-05,3.24844e-05,3.24844e-05,3.24844e-05,3.24844e-05,3.24844e-05,3.24844e-05,3.24844e-05,3.24844e-05,3.24844e-05,3.24844e-05,3.24844e-05,3.24844e-05,4.87266e-05,4.87266e-05,8.1211e-05,8.1211e-05,9.74532e-05,0.000113695,0.000113695,0.000113695,0.000113695,0.000113695,0.000113695,0.000113695,0.000113695,0.000113695,0.000113695,0.000129938,0.000162422,0.000162422,0.000162422,0.000162422,0.000162422,0.000162422,0.000162422,0.000162422,0.000162422,0.000113695,0.000113695,8.1211e-05,3.24844e-05,3.24844e-05,3.24844e-05,3.24844e-05,3.24844e-05,3.24844e-05,1.62422e-05
1.62422e-05,1.62422e-05,0,0,0,0,0,0,0,0,0,0,0,0,0,0,0,0,0,0,0,0,0,0,0,0,0,0,0,0,0,0,0,0,0,0,0,0,0,0,0,0,0,0,0,0,0,0,0,0,0,0,0,0,0,0,0,0,0,0,0,0,0,0,0,0,0,0,0,0,0,0,0,0,0,0,0,0,0,0,0,0,0,0,0,0,0,0,0,0,0,0,0,0,0,0,0,0,0,0,0,0,0,0,0,0,0,0,0,0,0,0,0,0,0,0,0,0,1.62422e-05,1.62422e-05,1.62422e-05,1.62422e-05,1.62422e-05,1.62422e-05,1.62422e-05,1.62422e-05,3.24844e-05,3.24844e-05,3.24844e-05,3.24844e-05,3.24844e-05,3.24844e-05,3.24844e-05,3.24844e-05,3.24844e-05,3.24844e-05,3.24844e-05,3.24844e-05,3.24844e-05,3.24844e-05,3.24844e-05,3.24844e-05,3.24844e-05,3.24844e-05,3.24844e-05,3.24844e-05,3.24844e-05,3.24844e-05,3.24844e-05,3.24844e-05,4.87266e-05,4.87266e-05,4.87266e-05,8.1211e-05,8.1211e-05,8.1211e-05,8.1211e-05,8.1211e-05,8.1211e-05,8.1211e-05,8.1211e-05,8.1211e-05,8.1211e-05,8.1211e-05,8.1211e-05,8.1211e-05,8.1211e-05,8.1211e-05,4.87266e-05,3.24844e-05,3.24844e-05,3.24844e-05,3.24844e-05,3.24844e-05,3.24844e-05,3.24844e-05,3.24844e-05,1.62422e-05,1.62422e-05,1.62422e-05
0,0,0,0,0,0,0,0,0,0,0,0,0,0,0,0,0,0,0,0,0,0,0,0,0,0,0,0,0,0,0,0,0,0,0,0,0,0,0,0,0,0,0,0,0,0,0,0,0,0,0,0,0,0,0,0,0,0,0,0,0,0,0,0,0,0,0,0,0,0,0,0,0,0,0,0,0,0,0,0,0,0,0,0,0,0,0,0,0,0,0,0,0,0,0,0,0,0,0,0,0,0,0,0,0,0,0,0,0,0,0,0,0,0,0,0,0,0,0,0,0,1.62422e-05,1.62422e-05,1.62422e-05,1.62422e-05,1.62422e-05,1.62422e-05,1.62422e-05,1.62422e-05,1.62422e-05,1.62422e-05,1.62422e-05,1.62422e-05,1.62422e-05,1.62422e-05,3.24844e-05,3.24844e-05,3.24844e-05,3.24844e-05,3.24844e-05,3.24844e-05,3.24844e-05,3.24844e-05,3.24844e-05,3.24844e-05,3.24844e-05,3.24844e-05,3.24844e-05,3.24844e-05,3.24844e-05,3.24844e-05,3.24844e-05,3.24844e-05,3.24844e-05,3.24844e-05,3.24844e-05,3.24844e-05,3.24844e-05,3.24844e-05,3.24844e-05,3.24844e-05,3.24844e-05,3.24844e-05,3.24844e-05,3.24844e-05,3.24844e-05,3.24844e-05,3.24844e-05,3.24844e-05,3.24844e-05,3.24844e-05,3.24844e-05,3.24844e-05,3.24844e-05,3.24844e-05,1.62422e-05,1.62422e-05,1.62422e-05,1.62422e-05,1.62422e-05
0,0,0,0,0,0,0,0,0,0,0,0,0,0,0,0,0,0,0,0,0,0,0,0,0,0,0,0,0,0,0,0,0,0,0,0,0,0,0,0,0,0,0,0,0,0,0,0,0,0,0,0,0,0,0,0,0,0,0,0,0,0,0,0,0,0,0,0,0,0,0,0,0,0,0,0,0,0,0,0,0,0,0,0,0,0,0,0,0,0,0,0,0,0,0,0,0,0,0,0,0,0,0,0,0,0,0,0,0,0,0,0,0,0,0,0,0,0,0,0,0,0,0,0,0,1.62422e-05,1.62422e-05,1.62422e-05,1.62422e-05,1.62422e-05,1.62422e-05,1.62422e-05,1.62422e-05,1.62422e-05,1.62422e-05,1.62422e-05,1.62422e-05,1.62422e-05,1.62422e-05,3.24844e-05,3.24844e-05,3.24844e-05,3.24844e-05,3.24844e-05,3.24844e-05,3.24844e-05,3.24844e-05,3.24844e-05,3.24844e-05,3.24844e-05,3.24844e-05,3.24844e-05,3.24844e-05,3.24844e-05,3.24844e-05,3.24844e-05,3.24844e-05,3.24844e-05,3.24844e-05,3.24844e-05,3.24844e-05,3.24844e-05,3.24844e-05,3.24844e-05,3.24844e-05,3.24844e-05,3.24844e-05,3.24844e-05,3.24844e-05,3.24844e-05,3.24844e-05,3.24844e-05,1.62422e-05,1.62422e-05,1.62422e-05,1.62422e-05,1.62422e-05,1.62422e-05,0,0
0,0,0,0,0,0,0,0,0,0,0,0,0,0,0,0,0,0,0,0,0,0,0,0,0,0,0,0,0,0,0,0,0,0,0,0,0,0,0,0,0,0,0,0,0,0,0,0,0,0,0,0,0,0,0,0,0,0,0,0,0,0,0,0,0,0,0,0,0,0,0,0,0,0,0,0,0,0,0,0,0,0,0,0,0,0,0,0,0,0,0,0,0,0,0,0,0,0,0,0,0,0,0,0,0,0,0,0,0,0,0,0,0,0,0,0,0,0,0,0,0,0,0,0,0,0,0,0,0,0,0,0,1.62422e-05,1.62422e-05,1.62422e-05,1.62422e-05,1.62422e-05,1.62422e-05,1.62422e-05,1.62422e-05,1.62422e-05,1.62422e-05,1.62422e-05,1.62422e-05,3.24844e-05,3.24844e-05,3.24844e-05,3.24844e-05,3.24844e-05,3.24844e-05,3.24844e-05,3.24844e-05,3.24844e-05,3.24844e-05,3.24844e-05,3.24844e-05,3.24844e-05,3.24844e-05,3.24844e-05,3.24844e-05,3.24844e-05,3.24844e-05,3.24844e-05,3.24844e-05,3.24844e-05,3.24844e-05,3.24844e-05,3.24844e-05,1.62422e-05,1.62422e-05,1.62422e-05,1.62422e-05,1.62422e-05,1.62422e-05,1.62422e-05,1.62422e-05,0,0,0,0
0,0,0,0,0,0,0,0,0,0,0,0,0,0,0,0,0,0,0,0,0,0,0,0,0,0,0,0,0,0,0,0,0,0,0,0,0,0,0,0,0,0,0,0,0,0,0,0,0,0,0,0,0,0,0,0,0,0,0,0,0,0,0,0,0,0,0,0,0,0,0,0,0,0,0,0,0,0,0,0,0,0,0,0,0,0,0,0,0,0,0,0,0,0,0,0,0,0,0,0,0,0,0,0,0,0,0,0,0,0,0,0,0,0,0,0,0,0,0,0,0,0,0,0,0,0,0,0,0,0,0,0,0,0,0,0,0,1.62422e-05,1.62422e-05,1.62422e-05,1.62422e-05,1.62422e-05,1.62422e-05,1.62422e-05,1.62422e-05,1.62422e-05,1.62422e-05,1.62422e-05,1.62422e-05,1.62422e-05,3.24844e-05,3.24844e-05,3.24844e-05,3.24844e-05,3.24844e-05,3.24844e-05,3.24844e-05,3.24844e-05,3.24844e-05,3.24844e-05,1.62422e-05,1.62422e-05,1.62422e-05,1.62422e-05,1.62422e-05,1.62422e-05,1.62422e-05,1.62422e-05,1.62422e-05,1.62422e-05,1.62422e-05,1.62422e-05,1.62422e-05,1.62422e-05,0,0,0,0,0,0
0,0,0,0,0,0,0,0,0,0,0,0,0,0,0,0,0,0,0,0,0,0,0,0,0,0,0,0,0,0,0,0,0,0,0,0,0,0,0,0,0,0,0,0,0,0,0,0,0,0,0,0,0,0,0,0,0,0,0,0,0,0,0,0,0,0,0,0,0,0,0,0,0,0,0,0,0,0,0,0,0,0,0,0,0,0,0,0,0,0,0,0,0,0,0,0,0,0,0,0,0,0,0,0,0,0,0,0,0,0,0,0,0,0,0,0,0,0,0,0,0,0,0,0,0,0,0,0,0,0,0,0,0,0,0,0,0,0,0,0,1.62422e-05,1.62422e-05,1.62422e-05,1.62422e-05,1.62422e-05,1.62422e-05,1.62422e-05,1.62422e-05,1.62422e-05,1.62422e-05,1.62422e-05,1.62422e-05,1.62422e-05,1.62422e-05,1.62422e-05,1.62422e-05,1.62422e-05,1.62422e-05,1.62422e-05,1.62422e-05,1.62422e-05,1.62422e-05,1.62422e-05,1.62422e-05,1.62422e-05,1.62422e-05,1.62422e-05,1.62422e-05,1.62422e-05,1.62422e-05,1.62422e-05,0,0,0,0,0,0,0,0,0
0,0,0,0,0,0,0,0,0,0,0,0,0,0,0,0,0,0,0,0,0,0,0,0,0,0,0,0,0,0,0,0,0,0,0,0,0,0,0,0,0,0,0,0,0,0,0,0,0,0,0,0,0,0,0,0,0,0,0,0,0,0,0,0,0,0,0,0,0,0,0,0,0,0,0,0,0,0,0,0,0,0,0,0,0,0,0,0,0,0,0,0,0,0,0,0,0,0,0,0,0,0,0,0,0,0,0,0,0,0,0,0,0,0,0,0,0,0,0,0,0,0,0,0,0,0,0,0,0,0,0,0,0,0,0,0,0,0,0,0,0,0,0,0,0,1.62422e-05,1.62422e-05,1.62422e-05,1.62422e-05,1.62422e-05,1.62422e-05,1.62422e-05,1.62422e-05,1.62422e-05,1.62422e-05,1.62422e-05,1.62422e-05,1.62422e-05,1.62422e-05,1.62422e-05,1.62422e-05,1.62422e-05,1.62422e-05,1.62422e-05,1.62422e-05,1.62422e-05,1.62422e-05,0,0,0,0,0,0,0,0,0,0,0,0,0
0,0,0,0,0,0,0,0,0,0,0,0,0,0,0,0,0,0,0,0,0,0,0,0,0,0,0,0,0,0,0,0,0,0,0,0,0,0,0,0,0,0,0,0,0,0,0,0,0,0,0,0,0,0,0,0,0,0,0,0,0,0,0,0,0,0,0,0,0,0,0,0,0,0,0,0,0,0,0,0,0,0,0,0,0,0,0,0,0,0,0,0,0,0,0,0,0,0,0,0,0,0,0,0,0,0,0,0,0,0,0,0,0,0,0,0,0,0,0,0,0,0,0,0,0,0,0,0,0,0,0,0,0,0,0,0,0,0,0,0,0,0,0,0,0,0,0,0,0,0,0,0,0,0,0,0,0,0,0,0,0,0,0,0,0,0,0,0,0,0,0,0,0,0,0,0,0,0,0,0
0,0,0,0,0,0,0,0,0,0,0,0,0,0,0,0,0,0,0,0,0,0,0,0,0,0,0,0,0,0,0,0,0,0,0,0,0,0,0,0,0,0,0,0,0,0,0,0,0,0,0,0,0,0,0,0,0,0,0,0,0,0,0,0,0,0,0,0,0,0,0,0,0,0,0,0,0,0,0,0,0,0,0,0,0,0,0,0,0,0,0,0,0,0,0,0,0,0,0,0,0,0,0,0,0,0,0,0,0,0,0,0,0,0,0,0,0,0,0,0,0,0,0,0,0,0,0,0,0,0,0,0,0,0,0,0,0,0,0,0,0,0,0,0,0,0,0,0,0,0,0,0,0,0,0,0,0,0,0,0,0,0,0,0,0,0,0,0,0,0,0,0,0,0,0,0,0,0,0,0
0,0,0,0,0,0,0,0,0,0,0,0,0,0,0,0,0,0,0,0,0,0,0,0,0,0,0,0,0,0,0,0,0,0,0,0,0,0,0,0,0,0,0,0,0,0,0,0,0,0,0,0,0,0,0,0,0,0,0,0,0,0,0,0,0,0,0,0,0,0,0,0,0,0,0,0,0,0,0,0,0,0,0,0,0,0,0,0,0,0,0,0,0,0,0,0,0,0,0,0,0,0,0,0,0,0,0,0,0,0,0,0,0,0,0,0,0,0,0,0,0,0,0,0,0,0,0,0,0,0,0,0,0,0,0,0,0,0,0,0,0,0,0,0,0,0,0,0,0,0,0,0,0,0,0,0,0,0,0,0,0,0,0,0,0,0,0,0,0,0,0,0,0,0,0,0,0,0,0,0
0,0,0,0,0,0,0,0,0,0,0,0,0,0,0,0,0,0,0,0,0,0,0,0,0,0,0,0,0,0,0,0,0,0,0,0,0,0,0,0,0,0,0,0,0,0,0,0,0,0,0,0,0,0,0,0,0,0,0,0,0,0,0,0,0,0,0,0,0,0,0,0,0,0,0,0,0,0,0,0,0,0,0,0,0,0,0,0,0,0,0,0,0,0,0,0,0,0,0,0,0,0,0,0,0,0,0,0,0,0,0,0,0,0,0,0,0,0,0,0,0,0,0,0,0,0,0,0,0,0,0,0,0,0,0,0,0,0,0,0,0,0,0,0,0,0,0,0,0,0,0,0,0,0,0,0,0,0,0,0,0,0,0,0,0,0,0,0,0,0,0,0,0,0,0,0,0,0,0,0
0,0,0,0,0,0,0,0,0,0,0,0,0,0,0,0,0,0,0,0,0,0,0,0,0,0,0,0,0,0,0,0,0,0,0,0,0,0,0,0,0,0,0,0,0,0,0,0,0,0,0,0,0,0,0,0,0,0,0,0,0,0,0,0,0,0,0,0,0,0,0,0,0,0,0,0,0,0,0,0,0,0,0,0,0,0,0,0,0,0,0,0,0,0,0,0,0,0,0,0,0,0,0,0,0,0,0,0,0,0,0,0,0,0,0,0,0,0,0,0,0,0,0,0,0,0,0,0,0,0,0,0,0,0,0,0,0,0,0,0,0,0,0,0,0,0,0,0,0,0,0,0,0,0,0,0,0,0,0,0,0,0,0,0,0,0,0,0,0,0,0,0,0,0,0,0,0,0,0,0
0,0,0,0,0,0,0,0,0,0,0,0,0,0,0,0,0,0,0,0,0,0,0,0,0,0,0,0,0,0,0,0,0,0,0,0,0,0,0,0,0,0,0,0,0,0,0,0,0,0,0,0,0,0,0,0,0,0,0,0,0,0,0,0,0,0,0,0,0,0,0,0,0,0,0,0,0,0,0,0,0,0,0,0,0,0,0,0,0,0,0,0,0,0,0,0,0,0,0,0,0,0,0,0,0,0,0,0,0,0,0,0,0,0,0,0,0,0,0,0,0,0,0,0,0,0,0,0,0,0,0,0,0,0,0,0,0,0,0,0,0,0,0,0,0,0,0,0,0,0,0,0,0,0,0,0,0,0,0,0,0,0,0,0,0,0,0,0,0,0,0,0,0,0,0,0,0,0,0,0
0,0,0,0,0,0,0,0,0,0,0,0,0,0,0,0,0,0,0,0,0,0,0,0,0,0,0,0,0,0,0,0,0,0,0,0,0,0,0,0,0,0,0,0,0,0,0,0,0,0,0,0,0,0,0,0,0,0,0,0,0,0,0,0,0,0,0,0,0,0,0,0,0,0,0,0,0,0,0,0,0,0,0,0,0,0,0,0,0,0,0,0,0,0,0,0,0,0,0,0,0,0,0,0,0,0,0,0,0,0,0,0,0,0,0,0,0,0,0,0,0,0,0,0,0,0,0,0,0,0,0,0,0,0,0,0,0,0,0,0,0,0,0,0,0,0,0,0,0,0,0,0,0,0,0,0,0,0,0,0,0,0,0,0,0,0,0,0,0,0,0,0,0,0,0,0,0,0,0,0
0,0,0,0,0,0,0,0,0,0,0,0,0,0,0,0,0,0,0,0,0,0,0,0,0,0,0,0,0,0,0,0,0,0,0,0,0,0,0,0,0,0,0,0,0,0,0,0,0,0,0,0,0,0,0,0,0,0,0,0,0,0,0,0,0,0,0,0,0,0,0,0,0,0,0,0,0,0,0,0,0,0,0,0,0,0,0,0,0,0,0,0,0,0,0,0,0,0,0,0,0,0,0,0,0,0,0,0,0,0,0,0,0,0,0,0,0,0,0,0,0,0,0,0,0,0,0,0,0,0,0,0,0,0,0,0,0,0,0,0,0,0,0,0,0,0,0,0,0,0,0,0,0,0,0,0,0,0,0,0,0,0,0,0,0,0,0,0,0,0,0,0,0,0,0,0,0,0,0,0
0,0,0,0,0,0,0,0,0,0,0,0,0,0,0,0,0,0,0,0,0,0,0,0,0,0,0,0,0,0,0,0,0,0,0,0,0,0,0,0,0,0,0,0,0,0,0,0,0,0,0,0,0,0,0,0,0,0,0,0,0,0,0,0,0,0,0,0,0,0,0,0,0,0,0,0,0,0,0,0,0,0,0,0,0,0,0,0,0,0,0,0,0,0,0,0,0,0,0,0,0,0,0,0,0,0,0,0,0,0,0,0,0,0,0,0,0,0,0,0,0,0,0,0,0,0,0,0,0,0,0,0,0,0,0,0,0,0,0,0,0,0,0,0,0,0,0,0,0,0,0,0,0,0,0,0,0,0,0,0,0,0,0,0,0,0,0,0,0,0,0,0,0,0,0,0,0,0,0,0
0,0,0,0,0,0,0,0,0,0,0,0,0,0,0,0,0,0,0,0,0,0,0,0,0,0,0,0,0,0,0,0,0,0,0,0,0,0,0,0,0,0,0,0,0,0,0,0,0,0,0,0,0,0,0,0,0,0,0,0,0,0,0,0,0,0,0,0,0,0,0,0,0,0,0,0,0,0,0,0,0,0,0,0,0,0,0,0,0,0,0,0,0,0,0,0,0,0,0,0,0,0,0,0,0,0,0,0,0,0,0,0,0,0,0,0,0,0,0,0,0,0,0,0,0,0,0,0,0,0,0,0,0,0,0,0,0,0,0,0,0,0,0,0,0,0,0,0,0,0,0,0,0,0,0,0,0,0,0,0,0,0,0,0,0,0,0,0,0,0,0,0,0,0,0,0,0,0,0,0
0,0,0,0,0,0,0,0,0,0,0,0,0,0,0,0,0,0,0,0,0,0,0,0,0,0,0,0,0,0,0,0,0,0,0,0,0,0,0,0,0,0,0,0,0,0,0,0,0,0,0,0,0,0,0,0,0,0,0,0,0,0,0,0,0,0,0,0,0,0,0,0,0,0,0,0,0,0,0,0,0,0,0,0,0,0,0,0,0,0,0,0,0,0,0,0,0,0,0,0,0,0,0,0,0,0,0,0,0,0,0,0,0,0,0,0,0,0,0,0,0,0,0,0,0,0,0,0,0,0,0,0,0,0,0,0,0,0,0,0,0,0,0,0,0,0,0,0,0,0,0,0,0,0,0,0,0,0,0,0,0,0,0,0,0,0,0,0,0,0,0,0,0,0,0,0,0,0,0,0
0,0,0,0,0,0,0,0,0,0,0,0,0,0,0,0,0,0,0,0,0,0,0,0,0,0,0,0,0,0,0,0,0,0,0,0,0,0,0,0,0,0,0,0,0,0,0,0,0,0,0,0,0,0,0,0,0,0,0,0,0,0,0,0,0,0,0,0,0,0,0,0,0,0,0,0,0,0,0,0,0,0,0,0,0,0,0,0,0,0,0,0,0,0,0,0,0,0,0,0,0,0,0,0,0,0,0,0,0,0,0,0,0,0,0,0,0,0,0,0,0,0,0,0,0,0,0,0,0,0,0,0,0,0,0,0,0,0,0,0,0,0,0,0,0,0,0,0,0,0,0,0,0,0,0,0,0,0,0,0,0,0,0,0,0,0,0,0,0,0,0,0,0,0,0,0,0,0,0,0
0,0,0,0,0,0,0,0,0,0,0,0,0,0,0,0,0,0,0,0,0,0,0,0,0,0,0,0,0,0,0,0,0,0,0,0,0,0,0,0,0,0,0,0,0,0,0,0,0,0,0,0,0,0,0,0,0,0,0,0,0,0,0,0,0,0,0,0,0,0,0,0,0,0,0,0,0,0,0,0,0,0,0,0,0,0,0,0,0,0,0,0,0,0,0,0,0,0,0,0,0,0,0,0,0,0,0,0,0,0,0,0,0,0,0,0,0,0,0,0,0,0,0,0,0,0,0,0,0,0,0,0,0,0,0,0,0,0,0,0,0,0,0,0,0,0,0,0,0,0,0,0,0,0,0,0,0,0,0,0,0,0,0,0,0,0,0,0,0,0,0,0,0,0,0,0,0,0,0,0
0,0,0,0,0,0,0,0,0,0,0,0,0,0,0,0,0,0,0,0,0,0,0,0,0,0,0,0,0,0,0,0,0,0,0,0,0,0,0,0,0,0,0,0,0,0,0,0,0,0,0,0,0,0,0,0,0,0,0,0,0,0,0,0,0,0,0,0,0,0,0,0,0,0,0,0,0,0,0,0,0,0,0,0,0,0,0,0,0,0,0,0,0,0,0,0,0,0,0,0,0,0,0,0,0,0,0,0,0,0,0,0,0,0,0,0,0,0,0,0,0,0,0,0,0,0,0,0,0,0,0,0,0,0,0,0,0,0,0,0,0,0,0,0,0,0,0,0,0,0,0,0,0,0,0,0,0,0,0,0,0,0,0,0,0,0,0,0,0,0,0,0,0,0,0,0,0,0,0,0
0,0,0,0,0,0,0,0,0,0,0,0,0,0,0,0,0,0,0,0,0,0,0,0,0,0,0,0,0,0,0,0,0,0,0,0,0,0,0,0,0,0,0,0,0,0,0,0,0,0,0,0,0,0,0,0,0,0,0,0,0,0,0,0,0,0,0,0,0,0,0,0,0,0,0,0,0,0,0,0,0,0,0,0,0,0,0,0,0,0,0,0,0,0,0,0,0,0,0,0,0,0,0,0,0,0,0,0,0,0,0,0,0,0,0,0,0,0,0,0,0,0,0,0,0,0,0,0,0,0,0,0,0,0,0,0,0,0,0,0,0,0,0,0,0,0,0,0,0,0,0,0,0,0,0,0,0,0,0,0,0,0,0,0,0,0,0,0,0,0,0,0,0,0,0,0,0,0,0,0
0,0,0,0,0,0,0,0,0,0,0,0,0,0,0,0,0,0,0,0,0,0,0,0,0,0,0,0,0,0,0,0,0,0,0,0,0,0,0,0,0,0,0,0,0,0,0,0,0,0,0,0,0,0,0,0,0,0,0,0,0,0,0,0,0,0,0,0,0,0,0,0,0,0,0,0,0,0,0,0,0,0,0,0,0,0,0,0,0,0,0,0,0,0,0,0,0,0,0,0,0,0,0,0,0,0,0,0,0,0,0,0,0,0,0,0,0,0,0,0,0,0,0,0,0,0,0,0,0,0,0,0,0,0,0,0,0,0,0,0,0,0,0,0,0,0,0,0,0,0,0,0,0,0,0,0,0,0,0,0,0,0,0,0,0,0,0,0,0,0,0,0,0,0,0,0,0,0,0,0
0,0,0,0,0,0,0,0,0,0,0,0,0,0,0,0,0,0,0,0,0,0,0,0,0,0,0,0,0,0,0,0,0,0,0,0,0,0,0,0,0,0,0,0,0,0,0,0,0,0,0,0,0,0,0,0,0,0,0,0,0,0,0,0,0,0,0,0,0,0,0,0,0,0,0,0,0,0,0,0,0,0,0,0,0,0,0,0,0,0,0,0,0,0,0,0,0,0,0,0,0,0,0,0,0,0,0,0,0,0,0,0,0,0,0,0,0,0,0,0,0,0,0,0,0,0,0,0,0,0,0,0,0,0,0,0,0,0,0,0,0,0,0,0,0,0,0,0,0,0,0,0,0,0,0,0,0,0,0,0,0,0,0,0,0,0,0,0,0,0,0,0,0,0,0,0,1.62422e-05,1.62422e-05,1.62422e-05,0
1.62422e-05,1.62422e-05,1.62422e-05,0,0,0,0,0,0,0,0,0,0,0,0,0,0,0,0,0,0,0,0,0,0,0,0,0,0,0,0,0,0,0,0,0,0,0,0,0,0,0,0,0,0,0,0,0,0,0,0,0,0,0,0,0,0,0,0,0,0,0,0,0,0,0,0,0,0,0,0,0,0,0,0,0,0,0,0,0,0,0,0,0,0,0,0,0,0,0,0,0,0,0,0,0,0,0,0,0,0,0,0,0,0,0,0,0,0,0,0,0,0,0,0,0,0,0,0,0,0,0,0,0,0,0,0,0,0,0,0,0,0,1.62422e-05,1.62422e-05,1.62422e-05,1.62422e-05,1.62422e-05,1.62422e-05,1.62422e-05,1.62422e-05,1.62422e-05,1.62422e-05,1.62422e-05,1.62422e-05,1.62422e-05,0,0,0,0,0,0,0,0,0,0,0,0,0,0,0,0,1.62422e-05,1.62422e-05,1.62422e-05,1.62422e-05,1.62422e-05,1.62422e-05,1.62422e-05,1.62422e-05,1.62422e-05,1.62422e-05,1.62422e-05,1.62422e-05,1.62422e-05,1.62422e-05,1.62422e-05,1.62422e-05,1.62422e-05,1.62422e-05
3.24844e-05,3.24844e-05,1.62422e-05,1.62422e-05,1.62422e-05,0,0,0,0,0,0,0,0,0,0,0,0,0,0,0,0,0,0,0,0,0,0,0,0,0,0,0,0,0,0,0,0,0,0,0,0,0,0,0,0,0,0,0,0,0,0,0,0,0,0,0,0,0,0,0,0,0,0,0,0,0,0,0,0,0,0,0,0,0,0,0,0,0,0,0,0,0,0,0,0,0,0,0,0,0,0,0,0,0,0,0,0,0,0,0,0,0,0,0,0,0,0,0,0,0,0,0,0,0,0,0,0,0,0,0,0,0,0,0,0,0,0,0,0,0,1.62422e-05,1.62422e-05,1.62422e-05,1.62422e-05,1.62422e-05,1.62422e-05,1.62422e-05,1.62422e-05,1.62422e-05,1.62422e-05,1.62422e-05,1.62422e-05,1.62422e-05,1.62422e-05,1.62422e-05,1.62422e-05,1.62422e-05,1.62422e-05,1.62422e-05,1.62422e-05,1.62422e-05,0,0,0,0,0,0,1.62422e-05,1.62422e-05,1.62422e-05,1.62422e-05,1.62422e-05,1.62422e-05,1.62422e-05,1.62422e-05,3.24844e-05,3.24844e-05,3.24844e-05,3.24844e-05,3.24844e-05,3.24844e-05,3.24844e-05,3.24844e-05,3.24844e-05,3.24844e-05,3.24844e-05,3.24844e-05,3.24844e-05,3.24844e-05,3.24844e-05
3.24844e-05,3.24844e-05,3.24844e-05,3.24844e-05,1.62422e-05,1.62422e-05,1.62422e-05,0,0,0,0,0,0,0,0,0,0,0,0,0,0,0,0,0,0,0,0,0,0,0,0,0,0,0,0,0,0,0,0,0,0,0,0,0,0,0,0,0,0,0,0,0,0,0,0,0,0,0,0,0,0,0,0,0,0,0,0,0,0,0,0,0,0,0,0,0,0,0,0,0,0,0,0,0,0,0,0,0,0,0,0,0,0,0,0,0,0,0,0,0,0,0,0,0,0,0,0,0,0,0,0,0,0,0,0,0,0,0,0,0,0,0,0,0,0,0,0,0,1.62422e-05,1.62422e-05,1.62422e-05,1.62422e-05,1.62422e-05,1.62422e-05,1.62422e-05,3.24844e-05,3.24844e-05,3.24844e-05,3.24844e-05,3.24844e-05,3.24844e-05,3.24844e-05,3.24844e-05,3.24844e-05,3.24844e-05,3.24844e-05,1.62422e-05,1.62422e-05,1.62422e-05,1.62422e-05,1.62422e-05,1.62422e-05,1.62422e-05,1.62422e-05,1.62422e-05,1.62422e-05,1.62422e-05,1.62422e-05,1.62422e-05,3.24844e-05,3.24844e-05,3.24844e-05,3.24844e-05,3.24844e-05,3.24844e-05,3.24844e-05,3.24844e-05,8.1211e-05,0.000113695,0.000113695,0.000162422,0.000162422,0.000162422,0.000162422,0.000162422,0.000129938,0.000113695,0.000113695,8.1211e-05,3.24844e-05
0.000113695,8.1211e-05,3.24844e-05,3.24844e-05,3.24844e-05,3.24844e-05,1.62422e-05,1.62422e-05,0,0,0,0,0,0,0,0,0,0,0,0,0,0,0,0,0,0,0,0,0,0,0,0,0,0,0,0,0,0,0,0,0,0,0,0,0,0,0,0,0,0,0,0,0,0,0,0,0,0,0,0,0,0,0,0,0,0,0,0,0,0,0,0,0,0,0,0,0,0,0,0,0,0,0,0,0,0,0,0,0,0,0,0,0,0,0,0,0,0,0,0,0,0,0,0,0,0,0,0,0,0,0,0,0,0,0,0,0,0,0,0,0,0,0,0,0,0,1.62422e-05,1.62422e-05,1.62422e-05,1.62422e-05,1.62422e-05,1.62422e-05,3.24844e-05,3.24844e-05,3.24844e-05,3.24844e-05,3.24844e-05,3.24844e-05,3.24844e-05,3.24844e-05,3.24844e-05,3.24844e-05,3.24844e-05,3.24844e-05,3.24844e-05,3.24844e-05,3.24844e-05,3.24844e-05,3.24844e-05,3.24844e-05,3.24844e-05,1.62422e-05,1.62422e-05,1.62422e-05,3.24844e-05,3.24844e-05,3.24844e-05,3.24844e-05,3.24844e-05,3.24844e-05,3.24844e-05,3.24844e-05,3.24844e-05,8.1211e-05,0.000113695,0.000162422,0.000194906,0.000243633,0.000276117,0.00029236,0.000308602,0.000308602,0.000308602,0.000308602,0.000276117,0.000276117,0.000243633,0.000211149,0.000178664,0.000162422
0.000227391,0.000178664,0.00014618,8.1211e-05,3.24844e-05,3.24844e-05,3.24844e-05,1.62422e-05,1.62422e-05,0,0,0,0,0,0,0,0,0,0,0,0,0,0,0,0,0,0,0,0,0,0,0,0,0,0,0,0,0,0,0,0,0,0,0,0,0,0,0,0,0,0,0,0,0,0,0,0,0,0,0,0,0,0,0,0,0,0,0,0,0,0,0,0,0,0,0,0,0,0,0,0,0,0,0,0,0,0,0,0,0,0,0,0,0,0,0,0,0,0,0,0,0,0,0,0,0,0,0,0,0,0,0,0,0,0,0,0,0,0,0,0,0,0,0,1.62422e-05,1.62422e-05,1.62422e-05,1.62422e-05,1.62422e-05,3.24844e-05,3.24844e-05,3.24844e-05,3.24844e-05,3.24844e-05,3.24844e-05,3.24844e-05,3.24844e-05,3.24844e-05,3.24844e-05,3.24844e-05,3.24844e-05,3.24844e-05,3.24844e-05,3.24844e-05,3.24844e-05,3.24844e-05,3.24844e-05,3.24844e-05,3.24844e-05,3.24844e-05,3.24844e-05,3.24844e-05,3.24844e-05,3.24844e-05,3.24844e-05,3.24844e-05,3.24844e-05,8.1211e-05,0.000113695,0.000113695,0.000162422,0.000178664,0.000194906,0.000243633,0.000276117,0.000308602,0.000341086,0.000357328,0.000389813,0.000389813,0.000389813,0.000406055,0.000389813,0.000389813,0.000373571,0.000341086,0.000341086,0.000324844,0.00029236,0.000276117
0.000308602,0.000276117,0.000227391,0.000162422,0.000113695,3.24844e-05,3.24844e-05,3.24844e-05,1.62422e-05,0,0,0,0,0,0,0,0,0,0,0,0,0,0,0,0,0,0,0,0,0,0,0,0,0,0,0,0,0,0,0,0,0,0,0,0,0,0,0,0,0,0,0,0,0,0,0,0,0,0,0,0,0,0,0,0,0,0,0,0,0,0,0,0,0,0,0,0,0,0,0,0,0,0,0,0,0,0,0,0,0,0,0,0,0,0,0,0,0,0,0,0,0,0,0,0,0,0,0,0,0,0,0,0,0,0,0,0,0,0,0,0,1.62422e-05,1.62422e-05,1.62422e-05,1.62422e-05,1.62422e-05,3.24844e-05,3.24844e-05,3.24844e-05,3.24844e-05,3.24844e-05,3.24844e-05,3.24844e-05,3.24844e-05,4.87266e-05,8.1211e-05,0.000113695,0.000113695,0.000113695,0.000113695,0.00014618,0.000162422,0.000162422,0.000162422,0.000162422,0.00014618,0.000113695,0.000113695,8.1211e-05,4.87266e-05,3.24844e-05,3.24844e-05,4.87266e-05,8.1211e-05,0.000113695,0.000162422,0.000162422,0.000194906,0.000227391,0.000243633,0.000276117,0.000308602,0.000341086,0.000341086,0.000389813,0.000406055,0.000422297,0.000454782,0.000503508,0.000503508,0.000503508,0.000503508,0.000503508,0.000487266,0.000454782,0.000422297,0.000406055,0.000389813,0.000357328,0.000341086
0.000357328,0.000341086,0.00029236,0.000243633,0.000178664,0.000113695,3.24844e-05,3.24844e-05,1.62422e-05,1.62422e-05,0,0,0,0,0,0,0,0,0,0,0,0,0,0,0,0,0,0,0,0,0,0,0,0,0,0,0,0,0,0,0,0,0,0,0,0,0,0,0,0,0,0,0,0,0,0,0,0,0,0,0,0,0,0,0,0,0,0,0,0,0,0,0,0,0,0,0,0,0,0,0,0,0,0,0,0,0,0,0,0,0,0,0,0,0,0,0,0,0,0,0,0,0,0,0,0,0,0,0,0,0,0,0,0,0,0,0,0,1.62422e-05,1.62422e-05,1.62422e-05,1.62422e-05,1.62422e-05,3.24844e-05,3.24844e-05,3.24844e-05,3.24844e-05,3.24844e-05,3.24844e-05,3.24844e-05,8.1211e-05,0.000113695,0.000113695,0.00014618,0.000162422,0.000162422,0.000178664,0.000194906,0.000194906,0.000211149,0.000243633,0.000243633,0.000243633,0.000243633,0.000243633,0.000243633,0.000227391,0.000194906,0.000194906,0.000178664,0.000178664,0.000178664,0.000194906,0.000227391,0.000243633,0.000276117,0.00029236,0.000308602,0.000341086,0.000341086,0.000357328,0.000389813,0.000406055,0.00043854,0.000471024,0.000503508,0.000584719,0.000698415,0.000763384,0.000795868,0.00081211,0.00081211,0.000795868,0.000747141,0.000600962,0.000535993,0.000503508,0.00043854,0.000406055,0.000389813
0.000406055,0.000373571,0.000341086,0.000308602,0.000259875,0.000178664,0.000113695,3.24844e-05,3.24844e-05,1.62422e-05,1.62422e-05,0,0,0,0,0,0,0,0,0,0,0,0,0,0,0,0,0,0,0,0,0,0,0,0,0,0,0,0,0,0,0,0,0,0,0,0,0,0,0,0,0,0,0,0,0,0,0,0,0,0,0,0,0,0,0,0,0,0,0,0,0,0,0,0,0,0,0,0,0,0,0,0,0,0,0,0,0,0,0,0,0,0,0,0,0,0,0,0,0,0,0,0,0,0,0,0,0,0,0,0,0,0,0,0,1.62422e-05,1.62422e-05,1.62422e-05,3.24844e-05,3.24844e-05,3.24844e-05,3.24844e-05,3.24844e-05,3.24844e-05,3.24844e-05,3.24844e-05,8.1211e-05,0.000113695,0.000113695,0.000162422,0.000162422,0.000178664,0.000194906,0.000227391,0.000243633,0.000259875,0.000276117,0.000276117,0.000308602,0.000308602,0.000324844,0.000324844,0.000341086,0.000341086,0.000341086,0.000324844,0.000324844,0.000324844,0.000308602,0.000308602,0.000324844,0.000324844,0.000341086,0.000341086,0.000357328,0.000373571,0.000389813,0.000389813,0.000406055,0.000406055,0.00043854,0.000471024,0.000503508,0.000568477,0.000730899,0.000828352,0.000974532,0.00108823,0.00113695,0.00116944,0.00118568,0.00118568,0.0011532,0.00108823,0.000974532,0.000844595,0.000730899,0.000552235,0.000503508,0.00043854
0.000487266,0.000422297,0.000389813,0.000341086,0.000308602,0.000243633,0.000178664,8.1211e-05,3.24844e-05,3.24844e-05,1.62422e-05,0,0,0,0,0,0,0,0,0,0,0,0,0,0,0,0,0,0,0,0,0,0,0,0,0,0,0,0,0,0,0,0,0,0,0,0,0,0,0,0,0,0,0,0,0,0,0,0,0,0,0,0,0,0,0,0,0,0,0,0,0,0,0,0,0,0,0,0,0,0,0,0,0,0,0,0,0,0,0,0,0,0,0,0,0,0,0,0,0,0,0,0,0,0,0,0,0,0,0,0,0,1.62422e-05,1.62422e-05,1.62422e-05,3.24844e-05,3.24844e-05,3.24844e-05,3.24844e-05,3.24844e-05,4.87266e-05,8.1211e-05,0.000113695,0.000162422,0.000162422,0.000178664,0.000194906,0.000194906,0.000227391,0.000243633,0.000276117,0.000276117,0.000308602,0.000324844,0.000324844,0.000341086,0.000341086,0.000341086,0.000357328,0.000373571,0.000389813,0.000389813,0.000389813,0.000389813,0.000389813,0.000389813,0.000389813,0.000389813,0.000389813,0.000389813,0.000406055,0.000406055,0.000422297,0.000422297,0.00043854,0.000454782,0.000471024,0.000503508,0.000503508,0.000535993,0.000568477,0.000682173,0.000795868,0.000942048,0.00108823,0.00120192,0.00136435,0.00164046,0.00168919,0.0017704,0.00180288,0.00180288,0.00172167,0.0016567,0.00139683,0.00121817,0.00112071,0.000909563,0.000747141,0.000552235
0.000649688,0.000503508,0.00043854,0.000389813,0.000341086,0.000308602,0.000243633,0.000162422,3.24844e-05,3.24844e-05,1.62422e-05,1.62422e-05,0,0,0,0,0,0,0,0,0,0,0,0,0,0,0,0,0,0,0,0,0,0,0,0,0,0,0,0,0,0,0,0,0,0,0,0,0,0,0,0,0,0,0,0,0,0,0,0,0,0,0,0,0,0,0,0,0,0,0,0,0,0,0,0,0,0,0,0,0,0,0,0,0,0,0,0,0,0,0,0,0,0,0,0,0,0,0,0,0,0,0,0,0,0,0,0,0,0,1.62422e-05,1.62422e-05,3.24844e-05,3.24844e-05,3.24844e-05,3.24844e-05,4.87266e-05,0.000113695,0.000162422,0.000162422,0.000194906,0.000227391,0.000259875,0.000276117,0.000308602,0.000308602,0.000324844,0.000324844,0.000341086,0.000341086,0.000341086,0.000373571,0.000389813,0.000389813,0.000389813,0.000406055,0.000406055,0.000406055,0.000422297,0.000422297,0.00043854,0.00043854,0.000454782,0.000454782,0.000454782,0.000454782,0.000471024,0.000471024,0.000503508,0.000503508,0.000503508,0.000535993,0.000535993,0.000568477,0.000600962,0.000617204,0.000682173,0.000747141,0.000779626,0.00081211,0.000942048,0.0010395,0.00116944,0.00136435,0.0016567,0.00185161,0.00203028,0.00209524,0.00217646,0.00220894,0.00225767,0.00225767,0.00220894,0.00212773,0.00204652,0.00190034,0.00167295,0.00123441,0.00112071,0.000844595
0.000974532,0.000747141,0.000535993,0.00043854,0.000389813,0.000341086,0.000276117,0.000178664,0.000113695,3.24844e-05,3.24844e-05,1.62422e-05,0,0,0,0,0,0,0,0,0,0,0,0,0,0,0,0,0,0,0,0,0,0,0,0,0,0,0,0,0,0,0,0,0,0,0,0,0,0,0,0,0,0,1.62422e-05,1.62422e-05,1.62422e-05,1.62422e-05,1.62422e-05,1.62422e-05,1.62422e-05,1.62422e-05,0,0,0,0,0,0,0,0,0,0,0,0,0,0,0,0,0,0,0,0,0,0,0,0,0,0,0,0,0,0,0,0,0,0,0,0,0,0,0,0,0,0,0,0,0,0,1.62422e-05,1.62422e-05,3.24844e-05,3.24844e-05,3.24844e-05,3.24844e-05,0.000113695,0.000162422,0.000194906,0.000243633,0.000276117,0.000308602,0.000341086,0.000341086,0.000373571,0.000389813,0.000389813,0.000389813,0.000406055,0.000406055,0.000422297,0.000422297,0.00043854,0.000454782,0.000471024,0.000503508,0.000503508,0.000503508,0.000503508,0.000503508,0.000535993,0.000535993,0.000535993,0.000535993,0.000552235,0.000568477,0.000584719,0.000600962,0.000617204,0.000714657,0.000747141,0.000795868,0.00081211,0.000844595,0.000877079,0.000942048,0.000974532,0.000974532,0.0010395,0.00108823,0.00113695,0.00120192,0.0013481,0.00159174,0.0017704,0.00199779,0.00212773,0.00227391,0.00235512,0.00253378,0.00264748,0.00269621,0.00277742,0.00277742,0.00269621,0.00264748,0.00251754,0.00233888,0.00212773,0.00194906,0.0016567,0.00120192
0.00123441,0.0010395,0.000763384,0.000535993,0.000422297,0.000373571,0.000324844,0.000243633,0.00014618,3.24844e-05,3.24844e-05,1.62422e-05,1.62422e-05,0,0,0,0,0,0,0,0,0,0,0,0,0,0,0,0,0,0,0,0,0,0,0,0,0,0,0,0,0,0,0,0,0,0,0,0,0,0,1.62422e-05,1.62422e-05,1.62422e-05,1.62422e-05,1.62422e-05,1.62422e-05,1.62422e-05,1.62422e-05,1.62422e-05,1.62422e-05,1.62422e-05,1.62422e-05,1.62422e-05,1.62422e-05,0,0,0,0,0,0,0,0,0,0,0,0,0,0,0,0,0,0,0,0,0,0,0,0,0,0,0,0,0,0,0,0,0,0,0,0,0,0,0,0,0,1.62422e-05,1.62422e-05,1.62422e-05,3.24844e-05,3.24844e-05,4.87266e-05,0.000113695,0.000162422,0.000211149,0.000276117,0.000308602,0.000341086,0.000373571,0.000389813,0.000422297,0.00043854,0.000471024,0.000503508,0.000503508,0.000535993,0.000535993,0.000552235,0.000584719,0.000617204,0.000682173,0.000714657,0.000747141,0.000747141,0.000795868,0.000795868,0.00081211,0.00081211,0.00081211,0.00081211,0.00081211,0.00081211,0.00081211,0.000844595,0.000860837,0.000942048,0.000974532,0.0010395,0.00112071,0.00113695,0.00116944,0.00120192,0.00121817,0.00121817,0.00123441,0.00136435,0.00139683,0.00160798,0.00168919,0.00181913,0.00196531,0.002079,0.0021927,0.00233888,0.00253378,0.00269621,0.00290735,0.00332965,0.00355704,0.00367074,0.00381692,0.00383316,0.00370322,0.00358953,0.00334589,0.00290735,0.00264748,0.00233888,0.00209524,0.0017704
0.0018841,0.00136435,0.0010395,0.000747141,0.000503508,0.000406055,0.000341086,0.000276117,0.000162422,4.87266e-05,3.24844e-05,3.24844e-05,1.62422e-05,0,0,0,0,0,0,0,0,0,0,0,0,0,0,0,0,0,0,0,0,0,0,0,0,0,0,0,0,0,0,0,0,0,0,0,0,1.62422e-05,1.62422e-05,1.62422e-05,1.62422e-05,1.62422e-05,1.62422e-05,1.62422e-05,1.62422e-05,1.62422e-05,1.62422e-05,1.62422e-05,1.62422e-05,1.62422e-05,1.62422e-05,1.62422e-05,1.62422e-05,1.62422e-05,1.62422e-05,0,0,0,0,0,0,0,0,0,0,0,0,0,0,0,0,0,0,0,0,0,0,0,0,0,0,0,0,0,0,0,0,0,0,0,0,0,1.62422e-05,1.62422e-05,1.62422e-05,3.24844e-05,3.24844e-05,3.24844e-05,0.000113695,0.000162422,0.000211149,0.000276117,0.000308602,0.000341086,0.000389813,0.000406055,0.000454782,0.000503508,0.000535993,0.000617204,0.000747141,0.000795868,0.000844595,0.000909563,0.000942048,0.000990774,0.0010395,0.00108823,0.00112071,0.00113695,0.00113695,0.0011532,0.00116944,0.00116944,0.00116944,0.00116944,0.0011532,0.0011532,0.00113695,0.00113695,0.00113695,0.00113695,0.00118568,0.00121817,0.00129938,0.00142931,0.00159174,0.0016567,0.00168919,0.00168919,0.0017704,0.00180288,0.0018841,0.00193282,0.00201403,0.00204652,0.00212773,0.00220894,0.00233888,0.00242009,0.00264748,0.00284239,0.00331341,0.00363825,0.00399558,0.00428794,0.00451533,0.00479145,0.00498636,0.00503508,0.00487266,0.00462903,0.00432043,0.00394686,0.00345959,0.00284239,0.00248506,0.0021927
0.00220894,0.0018841,0.0013481,0.000990774,0.000682173,0.000471024,0.000389813,0.000308602,0.000194906,0.000113695,3.24844e-05,3.24844e-05,1.62422e-05,1.62422e-05,0,0,0,0,0,0,0,0,0,0,0,0,0,0,0,0,0,0,0,0,0,0,0,0,0,0,0,0,0,0,0,0,0,1.62422e-05,1.62422e-05,1.62422e-05,1.62422e-05,1.62422e-05,1.62422e-05,1.62422e-05,3.24844e-05,3.24844e-05,3.24844e-05,3.24844e-05,3.24844e-05,3.24844e-05,3.24844e-05,1.62422e-05,1.62422e-05,1.62422e-05,1.62422e-05,1.62422e-05,1.62422e-05,1.62422e-05,1.62422e-05,0,0,0,0,0,0,0,0,0,0,0,0,0,0,0,0,0,0,0,0,0,0,0,0,0,0,0,0,0,0,0,0,0,0,1.62422e-05,1.62422e-05,3.24844e-05,3.24844e-05,3.24844e-05,4.87266e-05,0.000113695,0.000194906,0.000243633,0.000308602,0.000341086,0.000373571,0.000406055,0.000454782,0.000503508,0.000600962,0.000779626,0.000877079,0.0010395,0.00113695,0.00118568,0.00121817,0.00129938,0.00136435,0.00147804,0.00160798,0.0016567,0.00167295,0.00168919,0.00168919,0.00172167,0.00172167,0.00172167,0.00168919,0.00168919,0.00167295,0.0016567,0.00155925,0.00151052,0.00151052,0.00160798,0.00167295,0.00173792,0.00185161,0.00194906,0.00203028,0.00204652,0.002079,0.00211149,0.00212773,0.00217646,0.00220894,0.00227391,0.00233888,0.00240385,0.00253378,0.00264748,0.00277742,0.00306978,0.00345959,0.00383316,0.00420673,0.00466151,0.00521375,0.00583095,0.00636694,0.00675676,0.00704912,0.00709784,0.00688669,0.00648064,0.00587968,0.00506757,0.0043854,0.00381692,0.00315099,0.00258251
