0,0,0,0,0,0,0,0,0,0,0,0,0,0,0,0,0,0,0,0,0,0,0,0,0,0,0,0,0,0,0,0,0,0,0,0,0,0,0,0,0,0,0,0,0,0,0,0,0,0,0,0,0,0,0,0,0,0,0,0,0,0,0,0,0,0,0,0,0,0,0,0,0,0,0,0,0,0,0,0,0,0,0,0,0,0,0,0,0,0,0,0,0,0,0,0,0,0,0,0,0,0,0,0,0,0,0,0,0,0,0,0,0,0,0,0,0,0,0,0,0,0,0,0,0,0,0,0,0,0,0,0,0,0,0,0,0,0,0,0,0,0,0,0,0,0,0,0,0,0,0,0,0,0,0,0,0,0,0,0,0,0,0,0,0,0,0,0,0,0,0,0,0,0,0,0,0,0,0,0
0,0,0,0,0,0,0,0,0,0,0,0,0,0,0,0,0,0,0,0,0,0,0,0,0,0,0,0,0,0,0,0,0,0,0,0,0,0,0,0,0,0,0,0,0,0,0,0,0,0,0,0,0,0,0,0,0,0,0,0,0,0,0,0,0,0,0,0,0,0,0,0,0,0,0,0,0,0,0,0,0,0,0,0,0,0,0,0,0,0,0,0,0,0,0,0,0,0,0,0,0,0,0,0,0,0,0,0,0,0,0,0,0,0,0,0,0,0,0,0,0,0,0,0,0,0,0,0,0,0,0,0,0,0,0,0,0,0,0,0,0,0,0,0,0,0,0,0,0,0,0,0,0,0,0,0,0,0,0,0,0,0,0,0,0,0,0,0,0,0,0,0,0,0,0,0,0,0,0,0
0,0,0,0,0,0,0,0,0,0,0,0,0,0,0,0,0,0,0,0,0,0,0,0,0,0,0,0,0,0,0,0,0,0,0,0,0,0,0,0,0,0,0,0,0,0,0,0,0,0,0,0,0,0,0,0,0,0,0,0,0,0,0,0,0,0,0,0,0,0,0,0,0,0,0,0,0,0,0,0,0,0,0,0,0,0,0,0,0,0,0,0,0,0,0,0,0,0,0,0,0,0,0,0,0,0,0,0,0,0,0,0,0,0,0,0,0,0,0,0,0,0,0,0,0,0,0,0,0,0,0,0,0,0,0,0,0,0,0,0,0,0,0,0,0,0,0,0,0,0,0,0,0,0,0,0,0,0,0,0,0,0,0,0,0,0,0,0,0,0,0,0,0,0,0,0,0,0,0,0
0,0,0,0,0,0,0,0,0,0,0,0,0,0,0,0,0,0,0,0,0,0,0,0,0,0,0,0,0,0,0,0,0,0,0,0,0,0,0,0,0,0,0,0,0,0,0,0,0,0,0,0,0,0,0,0,0,0,0,0,0,0,0,0,0,0,0,0,0,0,0,0,0,0,0,0,0,0,0,0,0,0,0,0,0,0,0,0,0,0,0,0,0,0,0,0,0,0,0,0,0,0,0,0,0,0,0,0,0,0,0,0,0,0,0,0,0,0,0,0,0,0,0,0,0,0,0,0,0,0,0,0,0,0,0,0,0,0,0,0,0,0,0,0,0,0,0,0,0,0,0,0,0,0,0,0,0,0,0,0,0,0,0,0,0,0,0,0,0,0,0,0,0,0,0,0,0,0,0,0
0,0,0,0,0,0,0,0,0,0,0,0,0,0,0,0,0,0,0,0,0,0,0,0,0,0,0,0,0,0,0,0,0,0,0,0,0,0,0,0,0,0,0,0,0,0,0,0,0,0,0,0,0,0,0,0,0,0,0,0,0,0,0,0,0,0,0,0,0,0,0,0,0,0,0,0,0,0,0,0,0,0,0,0,0,0,0,0,0,0,0,0,0,0,0,0,0,0,0,0,0,0,0,0,0,0,0,0,0,0,0,0,0,0,0,0,0,0,0,0,0,0,0,0,0,0,0,0,0,0,0,0,0,0,0,0,0,0,0,0,0,0,0,0,0,0,0,0,0,0,0,0,0,0,0,0,0,0,0,0,0,0,0,0,0,0,0,0,0,0,0,0,0,0,0,0,0,0,0,0
0,0,0,0,0,0,0,0,0,0,0,0,0,0,0,0,0,0,0,0,0,0,0,0,0,0,0,0,0,0,0,0,0,0,0,0,0,0,0,0,0,0,0,0,0,0,0,0,0,0,0,0,0,0,0,0,0,0,0,0,0,0,0,0,0,0,0,0,0,0,0,0,0,0,0,0,0,0,0,0,0,0,0,0,0,0,0,0,0,0,0,0,0,0,0,0,0,0,0,0,0,0,0,0,0,0,0,0,0,0,0,0,0,0,0,0,0,0,0,0,0,0,0,0,0,0,0,0,0,0,0,0,0,0,0,0,0,0,0,0,0,0,0,0,0,0,0,0,0,0,0,0,0,0,0,0,0,0,0,0,0,0,0,0,0,0,0,0,0,0,0,0,0,0,0,0,0,0,0,0
0,0,0,0,0,0,0,0,0,0,0,0,0,0,0,0,0,0,0,0,0,0,0,0,0,0,0,0,0,0,0,0,0,0,0,0,0,0,0,0,0,0,0,0,0,0,0,0,0,0,0,0,0,0,0,0,0,0,0,0,0,0,0,0,0,0,0,0,0,0,0,0,0,0,0,0,0,0,0,0,0,0,0,0,0,0,0,0,0,0,0,0,0,0,0,0,0,0,0,0,0,0,0,0,0,0,0,0,0,0,0,0,0,0,0,0,0,0,0,0,0,0,0,0,0,0,0,0,0,0,0,0,0,0,0,0,0,0,0,0,0,0,0,0,0,0,0,0,0,0,0,0,0,0,0,0,0,0,0,0,0,0,0,0,0,0,0,0,0,0,0,0,0,0,0,0,0,0,0,0
0,0,0,0,0,0,0,0,0,0,0,0,0,0,0,0,0,0,0,0,0,0,0,0,0,0,0,0,0,0,0,0,0,0,0,0,0,0,0,0,0,0,0,0,0,0,0,0,0,0,0,0,0,0,0,0,0,0,0,0,0,0,0,0,0,0,0,0,0,0,0,0,0,0,0,0,0,0,0,0,0,0,0,0,0,0,0,0,0,0,0,0,0,0,0,0,0,0,0,0,0,0,0,0,0,0,0,0,0,0,0,0,0,0,0,0,0,0,0,0,0,0,0,0,0,0,0,0,0,0,0,0,0,0,0,0,0,0,0,0,0,0,0,0,0,0,0,0,0,0,0,0,0,0,0,0,0,0,0,0,0,0,0,0,0,0,0,0,0,0,0,0,0,0,0,0,0,0,0,0
0,0,0,0,0,0,0,0,0,0,0,0,0,0,0,0,0,0,0,0,0,0,0,0,0,0,0,0,0,0,0,0,0,0,0,0,0,0,0,0,0,0,0,0,0,0,0,0,0,0,0,0,0,0,0,0,0,0,0,0,0,0,0,0,0,0,0,0,0,0,0,0,0,0,0,0,0,0,0,0,0,0,0,0,0,0,0,0,0,0,0,0,0,0,0,0,0,0,0,0,0,0,0,0,0,0,0,0,0,0,0,0,0,0,0,0,0,0,0,0,0,0,0,0,0,0,0,0,0,0,0,0,0,0,0,0,0,0,0,0,0,0,0,0,0,0,0,0,0,0,0,0,0,0,0,0,0,0,0,0,0,0,0,0,0,0,0,0,0,0,0,0,0,0,0,0,0,0,0,0
0,0,0,0,0,0,0,0,0,0,0,0,0,0,0,0,0,0,0,0,0,0,0,0,0,0,0,0,0,0,0,0,0,0,0,0,0,0,0,0,0,0,0,0,0,0,0,0,0,0,0,0,0,0,0,0,0,0,0,0,0,0,0,0,0,0,0,0,0,0,0,0,0,0,0,0,0,0,0,0,0,0,0,0,0,0,0,0,0,0,0,0,0,0,0,0,0,0,0,0,0,0,0,0,0,0,0,0,0,0,0,0,0,0,0,0,0,0,0,0,0,0,0,0,0,0,0,0,0,0,0,0,0,0,0,0,0,0,0,0,0,0,0,0,0,0,0,0,0,0,0,0,0,0,0,0,0,0,0,0,0,0,0,0,0,0,0,0,0,0,0,0,0,0,0,0,0,0,0,0
0,0,0,0,0,0,0,0,0,0,0,0,0,0,0,0,0,0,0,0,0,0,0,0,0,0,0,0,0,0,0,0,0,0,0,0,0,0,0,0,0,0,0,0,0,0,0,0,0,0,0,0,0,0,0,0,0,0,0,0,0,0,0,0,0,0,0,0,0,0,0,0,0,0,0,0,0,0,0,0,0,0,0,0,0,0,0,0,0,0,0,0,0,0,0,0,0,0,0,0,0,0,0,0,0,0,0,0,0,0,0,0,0,0,0,0,0,0,0,0,0,0,0,0,0,0,0,0,0,0,0,0,0,0,0,0,0,0,0,0,0,0,0,0,0,0,0,0,0,0,0,0,0,0,0,0,0,0,0,0,0,0,0,0,0,0,0,0,0,0,0,0,0,0,0,0,0,0,0,0
0,0,0,0,0,0,0,0,0,0,0,0,0,0,0,0,0,0,0,0,0,0,0,0,0,0,0,0,0,0,0,0,0,0,0,0,0,0,0,0,0,0,0,0,0,0,0,0,0,0,0,0,0,0,0,0,0,0,0,0,0,0,0,0,0,0,0,0,0,0,0,0,0,0,0,0,0,0,0,0,0,0,0,0,0,0,0,0,0,0,0,0,0,0,0,0,0,0,0,0,0,0,0,0,0,0,0,0,0,0,0,0,0,0,0,0,0,0,0,0,0,0,0,0,0,0,0,0,0,0,0,0,0,0,0,0,0,0,0,0,0,0,0,0,0,0,0,0,0,0,0,0,0,0,0,0,0,0,0,0,0,0,0,0,0,0,0,0,0,0,0,0,0,0,0,0,0,0,0,0
1.50684e-05,1.50684e-05,1.50684e-05,1.50684e-05,0,0,0,0,0,0,0,0,0,0,0,0,0,0,0,0,0,0,0,0,0,0,0,0,0,0,0,0,0,0,0,0,0,0,0,0,0,0,0,0,0,0,0,0,0,0,0,0,0,0,0,0,0,0,0,0,0,0,0,0,0,0,0,0,0,0,0,0,0,0,0,0,0,0,0,0,0,0,0,0,0,0,0,0,0,0,0,0,0,0,0,0,0,0,0,0,0,0,0,0,0,0,0,0,0,0,0,0,0,0,0,0,0,0,0,0,0,0,0,0,0,0,0,0,0,0,0,0,0,0,0,0,0,0,0,0,0,0,0,0,0,0,0,0,0,0,0,0,0,0,0,0,0,0,0,0,0,0,0,0,0,0,0,0,0,0,0,0,0,0,0,0,0,0,0,0
1.50684e-05,1.50684e-05,1.50684e-05,1.50684e-05,1.50684e-05,1.50684e-05,0,0,0,0,0,0,0,0,0,0,0,0,0,0,0,0,0,0,0,0,0,0,0,0,0,0,0,0,0,0,0,0,0,0,0,0,0,0,0,0,0,0,0,0,0,0,0,0,0,0,0,0,0,0,0,0,0,0,0,0,0,0,0,0,0,0,0,0,0,0,0,0,0,0,0,0,0,0,0,0,0,0,0,0,0,0,0,0,0,0,0,0,0,0,0,0,0,0,0,0,0,0,0,0,0,0,0,0,0,0,0,0,0,0,0,0,0,0,0,0,0,0,0,0,0,0,0,0,0,0,0,0,0,0,0,0,0,0,0,0,0,0,0,0,0,0,0,0,0,0,0,0,0,0,0,0,0,0,0,0,0,0,0,0,0,0,0,0,0,0,0,1.50684e-05,1.50684e-05,1.50684e-05
1.50684e-05,1.50684e-05,1.50684e-05,1.50684e-05,1.50684e-05,1.50684e-05,1.50684e-05,1.50684e-05,0,0,0,0,0,0,0,0,0,0,0,0,0,0,0,0,0,0,0,0,0,0,0,0,0,0,0,0,0,0,0,0,0,0,0,0,0,0,0,0,0,0,0,0,0,0,0,0,0,0,0,0,0,0,0,0,0,0,0,0,0,0,0,0,0,0,0,0,0,0,0,0,0,0,0,0,0,0,0,0,0,0,0,0,0,0,0,0,0,0,0,0,0,0,0,0,0,0,0,0,0,0,0,0,0,0,0,0,0,0,0,0,0,0,0,0,0,0,0,0,0,0,0,0,0,0,0,0,0,0,0,0,0,0,0,0,0,0,0,0,0,0,0,0,0,0,0,0,0,0,0,0,0,0,0,0,0,0,0,0,0,0,0,0,0,0,0,1.50684e-05,1.50684e-05,1.50684e-05,1.50684e-05,1.50684e-05
1.50684e-05,1.50684e-05,1.50684e-05,1.50684e-05,1.50684e-05,1.50684e-05,1.50684e-05,1.50684e-05,1.50684e-05,0,0,0,0,0,0,0,0,0,0,0,0,0,0,0,0,0,0,0,0,0,0,0,0,0,0,0,0,0,0,0,0,0,0,0,0,0,0,0,0,0,0,0,0,0,0,0,0,0,0,0,0,0,0,0,0,0,0,0,0,0,0,0,0,0,0,0,0,0,0,0,0,0,0,0,0,0,0,0,0,0,0,0,0,0,0,0,0,0,0,0,0,0,0,0,0,0,0,0,0,0,0,0,0,0,0,0,0,0,0,0,0,0,0,0,0,0,0,0,0,0,0,0,0,0,0,0,0,0,0,0,0,0,0,0,0,0,0,0,0,0,0,0,0,0,0,0,0,0,0,0,0,0,0,0,0,0,0,0,0,0,0,0,0,0,1.50684e-05,1.50684e-05,1.50684e-05,1.50684e-05,1.50684e-05,1.50684e-05
1.50684e-05,1.50684e-05,1.50684e-05,1.50684e-05,1.50684e-05,1.50684e-05,1.50684e-05,1.50684e-05,1.50684e-05,1.50684e-05,0,0,0,0,0,0,0,0,0,0,0,0,0,0,0,0,0,0,0,0,0,0,0,0,0,0,0,0,0,0,0,0,0,0,0,0,0,0,0,0,0,0,0,0,0,0,0,0,0,0,0,0,0,0,0,0,0,0,0,0,0,0,0,0,0,0,0,0,0,0,0,0,0,0,0,0,0,0,0,0,0,0,0,0,0,0,0,0,0,0,0,0,0,0,0,0,0,0,0,0,0,0,0,0,0,0,0,0,0,0,0,0,0,0,0,0,0,0,0,0,0,0,0,0,0,0,0,0,0,0,0,0,0,0,0,0,0,0,0,0,0,0,0,0,0,0,0,0,0,0,0,0,0,0,0,0,0,0,0,0,0,0,1.50684e-05,1.50684e-05,1.50684e-05,1.50684e-05,1.50684e-05,1.50684e-05,1.50684e-05,1.50684e-05
3.01368e-05,3.01368e-05,3.01368e-05,1.50684e-05,1.50684e-05,1.50684e-05,1.50684e-05,1.50684e-05,1.50684e-05,1.50684e-05,0,0,0,0,0,0,0,0,0,0,0,0,0,0,0,0,0,0,0,0,0,0,0,0,0,0,0,0,0,0,0,0,0,0,0,0,0,0,0,0,0,0,0,0,0,0,0,0,0,0,0,0,0,0,0,0,0,0,0,0,0,0,0,0,0,0,0,0,0,0,0,0,0,0,0,0,0,0,0,0,0,0,0,0,0,0,0,0,0,0,0,0,0,0,0,0,0,0,0,0,0,0,0,0,0,0,0,0,0,0,0,0,0,0,0,0,0,0,0,0,0,0,0,0,0,0,0,0,0,0,0,0,0,0,0,0,0,0,0,0,0,0,0,0,0,0,0,0,0,0,0,0,0,0,0,0,0,0,0,0,0,1.50684e-05,1.50684e-05,1.50684e-05,1.50684e-05,1.50684e-05,1.50684e-05,1.50684e-05,1.50684e-05,3.01368e-05
3.01368e-05,3.01368e-05,3.01368e-05,3.01368e-05,3.01368e-05,1.50684e-05,1.50684e-05,1.50684e-05,1.50684e-05,1.50684e-05,1.50684e-05,0,0,0,0,0,0,0,0,0,0,0,0,0,0,0,0,0,0,0,0,0,0,0,0,0,0,0,0,0,0,0,0,0,0,0,0,0,0,0,0,0,0,0,0,0,0,0,0,0,0,0,0,0,0,0,0,0,0,0,0,0,0,0,0,0,0,0,0,0,0,0,0,0,0,0,0,0,0,0,0,0,0,0,0,0,0,0,0,0,0,0,0,0,0,0,0,0,0,0,0,0,0,0,0,0,0,0,0,0,0,0,0,0,0,0,0,0,0,0,0,0,0,0,0,0,0,0,0,0,0,0,0,0,0,0,0,0,0,0,0,0,0,0,0,0,0,0,0,0,0,0,0,0,0,0,0,0,0,0,1.50684e-05,1.50684e-05,1.50684e-05,1.50684e-05,1.50684e-05,1.50684e-05,3.01368e-05,3.01368e-05,3.01368e-05,3.01368e-05
3.01368e-05,3.01368e-05,3.01368e-05,3.01368e-05,3.01368e-05,3.01368e-05,3.01368e-05,1.50684e-05,1.50684e-05,1.50684e-05,1.50684e-05,1.50684e-05,0,0,0,0,0,0,0,0,0,0,0,0,0,0,0,0,0,0,0,0,0,0,0,0,0,0,0,0,0,0,0,0,0,0,0,0,0,0,0,0,0,0,0,0,0,0,0,0,0,0,0,0,0,0,0,0,0,0,0,0,0,0,0,0,0,0,0,0,0,0,0,0,0,1.50684e-05,1.50684e-05,1.50684e-05,1.50684e-05,1.50684e-05,1.50684e-05,1.50684e-05,0,0,0,0,0,0,0,0,0,0,0,0,0,0,0,0,0,0,0,0,0,0,0,0,0,0,0,0,0,0,0,0,0,0,0,0,0,0,0,0,0,0,0,0,0,0,0,0,0,0,0,0,0,0,0,0,0,0,0,0,0,0,0,0,0,0,0,0,0,0,0,0,0,0,0,0,1.50684e-05,1.50684e-05,1.50684e-05,1.50684e-05,1.50684e-05,1.50684e-05,3.01368e-05,3.01368e-05,3.01368e-05,3.01368e-05,3.01368e-05,3.01368e-05
3.01368e-05,3.01368e-05,3.01368e-05,3.01368e-05,3.01368e-05,3.01368e-05,3.01368e-05,3.01368e-05,1.50684e-05,1.50684e-05,1.50684e-05,1.50684e-05,0,0,0,0,0,0,0,0,0,0,0,0,0,0,0,0,0,0,0,0,0,0,0,0,0,0,0,0,0,0,0,0,0,0,0,0,0,0,0,0,0,0,0,0,0,0,0,0,0,0,0,0,0,0,0,0,0,0,0,0,0,0,0,0,0,0,0,0,0,0,1.50684e-05,1.50684e-05,1.50684e-05,1.50684e-05,1.50684e-05,1.50684e-05,1.50684e-05,1.50684e-05,1.50684e-05,1.50684e-05,1.50684e-05,1.50684e-05,1.50684e-05,0,0,0,0,0,0,0,0,0,0,0,0,0,0,0,0,0,0,0,0,0,0,0,0,0,0,0,0,0,0,0,0,0,0,0,0,0,0,0,0,0,0,0,0,0,0,0,0,0,0,0,0,0,0,0,0,0,0,0,0,0,0,0,0,0,0,0,0,0,0,0,1.50684e-05,1.50684e-05,1.50684e-05,1.50684e-05,1.50684e-05,1.50684e-05,3.01368e-05,3.01368e-05,3.01368e-05,3.01368e-05,3.01368e-05,3.01368e-05,3.01368e-05,3.01368e-05
3.01368e-05,3.01368e-05,3.01368e-05,3.01368e-05,3.01368e-05,3.01368e-05,3.01368e-05,3.01368e-05,3.01368e-05,1.50684e-05,1.50684e-05,1.50684e-05,1.50684e-05,0,0,0,0,0,0,0,0,0,0,0,0,0,0,0,0,0,0,0,0,0,0,0,0,0,0,0,0,0,0,0,0,0,0,0,0,0,0,0,0,0,0,0,0,0,0,0,0,0,0,0,0,0,0,0,0,0,0,0,0,0,0,0,0,0,0,0,1.50684e-05,1.50684e-05,1.50684e-05,1.50684e-05,1.50684e-05,3.01368e-05,3.01368e-05,3.01368e-05,3.01368e-05,3.01368e-05,3.01368e-05,3.01368e-05,1.50684e-05,1.50684e-05,1.50684e-05,1.50684e-05,1.50684e-05,0,0,0,0,0,0,0,0,0,0,0,0,0,0,0,0,0,0,0,0,0,0,0,0,0,0,0,0,0,0,0,0,0,0,0,0,0,0,0,0,0,0,0,0,0,0,0,0,0,0,0,0,0,0,0,0,0,0,0,0,0,0,0,0,1.50684e-05,1.50684e-05,1.50684e-05,1.50684e-05,1.50684e-05,1.50684e-05,1.50684e-05,3.01368e-05,3.01368e-05,3.01368e-05,3.01368e-05,3.01368e-05,3.01368e-05,3.01368e-05,3.01368e-05,3.01368e-05,3.01368e-05,3.01368e-05,3.01368e-05
3.01368e-05,3.01368e-05,3.01368e-05,3.01368e-05,3.01368e-05,3.01368e-05,3.01368e-05,3.01368e-05,3.01368e-05,3.01368e-05,1.50684e-05,1.50684e-05,1.50684e-05,1.50684e-05,0,0,0,0,0,0,0,0,0,0,0,0,0,0,0,0,0,0,0,0,0,0,0,0,0,0,0,0,0,0,0,0,0,0,0,0,0,0,0,0,0,0,0,0,0,0,0,0,0,0,0,0,0,0,0,0,0,0,0,0,0,0,0,0,0,1.50684e-05,1.50684e-05,1.50684e-05,1.50684e-05,3.01368e-05,3.01368e-05,3.01368e-05,3.01368e-05,3.01368e-05,3.01368e-05,3.01368e-05,3.01368e-05,3.01368e-05,3.01368e-05,3.01368e-05,3.01368e-05,1.50684e-05,1.50684e-05,1.50684e-05,1.50684e-05,1.50684e-05,0,0,0,0,0,0,0,0,0,0,0,0,0,0,0,0,0,0,0,0,0,0,0,0,0,0,0,0,0,0,0,0,0,0,0,0,0,0,0,0,0,0,0,0,0,0,0,0,0,0,0,0,0,0,0,0,1.50684e-05,1.50684e-05,1.50684e-05,1.50684e-05,1.50684e-05,1.50684e-05,3.01368e-05,3.01368e-05,3.01368e-05,3.01368e-05,3.01368e-05,3.01368e-05,3.01368e-05,3.01368e-05,3.01368e-05,3.01368e-05,3.01368e-05,3.01368e-05,3.01368e-05,3.01368e-05,3.01368e-05,3.01368e-05,3.01368e-05,3.01368e-05
3.01368e-05,3.01368e-05,3.01368e-05,3.01368e-05,3.01368e-05,3.01368e-05,3.01368e-05,3.01368e-05,3.01368e-05,3.01368e-05,3.01368e-05,1.50684e-05,1.50684e-05,1.50684e-05,0,0,0,0,0,0,0,0,0,0,0,0,0,0,0,0,0,0,0,0,0,0,0,0,0,0,0,0,0,0,0,0,0,0,0,0,0,0,0,0,0,0,0,0,0,0,0,0,0,0,0,0,0,0,0,0,0,0,0,0,0,0,0,1.50684e-05,1.50684e-05,1.50684e-05,1.50684e-05,3.01368e-05,3.01368e-05,3.01368e-05,3.01368e-05,3.01368e-05,3.01368e-05,3.01368e-05,3.01368e-05,3.01368e-05,3.01368e-05,3.01368e-05,3.01368e-05,3.01368e-05,3.01368e-05,3.01368e-05,3.01368e-05,3.01368e-05,3.01368e-05,3.01368e-05,1.50684e-05,1.50684e-05,1.50684e-05,0,0,0,0,0,0,0,0,0,0,0,0,0,0,0,0,0,0,0,0,0,0,0,0,0,0,0,0,0,0,0,0,0,0,0,0,0,0,0,0,0,0,0,0,0,0,0,0,0,0,1.50684e-05,1.50684e-05,1.50684e-05,3.01368e-05,3.01368e-05,3.01368e-05,3.01368e-05,3.01368e-05,3.01368e-05,3.01368e-05,3.01368e-05,3.01368e-05,3.01368e-05,3.01368e-05,3.01368e-05,3.01368e-05,3.01368e-05,3.01368e-05,3.01368e-05,3.01368e-05,3.01368e-05,3.01368e-05,3.01368e-05,3.01368e-05,3.01368e-05,3.01368e-05,3.01368e-05
3.01368e-05,3.01368e-05,3.01368e-05,3.01368e-05,3.01368e-05,3.01368e-05,3.01368e-05,3.01368e-05,3.01368e-05,3.01368e-05,3.01368e-05,3.01368e-05,1.50684e-05,1.50684e-05,1.50684e-05,0,0,0,0,0,0,0,0,0,0,0,0,0,0,0,0,0,0,0,0,0,0,0,0,0,0,0,0,0,0,0,0,0,0,0,0,0,0,0,0,0,0,0,0,0,0,0,0,0,0,0,0,0,0,0,0,0,0,0,0,0,1.50684e-05,1.50684e-05,1.50684e-05,3.01368e-05,3.01368e-05,3.01368e-05,3.01368e-05,3.01368e-05,3.01368e-05,3.01368e-05,3.01368e-05,3.01368e-05,3.01368e-05,3.01368e-05,3.01368e-05,3.01368e-05,3.01368e-05,3.01368e-05,3.01368e-05,3.01368e-05,3.01368e-05,3.01368e-05,3.01368e-05,3.01368e-05,3.01368e-05,3.01368e-05,3.01368e-05,3.01368e-05,1.50684e-05,1.50684e-05,0,0,0,0,0,0,0,0,0,0,0,0,0,0,0,0,0,0,0,0,0,0,0,0,0,0,0,0,0,0,0,0,0,0,0,0,0,0,0,0,0,0,0,0,1.50684e-05,1.50684e-05,1.50684e-05,3.01368e-05,3.01368e-05,3.01368e-05,3.01368e-05,3.01368e-05,3.01368e-05,3.01368e-05,3.01368e-05,3.01368e-05,3.01368e-05,3.01368e-05,3.01368e-05,3.01368e-05,3.01368e-05,3.01368e-05,3.01368e-05,3.01368e-05,3.01368e-05,3.01368e-05,3.01368e-05,3.01368e-05,3.01368e-05,3.01368e-05,3.01368e-05,3.01368e-05,3.01368e-05,3.01368e-05
3.01368e-05,3.01368e-05,3.01368e-05,3.01368e-05,3.01368e-05,3.01368e-05,3.01368e-05,3.01368e-05,3.01368e-05,3.01368e-05,3.01368e-05,3.01368e-05,1.50684e-05,1.50684e-05,1.50684e-05,0,0,0,0,0,0,0,0,0,0,0,0,0,0,0,0,0,0,0,0,0,0,0,0,0,0,0,0,0,0,0,0,0,0,0,0,0,0,0,0,0,0,0,0,0,0,0,0,0,0,0,0,0,0,0,0,0,0,0,1.50684e-05,1.50684e-05,1.50684e-05,3.01368e-05,3.01368e-05,3.01368e-05,3.01368e-05,3.01368e-05,3.01368e-05,3.01368e-05,3.01368e-05,3.01368e-05,3.01368e-05,3.01368e-05,3.01368e-05,3.01368e-05,3.01368e-05,3.01368e-05,3.01368e-05,3.01368e-05,3.01368e-05,3.01368e-05,3.01368e-05,3.01368e-05,3.01368e-05,3.01368e-05,3.01368e-05,3.01368e-05,3.01368e-05,3.01368e-05,3.01368e-05,3.01368e-05,3.01368e-05,1.50684e-05,1.50684e-05,1.50684e-05,1.50684e-05,0,0,0,0,0,0,0,0,0,0,0,0,0,0,0,0,0,0,0,0,0,0,0,0,0,0,0,0,0,0,0,0,0,0,0,0,1.50684e-05,1.50684e-05,1.50684e-05,3.01368e-05,3.01368e-05,3.01368e-05,3.01368e-05,3.01368e-05,3.01368e-05,3.01368e-05,3.01368e-05,3.01368e-05,3.01368e-05,3.01368e-05,3.01368e-05,3.01368e-05,3.01368e-05,3.01368e-05,3.01368e-05,3.01368e-05,3.01368e-05,3.01368e-05,3.01368e-05,3.01368e-05,3.01368e-05,3.01368e-05,3.01368e-05,3.01368e-05,3.01368e-05,3.01368e-05,3.01368e-05,3.01368e-05,3.01368e-05
4.52052e-05,3.01368e-05,3.01368e-05,3.01368e-05,3.01368e-05,3.01368e-05,3.01368e-05,3.01368e-05,3.01368e-05,3.01368e-05,3.01368e-05,3.01368e-05,3.01368e-05,1.50684e-05,1.50684e-05,1.50684e-05,0,0,0,0,0,0,0,0,0,0,0,0,0,0,0,0,0,0,0,0,0,0,0,0,0,0,0,0,0,0,0,0,0,0,0,0,0,0,0,0,0,0,0,0,0,0,0,0,0,0,0,0,0,0,0,0,0,1.50684e-05,1.50684e-05,1.50684e-05,3.01368e-05,3.01368e-05,3.01368e-05,3.01368e-05,3.01368e-05,3.01368e-05,3.01368e-05,3.01368e-05,3.01368e-05,3.01368e-05,3.01368e-05,4.52052e-05,4.52052e-05,4.52052e-05,4.52052e-05,9.04105e-05,9.04105e-05,9.04105e-05,9.04105e-05,0.000105479,0.000120547,0.000105479,9.04105e-05,9.04105e-05,9.04105e-05,4.52052e-05,3.01368e-05,3.01368e-05,3.01368e-05,3.01368e-05,3.01368e-05,3.01368e-05,3.01368e-05,3.01368e-05,1.50684e-05,1.50684e-05,1.50684e-05,1.50684e-05,1.50684e-05,0,0,0,0,0,0,0,0,0,0,0,0,0,0,0,0,0,0,0,0,0,0,0,0,0,0,0,1.50684e-05,1.50684e-05,1.50684e-05,1.50684e-05,1.50684e-05,3.01368e-05,3.01368e-05,3.01368e-05,3.01368e-05,3.01368e-05,3.01368e-05,3.01368e-05,3.01368e-05,3.01368e-05,3.01368e-05,3.01368e-05,3.01368e-05,3.01368e-05,4.52052e-05,4.52052e-05,4.52052e-05,6.02736e-05,9.04105e-05,9.04105e-05,9.04105e-05,9.04105e-05,9.04105e-05,9.04105e-05,9.04105e-05,9.04105e-05,9.04105e-05,9.04105e-05,9.04105e-05,9.04105e-05,4.52052e-05,4.52052e-05,4.52052e-05,4.52052e-05
9.04105e-05,9.04105e-05,9.04105e-05,6.02736e-05,4.52052e-05,3.01368e-05,3.01368e-05,3.01368e-05,3.01368e-05,3.01368e-05,3.01368e-05,3.01368e-05,3.01368e-05,3.01368e-05,1.50684e-05,1.50684e-05,1.50684e-05,0,0,0,0,0,0,0,0,0,0,0,0,0,0,0,0,0,0,0,0,0,0,0,0,0,0,0,0,0,0,0,0,0,0,0,0,0,0,0,0,0,0,0,0,0,0,0,0,0,0,0,0,0,0,1.50684e-05,1.50684e-05,1.50684e-05,1.50684e-05,3.01368e-05,3.01368e-05,3.01368e-05,3.01368e-05,3.01368e-05,3.01368e-05,3.01368e-05,3.01368e-05,4.52052e-05,6.02736e-05,9.04105e-05,9.04105e-05,9.04105e-05,0.000120547,0.000120547,0.000120547,0.000120547,0.000135616,0.000135616,0.000135616,0.000135616,0.000135616,0.000135616,0.000135616,0.000135616,0.000120547,0.000120547,0.000120547,9.04105e-05,4.52052e-05,3.01368e-05,3.01368e-05,3.01368e-05,3.01368e-05,3.01368e-05,3.01368e-05,3.01368e-05,3.01368e-05,1.50684e-05,1.50684e-05,1.50684e-05,1.50684e-05,1.50684e-05,1.50684e-05,1.50684e-05,1.50684e-05,1.50684e-05,1.50684e-05,1.50684e-05,1.50684e-05,1.50684e-05,1.50684e-05,1.50684e-05,1.50684e-05,1.50684e-05,1.50684e-05,1.50684e-05,1.50684e-05,1.50684e-05,1.50684e-05,1.50684e-05,1.50684e-05,1.50684e-05,1.50684e-05,1.50684e-05,1.50684e-05,1.50684e-05,3.01368e-05,3.01368e-05,3.01368e-05,3.01368e-05,3.01368e-05,3.01368e-05,3.01368e-05,3.01368e-05,3.01368e-05,3.01368e-05,3.01368e-05,3.01368e-05,4.52052e-05,4.52052e-05,7.53421e-05,9.04105e-05,9.04105e-05,9.04105e-05,9.04105e-05,0.000120547,0.000120547,0.000120547,0.000120547,0.000120547,0.000120547,0.000120547,0.000120547,0.000120547,0.000120547,0.000120547,0.000120547,0.000120547,0.000120547,0.000120547,0.000120547,0.000120547,0.000120547,9.04105e-05
0.000120547,0.000120547,0.000120547,0.000120547,9.04105e-05,9.04105e-05,6.02736e-05,4.52052e-05,3.01368e-05,3.01368e-05,3.01368e-05,3.01368e-05,3.01368e-05,3.01368e-05,3.01368e-05,1.50684e-05,1.50684e-05,1.50684e-05,0,0,0,0,0,0,0,0,0,0,0,0,0,0,0,0,0,0,0,0,0,0,0,0,0,0,0,0,0,0,0,0,0,0,0,0,0,0,0,0,0,0,0,0,0,0,0,0,0,0,0,1.50684e-05,1.50684e-05,1.50684e-05,1.50684e-05,3.01368e-05,3.01368e-05,3.01368e-05,3.01368e-05,3.01368e-05,3.01368e-05,3.01368e-05,4.52052e-05,4.52052e-05,9.04105e-05,9.04105e-05,0.000120547,0.000120547,0.000120547,0.000120547,0.000135616,0.000150684,0.000150684,0.000165753,0.000165753,0.000165753,0.000180821,0.000180821,0.000180821,0.000180821,0.000165753,0.000165753,0.000165753,0.000150684,0.000150684,0.000135616,0.000120547,0.000120547,9.04105e-05,4.52052e-05,3.01368e-05,3.01368e-05,3.01368e-05,3.01368e-05,3.01368e-05,3.01368e-05,3.01368e-05,3.01368e-05,3.01368e-05,1.50684e-05,1.50684e-05,1.50684e-05,1.50684e-05,1.50684e-05,1.50684e-05,1.50684e-05,1.50684e-05,1.50684e-05,1.50684e-05,1.50684e-05,3.01368e-05,3.01368e-05,3.01368e-05,3.01368e-05,3.01368e-05,3.01368e-05,3.01368e-05,3.01368e-05,3.01368e-05,3.01368e-05,3.01368e-05,3.01368e-05,3.01368e-05,3.01368e-05,3.01368e-05,3.01368e-05,3.01368e-05,3.01368e-05,3.01368e-05,3.01368e-05,3.01368e-05,3.01368e-05,3.01368e-05,4.52052e-05,6.02736e-05,9.04105e-05,9.04105e-05,0.000120547,0.000120547,0.000120547,0.000120547,0.000120547,0.000135616,0.000135616,0.000135616,0.000135616,0.000135616,0.000135616,0.000135616,0.000150684,0.000150684,0.000150684,0.000150684,0.000150684,0.000150684,0.000150684,0.000150684,0.000150684,0.000135616,0.000135616,0.000135616,0.000135616
0.000150684,0.000150684,0.000135616,0.000135616,0.000120547,0.000120547,0.000120547,9.04105e-05,6.02736e-05,3.01368e-05,3.01368e-05,3.01368e-05,3.01368e-05,3.01368e-05,3.01368e-05,3.01368e-05,3.01368e-05,1.50684e-05,1.50684e-05,1.50684e-05,0,0,0,0,0,0,0,0,0,0,0,0,0,0,0,0,0,0,0,0,0,0,0,0,0,0,0,0,0,0,0,0,0,0,0,0,0,0,0,0,0,0,0,0,0,0,0,1.50684e-05,1.50684e-05,1.50684e-05,1.50684e-05,1.50684e-05,3.01368e-05,3.01368e-05,3.01368e-05,3.01368e-05,3.01368e-05,3.01368e-05,3.01368e-05,4.52052e-05,9.04105e-05,0.000120547,0.000120547,0.000120547,0.000135616,0.000135616,0.000150684,0.000165753,0.000165753,0.000180821,0.000180821,0.000180821,0.000210958,0.000210958,0.000210958,0.000210958,0.000210958,0.000210958,0.000210958,0.000195889,0.000180821,0.000180821,0.000180821,0.000165753,0.000150684,0.000135616,0.000120547,0.000120547,9.04105e-05,3.01368e-05,3.01368e-05,3.01368e-05,3.01368e-05,3.01368e-05,3.01368e-05,3.01368e-05,3.01368e-05,3.01368e-05,3.01368e-05,3.01368e-05,3.01368e-05,3.01368e-05,3.01368e-05,3.01368e-05,3.01368e-05,3.01368e-05,3.01368e-05,3.01368e-05,3.01368e-05,3.01368e-05,3.01368e-05,3.01368e-05,3.01368e-05,3.01368e-05,3.01368e-05,3.01368e-05,3.01368e-05,3.01368e-05,3.01368e-05,3.01368e-05,3.01368e-05,3.01368e-05,3.01368e-05,3.01368e-05,3.01368e-05,3.01368e-05,3.01368e-05,3.01368e-05,4.52052e-05,4.52052e-05,9.04105e-05,9.04105e-05,0.000120547,0.000120547,0.000135616,0.000135616,0.000150684,0.000150684,0.000150684,0.000150684,0.000150684,0.000165753,0.000165753,0.000165753,0.000165753,0.000165753,0.000165753,0.000180821,0.000180821,0.000180821,0.000180821,0.000180821,0.000180821,0.000180821,0.000180821,0.000180821,0.000180821,0.000165753,0.000165753,0.000165753
0.000180821,0.000180821,0.000180821,0.000165753,0.000150684,0.000150684,0.000135616,0.000120547,0.000120547,9.04105e-05,4.52052e-05,3.01368e-05,3.01368e-05,3.01368e-05,3.01368e-05,3.01368e-05,3.01368e-05,3.01368e-05,3.01368e-05,1.50684e-05,1.50684e-05,1.50684e-05,1.50684e-05,0,0,0,0,0,0,0,0,0,0,0,0,0,0,0,0,0,0,0,0,0,0,0,0,0,0,0,0,0,0,0,0,0,0,0,0,0,0,0,0,0,0,1.50684e-05,1.50684e-05,1.50684e-05,1.50684e-05,1.50684e-05,3.01368e-05,3.01368e-05,3.01368e-05,3.01368e-05,3.01368e-05,3.01368e-05,3.01368e-05,3.01368e-05,7.53421e-05,9.04105e-05,0.000120547,0.000120547,0.000135616,0.000150684,0.000150684,0.000165753,0.000180821,0.000180821,0.000210958,0.000210958,0.000210958,0.000241095,0.000256163,0.0002863,0.0002863,0.0002863,0.000271231,0.000256163,0.000241095,0.000226026,0.000210958,0.000210958,0.000210958,0.000195889,0.000180821,0.000180821,0.000150684,0.000135616,0.000120547,0.000120547,6.02736e-05,3.01368e-05,3.01368e-05,3.01368e-05,3.01368e-05,3.01368e-05,3.01368e-05,3.01368e-05,3.01368e-05,3.01368e-05,3.01368e-05,3.01368e-05,3.01368e-05,3.01368e-05,3.01368e-05,3.01368e-05,3.01368e-05,3.01368e-05,3.01368e-05,3.01368e-05,3.01368e-05,3.01368e-05,3.01368e-05,3.01368e-05,3.01368e-05,3.01368e-05,3.01368e-05,3.01368e-05,3.01368e-05,3.01368e-05,3.01368e-05,4.52052e-05,4.52052e-05,4.52052e-05,6.02736e-05,9.04105e-05,9.04105e-05,9.04105e-05,9.04105e-05,0.000120547,0.000120547,0.000135616,0.000135616,0.000150684,0.000165753,0.000165753,0.000180821,0.000180821,0.000180821,0.000180821,0.000180821,0.000180821,0.000180821,0.000180821,0.000180821,0.000180821,0.000195889,0.000210958,0.000210958,0.000210958,0.000210958,0.000210958,0.000210958,0.000210958,0.000210958,0.000210958,0.000210958,0.000195889,0.000180821,0.000180821
0.000210958,0.000210958,0.000195889,0.000180821,0.000180821,0.000180821,0.000165753,0.000150684,0.000135616,0.000120547,9.04105e-05,9.04105e-05,3.01368e-05,3.01368e-05,3.01368e-05,3.01368e-05,3.01368e-05,3.01368e-05,3.01368e-05,3.01368e-05,3.01368e-05,3.01368e-05,1.50684e-05,1.50684e-05,1.50684e-05,0,0,0,0,0,0,0,0,0,0,0,0,0,0,0,0,0,0,0,0,0,0,0,0,0,0,0,0,0,0,0,0,0,0,0,0,0,1.50684e-05,1.50684e-05,1.50684e-05,1.50684e-05,1.50684e-05,3.01368e-05,3.01368e-05,3.01368e-05,3.01368e-05,3.01368e-05,3.01368e-05,3.01368e-05,3.01368e-05,3.01368e-05,3.01368e-05,9.04105e-05,0.000120547,0.000120547,0.000135616,0.000150684,0.000165753,0.000180821,0.000180821,0.000210958,0.000210958,0.000241095,0.0002863,0.000301368,0.000316437,0.000316437,0.000346573,0.000346573,0.000346573,0.000346573,0.000331505,0.000316437,0.000316437,0.000301368,0.0002863,0.0002863,0.000256163,0.000226026,0.000210958,0.000210958,0.000180821,0.000180821,0.000150684,0.000135616,0.000120547,9.04105e-05,4.52052e-05,3.01368e-05,3.01368e-05,3.01368e-05,3.01368e-05,3.01368e-05,3.01368e-05,3.01368e-05,3.01368e-05,3.01368e-05,3.01368e-05,3.01368e-05,3.01368e-05,3.01368e-05,3.01368e-05,3.01368e-05,3.01368e-05,3.01368e-05,3.01368e-05,3.01368e-05,3.01368e-05,3.01368e-05,3.01368e-05,4.52052e-05,4.52052e-05,7.53421e-05,9.04105e-05,9.04105e-05,9.04105e-05,0.000120547,0.000120547,0.000120547,0.000120547,0.000120547,0.000120547,0.000120547,0.000120547,0.000135616,0.000150684,0.000150684,0.000180821,0.000180821,0.000180821,0.000210958,0.000210958,0.000210958,0.000210958,0.000210958,0.000210958,0.000210958,0.000210958,0.000210958,0.000210958,0.000210958,0.000226026,0.000226026,0.000241095,0.000256163,0.000256163,0.000271231,0.0002863,0.0002863,0.000271231,0.000256163,0.000256163,0.000241095,0.000226026,0.000210958
0.0002863,0.000271231,0.000226026,0.000210958,0.000210958,0.000195889,0.000180821,0.000180821,0.000165753,0.000135616,0.000120547,0.000120547,9.04105e-05,4.52052e-05,3.01368e-05,3.01368e-05,3.01368e-05,3.01368e-05,3.01368e-05,3.01368e-05,3.01368e-05,3.01368e-05,3.01368e-05,3.01368e-05,1.50684e-05,1.50684e-05,1.50684e-05,0,0,0,0,0,0,0,0,0,0,0,0,0,0,0,0,0,0,0,0,0,0,0,0,0,0,0,0,0,0,0,0,0,0,1.50684e-05,1.50684e-05,1.50684e-05,3.01368e-05,3.01368e-05,3.01368e-05,3.01368e-05,3.01368e-05,3.01368e-05,3.01368e-05,3.01368e-05,3.01368e-05,3.01368e-05,3.01368e-05,4.52052e-05,9.04105e-05,0.000120547,0.000120547,0.000135616,0.000150684,0.000180821,0.000180821,0.000210958,0.000226026,0.0002863,0.000301368,0.000346573,0.000361642,0.000391779,0.000421915,0.000421915,0.000421915,0.000421915,0.000421915,0.000421915,0.000421915,0.000421915,0.000391779,0.00037671,0.000346573,0.000331505,0.000316437,0.000301368,0.0002863,0.000256163,0.000210958,0.000210958,0.000180821,0.000165753,0.000150684,0.000120547,0.000105479,6.02736e-05,3.01368e-05,3.01368e-05,3.01368e-05,3.01368e-05,3.01368e-05,3.01368e-05,3.01368e-05,3.01368e-05,3.01368e-05,3.01368e-05,3.01368e-05,3.01368e-05,3.01368e-05,3.01368e-05,3.01368e-05,3.01368e-05,3.01368e-05,4.52052e-05,4.52052e-05,9.04105e-05,9.04105e-05,0.000120547,0.000120547,0.000120547,0.000120547,0.000120547,0.000135616,0.000135616,0.000135616,0.000135616,0.000135616,0.000135616,0.000135616,0.000150684,0.000150684,0.000165753,0.000180821,0.000180821,0.000210958,0.000210958,0.000210958,0.000226026,0.000256163,0.000271231,0.0002863,0.0002863,0.0002863,0.0002863,0.0002863,0.0002863,0.000301368,0.000301368,0.000301368,0.000316437,0.000316437,0.000316437,0.000346573,0.000346573,0.000346573,0.000346573,0.000346573,0.000331505,0.000316437,0.000316437,0.000301368,0.000301368
0.000346573,0.000316437,0.000301368,0.0002863,0.000271231,0.000226026,0.000210958,0.000210958,0.000180821,0.000165753,0.000150684,0.000135616,0.000120547,0.000120547,9.04105e-05,4.52052e-05,3.01368e-05,3.01368e-05,3.01368e-05,3.01368e-05,3.01368e-05,3.01368e-05,3.01368e-05,3.01368e-05,3.01368e-05,3.01368e-05,1.50684e-05,1.50684e-05,1.50684e-05,0,0,0,0,0,0,0,0,0,0,0,0,0,0,0,0,0,0,0,0,0,0,0,0,0,0,0,0,0,0,1.50684e-05,1.50684e-05,1.50684e-05,3.01368e-05,3.01368e-05,3.01368e-05,3.01368e-05,3.01368e-05,3.01368e-05,3.01368e-05,3.01368e-05,3.01368e-05,3.01368e-05,3.01368e-05,3.01368e-05,4.52052e-05,9.04105e-05,0.000120547,0.000135616,0.000150684,0.000165753,0.000180821,0.000210958,0.000241095,0.0002863,0.000316437,0.00037671,0.000421915,0.000421915,0.000436984,0.000467121,0.000512326,0.000557531,0.0005726,0.0005726,0.0005726,0.000557531,0.000512326,0.000482189,0.000452052,0.000421915,0.000421915,0.000421915,0.000391779,0.000361642,0.000331505,0.000301368,0.0002863,0.000241095,0.000210958,0.000180821,0.000180821,0.000150684,0.000135616,0.000120547,9.04105e-05,4.52052e-05,3.01368e-05,3.01368e-05,3.01368e-05,3.01368e-05,3.01368e-05,3.01368e-05,3.01368e-05,3.01368e-05,4.52052e-05,4.52052e-05,4.52052e-05,7.53421e-05,9.04105e-05,9.04105e-05,9.04105e-05,9.04105e-05,0.000120547,0.000120547,0.000120547,0.000135616,0.000135616,0.000135616,0.000150684,0.000150684,0.000150684,0.000165753,0.000165753,0.000165753,0.000165753,0.000165753,0.000165753,0.000165753,0.000180821,0.000180821,0.000210958,0.000210958,0.000226026,0.000271231,0.0002863,0.000301368,0.000316437,0.000316437,0.000316437,0.000331505,0.000346573,0.000346573,0.000346573,0.000361642,0.00037671,0.000391779,0.000391779,0.000421915,0.000421915,0.000421915,0.000421915,0.000421915,0.000421915,0.000421915,0.000421915,0.000421915,0.000421915,0.000421915,0.000391779,0.00037671
0.000421915,0.000421915,0.00037671,0.000346573,0.000316437,0.000301368,0.0002863,0.000226026,0.000210958,0.000195889,0.000180821,0.000165753,0.000150684,0.000120547,0.000120547,9.04105e-05,9.04105e-05,4.52052e-05,3.01368e-05,3.01368e-05,3.01368e-05,3.01368e-05,3.01368e-05,3.01368e-05,3.01368e-05,3.01368e-05,3.01368e-05,3.01368e-05,1.50684e-05,1.50684e-05,1.50684e-05,0,0,0,0,0,0,0,0,0,0,0,0,0,0,0,0,0,0,0,0,0,0,0,0,0,0,1.50684e-05,1.50684e-05,1.50684e-05,3.01368e-05,3.01368e-05,3.01368e-05,3.01368e-05,3.01368e-05,3.01368e-05,3.01368e-05,3.01368e-05,3.01368e-05,3.01368e-05,3.01368e-05,3.01368e-05,3.01368e-05,7.53421e-05,9.04105e-05,0.000120547,0.000135616,0.000150684,0.000180821,0.000210958,0.000210958,0.0002863,0.000316437,0.00037671,0.000421915,0.000436984,0.000497258,0.000587668,0.000632873,0.000738352,0.000783557,0.000798626,0.000843831,0.000843831,0.000843831,0.000798626,0.000768489,0.000693147,0.000602736,0.0005726,0.000512326,0.000467121,0.000421915,0.000421915,0.000421915,0.00037671,0.000331505,0.000301368,0.0002863,0.000210958,0.000210958,0.000180821,0.000165753,0.000135616,0.000120547,9.04105e-05,9.04105e-05,9.04105e-05,6.02736e-05,6.02736e-05,6.02736e-05,7.53421e-05,9.04105e-05,9.04105e-05,9.04105e-05,9.04105e-05,0.000120547,0.000120547,0.000120547,0.000120547,0.000120547,0.000120547,0.000135616,0.000135616,0.000150684,0.000150684,0.000165753,0.000165753,0.000180821,0.000180821,0.000180821,0.000180821,0.000180821,0.000180821,0.000180821,0.000180821,0.000180821,0.000195889,0.000210958,0.000210958,0.000241095,0.0002863,0.000301368,0.000316437,0.000346573,0.000361642,0.00037671,0.000391779,0.000406847,0.000421915,0.000421915,0.000421915,0.000421915,0.000421915,0.000436984,0.000467121,0.000482189,0.000512326,0.000542463,0.0005726,0.000587668,0.000587668,0.000587668,0.000587668,0.000587668,0.0005726,0.000527394,0.000497258,0.000452052,0.000421915
0.000497258,0.000436984,0.000421915,0.000421915,0.000391779,0.000346573,0.000316437,0.0002863,0.000256163,0.000210958,0.000210958,0.000180821,0.000165753,0.000150684,0.000135616,0.000120547,0.000120547,9.04105e-05,9.04105e-05,4.52052e-05,3.01368e-05,3.01368e-05,3.01368e-05,3.01368e-05,3.01368e-05,3.01368e-05,3.01368e-05,3.01368e-05,3.01368e-05,3.01368e-05,1.50684e-05,1.50684e-05,1.50684e-05,0,0,0,0,0,0,0,0,0,0,0,0,0,0,0,0,0,0,0,0,0,0,1.50684e-05,1.50684e-05,1.50684e-05,3.01368e-05,3.01368e-05,3.01368e-05,3.01368e-05,3.01368e-05,3.01368e-05,3.01368e-05,3.01368e-05,3.01368e-05,3.01368e-05,3.01368e-05,3.01368e-05,4.52052e-05,7.53421e-05,9.04105e-05,0.000120547,0.000135616,0.000150684,0.000165753,0.000180821,0.000210958,0.000256163,0.000301368,0.000361642,0.000421915,0.000436984,0.000512326,0.000602736,0.000768489,0.000843831,0.000919173,0.00102465,0.00105479,0.00111506,0.00113013,0.0011452,0.00111506,0.00111506,0.00105479,0.000964378,0.000873968,0.000798626,0.000723284,0.000602736,0.000557531,0.000497258,0.000436984,0.000421915,0.000406847,0.000361642,0.000316437,0.0002863,0.000226026,0.000210958,0.000180821,0.000165753,0.000150684,0.000135616,0.000120547,0.000120547,0.000120547,0.000120547,0.000120547,0.000120547,0.000120547,0.000120547,0.000120547,0.000135616,0.000135616,0.000135616,0.000135616,0.000150684,0.000150684,0.000150684,0.000165753,0.000165753,0.000180821,0.000180821,0.000180821,0.000195889,0.000210958,0.000210958,0.000210958,0.000210958,0.000210958,0.000210958,0.000210958,0.000210958,0.000210958,0.000210958,0.000271231,0.0002863,0.000316437,0.000346573,0.00037671,0.000421915,0.000421915,0.000421915,0.000421915,0.000436984,0.000436984,0.000467121,0.000482189,0.000512326,0.0005726,0.000602736,0.000602736,0.000678078,0.000768489,0.000768489,0.000798626,0.000843831,0.000858899,0.000858899,0.000858899,0.000858899,0.000843831,0.000813694,0.000768489,0.000693147,0.000602736,0.0005726
0.000678078,0.000587668,0.000512326,0.000467121,0.000421915,0.000421915,0.00037671,0.000346573,0.000301368,0.0002863,0.000226026,0.000210958,0.000180821,0.000180821,0.000150684,0.000135616,0.000135616,0.000120547,0.000120547,9.04105e-05,7.53421e-05,4.52052e-05,3.01368e-05,3.01368e-05,3.01368e-05,3.01368e-05,3.01368e-05,3.01368e-05,3.01368e-05,3.01368e-05,3.01368e-05,3.01368e-05,1.50684e-05,1.50684e-05,1.50684e-05,1.50684e-05,1.50684e-05,0,0,0,0,0,0,0,0,0,0,0,0,0,0,0,1.50684e-05,1.50684e-05,1.50684e-05,1.50684e-05,3.01368e-05,3.01368e-05,3.01368e-05,3.01368e-05,3.01368e-05,3.01368e-05,3.01368e-05,3.01368e-05,3.01368e-05,3.01368e-05,4.52052e-05,4.52052e-05,7.53421e-05,9.04105e-05,9.04105e-05,0.000120547,0.000120547,0.000135616,0.000150684,0.000180821,0.000195889,0.000210958,0.0002863,0.000316437,0.000391779,0.000421915,0.000497258,0.000602736,0.000768489,0.000858899,0.00102465,0.00111506,0.00125068,0.00138629,0.00155205,0.00159725,0.00165753,0.00167259,0.00164246,0.00156711,0.0014767,0.00134109,0.0011452,0.00105479,0.000919173,0.000843831,0.000768489,0.000602736,0.0005726,0.000497258,0.000436984,0.000421915,0.000391779,0.000346573,0.000301368,0.000256163,0.000210958,0.000195889,0.000180821,0.000165753,0.000150684,0.000135616,0.000135616,0.000135616,0.000135616,0.000150684,0.000150684,0.000150684,0.000165753,0.000165753,0.000180821,0.000180821,0.000180821,0.000180821,0.000180821,0.000180821,0.000180821,0.000180821,0.000210958,0.000210958,0.000210958,0.000210958,0.000226026,0.000241095,0.000256163,0.000256163,0.000256163,0.000256163,0.000256163,0.000271231,0.0002863,0.000301368,0.000316437,0.000361642,0.000421915,0.000421915,0.000421915,0.000467121,0.000497258,0.000527394,0.0005726,0.000587668,0.000602736,0.000678078,0.000768489,0.000798626,0.000843831,0.000873968,0.000934241,0.00100958,0.00103972,0.00108493,0.00111506,0.0011452,0.00116027,0.0011904,0.00117534,0.0011452,0.00111506,0.00109999,0.00102465,0.000934241,0.000858899,0.000798626
0.000919173,0.000798626,0.000693147,0.000602736,0.000512326,0.000436984,0.000421915,0.000406847,0.000346573,0.000316437,0.0002863,0.000241095,0.000210958,0.000180821,0.000180821,0.000165753,0.000150684,0.000135616,0.000120547,0.000120547,9.04105e-05,9.04105e-05,4.52052e-05,3.01368e-05,3.01368e-05,3.01368e-05,3.01368e-05,3.01368e-05,3.01368e-05,3.01368e-05,3.01368e-05,3.01368e-05,3.01368e-05,3.01368e-05,1.50684e-05,1.50684e-05,1.50684e-05,1.50684e-05,1.50684e-05,1.50684e-05,1.50684e-05,1.50684e-05,1.50684e-05,1.50684e-05,0,0,0,0,0,1.50684e-05,1.50684e-05,1.50684e-05,1.50684e-05,1.50684e-05,1.50684e-05,3.01368e-05,3.01368e-05,3.01368e-05,3.01368e-05,3.01368e-05,3.01368e-05,3.01368e-05,3.01368e-05,4.52052e-05,4.52052e-05,7.53421e-05,9.04105e-05,9.04105e-05,0.000120547,0.000120547,0.000120547,0.000135616,0.000150684,0.000165753,0.000180821,0.000210958,0.000226026,0.0002863,0.000346573,0.000421915,0.000436984,0.0005726,0.000693147,0.000843831,0.00102465,0.0011452,0.00138629,0.00159725,0.00179314,0.00210958,0.00232054,0.00253149,0.00265204,0.00265204,0.00251642,0.00232054,0.00210958,0.00180821,0.00159725,0.00138629,0.00117534,0.00105479,0.000919173,0.000843831,0.000768489,0.000602736,0.000557531,0.000467121,0.000421915,0.000421915,0.000361642,0.000316437,0.0002863,0.000241095,0.000210958,0.000195889,0.000180821,0.000180821,0.000180821,0.000180821,0.000180821,0.000180821,0.000180821,0.000195889,0.000210958,0.000210958,0.000210958,0.000210958,0.000210958,0.000210958,0.000210958,0.000210958,0.000210958,0.000226026,0.000241095,0.000271231,0.0002863,0.0002863,0.000301368,0.000301368,0.000301368,0.000301368,0.000301368,0.000316437,0.000316437,0.000316437,0.000346573,0.000391779,0.000421915,0.000421915,0.000467121,0.000527394,0.000587668,0.000632873,0.000693147,0.000768489,0.000798626,0.000843831,0.000873968,0.000934241,0.00102465,0.00109999,0.0011452,0.00123561,0.00137123,0.0014767,0.00155205,0.00159725,0.00165753,0.00170273,0.00170273,0.0017178,0.00170273,0.00165753,0.00156711,0.00153698,0.00138629,0.00125068,0.00113013,0.00102465
0.0011904,0.00105479,0.000919173,0.000828763,0.000693147,0.000587668,0.000497258,0.000421915,0.000421915,0.00037671,0.000316437,0.0002863,0.000241095,0.000210958,0.000195889,0.000180821,0.000165753,0.000150684,0.000135616,0.000135616,0.000120547,0.000120547,9.04105e-05,6.02736e-05,4.52052e-05,3.01368e-05,3.01368e-05,3.01368e-05,3.01368e-05,3.01368e-05,3.01368e-05,3.01368e-05,3.01368e-05,3.01368e-05,3.01368e-05,3.01368e-05,3.01368e-05,3.01368e-05,1.50684e-05,1.50684e-05,1.50684e-05,1.50684e-05,1.50684e-05,1.50684e-05,1.50684e-05,1.50684e-05,1.50684e-05,1.50684e-05,1.50684e-05,1.50684e-05,1.50684e-05,1.50684e-05,1.50684e-05,3.01368e-05,3.01368e-05,3.01368e-05,3.01368e-05,3.01368e-05,3.01368e-05,3.01368e-05,3.01368e-05,3.01368e-05,4.52052e-05,9.04105e-05,9.04105e-05,0.000105479,0.000120547,0.000120547,0.000120547,0.000135616,0.000150684,0.000150684,0.000180821,0.000180821,0.000210958,0.000241095,0.000301368,0.000361642,0.000421915,0.000497258,0.000602736,0.000798626,0.000964378,0.0011452,0.0014315,0.00170273,0.0020493,0.00251642,0.00296848,0.00339039,0.00363149,0.00390272,0.00394792,0.00390272,0.00370683,0.00349587,0.0031945,0.00274245,0.00230547,0.00189862,0.00156711,0.00134109,0.00113013,0.00102465,0.000873968,0.000798626,0.000693147,0.000602736,0.000512326,0.000467121,0.000421915,0.000421915,0.000361642,0.000316437,0.000301368,0.0002863,0.000256163,0.000226026,0.000226026,0.000226026,0.000226026,0.000256163,0.0002863,0.0002863,0.0002863,0.0002863,0.0002863,0.000301368,0.000301368,0.000301368,0.000301368,0.000301368,0.000301368,0.000301368,0.000316437,0.000316437,0.000346573,0.000361642,0.000361642,0.00037671,0.000391779,0.000391779,0.000391779,0.000391779,0.000391779,0.000421915,0.000421915,0.000436984,0.000497258,0.0005726,0.000647942,0.000768489,0.000843831,0.000873968,0.000934241,0.00102465,0.00108493,0.00113013,0.00120547,0.00135616,0.00152191,0.00159725,0.00174794,0.00192876,0.00210958,0.00232054,0.00248629,0.00265204,0.00269725,0.00269725,0.00269725,0.00266711,0.0026219,0.00248629,0.00232054,0.00219999,0.00203424,0.00177807,0.00159725,0.00138629
0.00170273,0.0014767,0.00120547,0.00105479,0.000919173,0.000798626,0.000647942,0.000557531,0.000436984,0.000421915,0.000391779,0.000316437,0.000301368,0.000256163,0.000210958,0.000210958,0.000180821,0.000180821,0.000150684,0.000150684,0.000135616,0.000120547,0.000120547,9.04105e-05,9.04105e-05,4.52052e-05,3.01368e-05,3.01368e-05,3.01368e-05,3.01368e-05,3.01368e-05,3.01368e-05,3.01368e-05,3.01368e-05,3.01368e-05,3.01368e-05,3.01368e-05,3.01368e-05,3.01368e-05,3.01368e-05,3.01368e-05,3.01368e-05,3.01368e-05,3.01368e-05,3.01368e-05,3.01368e-05,3.01368e-05,1.50684e-05,1.50684e-05,3.01368e-05,3.01368e-05,3.01368e-05,3.01368e-05,3.01368e-05,3.01368e-05,3.01368e-05,3.01368e-05,3.01368e-05,3.01368e-05,3.01368e-05,4.52052e-05,6.02736e-05,9.04105e-05,9.04105e-05,0.000120547,0.000120547,0.000135616,0.000135616,0.000150684,0.000150684,0.000165753,0.000180821,0.000210958,0.000210958,0.0002863,0.000316437,0.000391779,0.000436984,0.0005726,0.000768489,0.000904105,0.00111506,0.00137123,0.00170273,0.00218492,0.00278766,0.00340546,0.0040534,0.00464107,0.00554518,0.00613284,0.0063438,0.0062986,0.00607257,0.00557531,0.00503285,0.00444518,0.00388765,0.00328491,0.00271231,0.00216985,0.0017178,0.00150684,0.00122054,0.00109999,0.000964378,0.000858899,0.000798626,0.000693147,0.000602736,0.0005726,0.000497258,0.000452052,0.000421915,0.000421915,0.000421915,0.000391779,0.000361642,0.000361642,0.000361642,0.000391779,0.000406847,0.000421915,0.000421915,0.000421915,0.000421915,0.000421915,0.000406847,0.000391779,0.000391779,0.000406847,0.000406847,0.000406847,0.000421915,0.000421915,0.000421915,0.000421915,0.000421915,0.000421915,0.000421915,0.000421915,0.000436984,0.000436984,0.000452052,0.000467121,0.000512326,0.0005726,0.000602736,0.000768489,0.000813694,0.000904105,0.00102465,0.00109999,0.0011452,0.00129588,0.00140136,0.00155205,0.00165753,0.00177807,0.0020493,0.00232054,0.00269725,0.00296848,0.00326985,0.00349587,0.00369176,0.00390272,0.00403833,0.0040534,0.0040534,0.00397806,0.00390272,0.00375203,0.00363149,0.00352601,0.00337532,0.00308902,0.00278766,0.00239588,0.0020493
0.00263697,0.0020493,0.00167259,0.00138629,0.0011452,0.00102465,0.000843831,0.000693147,0.0005726,0.000467121,0.000421915,0.000391779,0.000316437,0.000301368,0.000256163,0.000210958,0.000210958,0.000180821,0.000180821,0.000150684,0.000150684,0.000135616,0.000120547,0.000120547,9.04105e-05,9.04105e-05,4.52052e-05,4.52052e-05,3.01368e-05,3.01368e-05,3.01368e-05,3.01368e-05,3.01368e-05,3.01368e-05,3.01368e-05,3.01368e-05,3.01368e-05,3.01368e-05,3.01368e-05,3.01368e-05,3.01368e-05,3.01368e-05,3.01368e-05,3.01368e-05,3.01368e-05,3.01368e-05,3.01368e-05,3.01368e-05,3.01368e-05,3.01368e-05,3.01368e-05,3.01368e-05,3.01368e-05,3.01368e-05,3.01368e-05,3.01368e-05,3.01368e-05,3.01368e-05,3.01368e-05,4.52052e-05,9.04105e-05,9.04105e-05,0.000120547,0.000120547,0.000135616,0.000135616,0.000150684,0.000165753,0.000165753,0.000180821,0.000180821,0.000210958,0.000226026,0.0002863,0.000346573,0.000421915,0.000482189,0.000632873,0.000843831,0.00105479,0.00134109,0.00165753,0.00216985,0.00289313,0.00361642,0.00444518,0.00568079,0.00699174,0.00852872,0.00961365,0.0104424,0.0106534,0.0102465,0.00940269,0.00857393,0.007489,0.00655476,0.00556024,0.00446025,0.00363149,0.00299861,0.00236574,0.00189862,0.00159725,0.00137123,0.00116027,0.00108493,0.000964378,0.000889036,0.000843831,0.000798626,0.000768489,0.000768489,0.000693147,0.000678078,0.000602736,0.000587668,0.0005726,0.000557531,0.0005726,0.000587668,0.000602736,0.000632873,0.000678078,0.00066301,0.000602736,0.000602736,0.0005726,0.000527394,0.000497258,0.000497258,0.000497258,0.000497258,0.000497258,0.000497258,0.000512326,0.000542463,0.000557531,0.0005726,0.0005726,0.000587668,0.000587668,0.000602736,0.000632873,0.000693147,0.000768489,0.000843831,0.000889036,0.00102465,0.00111506,0.00122054,0.00138629,0.00155205,0.00170273,0.00189862,0.00210958,0.00232054,0.00268218,0.00299861,0.00342053,0.00382738,0.00418902,0.00464107,0.00531915,0.00568079,0.00614791,0.00635887,0.00640407,0.00641914,0.00640407,0.0063438,0.00616298,0.00587668,0.00568079,0.0054849,0.00510819,0.00455066,0.00412874,0.00361642,0.00311916
0.00375203,0.00304382,0.00241095,0.00189862,0.00155205,0.00123561,0.00105479,0.000873968,0.000768489,0.0005726,0.000467121,0.000421915,0.00037671,0.000316437,0.0002863,0.000241095,0.000210958,0.000210958,0.000180821,0.000180821,0.000150684,0.000135616,0.000120547,0.000120547,0.000120547,9.04105e-05,9.04105e-05,4.52052e-05,4.52052e-05,3.01368e-05,3.01368e-05,3.01368e-05,3.01368e-05,3.01368e-05,3.01368e-05,3.01368e-05,3.01368e-05,3.01368e-05,3.01368e-05,3.01368e-05,3.01368e-05,3.01368e-05,3.01368e-05,3.01368e-05,3.01368e-05,3.01368e-05,3.01368e-05,3.01368e-05,3.01368e-05,3.01368e-05,3.01368e-05,3.01368e-05,3.01368e-05,3.01368e-05,3.01368e-05,3.01368e-05,3.01368e-05,3.01368e-05,4.52052e-05,9.04105e-05,9.04105e-05,0.000120547,0.000120547,0.000135616,0.000150684,0.000165753,0.000165753,0.000180821,0.000180821,0.000210958,0.000210958,0.000271231,0.000301368,0.000361642,0.000421915,0.000557531,0.000768489,0.00094931,0.0011904,0.00156711,0.0020493,0.00277259,0.00358628,0.00455066,0.00616298,0.00786571,0.0104273,0.0132451,0.0151438,0.0166205,0.0173437,0.0172081,0.0161985,0.0149027,0.0135314,0.0119191,0.00962871,0.00789585,0.00640407,0.00498764,0.00403833,0.00328491,0.00265204,0.00210958,0.001763,0.00156711,0.00137123,0.00120547,0.00113013,0.00111506,0.00109999,0.00109999,0.00111506,0.00111506,0.00111506,0.00111506,0.00109999,0.00105479,0.00105479,0.00105479,0.00105479,0.00111506,0.00111506,0.0011452,0.0011452,0.00111506,0.00105479,0.000964378,0.000873968,0.000843831,0.000798626,0.000798626,0.000783557,0.000768489,0.000768489,0.000768489,0.000783557,0.000798626,0.000798626,0.000798626,0.000798626,0.000843831,0.000858899,0.000889036,0.000964378,0.00103972,0.00111506,0.00120547,0.00138629,0.00159725,0.00177807,0.00207944,0.0023356,0.00271231,0.00299861,0.00337532,0.00367669,0.00408354,0.00459587,0.00556024,0.00640407,0.00738352,0.00827256,0.00898077,0.00961365,0.0102465,0.0106835,0.011015,0.011015,0.0106835,0.0104273,0.0101561,0.0097794,0.00947803,0.00902598,0.00852872,0.00753421,0.00669037,0.00565065,0.00453559
0.00566572,0.0042945,0.0034356,0.00269725,0.0020493,0.00159725,0.00129588,0.00105479,0.000858899,0.000693147,0.000557531,0.000436984,0.000421915,0.000361642,0.000316437,0.0002863,0.000226026,0.000210958,0.000195889,0.000180821,0.000165753,0.000150684,0.000135616,0.000120547,0.000120547,0.000120547,9.04105e-05,9.04105e-05,6.02736e-05,4.52052e-05,3.01368e-05,3.01368e-05,3.01368e-05,3.01368e-05,3.01368e-05,3.01368e-05,3.01368e-05,3.01368e-05,3.01368e-05,3.01368e-05,3.01368e-05,3.01368e-05,3.01368e-05,3.01368e-05,3.01368e-05,3.01368e-05,3.01368e-05,3.01368e-05,3.01368e-05,3.01368e-05,3.01368e-05,3.01368e-05,3.01368e-05,3.01368e-05,3.01368e-05,3.01368e-05,3.01368e-05,4.52052e-05,9.04105e-05,0.000120547,0.000120547,0.000135616,0.000150684,0.000150684,0.000165753,0.000180821,0.000180821,0.000210958,0.000210958,0.000226026,0.0002863,0.000316437,0.000391779,0.000421915,0.000587668,0.000798626,0.00105479,0.00138629,0.00186848,0.00265204,0.0034356,0.00441504,0.0060123,0.00786571,0.0108191,0.0145259,0.0177807,0.0212917,0.0239738,0.0256916,0.0262793,0.0255711,0.0239738,0.0216232,0.0188807,0.0161985,0.0141794,0.0117835,0.00883009,0.0069164,0.00536435,0.00415888,0.0034356,0.0029082,0.00239588,0.0020493,0.00177807,0.00161232,0.00156711,0.00155205,0.00156711,0.00167259,0.00177807,0.00194382,0.0020493,0.00210958,0.00218492,0.00218492,0.00218492,0.00216985,0.00218492,0.00227533,0.00232054,0.00241095,0.00239588,0.00226026,0.00198903,0.00170273,0.00155205,0.00135616,0.00122054,0.0011452,0.00111506,0.00111506,0.00109999,0.00108493,0.00105479,0.00105479,0.00108493,0.00108493,0.00109999,0.00111506,0.0011452,0.00120547,0.00134109,0.0014767,0.00156711,0.00177807,0.00210958,0.00248629,0.00292327,0.00333012,0.00370683,0.00412874,0.00455066,0.00528901,0.00584654,0.00670544,0.00786571,0.00944789,0.0117383,0.0132753,0.0146917,0.0157164,0.0163342,0.016967,0.0173287,0.0175547,0.0175095,0.0172383,0.0169972,0.0166958,0.01653,0.0161081,0.015415,0.0146164,0.0130492,0.0111808,0.0089657,0.00718763
0.00870954,0.00656983,0.00485203,0.00370683,0.00289313,0.00210958,0.00159725,0.00125068,0.00102465,0.000843831,0.000647942,0.000497258,0.000421915,0.000391779,0.000346573,0.000301368,0.0002863,0.000210958,0.000210958,0.000180821,0.000180821,0.000165753,0.000150684,0.000135616,0.000120547,0.000120547,0.000120547,9.04105e-05,9.04105e-05,7.53421e-05,4.52052e-05,3.01368e-05,3.01368e-05,3.01368e-05,3.01368e-05,3.01368e-05,3.01368e-05,3.01368e-05,3.01368e-05,3.01368e-05,3.01368e-05,3.01368e-05,3.01368e-05,3.01368e-05,3.01368e-05,3.01368e-05,3.01368e-05,3.01368e-05,3.01368e-05,3.01368e-05,3.01368e-05,3.01368e-05,3.01368e-05,3.01368e-05,3.01368e-05,3.01368e-05,4.52052e-05,9.04105e-05,0.000120547,0.000120547,0.000135616,0.000150684,0.000165753,0.000180821,0.000180821,0.000210958,0.000210958,0.000210958,0.000271231,0.000301368,0.000346573,0.000406847,0.000436984,0.000602736,0.000843831,0.00111506,0.00156711,0.00227533,0.00325478,0.00417395,0.00568079,0.00744379,0.0102767,0.0140739,0.0177958,0.0222259,0.0272889,0.0313724,0.0343108,0.0362245,0.0363299,0.0350943,0.0322163,0.0294587,0.0252999,0.021578,0.0182931,0.0150081,0.012326,0.00905611,0.00694654,0.0054849,0.00426436,0.00361642,0.00317943,0.00274245,0.00241095,0.00219999,0.00216985,0.00226026,0.00250136,0.00283286,0.00325478,0.00361642,0.00397806,0.00417395,0.00446025,0.00455066,0.004626,0.00470134,0.00492737,0.00513833,0.00536435,0.00537942,0.00524381,0.00464107,0.00415888,0.00361642,0.00311916,0.00268218,0.00230547,0.00203424,0.00186848,0.00174794,0.00165753,0.00159725,0.00156711,0.00155205,0.00155205,0.00155205,0.00156711,0.00161232,0.00170273,0.00177807,0.00197396,0.00218492,0.00248629,0.00289313,0.00334519,0.00378217,0.0042945,0.00504792,0.00595202,0.00675065,0.00754927,0.00860406,0.00962871,0.0118136,0.0139383,0.0160931,0.0188054,0.0213971,0.0233862,0.0247574,0.0257067,0.0262642,0.0264451,0.0267766,0.0268519,0.0267163,0.0263999,0.0261738,0.0257218,0.0250136,0.0238684,0.0220752,0.0199054,0.0172081,0.0146314,0.0119342
0.0140739,0.0101862,0.00721777,0.00530408,0.00382738,0.00289313,0.0020493,0.00155205,0.0011452,0.000934241,0.000768489,0.000587668,0.000436984,0.000421915,0.000361642,0.000316437,0.0002863,0.000241095,0.000210958,0.000210958,0.000180821,0.000165753,0.000150684,0.000135616,0.000120547,0.000120547,0.000120547,0.000120547,9.04105e-05,9.04105e-05,6.02736e-05,4.52052e-05,4.52052e-05,3.01368e-05,3.01368e-05,3.01368e-05,3.01368e-05,3.01368e-05,3.01368e-05,3.01368e-05,3.01368e-05,3.01368e-05,3.01368e-05,3.01368e-05,3.01368e-05,3.01368e-05,3.01368e-05,3.01368e-05,3.01368e-05,3.01368e-05,3.01368e-05,3.01368e-05,3.01368e-05,3.01368e-05,3.01368e-05,4.52052e-05,9.04105e-05,0.000120547,0.000120547,0.000135616,0.000150684,0.000165753,0.000180821,0.000195889,0.000210958,0.000210958,0.000241095,0.0002863,0.000316437,0.000361642,0.000421915,0.000467121,0.000602736,0.000843831,0.00111506,0.00165753,0.00263697,0.00378217,0.00542463,0.00738352,0.00976433,0.0132602,0.0168917,0.0215026,0.0269725,0.0324574,0.0385149,0.0435025,0.0477819,0.049349,0.0487614,0.0458682,0.0414833,0.036571,0.0316135,0.0267766,0.0222259,0.0185944,0.0149027,0.0119191,0.00861913,0.00667531,0.00537942,0.00443011,0.00382738,0.00342053,0.00313423,0.00299861,0.00301368,0.00329998,0.00370683,0.0042945,0.00530408,0.0063438,0.00724791,0.00833283,0.00923694,0.0102616,0.0111205,0.0119492,0.0125821,0.0131246,0.0135314,0.0132753,0.0125972,0.0111356,0.00923694,0.00754927,0.0063438,0.00509312,0.00415888,0.00367669,0.00334519,0.00299861,0.00278766,0.00263697,0.00242601,0.00232054,0.00232054,0.00232054,0.00242601,0.00260684,0.00272738,0.00296848,0.00320957,0.00345067,0.00385751,0.00432463,0.00509312,0.0060123,0.00694654,0.00813694,0.00961365,0.0117232,0.0131095,0.0145712,0.0158218,0.0181574,0.021156,0.0246821,0.0291272,0.0321108,0.0353505,0.0371738,0.0382436,0.0387409,0.0389217,0.0391025,0.0393135,0.0393436,0.0391929,0.0388916,0.0383792,0.0373546,0.0356519,0.0325026,0.029519,0.0254053,0.0214423,0.0174643
0.0199355,0.0149931,0.0108191,0.00738352,0.0051534,0.00363149,0.00268218,0.00179314,0.00137123,0.00105479,0.000843831,0.000602736,0.000497258,0.000421915,0.000391779,0.000346573,0.000301368,0.0002863,0.000210958,0.000210958,0.000180821,0.000180821,0.000150684,0.000135616,0.000135616,0.000120547,0.000120547,0.000120547,9.04105e-05,9.04105e-05,9.04105e-05,6.02736e-05,4.52052e-05,4.52052e-05,3.01368e-05,3.01368e-05,3.01368e-05,3.01368e-05,3.01368e-05,3.01368e-05,3.01368e-05,3.01368e-05,3.01368e-05,3.01368e-05,3.01368e-05,3.01368e-05,3.01368e-05,3.01368e-05,3.01368e-05,3.01368e-05,3.01368e-05,3.01368e-05,3.01368e-05,3.01368e-05,4.52052e-05,9.04105e-05,0.000120547,0.000120547,0.000135616,0.000150684,0.000180821,0.000180821,0.000210958,0.000210958,0.000241095,0.0002863,0.000301368,0.000346573,0.000391779,0.000421915,0.000512326,0.000678078,0.000873968,0.00113013,0.00165753,0.00275752,0.00417395,0.00653969,0.00952324,0.0134712,0.0167711,0.0210506,0.0262492,0.0319149,0.0388916,0.0466217,0.0541257,0.0598065,0.0626092,0.0632873,0.0615394,0.0578175,0.0516244,0.0439998,0.0370984,0.0312067,0.0257971,0.0212766,0.0171328,0.013667,0.0101862,0.00771503,0.00640407,0.00530408,0.00446025,0.0040534,0.00375203,0.00370683,0.00393286,0.00441504,0.00533422,0.00652462,0.00819722,0.0104273,0.0129136,0.0150533,0.0174342,0.0196191,0.0214423,0.0232054,0.0247725,0.0263094,0.0268519,0.0263547,0.0246519,0.02203,0.0189259,0.0157766,0.0129136,0.0100657,0.00788078,0.00641914,0.00554518,0.00461093,0.00415888,0.00390272,0.00361642,0.00349587,0.00349587,0.00355614,0.00363149,0.00387258,0.00408354,0.00438491,0.00465614,0.00537942,0.00616298,0.00696161,0.0080616,0.00940269,0.0114821,0.0135314,0.0153547,0.0175396,0.0197547,0.0216382,0.0238382,0.0268368,0.0309505,0.0358477,0.0415587,0.0477217,0.0525285,0.0555572,0.0570038,0.0578476,0.0580586,0.0581942,0.0582545,0.0587367,0.0591284,0.0590531,0.0583147,0.0566572,0.0536887,0.0485504,0.0420258,0.0362245,0.0307848,0.0250889
0.0271834,0.0206889,0.0148575,0.0102315,0.00682599,0.00455066,0.00328491,0.00224519,0.00156711,0.00113013,0.000889036,0.000693147,0.000512326,0.000421915,0.000406847,0.000346573,0.000316437,0.0002863,0.000226026,0.000210958,0.000180821,0.000180821,0.000150684,0.000150684,0.000135616,0.000120547,0.000120547,0.000120547,0.000120547,9.04105e-05,9.04105e-05,9.04105e-05,6.02736e-05,4.52052e-05,4.52052e-05,4.52052e-05,3.01368e-05,3.01368e-05,3.01368e-05,3.01368e-05,3.01368e-05,3.01368e-05,3.01368e-05,3.01368e-05,3.01368e-05,3.01368e-05,3.01368e-05,3.01368e-05,3.01368e-05,3.01368e-05,3.01368e-05,3.01368e-05,3.01368e-05,4.52052e-05,9.04105e-05,0.000120547,0.000120547,0.000135616,0.000165753,0.000180821,0.000180821,0.000210958,0.000210958,0.000271231,0.000301368,0.000316437,0.00037671,0.000421915,0.000452052,0.0005726,0.000768489,0.000934241,0.0011452,0.00165753,0.00271231,0.00441504,0.00736845,0.0120547,0.0166054,0.0216382,0.0267314,0.0320656,0.0391025,0.0473148,0.0561298,0.0647188,0.0731873,0.0787626,0.0807817,0.0796215,0.0751914,0.0679284,0.0597462,0.0505093,0.0412724,0.0338286,0.0282231,0.0228588,0.0183383,0.0146314,0.0112561,0.00860406,0.00694654,0.00589175,0.00509312,0.00453559,0.0042945,0.00443011,0.00479175,0.00574106,0.00709722,0.00911639,0.012326,0.0152643,0.0188657,0.0228588,0.0267314,0.0305437,0.0336327,0.037234,0.0407148,0.0429148,0.0440902,0.0430806,0.040534,0.0361642,0.0314176,0.0263547,0.0214725,0.0172383,0.0141342,0.0111657,0.00876981,0.00732325,0.00640407,0.00563559,0.00513833,0.00483696,0.00471641,0.00495751,0.00533422,0.00571093,0.0063438,0.00688626,0.00751914,0.00852872,0.00961365,0.0114369,0.0130492,0.0147369,0.0168163,0.019393,0.0220903,0.0250286,0.0282834,0.0309505,0.0335875,0.0377464,0.0435778,0.0518353,0.0597312,0.0668133,0.0739407,0.0791544,0.0818667,0.0833132,0.0838406,0.0845489,0.0855132,0.0867639,0.0877886,0.0882557,0.0868694,0.0825598,0.0774064,0.0696763,0.0606353,0.0517148,0.0417094,0.0338135
0.034145,0.026204,0.0188506,0.0133657,0.00860406,0.00568079,0.00381231,0.00266711,0.0017178,0.00122054,0.000934241,0.000768489,0.000557531,0.000421915,0.000421915,0.000361642,0.000316437,0.0002863,0.000241095,0.000210958,0.000180821,0.000180821,0.000165753,0.000150684,0.000135616,0.000120547,0.000120547,0.000120547,0.000120547,9.04105e-05,9.04105e-05,9.04105e-05,9.04105e-05,4.52052e-05,4.52052e-05,4.52052e-05,4.52052e-05,4.52052e-05,4.52052e-05,4.52052e-05,4.52052e-05,4.52052e-05,3.01368e-05,3.01368e-05,3.01368e-05,3.01368e-05,3.01368e-05,3.01368e-05,3.01368e-05,3.01368e-05,3.01368e-05,3.01368e-05,3.01368e-05,7.53421e-05,9.04105e-05,0.000120547,0.000135616,0.000165753,0.000180821,0.000180821,0.000210958,0.000226026,0.0002863,0.000301368,0.000346573,0.000391779,0.000421915,0.000497258,0.000602736,0.000798626,0.00102465,0.00125068,0.00170273,0.00269725,0.00427943,0.00747393,0.0131397,0.0192876,0.0262492,0.0328793,0.0405943,0.0492436,0.0583901,0.0679284,0.0785818,0.0888886,0.0941022,0.0970104,0.0967844,0.0934241,0.0873666,0.0765475,0.0648243,0.0541709,0.0432614,0.0351998,0.0290218,0.0231752,0.0184588,0.0146616,0.0115424,0.00873968,0.00721777,0.00623832,0.00553011,0.00498764,0.00477669,0.00510819,0.00580134,0.00696161,0.00881502,0.012115,0.015415,0.0197848,0.0246369,0.0301368,0.0354108,0.0410011,0.0472696,0.0534326,0.0585257,0.061886,0.063212,0.0622024,0.0585257,0.0526189,0.0444819,0.0369628,0.0306944,0.024667,0.0199656,0.0159876,0.0131999,0.0106534,0.00872461,0.00753421,0.00694654,0.0065849,0.00649448,0.00685613,0.00738352,0.0081068,0.00911639,0.0104575,0.012115,0.0135917,0.0149479,0.0166958,0.01873,0.0208848,0.023356,0.0265656,0.0304081,0.0340094,0.0383642,0.0422518,0.0475258,0.0537038,0.0611325,0.0706106,0.081068,0.0908625,0.0980351,0.10358,0.107408,0.109819,0.111356,0.112667,0.114399,0.116117,0.117262,0.117232,0.115183,0.111356,0.104138,0.0952926,0.0835242,0.0691188,0.0561901,0.0441052
0.0413176,0.0311464,0.0221807,0.0153848,0.0102013,0.00647942,0.00417395,0.00296848,0.00189862,0.00134109,0.000964378,0.000768489,0.000557531,0.000436984,0.000421915,0.000361642,0.000316437,0.0002863,0.000241095,0.000210958,0.000180821,0.000180821,0.000165753,0.000150684,0.000135616,0.000120547,0.000120547,0.000120547,0.000120547,9.04105e-05,9.04105e-05,9.04105e-05,9.04105e-05,7.53421e-05,6.02736e-05,4.52052e-05,4.52052e-05,4.52052e-05,4.52052e-05,4.52052e-05,4.52052e-05,4.52052e-05,4.52052e-05,4.52052e-05,4.52052e-05,3.01368e-05,3.01368e-05,3.01368e-05,3.01368e-05,3.01368e-05,3.01368e-05,3.01368e-05,4.52052e-05,9.04105e-05,0.000120547,0.000135616,0.000150684,0.000180821,0.000180821,0.000210958,0.000241095,0.0002863,0.000316437,0.00037671,0.000421915,0.000436984,0.000542463,0.000678078,0.000843831,0.00105479,0.00138629,0.00192876,0.00296848,0.00446025,0.00757941,0.0137123,0.0210807,0.0298505,0.0388916,0.0493038,0.0599421,0.0708969,0.0832078,0.0936954,0.101441,0.108613,0.112877,0.11336,0.110045,0.102676,0.0937255,0.0813845,0.0670092,0.0546833,0.0427792,0.0340395,0.0276656,0.0218944,0.0172533,0.0139383,0.0106986,0.00852872,0.00702188,0.00622325,0.00557531,0.00525888,0.0051986,0.00557531,0.00640407,0.0077753,0.0102465,0.0139081,0.0178109,0.0229793,0.0291875,0.0352902,0.0419505,0.0502682,0.0581942,0.0654722,0.0730667,0.0782352,0.0801338,0.0785215,0.0733229,0.0649901,0.0562353,0.0467723,0.0377614,0.0309957,0.0249081,0.0203273,0.0163342,0.0138931,0.011678,0.00962871,0.00869447,0.00827256,0.00827256,0.00872461,0.00973419,0.0114369,0.0130492,0.0147068,0.0164848,0.0187451,0.0209752,0.0231451,0.025119,0.0276957,0.0309505,0.0346423,0.0399162,0.0456874,0.0523778,0.0582545,0.0644325,0.0731421,0.0834187,0.0939063,0.103158,0.113134,0.122612,0.130447,0.136203,0.140543,0.144822,0.149132,0.15299,0.15644,0.157736,0.157073,0.152869,0.144898,0.133416,0.119568,0.104514,0.089657,0.0704298,0.0551504
0.047586,0.0342957,0.0245615,0.0166807,0.011241,0.00700681,0.00450545,0.00308902,0.00203424,0.00137123,0.00100958,0.000768489,0.000557531,0.000421915,0.000421915,0.000361642,0.000316437,0.0002863,0.000226026,0.000210958,0.000180821,0.000180821,0.000150684,0.000135616,0.000135616,0.000120547,0.000120547,0.000120547,0.000120547,9.04105e-05,9.04105e-05,9.04105e-05,9.04105e-05,9.04105e-05,7.53421e-05,6.02736e-05,4.52052e-05,4.52052e-05,4.52052e-05,4.52052e-05,4.52052e-05,4.52052e-05,4.52052e-05,4.52052e-05,4.52052e-05,4.52052e-05,4.52052e-05,3.01368e-05,3.01368e-05,3.01368e-05,3.01368e-05,4.52052e-05,9.04105e-05,0.000120547,0.000135616,0.000150684,0.000180821,0.000180821,0.000210958,0.000256163,0.000301368,0.000346573,0.000391779,0.000421915,0.000467121,0.000587668,0.000768489,0.000889036,0.00111506,0.00155205,0.00221506,0.00339039,0.00512326,0.00852872,0.0146314,0.022256,0.0320204,0.0434121,0.0570038,0.070701,0.0856338,0.0966488,0.106941,0.116931,0.124977,0.130854,0.132301,0.128955,0.120879,0.109638,0.0964529,0.0816256,0.0651709,0.0519107,0.0400669,0.0315231,0.0247273,0.0194232,0.0151136,0.012115,0.00923694,0.00754927,0.00649448,0.00581641,0.00536435,0.00509312,0.00516846,0.00565065,0.00649448,0.0080616,0.0106684,0.0145259,0.0187752,0.0242752,0.0309053,0.0376409,0.045823,0.05506,0.0632572,0.0729462,0.0809776,0.0873214,0.0896269,0.0878639,0.081505,0.0729462,0.0622627,0.0526942,0.0421915,0.0343258,0.0284944,0.0230547,0.0187602,0.0154451,0.0132753,0.0117383,0.0102465,0.00962871,0.0097794,0.0107588,0.0123862,0.0142095,0.0160177,0.0185341,0.0212917,0.0239889,0.0268218,0.0295793,0.0317341,0.0346121,0.0388916,0.044271,0.0517148,0.0593545,0.0673709,0.0768338,0.0876981,0.0964529,0.106714,0.117579,0.128925,0.140844,0.153276,0.164396,0.174326,0.18272,0.190148,0.197336,0.204192,0.208245,0.208833,0.205533,0.197562,0.184995,0.16735,0.146375,0.123938,0.103158,0.0837954,0.0631366
0.05066,0.035893,0.0252245,0.0169821,0.011241,0.00700681,0.00450545,0.00308902,0.00198903,0.00134109,0.000964378,0.000723284,0.000512326,0.000421915,0.000406847,0.000346573,0.000301368,0.0002863,0.000210958,0.000210958,0.000180821,0.000180821,0.000150684,0.000135616,0.000120547,0.000120547,0.000120547,0.000120547,0.000120547,9.04105e-05,9.04105e-05,9.04105e-05,9.04105e-05,9.04105e-05,9.04105e-05,7.53421e-05,7.53421e-05,7.53421e-05,7.53421e-05,7.53421e-05,7.53421e-05,6.02736e-05,4.52052e-05,4.52052e-05,4.52052e-05,4.52052e-05,4.52052e-05,4.52052e-05,4.52052e-05,4.52052e-05,4.52052e-05,9.04105e-05,0.000105479,0.000120547,0.000135616,0.000165753,0.000180821,0.000210958,0.000241095,0.000301368,0.000346573,0.000406847,0.000421915,0.000512326,0.000647942,0.000813694,0.000964378,0.0011904,0.00161232,0.00242601,0.00375203,0.00614791,0.0101862,0.016289,0.0246519,0.0351094,0.0487764,0.0639805,0.0822132,0.0978392,0.110949,0.122446,0.132979,0.143466,0.151618,0.155566,0.15299,0.14327,0.12876,0.11238,0.0954132,0.0779338,0.060349,0.0458682,0.0349286,0.0271834,0.0208848,0.0158369,0.0124616,0.00938762,0.00757941,0.00643421,0.005726,0.00528901,0.00477669,0.00459587,0.00468628,0.00536435,0.00637394,0.00757941,0.0100657,0.013878,0.0180218,0.0234766,0.0300615,0.0367519,0.0450244,0.0542463,0.0626092,0.072027,0.0802393,0.086568,0.0889639,0.0871708,0.081053,0.0725544,0.0622627,0.0529052,0.0426285,0.0351847,0.0292327,0.023567,0.0193177,0.0160177,0.0140287,0.0122808,0.0111205,0.0106082,0.011015,0.0122506,0.0139986,0.015867,0.018715,0.0216382,0.0248779,0.0287656,0.0317039,0.0347176,0.0379875,0.0417696,0.0479326,0.0552559,0.0632421,0.0743174,0.0870653,0.0972817,0.108462,0.120984,0.134591,0.149253,0.163221,0.177009,0.192348,0.207748,0.222982,0.236921,0.249638,0.260186,0.268775,0.272482,0.269227,0.25993,0.245751,0.225604,0.199521,0.170906,0.140829,0.114279,0.0920529,0.0688325
0.0499819,0.0349135,0.0241697,0.0159273,0.0102465,0.00647942,0.00418902,0.00295341,0.00183835,0.00123561,0.000904105,0.000647942,0.000482189,0.000421915,0.000391779,0.000331505,0.000301368,0.000256163,0.000210958,0.000210958,0.000180821,0.000165753,0.000150684,0.000135616,0.000120547,0.000120547,0.000120547,0.000120547,9.04105e-05,9.04105e-05,9.04105e-05,9.04105e-05,9.04105e-05,9.04105e-05,9.04105e-05,9.04105e-05,9.04105e-05,9.04105e-05,9.04105e-05,9.04105e-05,9.04105e-05,9.04105e-05,7.53421e-05,6.02736e-05,4.52052e-05,4.52052e-05,4.52052e-05,4.52052e-05,4.52052e-05,4.52052e-05,7.53421e-05,9.04105e-05,0.000120547,0.000135616,0.000150684,0.000180821,0.000210958,0.000226026,0.0002863,0.000346573,0.000421915,0.000436984,0.0005726,0.000768489,0.000919173,0.00109999,0.00137123,0.00177807,0.00269725,0.00403833,0.00666024,0.0121903,0.0196643,0.0293533,0.0402779,0.0552408,0.0727654,0.0928515,0.109894,0.125957,0.141718,0.156184,0.167109,0.175562,0.180459,0.179691,0.171479,0.155174,0.132783,0.111461,0.0913296,0.0699024,0.0529203,0.0383792,0.029082,0.0214423,0.0158068,0.0120698,0.00878488,0.00702188,0.00611777,0.00530408,0.00461093,0.00441504,0.00415888,0.00415888,0.00423422,0.004626,0.00557531,0.00681092,0.00864927,0.0119945,0.0157314,0.0208848,0.0265807,0.0327587,0.0400669,0.0481888,0.056175,0.0634079,0.0705955,0.0758393,0.0781598,0.0765023,0.0718763,0.0641462,0.056175,0.047586,0.0392683,0.032382,0.0271382,0.0220903,0.0183383,0.0153396,0.0134712,0.0119945,0.0108493,0.010578,0.0111958,0.0126123,0.0146013,0.0168314,0.0199807,0.0235218,0.0275601,0.0314478,0.0353806,0.0392532,0.0432614,0.0492586,0.0562805,0.0650202,0.076864,0.090757,0.102782,0.116961,0.132707,0.150925,0.170047,0.188988,0.206678,0.225469,0.244575,0.262838,0.283663,0.303945,0.321846,0.336794,0.344253,0.342836,0.332545,0.314719,0.290052,0.258755,0.224338,0.187421,0.151754,0.119432,0.094283,0.0694955
0.0456121,0.0316437,0.0214122,0.0141191,0.0086342,0.00568079,0.00379724,0.0025767,0.00165753,0.00111506,0.000843831,0.000587668,0.000436984,0.000421915,0.000361642,0.000316437,0.0002863,0.000226026,0.000210958,0.000180821,0.000180821,0.000150684,0.000135616,0.000120547,0.000120547,0.000120547,0.000120547,9.04105e-05,9.04105e-05,9.04105e-05,9.04105e-05,9.04105e-05,9.04105e-05,9.04105e-05,7.53421e-05,7.53421e-05,9.04105e-05,9.04105e-05,9.04105e-05,9.04105e-05,9.04105e-05,9.04105e-05,9.04105e-05,7.53421e-05,6.02736e-05,4.52052e-05,4.52052e-05,4.52052e-05,4.52052e-05,4.52052e-05,9.04105e-05,0.000120547,0.000120547,0.000135616,0.000165753,0.000180821,0.000210958,0.0002863,0.000316437,0.000406847,0.000436984,0.000587668,0.000798626,0.00102465,0.00122054,0.00156711,0.00210958,0.00299861,0.00423422,0.00721777,0.0133657,0.0221807,0.033919,0.0490929,0.0656229,0.0868845,0.103821,0.122732,0.142186,0.16307,0.182644,0.198978,0.209752,0.215297,0.214589,0.205804,0.187692,0.162392,0.132798,0.106519,0.0822585,0.0600476,0.0424025,0.0306039,0.0216382,0.0153848,0.0108945,0.00766982,0.00616298,0.00503285,0.00441504,0.0040534,0.00378217,0.00363149,0.00358628,0.00358628,0.00369176,0.0040534,0.00455066,0.00559038,0.00696161,0.00901091,0.0126424,0.0163794,0.0213971,0.0267464,0.0320505,0.0381231,0.044271,0.0507655,0.0558737,0.059701,0.060801,0.0600476,0.0566572,0.051534,0.0446176,0.0382738,0.0323217,0.0276656,0.0230396,0.0188807,0.0157314,0.0136218,0.0119342,0.0104273,0.00959858,0.00958351,0.0104273,0.0120849,0.0141794,0.0165753,0.0199807,0.0238382,0.0284793,0.0322464,0.0369327,0.0415587,0.0475559,0.0546682,0.0630312,0.0755982,0.0904255,0.103309,0.119327,0.137936,0.160554,0.18495,0.211395,0.237659,0.26103,0.28532,0.309068,0.333193,0.360436,0.389714,0.414502,0.428907,0.430203,0.418857,0.394883,0.362094,0.322419,0.280197,0.235926,0.191836,0.152688,0.118197,0.0917516,0.0651709
0.0388916,0.0264903,0.0172684,0.0110451,0.00693147,0.00452052,0.00323971,0.00210958,0.00138629,0.00100958,0.000738352,0.000497258,0.000421915,0.000391779,0.000316437,0.000301368,0.000256163,0.000210958,0.000195889,0.000180821,0.000165753,0.000150684,0.000135616,0.000120547,0.000120547,0.000120547,9.04105e-05,9.04105e-05,9.04105e-05,9.04105e-05,9.04105e-05,7.53421e-05,6.02736e-05,6.02736e-05,6.02736e-05,6.02736e-05,7.53421e-05,7.53421e-05,9.04105e-05,9.04105e-05,9.04105e-05,9.04105e-05,9.04105e-05,7.53421e-05,6.02736e-05,4.52052e-05,4.52052e-05,4.52052e-05,4.52052e-05,9.04105e-05,9.04105e-05,0.000120547,0.000135616,0.000150684,0.000180821,0.000210958,0.000241095,0.000301368,0.000391779,0.000421915,0.000587668,0.000798626,0.00105479,0.00138629,0.00179314,0.00251642,0.0034356,0.00494244,0.00831776,0.0149328,0.0247273,0.038319,0.0575915,0.0809776,0.102993,0.123998,0.145696,0.167365,0.189139,0.212645,0.236318,0.254174,0.262642,0.262492,0.252125,0.231029,0.200033,0.164291,0.128564,0.0984871,0.0701736,0.0485504,0.0325628,0.0221506,0.0148424,0.00961365,0.0065849,0.0048671,0.0040534,0.00357121,0.00328491,0.00301368,0.00296848,0.00295341,0.0029082,0.00296848,0.00304382,0.00334519,0.00375203,0.00423422,0.00530408,0.00653969,0.00854379,0.0119191,0.0151438,0.0191519,0.023341,0.0276656,0.0315533,0.0352902,0.0383792,0.0407601,0.0414683,0.0409861,0.0388916,0.0356519,0.0318094,0.0283135,0.0243355,0.0208396,0.0172985,0.0146616,0.0124013,0.0104273,0.00902598,0.00833283,0.00795612,0.00813694,0.00883009,0.0104273,0.0127479,0.015189,0.018715,0.0226026,0.0272588,0.0317039,0.036571,0.0419203,0.0492888,0.0580586,0.0694202,0.0856941,0.10013,0.117097,0.136776,0.162,0.19057,0.224082,0.258453,0.292674,0.323278,0.355735,0.390724,0.425969,0.460687,0.496278,0.522301,0.53083,0.5176,0.488473,0.446372,0.39541,0.340064,0.285124,0.232641,0.184302,0.143255,0.110617,0.083042,0.0578928
0.0311765,0.0204177,0.0129136,0.00780544,0.00521367,0.00358628,0.00248629,0.00165753,0.00111506,0.000843831,0.000587668,0.000436984,0.000421915,0.000346573,0.000301368,0.000271231,0.000210958,0.000210958,0.000180821,0.000165753,0.000150684,0.000135616,0.000120547,0.000120547,9.04105e-05,9.04105e-05,9.04105e-05,9.04105e-05,9.04105e-05,6.02736e-05,4.52052e-05,4.52052e-05,4.52052e-05,4.52052e-05,4.52052e-05,4.52052e-05,4.52052e-05,6.02736e-05,7.53421e-05,7.53421e-05,9.04105e-05,7.53421e-05,7.53421e-05,7.53421e-05,6.02736e-05,4.52052e-05,4.52052e-05,4.52052e-05,6.02736e-05,9.04105e-05,0.000120547,0.000120547,0.000135616,0.000165753,0.000180821,0.000210958,0.0002863,0.000346573,0.000421915,0.000527394,0.000768489,0.00105479,0.0014767,0.00210958,0.00301368,0.00408354,0.00599723,0.010126,0.0179615,0.0295642,0.0446025,0.0669339,0.0964378,0.125218,0.157118,0.185839,0.211108,0.233545,0.256449,0.283,0.307531,0.32275,0.325026,0.312896,0.286345,0.248433,0.204704,0.160027,0.119447,0.0881502,0.057049,0.0364656,0.0236574,0.0147821,0.00878488,0.00566572,0.00399313,0.00320957,0.00269725,0.00232054,0.00218492,0.00210958,0.00210958,0.00210958,0.00212465,0.00219999,0.00232054,0.00260684,0.0029082,0.00329998,0.0037671,0.00444518,0.00557531,0.00702188,0.00911639,0.0121903,0.0147369,0.0172985,0.0199807,0.0220752,0.0238533,0.0249985,0.0254204,0.0248629,0.0236725,0.0218944,0.0199807,0.0178109,0.015641,0.0137273,0.0117835,0.00947803,0.00816708,0.00724791,0.0066301,0.00637394,0.0062986,0.00641914,0.00717256,0.0083931,0.0102465,0.0130492,0.0160177,0.0199807,0.0243958,0.029519,0.0343258,0.0408354,0.0492586,0.0599421,0.0745585,0.0930625,0.110693,0.130462,0.156154,0.186728,0.223856,0.26531,0.30958,0.350205,0.391944,0.437481,0.488653,0.539494,0.582484,0.616057,0.634064,0.626047,0.591284,0.53853,0.47586,0.407872,0.337969,0.27316,0.215584,0.166913,0.127343,0.0974173,0.0691941,0.0471943
0.0229191,0.0144355,0.00842324,0.00545476,0.00370683,0.00265204,0.001763,0.00123561,0.000904105,0.000647942,0.000467121,0.000421915,0.000361642,0.000301368,0.000271231,0.000210958,0.000210958,0.000180821,0.000165753,0.000150684,0.000135616,0.000120547,0.000120547,9.04105e-05,9.04105e-05,7.53421e-05,4.52052e-05,4.52052e-05,4.52052e-05,4.52052e-05,4.52052e-05,4.52052e-05,4.52052e-05,4.52052e-05,4.52052e-05,4.52052e-05,4.52052e-05,4.52052e-05,4.52052e-05,6.02736e-05,6.02736e-05,6.02736e-05,6.02736e-05,4.52052e-05,4.52052e-05,4.52052e-05,4.52052e-05,4.52052e-05,9.04105e-05,9.04105e-05,0.000120547,0.000120547,0.000150684,0.000165753,0.000195889,0.000226026,0.000316437,0.000406847,0.000467121,0.000693147,0.000964378,0.00138629,0.00218492,0.00342053,0.00479175,0.0072027,0.012778,0.02203,0.0359834,0.0569737,0.0859804,0.116554,0.157827,0.205021,0.248553,0.282307,0.306145,0.325297,0.347462,0.37665,0.403291,0.412136,0.395651,0.357468,0.307365,0.251522,0.196191,0.14645,0.106293,0.0706106,0.0429299,0.0264451,0.0155807,0.00860406,0.00498764,0.00337532,0.00241095,0.00189862,0.00164246,0.00155205,0.0014767,0.0014767,0.00152191,0.00155205,0.00156711,0.00162739,0.00170273,0.00186848,0.0020493,0.00232054,0.00269725,0.00304382,0.00358628,0.00415888,0.00528901,0.00641914,0.00783557,0.009252,0.011015,0.0122808,0.0130492,0.0135314,0.0135465,0.0131095,0.0124013,0.0115575,0.0103972,0.00914653,0.00816708,0.00726297,0.00641914,0.005726,0.00516846,0.00461093,0.00444518,0.00436984,0.00446025,0.00471641,0.00549997,0.00640407,0.00757941,0.00962871,0.0128835,0.0161533,0.0205985,0.0253149,0.031056,0.0376861,0.047586,0.0603038,0.078416,0.0989543,0.119809,0.14529,0.175803,0.213293,0.258107,0.31065,0.365484,0.416822,0.47033,0.529429,0.600778,0.667787,0.712495,0.73463,0.731511,0.698059,0.635812,0.557471,0.476388,0.393632,0.31612,0.247107,0.18941,0.143858,0.109246,0.0803598,0.0547134,0.0356519
0.0151438,0.00861913,0.00536435,0.00361642,0.00253149,0.0017178,0.00126575,0.000934241,0.000693147,0.000497258,0.000421915,0.000361642,0.000301368,0.000271231,0.000210958,0.000210958,0.000180821,0.000165753,0.000150684,0.000135616,0.000120547,9.04105e-05,9.04105e-05,4.52052e-05,4.52052e-05,4.52052e-05,4.52052e-05,3.01368e-05,3.01368e-05,3.01368e-05,3.01368e-05,3.01368e-05,3.01368e-05,3.01368e-05,4.52052e-05,4.52052e-05,4.52052e-05,4.52052e-05,4.52052e-05,4.52052e-05,4.52052e-05,4.52052e-05,4.52052e-05,4.52052e-05,4.52052e-05,4.52052e-05,4.52052e-05,6.02736e-05,9.04105e-05,9.04105e-05,0.000120547,0.000135616,0.000150684,0.000180821,0.000210958,0.0002863,0.000361642,0.000421915,0.000587668,0.000858899,0.00125068,0.00203424,0.0034356,0.00551504,0.00881502,0.015415,0.0267766,0.0443614,0.0720119,0.106579,0.14752,0.204162,0.272934,0.336478,0.382979,0.411714,0.430083,0.447592,0.471747,0.50229,0.522557,0.510051,0.457341,0.38319,0.305602,0.23448,0.173468,0.124646,0.0888886,0.0538093,0.0313724,0.0175547,0.00902598,0.00479175,0.00299861,0.00198903,0.00153698,0.00120547,0.00111506,0.00105479,0.00102465,0.00105479,0.00108493,0.00111506,0.0011452,0.00120547,0.00129588,0.00138629,0.00152191,0.00159725,0.00174794,0.00197396,0.00224519,0.00265204,0.00308902,0.00358628,0.00409861,0.00459587,0.00533422,0.00574106,0.00607257,0.00611777,0.00596709,0.00571093,0.0054849,0.00510819,0.004626,0.00443011,0.00412874,0.00387258,0.00357121,0.00334519,0.00317943,0.00299861,0.00299861,0.00304382,0.00328491,0.00349587,0.00390272,0.00446025,0.00551504,0.00688626,0.00898077,0.0124616,0.0160177,0.0208848,0.0265053,0.0338437,0.0444819,0.0599873,0.0812187,0.104032,0.129468,0.16081,0.19711,0.242134,0.296622,0.36119,0.431017,0.496971,0.564297,0.640935,0.722937,0.793081,0.827632,0.828054,0.793246,0.728181,0.638629,0.540579,0.445724,0.355871,0.27747,0.209752,0.158248,0.118724,0.0898831,0.0602134,0.039208,0.0250889
0.00869447,0.00509312,0.00340546,0.00230547,0.00159725,0.00116027,0.000919173,0.000678078,0.000497258,0.000421915,0.000346573,0.000301368,0.000256163,0.000210958,0.000195889,0.000180821,0.000165753,0.000150684,0.000135616,0.000120547,9.04105e-05,4.52052e-05,4.52052e-05,3.01368e-05,3.01368e-05,3.01368e-05,3.01368e-05,3.01368e-05,3.01368e-05,3.01368e-05,3.01368e-05,3.01368e-05,3.01368e-05,3.01368e-05,3.01368e-05,3.01368e-05,4.52052e-05,4.52052e-05,4.52052e-05,4.52052e-05,4.52052e-05,4.52052e-05,4.52052e-05,4.52052e-05,4.52052e-05,4.52052e-05,4.52052e-05,7.53421e-05,9.04105e-05,0.000120547,0.000120547,0.000150684,0.000165753,0.000180821,0.000226026,0.000316437,0.000421915,0.000497258,0.000768489,0.00111506,0.00170273,0.00311916,0.00540956,0.00970406,0.0179615,0.0309505,0.0525435,0.0868393,0.126123,0.183729,0.260081,0.353671,0.452233,0.52857,0.564734,0.574574,0.581354,0.594916,0.61886,0.641251,0.636972,0.581927,0.483982,0.373395,0.276882,0.198647,0.13982,0.0992556,0.0631065,0.0372642,0.0212766,0.0106835,0.00531915,0.00296848,0.00174794,0.00125068,0.00102465,0.000858899,0.000798626,0.000768489,0.000768489,0.000768489,0.000798626,0.000843831,0.000873968,0.000934241,0.00100958,0.00105479,0.00109999,0.00113013,0.00120547,0.00134109,0.0014767,0.00156711,0.001763,0.00201917,0.00230547,0.0025767,0.00278766,0.00296848,0.00299861,0.00299861,0.00296848,0.00283286,0.00269725,0.00251642,0.00232054,0.00224519,0.00210958,0.00198903,0.00186848,0.00177807,0.00177807,0.00177807,0.00183835,0.00197396,0.00210958,0.00236574,0.00272738,0.00322464,0.00375203,0.00455066,0.00623832,0.00843831,0.0121301,0.0161232,0.0219396,0.0303478,0.0414833,0.0593394,0.0835393,0.109562,0.138855,0.175351,0.219441,0.273462,0.340064,0.421042,0.508122,0.595112,0.684844,0.773868,0.844087,0.887665,0.899961,0.87344,0.804623,0.706287,0.594795,0.486032,0.387514,0.301459,0.228422,0.169158,0.125972,0.0948556,0.064101,0.0413929,0.0264451,0.0158821
0.00459587,0.00299861,0.00197396,0.00138629,0.00105479,0.000843831,0.000602736,0.000467121,0.000421915,0.000346573,0.0002863,0.000226026,0.000210958,0.000180821,0.000180821,0.000150684,0.000135616,0.000120547,9.04105e-05,7.53421e-05,3.01368e-05,3.01368e-05,3.01368e-05,3.01368e-05,3.01368e-05,3.01368e-05,3.01368e-05,3.01368e-05,3.01368e-05,3.01368e-05,3.01368e-05,3.01368e-05,3.01368e-05,3.01368e-05,3.01368e-05,3.01368e-05,3.01368e-05,3.01368e-05,3.01368e-05,3.01368e-05,3.01368e-05,4.52052e-05,4.52052e-05,4.52052e-05,4.52052e-05,4.52052e-05,4.52052e-05,9.04105e-05,9.04105e-05,0.000120547,0.000135616,0.000150684,0.000180821,0.000210958,0.0002863,0.000361642,0.000436984,0.000602736,0.000934241,0.0014767,0.00254656,0.00453559,0.00879995,0.0177054,0.0316738,0.0551353,0.0922187,0.137575,0.210656,0.309174,0.428048,0.562248,0.686547,0.758303,0.76986,0.751673,0.74004,0.738804,0.741004,0.729854,0.68064,0.580013,0.450108,0.324453,0.225695,0.152718,0.105494,0.0690133,0.0415587,0.0244108,0.0129136,0.0060123,0.00317943,0.00170273,0.00111506,0.000873968,0.000693147,0.000587668,0.000527394,0.000497258,0.000497258,0.000512326,0.0005726,0.000587668,0.000632873,0.000693147,0.000768489,0.000798626,0.000843831,0.000858899,0.000919173,0.000964378,0.00102465,0.00109999,0.00113013,0.00122054,0.00134109,0.00146164,0.00153698,0.00155205,0.00156711,0.00155205,0.00152191,0.0014315,0.00137123,0.00129588,0.00120547,0.0011452,0.00111506,0.00111506,0.00111506,0.00111506,0.00113013,0.00117534,0.00122054,0.00134109,0.0014767,0.00156711,0.001763,0.00210958,0.00260684,0.00328491,0.00415888,0.00580134,0.00831776,0.0127177,0.0182478,0.0267916,0.0391779,0.0589326,0.0871255,0.11464,0.149675,0.191866,0.244621,0.309128,0.391523,0.489964,0.597041,0.710626,0.821454,0.901362,0.941022,0.950078,0.928952,0.86996,0.764918,0.633973,0.51216,0.404557,0.313137,0.238126,0.176059,0.129965,0.0968899,0.0664969,0.0423272,0.0267766,0.0158068,0.00852872
0.00263697,0.00164246,0.00116027,0.000919173,0.000693147,0.000527394,0.000421915,0.00037671,0.000301368,0.000256163,0.000210958,0.000180821,0.000180821,0.000150684,0.000135616,0.000120547,0.000120547,9.04105e-05,3.01368e-05,3.01368e-05,3.01368e-05,3.01368e-05,3.01368e-05,3.01368e-05,3.01368e-05,3.01368e-05,3.01368e-05,3.01368e-05,3.01368e-05,3.01368e-05,3.01368e-05,3.01368e-05,3.01368e-05,3.01368e-05,3.01368e-05,3.01368e-05,3.01368e-05,3.01368e-05,3.01368e-05,3.01368e-05,3.01368e-05,3.01368e-05,3.01368e-05,3.01368e-05,4.52052e-05,4.52052e-05,4.52052e-05,9.04105e-05,0.000105479,0.000120547,0.000135616,0.000165753,0.000180821,0.000210958,0.000316437,0.000421915,0.000512326,0.000798626,0.00113013,0.00189862,0.00361642,0.00699174,0.0148424,0.0287807,0.0514737,0.090305,0.137213,0.214936,0.326683,0.475002,0.641447,0.799605,0.898258,0.928907,0.909077,0.871165,0.841315,0.808164,0.765505,0.700982,0.610693,0.490974,0.362275,0.250332,0.164653,0.109186,0.070038,0.0420409,0.0253149,0.0141794,0.0065849,0.00340546,0.00170273,0.00109999,0.000798626,0.000587668,0.000467121,0.000421915,0.000421915,0.000421915,0.000421915,0.000421915,0.000421915,0.000421915,0.000452052,0.000497258,0.000527394,0.0005726,0.000602736,0.000602736,0.000678078,0.000693147,0.000768489,0.000783557,0.000843831,0.000858899,0.000919173,0.000934241,0.00094931,0.000964378,0.00094931,0.000919173,0.000873968,0.000858899,0.000843831,0.000798626,0.000783557,0.000768489,0.000768489,0.000768489,0.000768489,0.000798626,0.000843831,0.000858899,0.000889036,0.000934241,0.00102465,0.00111506,0.00120547,0.0014767,0.00170273,0.00218492,0.00299861,0.00408354,0.00619312,0.00940269,0.0153396,0.0241697,0.0373094,0.0592038,0.0901091,0.120472,0.160177,0.209556,0.270855,0.348487,0.448135,0.563091,0.691203,0.823353,0.930926,0.99227,0.997122,0.970255,0.911639,0.813664,0.671509,0.527681,0.410403,0.313965,0.236469,0.174809,0.129573,0.096031,0.0647188,0.0414381,0.0257971,0.0149177,0.00773009,0.00415888
0.00138629,0.00103972,0.000798626,0.000587668,0.000436984,0.000391779,0.000316437,0.0002863,0.000210958,0.000180821,0.000180821,0.000150684,0.000135616,0.000120547,0.000105479,6.02736e-05,3.01368e-05,3.01368e-05,3.01368e-05,3.01368e-05,3.01368e-05,3.01368e-05,3.01368e-05,3.01368e-05,3.01368e-05,3.01368e-05,3.01368e-05,3.01368e-05,3.01368e-05,3.01368e-05,3.01368e-05,3.01368e-05,3.01368e-05,3.01368e-05,3.01368e-05,3.01368e-05,3.01368e-05,3.01368e-05,3.01368e-05,3.01368e-05,3.01368e-05,3.01368e-05,3.01368e-05,3.01368e-05,3.01368e-05,4.52052e-05,4.52052e-05,9.04105e-05,0.000120547,0.000135616,0.000150684,0.000180821,0.000210958,0.0002863,0.000346573,0.000421915,0.000602736,0.000919173,0.0014767,0.00269725,0.00509312,0.0108643,0.0218944,0.0410765,0.0756585,0.122853,0.194865,0.30732,0.462917,0.658731,0.848186,0.957658,0.993747,0.986258,0.949174,0.894928,0.837804,0.760623,0.664457,0.563107,0.460265,0.353641,0.254053,0.170183,0.111883,0.0694202,0.040534,0.0238081,0.0135465,0.00661503,0.0034356,0.00174794,0.00105479,0.000768489,0.000512326,0.000421915,0.000391779,0.000346573,0.000346573,0.000316437,0.000316437,0.000346573,0.000346573,0.00037671,0.000391779,0.000421915,0.000421915,0.000421915,0.000436984,0.000452052,0.000467121,0.000497258,0.000497258,0.000527394,0.0005726,0.000587668,0.000602736,0.000602736,0.000602736,0.000602736,0.000587668,0.0005726,0.000557531,0.000512326,0.000497258,0.000482189,0.000467121,0.000467121,0.000467121,0.000467121,0.000497258,0.000512326,0.000557531,0.000587668,0.000602736,0.000678078,0.000768489,0.000813694,0.000919173,0.00105479,0.00122054,0.00156711,0.00210958,0.0031945,0.00459587,0.00760955,0.013878,0.022467,0.036571,0.0598065,0.0921584,0.125384,0.169158,0.2269,0.298761,0.391598,0.505997,0.636294,0.771894,0.889277,0.978859,1,0.991155,0.922488,0.824302,0.691248,0.544602,0.412377,0.309264,0.23017,0.16732,0.123049,0.0922789,0.0609819,0.0385902,0.023778,0.0139081,0.00696161,0.00381231,0.00219999
0.000889036,0.000678078,0.000467121,0.000421915,0.000316437,0.000271231,0.000210958,0.000180821,0.000165753,0.000150684,0.000135616,0.000120547,9.04105e-05,4.52052e-05,3.01368e-05,3.01368e-05,3.01368e-05,3.01368e-05,3.01368e-05,3.01368e-05,3.01368e-05,3.01368e-05,3.01368e-05,3.01368e-05,3.01368e-05,3.01368e-05,3.01368e-05,3.01368e-05,3.01368e-05,3.01368e-05,3.01368e-05,3.01368e-05,3.01368e-05,3.01368e-05,3.01368e-05,3.01368e-05,3.01368e-05,3.01368e-05,3.01368e-05,3.01368e-05,3.01368e-05,3.01368e-05,3.01368e-05,3.01368e-05,3.01368e-05,4.52052e-05,7.53421e-05,9.04105e-05,0.000120547,0.000135616,0.000165753,0.000180821,0.000210958,0.000301368,0.000391779,0.000482189,0.000768489,0.00109999,0.001763,0.00349587,0.00699174,0.0149931,0.0295642,0.0552559,0.0979447,0.156274,0.251175,0.391447,0.581746,0.799048,0.946793,0.99566,0.987538,0.947682,0.887213,0.811615,0.714182,0.606127,0.495841,0.394114,0.305587,0.226448,0.158218,0.106956,0.0657284,0.0371436,0.0208848,0.0110602,0.00565065,0.0031493,0.00165753,0.00102465,0.000678078,0.000452052,0.000391779,0.000316437,0.000301368,0.0002863,0.000271231,0.000271231,0.0002863,0.0002863,0.0002863,0.000301368,0.000301368,0.000316437,0.000331505,0.000346573,0.000361642,0.000391779,0.000391779,0.000421915,0.000421915,0.000421915,0.000421915,0.000421915,0.000421915,0.000421915,0.000421915,0.000421915,0.000421915,0.000421915,0.000421915,0.000406847,0.000391779,0.00037671,0.000361642,0.000361642,0.000361642,0.00037671,0.000391779,0.000421915,0.000421915,0.000421915,0.000421915,0.000467121,0.000497258,0.000587668,0.000678078,0.000798626,0.00094931,0.0011452,0.00159725,0.00248629,0.00393286,0.00670544,0.0127479,0.0217889,0.0361039,0.0596408,0.0930474,0.128142,0.175818,0.240236,0.321846,0.427777,0.551022,0.682418,0.80069,0.887786,0.940329,0.940028,0.879136,0.773883,0.648333,0.524411,0.405385,0.300976,0.217769,0.157254,0.113631,0.0822735,0.0553011,0.0344012,0.0213369,0.0122657,0.00623832,0.00345067,0.00194382,0.00120547
0.000557531,0.000421915,0.000331505,0.000256163,0.000210958,0.000180821,0.000150684,0.000135616,0.000120547,9.04105e-05,4.52052e-05,3.01368e-05,3.01368e-05,3.01368e-05,3.01368e-05,3.01368e-05,3.01368e-05,1.50684e-05,1.50684e-05,1.50684e-05,1.50684e-05,1.50684e-05,1.50684e-05,1.50684e-05,1.50684e-05,1.50684e-05,3.01368e-05,3.01368e-05,3.01368e-05,3.01368e-05,3.01368e-05,3.01368e-05,3.01368e-05,3.01368e-05,3.01368e-05,3.01368e-05,3.01368e-05,3.01368e-05,3.01368e-05,3.01368e-05,3.01368e-05,3.01368e-05,3.01368e-05,3.01368e-05,3.01368e-05,4.52052e-05,9.04105e-05,0.000120547,0.000120547,0.000150684,0.000180821,0.000210958,0.000241095,0.000316437,0.000421915,0.0005726,0.000843831,0.00122054,0.00219999,0.0042945,0.00914653,0.0191972,0.035682,0.0664969,0.112998,0.181092,0.289675,0.442755,0.637349,0.831219,0.931092,0.939998,0.890106,0.815065,0.72467,0.626062,0.523266,0.423603,0.330164,0.251055,0.18382,0.131351,0.0929269,0.0564161,0.0316738,0.0166958,0.00786571,0.00415888,0.00242601,0.00138629,0.000904105,0.000587668,0.000421915,0.000346573,0.0002863,0.000226026,0.000210958,0.000210958,0.000210958,0.000210958,0.000210958,0.000210958,0.000210958,0.000210958,0.000226026,0.000241095,0.000256163,0.0002863,0.0002863,0.000301368,0.000301368,0.000316437,0.000316437,0.000316437,0.000316437,0.000346573,0.000346573,0.000331505,0.000316437,0.000316437,0.000316437,0.000316437,0.000301368,0.000301368,0.0002863,0.0002863,0.0002863,0.0002863,0.0002863,0.0002863,0.000301368,0.000301368,0.000316437,0.000346573,0.000361642,0.000391779,0.000421915,0.000436984,0.000497258,0.000587668,0.000768489,0.000934241,0.00129588,0.00198903,0.0034356,0.00614791,0.0119794,0.0212615,0.0352902,0.0578326,0.0910433,0.127087,0.177009,0.244771,0.329637,0.43822,0.556687,0.668525,0.75339,0.796622,0.79962,0.752049,0.657088,0.548249,0.44937,0.357347,0.27322,0.198496,0.141417,0.102601,0.0702489,0.0459134,0.0298807,0.018067,0.00983967,0.00531915,0.00304382,0.00170273,0.00109999,0.000783557
0.000346573,0.000271231,0.000195889,0.000165753,0.000135616,0.000120547,7.53421e-05,3.01368e-05,3.01368e-05,3.01368e-05,3.01368e-05,3.01368e-05,1.50684e-05,1.50684e-05,1.50684e-05,0,0,0,0,0,0,0,0,0,1.50684e-05,1.50684e-05,1.50684e-05,1.50684e-05,1.50684e-05,3.01368e-05,3.01368e-05,3.01368e-05,3.01368e-05,3.01368e-05,3.01368e-05,3.01368e-05,3.01368e-05,3.01368e-05,3.01368e-05,3.01368e-05,3.01368e-05,3.01368e-05,3.01368e-05,3.01368e-05,3.01368e-05,4.52052e-05,9.04105e-05,0.000120547,0.000135616,0.000150684,0.000180821,0.000210958,0.0002863,0.000361642,0.000436984,0.000602736,0.000934241,0.0014767,0.00269725,0.00531915,0.0117835,0.0227533,0.0411518,0.075327,0.121014,0.191369,0.299349,0.442183,0.605404,0.746549,0.807531,0.781041,0.699566,0.605916,0.513456,0.424191,0.34035,0.266515,0.201133,0.146917,0.10569,0.0699476,0.0417395,0.0238081,0.0122808,0.00557531,0.00299861,0.00170273,0.00109999,0.000768489,0.000482189,0.000391779,0.000301368,0.000241095,0.000210958,0.000180821,0.000180821,0.000180821,0.000180821,0.000180821,0.000180821,0.000180821,0.000180821,0.000180821,0.000195889,0.000210958,0.000210958,0.000210958,0.000210958,0.000210958,0.000210958,0.000226026,0.000241095,0.000256163,0.000256163,0.000271231,0.000256163,0.000256163,0.000241095,0.000226026,0.000226026,0.000210958,0.000210958,0.000210958,0.000210958,0.000210958,0.000210958,0.000210958,0.000210958,0.000210958,0.000210958,0.000210958,0.000241095,0.0002863,0.000301368,0.000316437,0.000346573,0.000391779,0.000421915,0.000436984,0.0005726,0.000768489,0.00109999,0.00165753,0.00299861,0.0054397,0.0106684,0.01983,0.0329245,0.0538545,0.0857995,0.12109,0.169113,0.232626,0.311765,0.406335,0.502441,0.578265,0.619945,0.619719,0.58256,0.51656,0.432976,0.349436,0.280724,0.219185,0.165105,0.120035,0.0880899,0.0575161,0.0362245,0.0230396,0.0139081,0.00739859,0.00415888,0.00256163,0.00155205,0.000964378,0.000632873,0.000436984
0.000210958,0.000150684,0.000120547,4.52052e-05,3.01368e-05,3.01368e-05,3.01368e-05,3.01368e-05,3.01368e-05,1.50684e-05,1.50684e-05,0,0,0,0,0,0,0,0,0,0,0,0,0,0,0,0,1.50684e-05,1.50684e-05,1.50684e-05,1.50684e-05,1.50684e-05,3.01368e-05,3.01368e-05,3.01368e-05,3.01368e-05,3.01368e-05,3.01368e-05,3.01368e-05,3.01368e-05,3.01368e-05,3.01368e-05,3.01368e-05,3.01368e-05,3.01368e-05,4.52052e-05,9.04105e-05,0.000120547,0.000135616,0.000165753,0.000180821,0.000210958,0.000301368,0.000391779,0.000467121,0.000768489,0.00105479,0.00161232,0.00308902,0.00616298,0.0132602,0.025104,0.0449943,0.0790941,0.121316,0.184091,0.276882,0.389579,0.503074,0.582695,0.602073,0.558887,0.487418,0.407028,0.328898,0.25996,0.19931,0.151362,0.113194,0.0803598,0.0502833,0.0296546,0.0157917,0.00739859,0.00363149,0.00189862,0.0011452,0.000798626,0.000557531,0.000421915,0.000346573,0.0002863,0.000210958,0.000180821,0.000165753,0.000150684,0.000150684,0.000150684,0.000150684,0.000150684,0.000165753,0.000165753,0.000165753,0.000165753,0.000165753,0.000165753,0.000180821,0.000180821,0.000180821,0.000180821,0.000180821,0.000195889,0.000210958,0.000210958,0.000210958,0.000210958,0.000210958,0.000210958,0.000195889,0.000180821,0.000180821,0.000180821,0.000180821,0.000180821,0.000180821,0.000165753,0.000165753,0.000165753,0.000165753,0.000180821,0.000180821,0.000180821,0.000210958,0.000210958,0.000226026,0.000271231,0.000301368,0.000316437,0.000361642,0.000421915,0.000436984,0.000602736,0.000919173,0.0014767,0.00265204,0.00459587,0.00905611,0.0175698,0.0299108,0.0474956,0.0745585,0.109095,0.150232,0.202655,0.266409,0.334971,0.397475,0.437813,0.447261,0.427174,0.383265,0.324634,0.261347,0.203182,0.157811,0.122943,0.0945995,0.0646887,0.0424477,0.0274998,0.0163191,0.00890543,0.00509312,0.0031945,0.00191369,0.00123561,0.000843831,0.000527394,0.000391779,0.0002863
0.000120547,3.01368e-05,3.01368e-05,3.01368e-05,1.50684e-05,1.50684e-05,1.50684e-05,0,0,0,0,0,0,0,0,0,0,0,0,0,0,0,0,0,0,0,0,0,0,0,1.50684e-05,1.50684e-05,1.50684e-05,1.50684e-05,1.50684e-05,3.01368e-05,3.01368e-05,3.01368e-05,3.01368e-05,3.01368e-05,3.01368e-05,3.01368e-05,3.01368e-05,3.01368e-05,3.01368e-05,4.52052e-05,9.04105e-05,0.000120547,0.000150684,0.000180821,0.000210958,0.000241095,0.000316437,0.000421915,0.000512326,0.000798626,0.00113013,0.00177807,0.00340546,0.00653969,0.0141342,0.0263547,0.0457477,0.0768338,0.113797,0.163055,0.231119,0.307185,0.373199,0.408987,0.403894,0.364113,0.309098,0.249578,0.192589,0.145501,0.110572,0.0817311,0.0552709,0.0342957,0.0202369,0.0100808,0.00471641,0.00248629,0.00134109,0.000858899,0.0005726,0.000421915,0.000361642,0.000301368,0.000210958,0.000180821,0.000165753,0.000135616,0.000135616,0.000120547,0.000120547,0.000135616,0.000135616,0.000135616,0.000135616,0.000135616,0.000135616,0.000135616,0.000150684,0.000150684,0.000150684,0.000150684,0.000150684,0.000150684,0.000165753,0.000165753,0.000180821,0.000180821,0.000180821,0.000180821,0.000180821,0.000180821,0.000165753,0.000165753,0.000165753,0.000150684,0.000150684,0.000150684,0.000150684,0.000135616,0.000135616,0.000135616,0.000135616,0.000150684,0.000150684,0.000165753,0.000180821,0.000180821,0.000210958,0.000210958,0.000241095,0.0002863,0.000316437,0.00037671,0.000421915,0.000527394,0.000843831,0.00122054,0.00219999,0.0040534,0.00742873,0.0147068,0.0248629,0.0391176,0.0608764,0.0920831,0.123335,0.162031,0.205171,0.248795,0.281855,0.296426,0.290308,0.266274,0.231029,0.1873,0.144732,0.111461,0.0862365,0.0612079,0.0421915,0.0292026,0.0185492,0.0106684,0.00574106,0.00340546,0.0020493,0.00138629,0.00102465,0.000693147,0.000436984,0.000316437,0.000210958,0.000150684
3.01368e-05,1.50684e-05,0,0,0,0,0,0,0,0,0,0,0,0,0,0,0,0,0,0,0,0,0,0,0,0,0,0,0,0,0,0,0,1.50684e-05,1.50684e-05,1.50684e-05,1.50684e-05,1.50684e-05,3.01368e-05,3.01368e-05,3.01368e-05,3.01368e-05,3.01368e-05,3.01368e-05,3.01368e-05,3.01368e-05,9.04105e-05,0.000120547,0.000150684,0.000180821,0.000210958,0.0002863,0.000346573,0.000421915,0.0005726,0.000843831,0.00120547,0.00203424,0.00361642,0.00673558,0.0140739,0.0255862,0.0425984,0.0686969,0.100024,0.133144,0.175713,0.220376,0.253345,0.262462,0.248132,0.216473,0.177385,0.138479,0.106579,0.0789283,0.0543367,0.035893,0.0232807,0.0136369,0.00664517,0.00346573,0.001763,0.00105479,0.000647942,0.000421915,0.000361642,0.000301368,0.000226026,0.000195889,0.000165753,0.000135616,0.000120547,9.04105e-05,9.04105e-05,9.04105e-05,9.04105e-05,9.04105e-05,0.000120547,0.000120547,0.000120547,0.000120547,0.000120547,0.000120547,0.000120547,0.000120547,0.000120547,0.000120547,0.000135616,0.000135616,0.000135616,0.000150684,0.000150684,0.000150684,0.000150684,0.000150684,0.000150684,0.000150684,0.000135616,0.000135616,0.000135616,0.000135616,0.000120547,0.000120547,0.000120547,0.000120547,0.000120547,0.000120547,0.000120547,0.000120547,0.000135616,0.000150684,0.000150684,0.000165753,0.000180821,0.000195889,0.000210958,0.000241095,0.000301368,0.000346573,0.000421915,0.000467121,0.000768489,0.00109999,0.00177807,0.00334519,0.00580134,0.0111657,0.0193328,0.0307546,0.0462751,0.0684709,0.0951269,0.119221,0.144596,0.16735,0.180926,0.182915,0.172473,0.152688,0.127931,0.103173,0.0771051,0.0537038,0.0360888,0.0244711,0.0157616,0.00962871,0.0060123,0.00367669,0.00219999,0.00137123,0.000964378,0.000768489,0.000527394,0.000421915,0.0002863,0.000180821,0.000120547,3.01368e-05
0,0,0,0,0,0,0,0,0,0,0,0,0,0,0,0,0,0,0,0,0,0,0,0,0,0,0,0,0,0,0,0,0,0,0,0,1.50684e-05,1.50684e-05,1.50684e-05,1.50684e-05,3.01368e-05,3.01368e-05,3.01368e-05,3.01368e-05,3.01368e-05,3.01368e-05,9.04105e-05,0.000135616,0.000165753,0.000180821,0.000210958,0.0002863,0.000361642,0.000421915,0.000587668,0.000873968,0.00131095,0.00210958,0.00363149,0.00653969,0.0129136,0.0230999,0.0371135,0.056823,0.0808722,0.103294,0.125535,0.145742,0.157872,0.156742,0.141387,0.119764,0.0967693,0.0709722,0.0501778,0.0345368,0.0233108,0.0146917,0.00807667,0.00446025,0.00254656,0.00138629,0.000873968,0.000527394,0.000421915,0.000316437,0.000241095,0.000210958,0.000180821,0.000135616,0.000120547,9.04105e-05,3.01368e-05,3.01368e-05,3.01368e-05,3.01368e-05,3.01368e-05,3.01368e-05,4.52052e-05,4.52052e-05,9.04105e-05,9.04105e-05,9.04105e-05,9.04105e-05,0.000105479,0.000120547,0.000120547,0.000120547,0.000120547,0.000120547,0.000120547,0.000120547,0.000120547,0.000120547,0.000120547,0.000120547,0.000120547,0.000120547,0.000120547,0.000120547,0.000120547,0.000120547,9.04105e-05,9.04105e-05,9.04105e-05,9.04105e-05,9.04105e-05,9.04105e-05,9.04105e-05,9.04105e-05,0.000120547,0.000120547,0.000135616,0.000150684,0.000165753,0.000180821,0.000195889,0.000210958,0.0002863,0.000316437,0.000391779,0.000436984,0.000602736,0.000934241,0.00152191,0.00265204,0.00418902,0.00742873,0.013878,0.0218944,0.0324272,0.0469682,0.0633476,0.0818968,0.0967693,0.106579,0.110919,0.107739,0.098683,0.085016,0.0661654,0.0490025,0.0330902,0.0217588,0.013426,0.00751914,0.00464107,0.00334519,0.00224519,0.00150684,0.00100958,0.000693147,0.000497258,0.000421915,0.000331505,0.000210958,0.000165753,9.04105e-05,3.01368e-05,3.01368e-05
0,0,0,0,0,0,0,0,0,0,0,0,0,0,0,0,0,0,0,0,0,0,0,0,0,0,0,0,0,0,0,0,0,0,0,0,0,0,1.50684e-05,1.50684e-05,1.50684e-05,3.01368e-05,3.01368e-05,3.01368e-05,3.01368e-05,3.01368e-05,9.04105e-05,0.000135616,0.000165753,0.000195889,0.000210958,0.000301368,0.00037671,0.000421915,0.000602736,0.000889036,0.00134109,0.00210958,0.00358628,0.00614791,0.0111054,0.0191519,0.0303478,0.0430504,0.0584052,0.072901,0.0866434,0.0936652,0.0947954,0.0897927,0.075779,0.0591284,0.0419052,0.0298204,0.0208396,0.0139835,0.00804653,0.00479175,0.0031493,0.00186848,0.0011452,0.000798626,0.000512326,0.000391779,0.000301368,0.000210958,0.000180821,0.000150684,0.000120547,9.04105e-05,4.52052e-05,3.01368e-05,3.01368e-05,3.01368e-05,3.01368e-05,3.01368e-05,3.01368e-05,3.01368e-05,3.01368e-05,3.01368e-05,3.01368e-05,3.01368e-05,4.52052e-05,4.52052e-05,7.53421e-05,9.04105e-05,9.04105e-05,9.04105e-05,9.04105e-05,9.04105e-05,9.04105e-05,0.000105479,0.000120547,0.000120547,0.000105479,9.04105e-05,9.04105e-05,9.04105e-05,9.04105e-05,9.04105e-05,4.52052e-05,4.52052e-05,4.52052e-05,3.01368e-05,3.01368e-05,3.01368e-05,3.01368e-05,4.52052e-05,4.52052e-05,7.53421e-05,9.04105e-05,0.000120547,0.000120547,0.000135616,0.000150684,0.000165753,0.000180821,0.000210958,0.000241095,0.000301368,0.000361642,0.000421915,0.000557531,0.000798626,0.0011452,0.00186848,0.00317943,0.00489723,0.00813694,0.0141643,0.0212013,0.0298656,0.0388313,0.0479326,0.055286,0.0593243,0.0593394,0.05506,0.0469682,0.0373546,0.0289916,0.0199807,0.0128684,0.00730818,0.00423422,0.00283286,0.00177807,0.00131095,0.000964378,0.000678078,0.000467121,0.000421915,0.000346573,0.0002863,0.000210958,0.000150684,9.04105e-05,3.01368e-05,1.50684e-05,0
0,0,0,0,0,0,0,0,0,0,0,0,0,0,0,0,0,0,0,0,0,0,0,0,0,0,0,0,0,0,0,0,0,0,0,0,0,0,0,0,1.50684e-05,1.50684e-05,3.01368e-05,3.01368e-05,3.01368e-05,3.01368e-05,9.04105e-05,0.000135616,0.000165753,0.000195889,0.000226026,0.000301368,0.000391779,0.000436984,0.000602736,0.000873968,0.00126575,0.00203424,0.00334519,0.00531915,0.00864927,0.0147369,0.0224369,0.031282,0.0395847,0.0463504,0.0503586,0.0509915,0.0473148,0.0400669,0.0316437,0.0233108,0.0157314,0.0103219,0.00664517,0.00415888,0.00289313,0.00188355,0.00135616,0.000964378,0.000693147,0.000482189,0.000391779,0.000301368,0.000210958,0.000180821,0.000135616,0.000120547,9.04105e-05,3.01368e-05,3.01368e-05,3.01368e-05,3.01368e-05,3.01368e-05,3.01368e-05,3.01368e-05,3.01368e-05,3.01368e-05,3.01368e-05,3.01368e-05,3.01368e-05,3.01368e-05,3.01368e-05,3.01368e-05,3.01368e-05,4.52052e-05,4.52052e-05,4.52052e-05,4.52052e-05,4.52052e-05,4.52052e-05,4.52052e-05,4.52052e-05,4.52052e-05,4.52052e-05,4.52052e-05,4.52052e-05,3.01368e-05,3.01368e-05,3.01368e-05,3.01368e-05,3.01368e-05,3.01368e-05,3.01368e-05,3.01368e-05,3.01368e-05,3.01368e-05,3.01368e-05,3.01368e-05,3.01368e-05,4.52052e-05,9.04105e-05,0.000120547,0.000120547,0.000135616,0.000150684,0.000180821,0.000210958,0.000210958,0.0002863,0.000346573,0.000421915,0.000482189,0.000678078,0.000934241,0.00137123,0.00210958,0.00328491,0.00471641,0.00742873,0.0119945,0.0166205,0.0218492,0.0262492,0.0290218,0.0295642,0.0280423,0.0244259,0.0199656,0.0151136,0.0104876,0.00681092,0.00444518,0.00299861,0.00186848,0.0011904,0.000858899,0.000602736,0.000436984,0.000391779,0.000316437,0.000271231,0.000210958,0.000180821,0.000135616,4.52052e-05,3.01368e-05,1.50684e-05,0,0
0,0,0,0,0,0,0,0,0,0,0,0,0,0,0,0,0,0,0,0,0,0,0,0,0,0,0,0,0,0,0,0,0,0,0,0,0,0,0,0,0,1.50684e-05,1.50684e-05,3.01368e-05,3.01368e-05,3.01368e-05,9.04105e-05,0.000135616,0.000165753,0.000195889,0.000226026,0.000301368,0.000391779,0.000436984,0.000602736,0.000858899,0.00117534,0.00177807,0.00295341,0.0042945,0.00670544,0.0104273,0.0153396,0.020915,0.0253601,0.0284944,0.0287204,0.0260684,0.0218944,0.0169218,0.0122808,0.00754927,0.00492737,0.00340546,0.00230547,0.00156711,0.0011452,0.000934241,0.000768489,0.000542463,0.000421915,0.00037671,0.000301368,0.000210958,0.000180821,0.000135616,9.04105e-05,4.52052e-05,3.01368e-05,3.01368e-05,3.01368e-05,1.50684e-05,0,0,0,1.50684e-05,1.50684e-05,3.01368e-05,3.01368e-05,3.01368e-05,3.01368e-05,3.01368e-05,3.01368e-05,3.01368e-05,3.01368e-05,3.01368e-05,3.01368e-05,3.01368e-05,3.01368e-05,3.01368e-05,3.01368e-05,3.01368e-05,3.01368e-05,3.01368e-05,3.01368e-05,3.01368e-05,3.01368e-05,3.01368e-05,3.01368e-05,3.01368e-05,3.01368e-05,3.01368e-05,3.01368e-05,3.01368e-05,3.01368e-05,3.01368e-05,3.01368e-05,3.01368e-05,3.01368e-05,3.01368e-05,3.01368e-05,4.52052e-05,9.04105e-05,0.000120547,0.000120547,0.000150684,0.000165753,0.000180821,0.000210958,0.0002863,0.000316437,0.000391779,0.000421915,0.0005726,0.000798626,0.00105479,0.0014767,0.0020493,0.00296848,0.00408354,0.00571093,0.00763968,0.0102465,0.0125972,0.0135314,0.0130492,0.0115725,0.0089205,0.00688626,0.00510819,0.00382738,0.00289313,0.00203424,0.00138629,0.000934241,0.000602736,0.000421915,0.000361642,0.000301368,0.000241095,0.000210958,0.000180821,0.000165753,0.000135616,9.04105e-05,3.01368e-05,3.01368e-05,0,0,0
0,0,0,0,0,0,0,0,0,0,0,0,0,0,0,0,0,0,0,0,0,0,0,0,0,0,0,0,0,0,0,0,0,0,0,0,0,0,0,0,0,1.50684e-05,1.50684e-05,3.01368e-05,3.01368e-05,3.01368e-05,9.04105e-05,0.000135616,0.000165753,0.000195889,0.000226026,0.000301368,0.000391779,0.000421915,0.0005726,0.000798626,0.00109999,0.00156711,0.00238081,0.00352601,0.00494244,0.00696161,0.00947803,0.0127479,0.0147369,0.0154451,0.0146917,0.0124013,0.0089205,0.00640407,0.00421915,0.00299861,0.00198903,0.00138629,0.00105479,0.000843831,0.000647942,0.000512326,0.000421915,0.000421915,0.000346573,0.0002863,0.000210958,0.000180821,0.000135616,9.04105e-05,3.01368e-05,3.01368e-05,3.01368e-05,1.50684e-05,0,0,0,0,0,0,0,1.50684e-05,1.50684e-05,3.01368e-05,3.01368e-05,3.01368e-05,3.01368e-05,3.01368e-05,3.01368e-05,3.01368e-05,3.01368e-05,3.01368e-05,3.01368e-05,3.01368e-05,3.01368e-05,3.01368e-05,3.01368e-05,3.01368e-05,3.01368e-05,3.01368e-05,3.01368e-05,3.01368e-05,3.01368e-05,3.01368e-05,3.01368e-05,3.01368e-05,3.01368e-05,3.01368e-05,3.01368e-05,3.01368e-05,3.01368e-05,3.01368e-05,3.01368e-05,3.01368e-05,3.01368e-05,3.01368e-05,4.52052e-05,9.04105e-05,0.000120547,0.000135616,0.000150684,0.000180821,0.000210958,0.000241095,0.000301368,0.000361642,0.000421915,0.000482189,0.000602736,0.000843831,0.00105479,0.00135616,0.00170273,0.00230547,0.00299861,0.00375203,0.00438491,0.00494244,0.00525888,0.00477669,0.00415888,0.00349587,0.00278766,0.00210958,0.00162739,0.00134109,0.00105479,0.000798626,0.000527394,0.000421915,0.000301368,0.000241095,0.000210958,0.000180821,0.000165753,0.000150684,0.000120547,9.04105e-05,3.01368e-05,3.01368e-05,1.50684e-05,0,0,0
0,0,0,0,0,0,0,0,0,0,0,0,0,0,0,0,0,0,0,0,0,0,0,0,0,0,0,0,0,0,0,0,0,0,0,0,0,0,0,0,0,0,1.50684e-05,1.50684e-05,3.01368e-05,3.01368e-05,4.52052e-05,0.000120547,0.000165753,0.000180821,0.000210958,0.000301368,0.00037671,0.000421915,0.000527394,0.000768489,0.000964378,0.00134109,0.00186848,0.00271231,0.00361642,0.0045808,0.00589175,0.00694654,0.00744379,0.00739859,0.00643421,0.00513833,0.00375203,0.00268218,0.00177807,0.00134109,0.00102465,0.000798626,0.000602736,0.000467121,0.000421915,0.00037671,0.000316437,0.0002863,0.000226026,0.000195889,0.000165753,0.000120547,3.01368e-05,3.01368e-05,3.01368e-05,1.50684e-05,0,0,0,0,0,0,0,0,0,0,1.50684e-05,1.50684e-05,1.50684e-05,3.01368e-05,3.01368e-05,3.01368e-05,3.01368e-05,3.01368e-05,3.01368e-05,3.01368e-05,3.01368e-05,3.01368e-05,3.01368e-05,3.01368e-05,3.01368e-05,3.01368e-05,3.01368e-05,3.01368e-05,3.01368e-05,3.01368e-05,3.01368e-05,3.01368e-05,3.01368e-05,3.01368e-05,3.01368e-05,3.01368e-05,3.01368e-05,3.01368e-05,3.01368e-05,3.01368e-05,3.01368e-05,3.01368e-05,3.01368e-05,3.01368e-05,3.01368e-05,7.53421e-05,0.000120547,0.000120547,0.000150684,0.000180821,0.000195889,0.000210958,0.0002863,0.000316437,0.000391779,0.000421915,0.000497258,0.000647942,0.000843831,0.000979447,0.00113013,0.00138629,0.00159725,0.00186848,0.00210958,0.00232054,0.00232054,0.00210958,0.00186848,0.00156711,0.00125068,0.00105479,0.000873968,0.000768489,0.000587668,0.000421915,0.000361642,0.0002863,0.000210958,0.000195889,0.000180821,0.000150684,0.000135616,0.000120547,4.52052e-05,3.01368e-05,3.01368e-05,1.50684e-05,0,0,0,0
0,0,0,0,0,0,0,0,0,0,0,0,0,0,0,0,0,0,0,0,0,0,0,0,0,0,0,0,0,0,0,0,0,0,0,0,0,0,0,0,0,0,0,1.50684e-05,3.01368e-05,3.01368e-05,3.01368e-05,0.000120547,0.000150684,0.000180821,0.000210958,0.0002863,0.000346573,0.000421915,0.000482189,0.000602736,0.000843831,0.00109999,0.0014767,0.00191369,0.00263697,0.00328491,0.00375203,0.00408354,0.00408354,0.00384244,0.00328491,0.00250136,0.00174794,0.00125068,0.000964378,0.000768489,0.000587668,0.000452052,0.000421915,0.000316437,0.0002863,0.000241095,0.000210958,0.000180821,0.000165753,0.000135616,9.04105e-05,3.01368e-05,3.01368e-05,1.50684e-05,0,0,0,0,0,0,0,0,0,0,0,0,0,0,1.50684e-05,1.50684e-05,1.50684e-05,3.01368e-05,3.01368e-05,3.01368e-05,3.01368e-05,3.01368e-05,3.01368e-05,3.01368e-05,3.01368e-05,3.01368e-05,3.01368e-05,3.01368e-05,3.01368e-05,3.01368e-05,3.01368e-05,3.01368e-05,3.01368e-05,3.01368e-05,1.50684e-05,1.50684e-05,1.50684e-05,1.50684e-05,1.50684e-05,1.50684e-05,3.01368e-05,3.01368e-05,3.01368e-05,3.01368e-05,3.01368e-05,3.01368e-05,3.01368e-05,4.52052e-05,9.04105e-05,0.000120547,0.000135616,0.000165753,0.000180821,0.000210958,0.000241095,0.000301368,0.000346573,0.000391779,0.000421915,0.000497258,0.000602736,0.000768489,0.000858899,0.00094931,0.00105479,0.00111506,0.0011452,0.0011452,0.0011452,0.00109999,0.000964378,0.000843831,0.000693147,0.000587668,0.000467121,0.000421915,0.00037671,0.000301368,0.000226026,0.000210958,0.000180821,0.000165753,0.000150684,0.000120547,9.04105e-05,4.52052e-05,3.01368e-05,3.01368e-05,3.01368e-05,0,0,0,0,0
0,0,0,0,0,0,0,0,0,0,0,0,0,0,0,0,0,0,0,0,0,0,0,0,0,0,0,0,0,0,0,0,0,0,0,0,0,0,0,0,0,0,0,0,1.50684e-05,3.01368e-05,3.01368e-05,9.04105e-05,0.000135616,0.000180821,0.000210958,0.000256163,0.000316437,0.000391779,0.000436984,0.000557531,0.000753421,0.000889036,0.00111506,0.00140136,0.00170273,0.00209451,0.00235067,0.00251642,0.00242601,0.00218492,0.001763,0.00138629,0.00109999,0.000843831,0.000602736,0.000467121,0.000421915,0.000316437,0.000256163,0.000210958,0.000180821,0.000165753,0.000135616,0.000120547,9.04105e-05,3.01368e-05,3.01368e-05,1.50684e-05,0,0,0,0,0,0,0,0,0,0,0,0,0,0,0,0,0,0,1.50684e-05,1.50684e-05,1.50684e-05,1.50684e-05,1.50684e-05,3.01368e-05,3.01368e-05,3.01368e-05,3.01368e-05,3.01368e-05,3.01368e-05,3.01368e-05,3.01368e-05,3.01368e-05,1.50684e-05,1.50684e-05,1.50684e-05,1.50684e-05,1.50684e-05,1.50684e-05,1.50684e-05,1.50684e-05,1.50684e-05,1.50684e-05,1.50684e-05,3.01368e-05,3.01368e-05,3.01368e-05,3.01368e-05,3.01368e-05,3.01368e-05,3.01368e-05,7.53421e-05,0.000120547,0.000135616,0.000150684,0.000180821,0.000180821,0.000210958,0.000271231,0.000301368,0.000346573,0.000391779,0.000421915,0.000436984,0.000512326,0.000602736,0.000678078,0.000768489,0.000768489,0.000783557,0.000768489,0.000723284,0.000602736,0.000557531,0.000467121,0.000421915,0.000391779,0.000346573,0.000301368,0.000256163,0.000210958,0.000180821,0.000180821,0.000150684,0.000135616,0.000120547,7.53421e-05,3.01368e-05,3.01368e-05,3.01368e-05,3.01368e-05,1.50684e-05,0,0,0,0,0
0,0,0,0,0,0,0,0,0,0,0,0,0,0,0,0,0,0,0,0,0,0,0,0,0,0,0,0,0,0,0,0,0,0,0,0,0,0,0,0,0,0,0,0,1.50684e-05,3.01368e-05,3.01368e-05,6.02736e-05,0.000120547,0.000165753,0.000180821,0.000210958,0.000301368,0.000361642,0.000421915,0.000467121,0.000587668,0.000768489,0.000873968,0.00105479,0.00120547,0.00138629,0.00155205,0.00155205,0.00152191,0.00135616,0.00113013,0.00094931,0.000768489,0.0005726,0.000421915,0.00037671,0.000301368,0.000210958,0.000180821,0.000150684,0.000120547,9.04105e-05,3.01368e-05,3.01368e-05,3.01368e-05,0,0,0,0,0,0,0,0,0,0,0,0,0,0,0,0,0,0,0,0,0,0,0,0,1.50684e-05,1.50684e-05,1.50684e-05,1.50684e-05,1.50684e-05,1.50684e-05,1.50684e-05,1.50684e-05,1.50684e-05,1.50684e-05,1.50684e-05,1.50684e-05,1.50684e-05,1.50684e-05,1.50684e-05,1.50684e-05,1.50684e-05,1.50684e-05,1.50684e-05,1.50684e-05,1.50684e-05,1.50684e-05,1.50684e-05,3.01368e-05,3.01368e-05,3.01368e-05,3.01368e-05,3.01368e-05,3.01368e-05,4.52052e-05,9.04105e-05,0.000120547,0.000135616,0.000165753,0.000180821,0.000210958,0.000210958,0.000256163,0.000301368,0.000316437,0.000361642,0.000391779,0.000421915,0.000421915,0.000436984,0.000467121,0.000467121,0.000467121,0.000452052,0.000421915,0.000421915,0.000391779,0.000346573,0.000301368,0.0002863,0.000210958,0.000210958,0.000180821,0.000180821,0.000150684,0.000135616,0.000120547,9.04105e-05,4.52052e-05,3.01368e-05,3.01368e-05,3.01368e-05,3.01368e-05,1.50684e-05,0,0,0,0,0,0
0,0,0,0,0,0,0,0,0,0,0,0,0,0,0,0,0,0,0,0,0,0,0,0,0,0,0,0,0,0,0,0,0,0,0,0,0,0,0,0,0,0,0,0,0,1.50684e-05,3.01368e-05,3.01368e-05,0.000120547,0.000150684,0.000180821,0.000210958,0.000256163,0.000316437,0.000391779,0.000421915,0.000467121,0.0005726,0.000693147,0.000798626,0.000889036,0.000994515,0.00105479,0.00105479,0.00102465,0.000919173,0.000798626,0.000632873,0.000497258,0.000421915,0.000346573,0.0002863,0.000210958,0.000180821,0.000150684,0.000120547,3.01368e-05,3.01368e-05,1.50684e-05,0,0,0,0,0,0,0,0,0,0,0,0,0,0,0,0,0,0,0,0,0,0,0,0,0,0,0,0,0,0,0,0,0,1.50684e-05,1.50684e-05,1.50684e-05,1.50684e-05,1.50684e-05,1.50684e-05,1.50684e-05,1.50684e-05,1.50684e-05,1.50684e-05,1.50684e-05,1.50684e-05,1.50684e-05,1.50684e-05,1.50684e-05,1.50684e-05,3.01368e-05,3.01368e-05,3.01368e-05,3.01368e-05,3.01368e-05,3.01368e-05,3.01368e-05,9.04105e-05,0.000120547,0.000120547,0.000150684,0.000165753,0.000180821,0.000210958,0.000210958,0.000241095,0.0002863,0.000301368,0.000316437,0.000346573,0.000346573,0.000361642,0.00037671,0.000361642,0.000361642,0.000346573,0.000316437,0.000301368,0.0002863,0.000226026,0.000210958,0.000195889,0.000180821,0.000165753,0.000150684,0.000135616,0.000120547,0.000120547,9.04105e-05,3.01368e-05,3.01368e-05,3.01368e-05,3.01368e-05,3.01368e-05,1.50684e-05,0,0,0,0,0,0,0
0,0,0,0,0,0,0,0,0,0,0,0,0,0,0,0,0,0,0,0,0,0,0,0,0,0,0,0,0,0,0,0,0,0,0,0,0,0,0,0,0,0,0,0,0,0,3.01368e-05,3.01368e-05,6.02736e-05,0.000120547,0.000150684,0.000180821,0.000210958,0.0002863,0.000316437,0.000391779,0.000421915,0.000436984,0.000512326,0.000587668,0.000632873,0.000693147,0.000768489,0.000768489,0.000678078,0.000602736,0.000497258,0.000421915,0.000391779,0.000301368,0.000226026,0.000195889,0.000165753,0.000120547,6.02736e-05,3.01368e-05,3.01368e-05,0,0,0,0,0,0,0,0,0,0,0,0,0,0,0,0,0,0,0,0,0,0,0,0,0,0,0,0,0,0,0,0,0,0,0,0,0,0,0,0,0,0,0,0,0,0,1.50684e-05,1.50684e-05,1.50684e-05,1.50684e-05,1.50684e-05,1.50684e-05,3.01368e-05,3.01368e-05,3.01368e-05,3.01368e-05,3.01368e-05,3.01368e-05,4.52052e-05,9.04105e-05,0.000120547,0.000135616,0.000150684,0.000165753,0.000180821,0.000195889,0.000210958,0.000210958,0.000226026,0.000271231,0.0002863,0.0002863,0.0002863,0.0002863,0.0002863,0.0002863,0.000256163,0.000210958,0.000210958,0.000210958,0.000180821,0.000180821,0.000165753,0.000150684,0.000135616,0.000120547,0.000120547,9.04105e-05,4.52052e-05,3.01368e-05,3.01368e-05,3.01368e-05,3.01368e-05,3.01368e-05,1.50684e-05,0,0,0,0,0,0,0,0
0,0,0,0,0,0,0,0,0,0,0,0,0,0,0,0,0,0,0,0,0,0,0,0,0,0,0,0,0,0,0,0,0,0,0,0,0,0,0,0,0,0,0,0,0,0,1.50684e-05,3.01368e-05,3.01368e-05,9.04105e-05,0.000135616,0.000165753,0.000180821,0.000210958,0.0002863,0.000316437,0.000361642,0.000421915,0.000421915,0.000436984,0.000467121,0.000467121,0.000467121,0.000467121,0.000421915,0.000421915,0.000391779,0.000316437,0.000271231,0.000210958,0.000180821,0.000135616,0.000120547,3.01368e-05,3.01368e-05,1.50684e-05,0,0,0,0,0,0,0,0,0,0,0,0,0,0,0,0,0,0,0,0,0,0,0,0,0,0,0,0,0,0,0,0,0,0,0,0,0,0,0,0,0,0,0,0,0,0,0,0,1.50684e-05,1.50684e-05,1.50684e-05,1.50684e-05,1.50684e-05,3.01368e-05,3.01368e-05,3.01368e-05,3.01368e-05,3.01368e-05,3.01368e-05,3.01368e-05,6.02736e-05,9.04105e-05,0.000120547,0.000135616,0.000150684,0.000165753,0.000180821,0.000180821,0.000195889,0.000210958,0.000210958,0.000210958,0.000210958,0.000210958,0.000210958,0.000210958,0.000210958,0.000210958,0.000180821,0.000180821,0.000165753,0.000150684,0.000150684,0.000135616,0.000120547,0.000120547,9.04105e-05,4.52052e-05,3.01368e-05,3.01368e-05,3.01368e-05,3.01368e-05,3.01368e-05,3.01368e-05,1.50684e-05,0,0,0,0,0,0,0,0,0
0,0,0,0,0,0,0,0,0,0,0,0,0,0,0,0,0,0,0,0,0,0,0,0,0,0,0,0,0,0,0,0,0,0,0,0,0,0,0,0,0,0,0,0,0,0,0,1.50684e-05,3.01368e-05,3.01368e-05,0.000120547,0.000135616,0.000165753,0.000180821,0.000210958,0.000241095,0.0002863,0.000316437,0.000346573,0.00037671,0.000391779,0.000391779,0.000391779,0.00037671,0.000346573,0.000301368,0.000271231,0.000210958,0.000180821,0.000150684,0.000120547,4.52052e-05,3.01368e-05,3.01368e-05,0,0,0,0,0,0,0,0,0,0,0,0,0,0,0,0,0,0,0,0,0,0,0,0,0,0,0,0,0,0,0,0,0,0,0,0,0,0,0,0,0,0,0,0,0,0,0,0,0,0,0,1.50684e-05,1.50684e-05,1.50684e-05,1.50684e-05,3.01368e-05,3.01368e-05,3.01368e-05,3.01368e-05,3.01368e-05,3.01368e-05,3.01368e-05,4.52052e-05,9.04105e-05,0.000120547,0.000120547,0.000135616,0.000150684,0.000150684,0.000165753,0.000180821,0.000180821,0.000180821,0.000180821,0.000180821,0.000180821,0.000180821,0.000180821,0.000180821,0.000165753,0.000165753,0.000150684,0.000135616,0.000120547,0.000120547,9.04105e-05,4.52052e-05,3.01368e-05,3.01368e-05,3.01368e-05,3.01368e-05,3.01368e-05,3.01368e-05,3.01368e-05,1.50684e-05,1.50684e-05,0,0,0,0,0,0,0,0,0,0
0,0,0,0,0,0,0,0,0,0,0,0,0,0,0,0,0,0,0,0,0,0,0,0,0,0,0,0,0,0,0,0,0,0,0,0,0,0,0,0,0,0,0,0,0,0,0,0,1.50684e-05,3.01368e-05,3.01368e-05,9.04105e-05,0.000135616,0.000150684,0.000180821,0.000195889,0.000210958,0.000241095,0.0002863,0.0002863,0.000301368,0.000301368,0.0002863,0.0002863,0.000241095,0.000210958,0.000180821,0.000165753,0.000135616,9.04105e-05,3.01368e-05,3.01368e-05,1.50684e-05,0,0,0,0,0,0,0,0,0,0,0,0,0,0,0,0,0,0,0,0,0,0,0,0,0,0,0,0,0,0,0,0,0,0,0,0,0,0,0,0,0,0,0,0,0,0,0,0,0,0,0,0,1.50684e-05,1.50684e-05,1.50684e-05,1.50684e-05,1.50684e-05,3.01368e-05,3.01368e-05,3.01368e-05,3.01368e-05,3.01368e-05,3.01368e-05,3.01368e-05,4.52052e-05,9.04105e-05,0.000120547,0.000120547,0.000135616,0.000135616,0.000150684,0.000150684,0.000165753,0.000165753,0.000165753,0.000165753,0.000165753,0.000150684,0.000150684,0.000150684,0.000135616,0.000135616,0.000120547,0.000120547,9.04105e-05,4.52052e-05,3.01368e-05,3.01368e-05,3.01368e-05,3.01368e-05,3.01368e-05,3.01368e-05,1.50684e-05,1.50684e-05,1.50684e-05,0,0,0,0,0,0,0,0,0,0,0,0
0,0,0,0,0,0,0,0,0,0,0,0,0,0,0,0,0,0,0,0,0,0,0,0,0,0,0,0,0,0,0,0,0,0,0,0,0,0,0,0,0,0,0,0,0,0,0,0,0,1.50684e-05,3.01368e-05,3.01368e-05,9.04105e-05,0.000120547,0.000135616,0.000165753,0.000180821,0.000180821,0.000210958,0.000210958,0.000210958,0.000210958,0.000210958,0.000195889,0.000180821,0.000165753,0.000150684,0.000120547,4.52052e-05,3.01368e-05,3.01368e-05,0,0,0,0,0,0,0,0,0,0,0,0,0,0,0,0,0,0,0,0,0,0,0,0,0,0,0,0,0,0,0,0,0,0,0,0,0,0,0,0,0,0,0,0,0,0,0,0,0,0,0,0,0,0,0,1.50684e-05,1.50684e-05,1.50684e-05,1.50684e-05,3.01368e-05,3.01368e-05,3.01368e-05,3.01368e-05,3.01368e-05,3.01368e-05,3.01368e-05,3.01368e-05,4.52052e-05,9.04105e-05,9.04105e-05,0.000120547,0.000120547,0.000135616,0.000135616,0.000135616,0.000135616,0.000135616,0.000135616,0.000135616,0.000135616,0.000120547,0.000120547,0.000120547,9.04105e-05,9.04105e-05,4.52052e-05,3.01368e-05,3.01368e-05,3.01368e-05,3.01368e-05,3.01368e-05,1.50684e-05,1.50684e-05,0,0,0,0,0,0,0,0,0,0,0,0,0,0,0,0
0,0,0,0,0,0,0,0,0,0,0,0,0,0,0,0,0,0,0,0,0,0,0,0,0,0,0,0,0,0,0,0,0,0,0,0,0,0,0,0,0,0,0,0,0,0,0,0,0,0,1.50684e-05,3.01368e-05,3.01368e-05,3.01368e-05,9.04105e-05,0.000120547,0.000135616,0.000150684,0.000150684,0.000165753,0.000165753,0.000165753,0.000150684,0.000150684,0.000135616,0.000120547,4.52052e-05,3.01368e-05,3.01368e-05,1.50684e-05,0,0,0,0,0,0,0,0,0,0,0,0,0,0,0,0,0,0,0,0,0,0,0,0,0,0,0,0,0,0,0,0,0,0,0,0,0,0,0,0,0,0,0,0,0,0,0,0,0,0,0,0,0,0,0,0,1.50684e-05,1.50684e-05,1.50684e-05,1.50684e-05,3.01368e-05,3.01368e-05,3.01368e-05,3.01368e-05,3.01368e-05,3.01368e-05,3.01368e-05,3.01368e-05,3.01368e-05,4.52052e-05,7.53421e-05,9.04105e-05,0.000120547,0.000120547,0.000120547,0.000120547,0.000120547,0.000120547,0.000120547,0.000120547,0.000120547,0.000105479,9.04105e-05,6.02736e-05,3.01368e-05,3.01368e-05,3.01368e-05,3.01368e-05,3.01368e-05,3.01368e-05,1.50684e-05,1.50684e-05,0,0,0,0,0,0,0,0,0,0,0,0,0,0,0,0,0,0
0,0,0,0,0,0,0,0,0,0,0,0,0,0,0,0,0,0,0,0,0,0,0,0,0,0,0,0,0,0,0,0,0,0,0,0,0,0,0,0,0,0,0,0,0,0,0,0,0,0,0,1.50684e-05,3.01368e-05,3.01368e-05,3.01368e-05,3.01368e-05,4.52052e-05,9.04105e-05,9.04105e-05,0.000120547,0.000120547,0.000105479,9.04105e-05,4.52052e-05,3.01368e-05,3.01368e-05,3.01368e-05,1.50684e-05,0,0,0,0,0,0,0,0,0,0,0,0,0,0,0,0,0,0,0,0,0,0,0,0,0,0,0,0,0,0,0,0,0,0,0,0,0,0,0,0,0,0,0,0,0,0,0,0,0,0,0,0,0,0,0,0,0,0,1.50684e-05,1.50684e-05,1.50684e-05,1.50684e-05,1.50684e-05,3.01368e-05,3.01368e-05,3.01368e-05,3.01368e-05,3.01368e-05,3.01368e-05,3.01368e-05,3.01368e-05,3.01368e-05,3.01368e-05,4.52052e-05,7.53421e-05,9.04105e-05,9.04105e-05,9.04105e-05,9.04105e-05,9.04105e-05,9.04105e-05,9.04105e-05,9.04105e-05,4.52052e-05,3.01368e-05,3.01368e-05,3.01368e-05,3.01368e-05,3.01368e-05,3.01368e-05,1.50684e-05,1.50684e-05,0,0,0,0,0,0,0,0,0,0,0,0,0,0,0,0,0,0,0,0
0,0,0,0,0,0,0,0,0,0,0,0,0,0,0,0,0,0,0,0,0,0,0,0,0,0,0,0,0,0,0,0,0,0,0,0,0,0,0,0,0,0,0,0,0,0,0,0,0,0,0,0,0,1.50684e-05,1.50684e-05,3.01368e-05,3.01368e-05,3.01368e-05,3.01368e-05,3.01368e-05,3.01368e-05,3.01368e-05,3.01368e-05,3.01368e-05,1.50684e-05,0,0,0,0,0,0,0,0,0,0,0,0,0,0,0,0,0,0,0,0,0,0,0,0,0,0,0,0,0,0,0,0,0,0,0,0,0,0,0,0,0,0,0,0,0,0,0,0,0,0,0,0,0,0,0,0,0,0,0,0,0,0,1.50684e-05,1.50684e-05,1.50684e-05,1.50684e-05,3.01368e-05,3.01368e-05,3.01368e-05,3.01368e-05,3.01368e-05,3.01368e-05,3.01368e-05,3.01368e-05,3.01368e-05,3.01368e-05,3.01368e-05,3.01368e-05,4.52052e-05,4.52052e-05,4.52052e-05,4.52052e-05,4.52052e-05,4.52052e-05,4.52052e-05,3.01368e-05,3.01368e-05,3.01368e-05,3.01368e-05,3.01368e-05,3.01368e-05,3.01368e-05,1.50684e-05,0,0,0,0,0,0,0,0,0,0,0,0,0,0,0,0,0,0,0,0,0,0
0,0,0,0,0,0,0,0,0,0,0,0,0,0,0,0,0,0,0,0,0,0,0,0,0,0,0,0,0,0,0,0,0,0,0,0,0,0,0,0,0,0,0,0,0,0,0,0,0,0,0,0,0,0,0,0,0,1.50684e-05,1.50684e-05,1.50684e-05,1.50684e-05,0,0,0,0,0,0,0,0,0,0,0,0,0,0,0,0,0,0,0,0,0,0,0,0,0,0,0,0,0,0,0,0,0,0,0,0,0,0,0,0,0,0,0,0,0,0,0,0,0,0,0,0,0,0,0,0,0,0,0,0,0,0,0,0,0,0,1.50684e-05,1.50684e-05,1.50684e-05,1.50684e-05,1.50684e-05,3.01368e-05,3.01368e-05,3.01368e-05,3.01368e-05,3.01368e-05,3.01368e-05,3.01368e-05,3.01368e-05,3.01368e-05,3.01368e-05,3.01368e-05,3.01368e-05,3.01368e-05,3.01368e-05,3.01368e-05,3.01368e-05,3.01368e-05,3.01368e-05,3.01368e-05,3.01368e-05,3.01368e-05,3.01368e-05,3.01368e-05,3.01368e-05,1.50684e-05,0,0,0,0,0,0,0,0,0,0,0,0,0,0,0,0,0,0,0,0,0,0,0
0,0,0,0,0,0,0,0,0,0,0,0,0,0,0,0,0,0,0,0,0,0,0,0,0,0,0,0,0,0,0,0,0,0,0,0,0,0,0,0,0,0,0,0,0,0,0,0,0,0,0,0,0,0,0,0,0,0,0,0,0,0,0,0,0,0,0,0,0,0,0,0,0,0,0,0,0,0,0,0,0,0,0,0,0,0,0,0,0,0,0,0,0,0,0,0,0,0,0,0,0,0,0,0,0,0,0,0,0,0,0,0,0,0,0,0,0,0,0,0,0,0,0,0,0,0,0,1.50684e-05,1.50684e-05,1.50684e-05,1.50684e-05,1.50684e-05,1.50684e-05,3.01368e-05,3.01368e-05,3.01368e-05,3.01368e-05,3.01368e-05,3.01368e-05,3.01368e-05,3.01368e-05,3.01368e-05,3.01368e-05,3.01368e-05,3.01368e-05,3.01368e-05,3.01368e-05,3.01368e-05,3.01368e-05,3.01368e-05,3.01368e-05,3.01368e-05,3.01368e-05,3.01368e-05,1.50684e-05,1.50684e-05,0,0,0,0,0,0,0,0,0,0,0,0,0,0,0,0,0,0,0,0,0,0,0,0
0,0,0,0,0,0,0,0,0,0,0,0,0,0,0,0,0,0,0,0,0,0,0,0,0,0,0,0,0,0,0,0,0,0,0,0,0,0,0,0,0,0,0,0,0,0,0,0,0,0,0,0,0,0,0,0,0,0,0,0,0,0,0,0,0,0,0,0,0,0,0,0,0,0,0,0,0,0,0,0,0,0,0,0,0,0,0,0,0,0,0,0,0,0,0,0,0,0,0,0,0,0,0,0,0,0,0,0,0,0,0,0,0,0,0,0,0,0,0,0,0,0,0,0,0,0,0,0,1.50684e-05,1.50684e-05,1.50684e-05,1.50684e-05,1.50684e-05,1.50684e-05,3.01368e-05,3.01368e-05,3.01368e-05,3.01368e-05,3.01368e-05,3.01368e-05,3.01368e-05,3.01368e-05,3.01368e-05,3.01368e-05,3.01368e-05,3.01368e-05,3.01368e-05,3.01368e-05,3.01368e-05,3.01368e-05,3.01368e-05,3.01368e-05,1.50684e-05,1.50684e-05,1.50684e-05,0,0,0,0,0,0,0,0,0,0,0,0,0,0,0,0,0,0,0,0,0,0,0,0,0
0,0,0,0,0,0,0,0,0,0,0,0,0,0,0,0,0,0,0,0,0,0,0,0,0,0,0,0,0,0,0,0,0,0,0,0,0,0,0,0,0,0,0,0,0,0,0,0,0,0,0,0,0,0,0,0,0,0,0,0,0,0,0,0,0,0,0,0,0,0,0,0,0,0,0,0,0,0,0,0,0,0,0,0,0,0,0,0,0,0,0,0,0,0,0,0,0,0,0,0,0,0,0,0,0,0,0,0,0,0,0,0,0,0,0,0,0,0,0,0,0,0,0,0,0,0,0,0,1.50684e-05,1.50684e-05,1.50684e-05,1.50684e-05,1.50684e-05,1.50684e-05,1.50684e-05,1.50684e-05,3.01368e-05,3.01368e-05,3.01368e-05,3.01368e-05,3.01368e-05,3.01368e-05,3.01368e-05,3.01368e-05,3.01368e-05,3.01368e-05,3.01368e-05,3.01368e-05,3.01368e-05,3.01368e-05,1.50684e-05,1.50684e-05,1.50684e-05,0,0,0,0,0,0,0,0,0,0,0,0,0,0,0,0,0,0,0,0,0,0,0,0,0,0,0
0,0,0,0,0,0,0,0,0,0,0,0,0,0,0,0,0,0,0,0,0,0,0,0,0,0,0,0,0,0,0,0,0,0,0,0,0,0,0,0,0,0,0,0,0,0,0,0,0,0,0,0,0,0,0,0,0,0,0,0,0,0,0,0,0,0,0,0,0,0,0,0,0,0,0,0,0,0,0,0,0,0,0,0,0,0,0,0,0,0,0,0,0,0,0,0,0,0,0,0,0,0,0,0,0,0,0,0,0,0,0,0,0,0,0,0,0,0,0,0,0,0,0,0,0,0,0,0,0,1.50684e-05,1.50684e-05,1.50684e-05,1.50684e-05,1.50684e-05,1.50684e-05,1.50684e-05,1.50684e-05,1.50684e-05,1.50684e-05,1.50684e-05,3.01368e-05,3.01368e-05,3.01368e-05,3.01368e-05,3.01368e-05,3.01368e-05,1.50684e-05,1.50684e-05,1.50684e-05,1.50684e-05,1.50684e-05,0,0,0,0,0,0,0,0,0,0,0,0,0,0,0,0,0,0,0,0,0,0,0,0,0,0,0,0,0
0,0,0,0,0,0,0,0,0,0,0,0,0,0,0,0,0,0,0,0,0,0,0,0,0,0,0,0,0,0,0,0,0,0,0,0,0,0,0,0,0,0,0,0,0,0,0,0,0,0,0,0,0,0,0,0,0,0,0,0,0,0,0,0,0,0,0,0,0,0,0,0,0,0,0,0,0,0,0,0,0,0,0,0,0,0,0,0,0,0,0,0,0,0,0,0,0,0,0,0,0,0,0,0,0,0,0,0,0,0,0,0,0,0,0,0,0,0,0,0,0,0,0,0,0,0,0,0,0,0,1.50684e-05,1.50684e-05,1.50684e-05,1.50684e-05,1.50684e-05,1.50684e-05,1.50684e-05,1.50684e-05,1.50684e-05,1.50684e-05,1.50684e-05,1.50684e-05,1.50684e-05,1.50684e-05,1.50684e-05,1.50684e-05,1.50684e-05,1.50684e-05,0,0,0,0,0,0,0,0,0,0,0,0,0,0,0,0,0,0,0,0,0,0,0,0,0,0,0,0,0,0,0,0
0,0,0,0,0,0,0,0,0,0,0,0,0,0,0,0,0,0,0,0,0,0,0,0,0,0,0,0,0,0,0,0,0,0,0,0,0,0,0,0,0,0,0,0,0,0,0,0,0,0,0,0,0,0,0,0,0,0,0,0,0,0,0,0,0,0,0,0,0,0,0,0,0,0,0,0,0,0,0,0,0,0,0,0,0,0,0,0,0,0,0,0,0,0,0,0,0,0,0,0,0,0,0,0,0,0,0,0,0,0,0,0,0,0,0,0,0,0,0,0,0,0,0,0,0,0,0,0,0,0,0,1.50684e-05,1.50684e-05,1.50684e-05,1.50684e-05,1.50684e-05,1.50684e-05,1.50684e-05,1.50684e-05,1.50684e-05,1.50684e-05,1.50684e-05,1.50684e-05,1.50684e-05,0,0,0,0,0,0,0,0,0,0,0,0,0,0,0,0,0,0,0,0,0,0,0,0,0,0,0,0,0,0,0,0,0,0,0,0
0,0,0,0,0,0,0,0,0,0,0,0,0,0,0,0,0,0,0,0,0,0,0,0,0,0,0,0,0,0,0,0,0,0,0,0,0,0,0,0,0,0,0,0,0,0,0,0,0,0,0,0,0,0,0,0,0,0,0,0,0,0,0,0,0,0,0,0,0,0,0,0,0,0,0,0,0,0,0,0,0,0,0,0,0,0,0,0,0,0,0,0,0,0,0,0,0,0,0,0,0,0,0,0,0,0,0,0,0,0,0,0,0,0,0,0,0,0,0,0,0,0,0,0,0,0,0,0,0,0,0,0,0,0,0,0,1.50684e-05,1.50684e-05,0,0,0,0,0,0,0,0,0,0,0,0,0,0,0,0,0,0,0,0,0,0,0,0,0,0,0,0,0,0,0,0,0,0,0,0,0,0,0,0,0,0
0,0,0,0,0,0,0,0,0,0,0,0,0,0,0,0,0,0,0,0,0,0,0,0,0,0,0,0,0,0,0,0,0,0,0,0,0,0,0,0,0,0,0,0,0,0,0,0,0,0,0,0,0,0,0,0,0,0,0,0,0,0,0,0,0,0,0,0,0,0,0,0,0,0,0,0,0,0,0,0,0,0,0,0,0,0,0,0,0,0,0,0,0,0,0,0,0,0,0,0,0,0,0,0,0,0,0,0,0,0,0,0,0,0,0,0,0,0,0,0,0,0,0,0,0,0,0,0,0,0,0,0,0,0,0,0,0,0,0,0,0,0,0,0,0,0,0,0,0,0,0,0,0,0,0,0,0,0,0,0,0,0,0,0,0,0,0,0,0,0,0,0,0,0,0,0,0,0,0,0
0,0,0,0,0,0,0,0,0,0,0,0,0,0,0,0,0,0,0,0,0,0,0,0,0,0,0,0,0,0,0,0,0,0,0,0,0,0,0,0,0,0,0,0,0,0,0,0,0,0,0,0,0,0,0,0,0,0,0,0,0,0,0,0,0,0,0,0,0,0,0,0,0,0,0,0,0,0,0,0,0,0,0,0,0,0,0,0,0,0,0,0,0,0,0,0,0,0,0,0,0,0,0,0,0,0,0,0,0,0,0,0,0,0,0,0,0,0,0,0,0,0,0,0,0,0,0,0,0,0,0,0,0,0,0,0,0,0,0,0,0,0,0,0,0,0,0,0,0,0,0,0,0,0,0,0,0,0,0,0,0,0,0,0,0,0,0,0,0,0,0,0,0,0,0,0,0,0,0,0
0,0,0,0,0,0,0,0,0,0,0,0,0,0,0,0,0,0,0,0,0,0,0,0,0,0,0,0,0,0,0,0,0,0,0,0,0,0,0,0,0,0,0,0,0,0,0,0,0,0,0,0,0,0,0,0,0,0,0,0,0,0,0,0,0,0,0,0,0,0,0,0,0,0,0,0,0,0,0,0,0,0,0,0,0,0,0,0,0,0,0,0,0,0,0,0,0,0,0,0,0,0,0,0,0,0,0,0,0,0,0,0,0,0,0,0,0,0,0,0,0,0,0,0,0,0,0,0,0,0,0,0,0,0,0,0,0,0,0,0,0,0,0,0,0,0,0,0,0,0,0,0,0,0,0,0,0,0,0,0,0,0,0,0,0,0,0,0,0,0,0,0,0,0,0,0,0,0,0,0
0,0,0,0,0,0,0,0,0,0,0,0,0,0,0,0,0,0,0,0,0,0,0,0,0,0,0,0,0,0,0,0,0,0,0,0,0,0,0,0,0,0,0,0,0,0,0,0,0,0,0,0,0,0,0,0,0,0,0,0,0,0,0,0,0,0,0,0,0,0,0,0,0,0,0,0,0,0,0,0,0,0,0,0,0,0,0,0,0,0,0,0,0,0,0,0,0,0,0,0,0,0,0,0,0,0,0,0,0,0,0,0,0,0,0,0,0,0,0,0,0,0,0,0,0,0,0,0,0,0,0,0,0,0,0,0,0,0,0,0,0,0,0,0,0,0,0,0,0,0,0,0,0,0,0,0,0,0,0,0,0,0,0,0,0,0,0,0,0,0,0,0,0,0,0,0,0,0,0,0
0,0,0,0,0,0,0,0,0,0,0,0,0,0,0,0,0,0,0,0,0,0,0,0,0,0,0,0,0,0,0,0,0,0,0,0,0,0,0,0,0,0,0,0,0,0,0,0,0,0,0,0,0,0,0,0,0,0,0,0,0,0,0,0,0,0,0,0,0,0,0,0,0,0,0,0,0,0,0,0,0,0,0,0,0,0,0,0,0,0,0,0,0,0,0,0,0,0,0,0,0,0,0,0,0,0,0,0,0,0,0,0,0,0,0,0,0,0,0,0,0,0,0,0,0,0,0,0,0,0,0,0,0,0,0,0,0,0,0,0,0,0,0,0,0,0,0,0,0,0,0,0,0,0,0,0,0,0,0,0,0,0,0,0,0,0,0,0,0,0,0,0,0,0,0,0,0,0,0,0
0,0,0,0,0,0,0,0,0,0,0,0,0,0,0,0,0,0,0,0,0,0,0,0,0,0,0,0,0,0,0,0,0,0,0,0,0,0,0,0,0,0,0,0,0,0,0,0,0,0,0,0,0,0,0,0,0,0,0,0,0,0,0,0,0,0,0,0,0,0,0,0,0,0,0,0,0,0,0,0,0,0,0,0,0,0,0,0,0,0,0,0,0,0,0,0,0,0,0,0,0,0,0,0,0,0,0,0,0,0,0,0,0,0,0,0,0,0,0,0,0,0,0,0,0,0,0,0,0,0,0,0,0,0,0,0,0,0,0,0,0,0,0,0,0,0,0,0,0,0,0,0,0,0,0,0,0,0,0,0,0,0,0,0,0,0,0,0,0,0,0,0,0,0,0,0,0,0,0,0
0,0,0,0,0,0,0,0,0,0,0,0,0,0,0,0,0,0,0,0,0,0,0,0,0,0,0,0,0,0,0,0,0,0,0,0,0,0,0,0,0,0,0,0,0,0,0,0,0,0,0,0,0,0,0,0,0,0,0,0,0,0,0,0,0,0,0,0,0,0,0,0,0,0,0,0,0,0,0,0,0,0,0,0,0,0,0,0,0,0,0,0,0,0,0,0,0,0,0,0,0,0,0,0,0,0,0,0,0,0,0,0,0,0,0,0,0,0,0,0,0,0,0,0,0,0,0,0,0,0,0,0,0,0,0,0,0,0,0,0,0,0,0,0,0,0,0,0,0,0,0,0,0,0,0,0,0,0,0,0,0,0,0,0,0,0,0,0,0,0,0,0,0,0,0,0,0,0,0,0
0,0,0,0,0,0,0,0,0,0,0,0,0,0,0,0,0,0,0,0,0,0,0,0,0,0,0,0,0,0,0,0,0,0,0,0,0,0,0,0,0,0,0,0,0,0,0,0,0,0,0,0,0,0,0,0,0,0,0,0,0,0,0,0,0,0,0,0,0,0,0,0,0,0,0,0,0,0,0,0,0,0,0,0,0,0,0,0,0,0,0,0,0,0,0,0,0,0,0,0,0,0,0,0,0,0,0,0,0,0,0,0,0,0,0,0,0,0,0,0,0,0,0,0,0,0,0,0,0,0,0,0,0,0,0,0,0,0,0,0,0,0,0,0,0,0,0,0,0,0,0,0,0,0,0,0,0,0,0,0,0,0,0,0,0,0,0,0,0,0,0,0,0,0,0,0,0,0,0,0
0,0,0,0,0,0,0,0,0,0,0,0,0,0,0,0,0,0,0,0,0,0,0,0,0,0,0,0,0,0,0,0,0,0,0,0,0,0,0,0,0,0,0,0,0,0,0,0,0,0,0,0,0,0,0,0,0,0,0,0,0,0,0,0,0,0,0,0,0,0,0,0,0,0,0,0,0,0,0,0,0,0,0,0,0,0,0,0,0,0,0,0,0,0,0,0,0,0,0,0,0,0,0,0,0,0,0,0,0,0,0,0,0,0,0,0,0,0,0,0,0,0,0,0,0,0,0,0,0,0,0,0,0,0,0,0,0,0,0,0,0,0,0,0,0,0,0,0,0,0,0,0,0,0,0,0,0,0,0,0,0,0,0,0,0,0,0,0,0,0,0,0,0,0,0,0,0,0,0,0
0,0,0,0,0,0,0,0,0,0,0,0,0,0,0,0,0,0,0,0,0,0,0,0,0,0,0,0,0,0,0,0,0,0,0,0,0,0,0,0,0,0,0,0,0,0,0,0,0,0,0,0,0,0,0,0,0,0,0,0,0,0,0,0,0,0,0,0,0,0,0,0,0,0,0,0,0,0,0,0,0,0,0,0,0,0,0,0,0,0,0,0,0,0,0,0,0,0,0,0,0,0,0,0,0,0,0,0,0,0,0,0,0,0,0,0,0,0,0,0,0,0,0,0,0,0,0,0,0,0,0,0,0,0,0,0,0,0,0,0,0,0,0,0,0,0,0,0,0,0,0,0,0,0,0,0,0,0,0,0,0,0,0,0,0,0,0,0,0,0,0,0,0,0,0,0,0,0,0,0
0,0,0,0,0,0,0,0,0,0,0,0,0,0,0,0,0,0,0,0,0,0,0,0,0,0,0,0,0,0,0,0,0,0,0,0,0,0,0,0,0,0,0,0,0,0,0,0,0,0,0,0,0,0,0,0,0,0,0,0,0,0,0,0,0,0,0,0,0,0,0,0,0,0,0,0,0,0,0,0,0,0,0,0,0,0,0,0,0,0,0,0,0,0,0,0,0,0,0,0,0,0,0,0,0,0,0,0,0,0,0,0,0,0,0,0,0,0,0,0,0,0,0,0,0,0,0,0,0,0,0,0,0,0,0,0,0,0,0,0,0,0,0,0,0,0,0,0,0,0,0,0,0,0,0,0,0,0,0,0,0,0,0,0,0,0,0,0,0,0,0,0,0,0,0,0,0,0,0,0
0,0,0,0,0,0,0,0,0,0,0,0,0,0,0,0,0,0,0,0,0,0,0,0,0,0,0,0,0,0,0,0,0,0,0,0,0,0,0,0,0,0,0,0,0,0,0,0,0,0,0,0,0,0,0,0,0,0,0,0,0,0,0,0,0,0,0,0,0,0,0,0,0,0,0,0,0,0,0,0,0,0,0,0,0,0,0,0,0,0,0,0,0,0,0,0,0,0,0,0,0,0,0,0,0,0,0,0,0,0,0,0,0,0,0,0,0,0,0,0,0,0,0,0,0,0,0,0,0,0,0,0,0,0,0,0,0,0,0,0,0,0,0,0,0,0,0,0,0,0,0,0,0,0,0,0,0,0,0,0,0,0,0,0,0,0,0,0,0,0,0,0,0,0,0,0,0,0,0,0
0,0,0,0,0,0,0,0,0,0,0,0,0,0,0,0,0,0,0,0,0,0,0,0,0,0,0,0,0,0,0,0,0,0,0,0,0,0,0,0,0,0,0,0,0,0,0,0,0,0,0,0,0,0,0,0,0,0,0,0,0,0,0,0,0,0,0,0,0,0,0,0,0,0,0,0,0,0,0,0,0,0,0,0,0,0,0,0,0,0,0,0,0,0,0,0,0,0,0,0,0,0,0,0,0,0,0,0,0,0,0,0,0,0,0,0,0,0,0,0,0,0,0,0,0,0,0,0,0,0,0,0,0,0,0,0,0,0,0,0,0,0,0,0,0,0,0,0,0,0,0,0,0,0,0,0,0,0,0,0,0,0,0,0,0,0,0,0,0,0,0,0,0,0,0,0,0,0,0,0
0,0,0,0,0,0,0,0,0,0,0,0,0,0,0,0,0,0,0,0,0,0,0,0,0,0,0,0,0,0,0,0,0,0,0,0,0,0,0,0,0,0,0,0,0,0,0,0,0,0,0,0,0,0,0,0,0,0,0,0,0,0,0,0,0,0,0,0,0,0,0,0,0,0,0,0,0,0,0,0,0,0,0,0,0,0,0,0,0,0,0,0,0,0,0,0,0,0,0,0,0,0,0,0,0,0,0,0,0,0,0,0,0,0,0,0,0,0,0,0,0,0,0,0,0,0,0,0,0,0,0,0,0,0,0,0,0,0,0,0,0,0,0,0,0,0,0,0,0,0,0,0,0,0,0,0,0,0,0,0,0,0,0,0,0,0,0,0,0,0,0,0,0,0,0,0,0,0,0,0
0,0,0,0,0,0,0,0,0,0,0,0,0,0,0,0,0,0,0,0,0,0,0,0,0,0,0,0,0,0,0,0,0,0,0,0,0,0,0,0,0,0,0,0,0,0,0,0,0,0,0,0,0,0,0,0,0,0,0,0,0,0,0,0,0,0,0,0,0,0,0,0,0,0,0,0,0,0,0,0,0,0,0,0,0,0,0,0,0,0,0,0,0,0,0,0,0,0,0,0,0,0,0,0,0,0,0,0,0,0,0,0,0,0,0,0,0,0,0,0,0,0,0,0,0,0,0,0,0,0,0,0,0,0,0,0,0,0,0,0,0,0,0,0,0,0,0,0,0,0,0,0,0,0,0,0,0,0,0,0,0,0,0,0,0,0,0,0,0,0,0,0,0,0,0,0,0,0,0,0
0,0,0,0,0,0,0,0,0,0,0,0,0,0,0,0,0,0,0,0,0,0,0,0,0,0,0,0,0,0,0,0,0,0,0,0,0,0,0,0,0,0,0,0,0,0,0,0,0,0,0,0,0,0,0,0,0,0,0,0,0,0,0,0,0,0,0,0,0,0,0,0,0,0,0,0,0,0,0,0,0,0,0,0,0,0,0,0,0,0,0,0,0,0,0,0,0,0,0,0,0,0,0,0,0,0,0,0,0,0,0,0,0,0,0,0,0,0,0,0,0,0,0,0,0,0,0,0,0,0,0,0,0,0,0,0,0,0,0,0,0,0,0,0,0,0,0,0,0,0,0,0,0,0,0,0,0,0,0,0,0,0,0,0,0,0,0,0,0,0,0,0,0,0,0,0,0,0,0,0
0,0,0,0,0,0,0,0,0,0,0,0,0,0,0,0,0,0,0,0,0,0,0,0,0,0,0,0,0,0,0,0,0,0,0,0,0,0,0,0,0,0,0,0,0,0,0,0,0,0,0,0,0,0,0,0,0,0,0,0,0,0,0,0,0,0,0,0,0,0,0,0,0,0,0,0,0,0,0,0,0,0,0,0,0,0,0,0,0,0,0,0,0,0,0,0,0,0,0,0,0,0,0,0,0,0,0,0,0,0,0,0,0,0,0,0,0,0,0,0,0,0,0,0,0,0,0,0,0,0,0,0,0,0,0,0,0,0,0,0,0,0,0,0,0,0,0,0,0,0,0,0,0,0,0,0,0,0,0,0,0,0,0,0,0,0,0,0,0,0,0,0,0,0,0,0,0,0,0,0
0,0,0,0,0,0,0,0,0,0,0,0,0,0,0,0,0,0,0,0,0,0,0,0,0,0,0,0,0,0,0,0,0,0,0,0,0,0,0,0,0,0,0,0,0,0,0,0,0,0,0,0,0,0,0,0,0,0,0,0,0,0,0,0,0,0,0,0,0,0,0,0,0,0,0,0,0,0,0,0,0,0,0,0,0,0,0,0,0,0,0,0,0,0,0,0,0,0,0,0,0,0,0,0,0,0,0,0,0,0,0,0,0,0,0,0,0,0,0,0,0,0,0,0,0,0,0,0,0,0,0,0,0,0,0,0,0,0,0,0,0,0,0,0,0,0,0,0,0,0,0,0,0,0,0,0,0,0,0,0,0,0,0,0,0,0,0,0,0,0,0,0,0,0,0,0,0,0,0,0
0,0,0,0,0,0,0,0,0,0,0,0,0,0,0,0,0,0,0,0,0,0,0,0,0,0,0,0,0,0,0,0,0,0,0,0,0,0,0,0,0,0,0,0,0,0,0,0,0,0,0,0,0,0,0,0,0,0,0,0,0,0,0,0,0,0,0,0,0,0,0,0,0,0,0,0,0,0,0,0,0,0,0,0,0,0,0,0,0,0,0,0,0,0,0,0,0,0,0,0,0,0,0,0,0,0,0,0,0,0,0,0,0,0,0,0,0,0,0,0,0,0,0,0,0,0,0,0,0,0,0,0,0,0,0,0,0,0,0,0,0,0,0,0,0,0,0,0,0,0,0,0,0,0,0,0,0,0,0,0,0,0,0,0,0,0,0,0,0,0,0,0,0,0,0,0,0,0,0,0
0,0,0,0,0,0,0,0,0,0,0,0,0,0,0,0,0,0,0,0,0,0,0,0,0,0,0,0,0,0,0,0,0,0,0,0,0,0,0,0,0,0,0,0,0,0,0,0,0,0,0,0,0,0,0,0,0,0,0,0,0,0,0,0,0,0,0,0,0,0,0,0,0,0,0,0,0,0,0,0,0,0,0,0,0,0,0,0,0,0,0,0,0,0,0,0,0,0,0,0,0,0,0,0,0,0,0,0,0,0,0,0,0,0,0,0,0,0,0,0,0,0,0,0,0,0,0,0,0,0,0,0,0,0,0,0,0,0,0,0,0,0,0,0,0,0,0,0,0,0,0,0,0,0,0,0,0,0,0,0,0,0,0,0,0,0,0,0,0,0,0,0,0,0,0,0,0,0,0,0
0,0,0,0,0,0,0,0,0,0,0,0,0,0,0,0,0,0,0,0,0,0,0,0,0,0,0,0,0,0,0,0,0,0,0,0,0,0,0,0,0,0,0,0,0,0,0,0,0,0,0,0,0,0,0,0,0,0,0,0,0,0,0,0,0,0,0,0,0,0,0,0,0,0,0,0,0,0,0,0,0,0,0,0,0,0,0,0,0,0,0,0,0,0,0,0,0,0,0,0,0,0,0,0,0,0,0,0,0,0,0,0,0,0,0,0,0,0,0,0,0,0,0,0,0,0,0,0,0,0,0,0,0,0,0,0,0,0,0,0,0,0,0,0,0,0,0,0,0,0,0,0,0,0,0,0,0,0,0,0,0,0,0,0,0,0,0,0,0,0,0,0,0,0,0,0,0,0,0,0
0,0,0,0,0,0,0,0,0,0,0,0,0,0,0,0,0,0,0,0,0,0,0,0,0,0,0,0,0,0,0,0,0,0,0,0,0,0,0,0,0,0,0,0,0,0,0,0,0,0,0,0,0,0,0,0,0,0,0,0,0,0,0,0,0,0,0,0,0,0,0,0,0,0,0,0,0,0,0,0,0,0,0,0,0,0,0,0,0,0,0,0,0,0,0,0,0,0,0,0,0,0,0,0,0,0,0,0,0,0,0,0,0,0,0,0,0,0,0,0,0,0,0,0,0,0,0,0,0,0,0,0,0,0,0,0,0,0,0,0,0,0,0,0,0,0,0,0,0,0,0,0,0,0,0,0,0,0,0,0,0,0,0,0,0,0,0,0,0,0,0,0,0,0,0,0,0,0,0,0
0,0,0,0,0,0,0,0,0,0,0,0,0,0,0,0,0,0,0,0,0,0,0,0,0,0,0,0,0,0,0,0,0,0,0,0,0,0,0,0,0,0,0,0,0,0,0,0,0,0,0,0,0,0,0,0,0,0,0,0,0,0,0,0,0,0,0,0,0,0,0,0,0,0,0,0,0,0,0,0,0,0,0,0,0,0,0,0,0,0,0,0,0,0,0,0,0,0,0,0,0,0,0,0,0,0,0,0,0,0,0,0,0,0,0,0,0,0,0,0,0,0,0,0,0,0,0,0,0,0,0,0,0,0,0,0,0,0,0,0,0,0,0,0,0,0,0,0,0,0,0,0,0,0,0,0,0,0,0,0,0,0,0,0,0,0,0,0,0,0,0,0,0,0,0,0,0,0,0,0
0,0,0,0,0,0,0,0,0,0,0,0,0,0,0,0,0,0,0,0,0,0,0,0,0,0,0,0,0,0,0,0,0,0,0,0,0,0,0,0,0,0,0,0,0,0,0,0,0,0,0,0,0,0,0,0,0,0,0,0,0,0,0,0,0,0,0,0,0,0,0,0,0,0,0,0,0,0,0,0,0,0,0,0,0,0,0,0,0,0,0,0,0,0,0,0,0,0,0,0,0,0,0,0,0,0,0,0,0,0,0,0,0,0,0,0,0,0,0,0,0,0,0,0,0,0,0,0,0,0,0,0,0,0,0,0,0,0,0,0,0,0,0,0,0,0,0,0,0,0,0,0,0,0,0,0,0,0,0,0,0,0,0,0,0,0,0,0,0,0,0,0,0,0,0,0,0,0,0,0
0,0,0,0,0,0,0,0,0,0,0,0,0,0,0,0,0,0,0,0,0,0,0,0,0,0,0,0,0,0,0,0,0,0,0,0,0,0,0,0,0,0,0,0,0,0,0,0,0,0,0,0,0,0,0,0,0,0,0,0,0,0,0,0,0,0,0,0,0,0,0,0,0,0,0,0,0,0,0,0,0,0,0,0,0,0,0,0,0,0,0,0,0,0,0,0,0,0,0,0,0,0,0,0,0,0,0,0,0,0,0,0,0,0,0,0,0,0,0,0,0,0,0,0,0,0,0,0,0,0,0,0,0,0,0,0,0,0,0,0,0,0,0,0,0,0,0,0,0,0,0,0,0,0,0,0,0,0,0,0,0,0,0,0,0,0,0,0,0,0,0,0,0,0,0,0,0,0,0,0
0,0,0,0,0,0,0,0,0,0,0,0,0,0,0,0,0,0,0,0,0,0,0,0,0,0,0,0,0,0,0,0,0,0,0,0,0,0,0,0,0,0,0,0,0,0,0,0,0,0,0,0,0,0,0,0,0,0,0,0,0,0,0,0,0,0,0,0,0,0,0,0,0,0,0,0,0,0,0,0,0,0,0,0,0,0,0,0,0,0,0,0,0,0,0,0,0,0,0,0,0,0,0,0,0,0,0,0,0,0,0,0,0,0,0,0,0,0,0,0,0,0,0,0,0,0,0,0,0,0,0,0,0,0,0,0,0,0,0,0,0,0,0,0,0,0,0,0,0,0,0,0,0,0,0,0,0,0,0,0,0,0,0,0,0,0,0,0,0,0,0,0,0,0,0,0,0,0,0,0
0,0,0,0,0,0,0,0,0,0,0,0,0,0,0,0,0,0,0,0,0,0,0,0,0,0,0,0,0,0,0,0,0,0,0,0,0,0,0,0,0,0,0,0,0,0,0,0,0,0,0,0,0,0,0,0,0,0,0,0,0,0,0,0,0,0,0,0,0,0,0,0,0,0,0,0,0,0,0,0,0,0,0,0,0,0,0,0,0,0,0,0,0,0,0,0,0,0,0,0,0,0,0,0,0,0,0,0,0,0,0,0,0,0,0,0,0,0,0,0,0,0,0,0,0,0,0,0,0,0,0,0,0,0,0,0,0,0,0,0,0,0,0,0,0,0,0,0,0,0,0,0,0,0,0,0,0,0,0,0,0,0,0,0,0,0,0,0,0,0,0,0,0,0,0,0,0,0,0,0
0,0,0,0,0,0,0,0,0,0,0,0,0,0,0,0,0,0,0,0,0,0,0,0,0,0,0,0,0,0,0,0,0,0,0,0,0,0,0,0,0,0,0,0,0,0,0,0,0,0,0,0,0,0,0,0,0,0,0,0,0,0,0,0,0,0,0,0,0,0,0,0,0,0,0,0,0,0,0,0,0,0,0,0,0,0,0,0,0,0,0,0,0,0,0,0,0,0,0,0,0,0,0,0,0,0,0,0,0,0,0,0,0,0,0,0,0,0,0,0,0,0,0,0,0,0,0,0,0,0,0,0,0,0,0,0,0,0,0,0,0,0,0,0,0,0,0,0,0,0,0,0,0,0,0,0,0,0,0,0,0,0,0,0,0,0,0,0,0,0,0,0,0,0,0,0,0,0,0,0
0,0,0,0,0,0,0,0,0,0,0,0,0,0,0,0,0,0,0,0,0,0,0,0,0,0,0,0,0,0,0,0,0,0,0,0,0,0,0,0,0,0,0,0,0,0,0,0,0,0,0,0,0,0,0,0,0,0,0,0,0,0,0,0,0,0,0,0,0,0,0,0,0,0,0,0,0,0,0,0,0,0,0,0,0,0,0,0,0,0,0,0,0,0,0,0,0,0,0,0,0,0,0,0,0,0,0,0,0,0,0,0,0,0,0,0,0,0,0,0,0,0,0,0,0,0,0,0,0,0,0,0,0,0,0,0,0,0,0,0,0,0,0,0,0,0,0,0,0,0,0,0,0,0,0,0,0,0,0,0,0,0,0,0,0,0,0,0,0,0,0,0,0,0,0,0,0,0,0,0
0,0,0,0,0,0,0,0,0,0,0,0,0,0,0,0,0,0,0,0,0,0,0,0,0,0,0,0,0,0,0,0,0,0,0,0,0,0,0,0,0,0,0,0,0,0,0,0,0,0,0,0,0,0,0,0,0,0,0,0,0,0,0,0,0,0,0,0,0,0,0,0,0,0,0,0,0,0,0,0,0,0,0,0,0,0,0,0,0,0,0,0,0,0,0,0,0,0,0,0,0,0,0,0,0,0,0,0,0,0,0,0,0,0,0,0,0,0,0,0,0,0,0,0,0,0,0,0,0,0,0,0,0,0,0,0,0,0,0,0,0,0,0,0,0,0,0,0,0,0,0,0,0,0,0,0,0,0,0,0,0,0,0,0,0,0,0,0,0,0,0,0,0,0,0,0,0,0,0,0
0,0,0,0,0,0,0,0,0,0,0,0,0,0,0,0,0,0,0,0,0,0,0,0,0,0,0,0,0,0,0,0,0,0,0,0,0,0,0,0,0,0,0,0,0,0,0,0,0,0,0,0,0,0,0,0,0,0,0,0,0,0,0,0,0,0,0,0,0,0,0,0,0,0,0,0,0,0,0,0,0,0,0,0,0,0,0,0,0,0,0,0,0,0,0,0,0,0,0,0,0,0,0,0,0,0,0,0,0,0,0,0,0,0,0,0,0,0,0,0,0,0,0,0,0,0,0,0,0,0,0,0,0,0,0,0,0,0,0,0,0,0,0,0,0,0,0,0,0,0,0,0,0,0,0,0,0,0,0,0,0,0,0,0,0,0,0,0,0,0,0,0,0,0,0,0,0,0,0,0
0,0,0,0,0,0,0,0,0,0,0,0,0,0,0,0,0,0,0,0,0,0,0,0,0,0,0,0,0,0,0,0,0,0,0,0,0,0,0,0,0,0,0,0,0,0,0,0,0,0,0,0,0,0,0,0,0,0,0,0,0,0,0,0,0,0,0,0,0,0,0,0,0,0,0,0,0,0,0,0,0,0,0,0,0,0,0,0,0,0,0,0,0,0,0,0,0,0,0,0,0,0,0,0,0,0,0,0,0,0,0,0,0,0,0,0,0,0,0,0,0,0,0,0,0,0,0,0,0,0,0,0,0,0,0,0,0,0,0,0,0,0,0,0,0,0,0,0,0,0,0,0,0,0,0,0,0,0,0,0,0,0,0,0,0,0,0,0,0,0,0,0,0,0,0,0,0,0,0,0
0,0,0,0,0,0,0,0,0,0,0,0,0,0,0,0,0,0,0,0,0,0,0,0,0,0,0,0,0,0,0,0,0,0,0,0,0,0,0,0,0,0,0,0,0,0,0,0,0,0,0,0,0,0,0,0,0,0,0,0,0,0,0,0,0,0,0,0,0,0,0,0,0,0,0,0,0,0,0,0,0,0,0,0,0,0,0,0,0,0,0,0,0,0,0,0,0,0,0,0,0,0,0,0,0,0,0,0,0,0,0,0,0,0,0,0,0,0,0,0,0,0,0,0,0,0,0,0,0,0,0,0,0,0,0,0,0,0,0,0,0,0,0,0,0,0,0,0,0,0,0,0,0,0,0,0,0,0,0,0,0,0,0,0,0,0,0,0,0,0,0,0,0,0,0,0,0,0,0,0
0,0,0,0,0,0,0,0,0,0,0,0,0,0,0,0,0,0,0,0,0,0,0,0,0,0,0,0,0,0,0,0,0,0,0,0,0,0,0,0,0,0,0,0,0,0,0,0,0,0,0,0,0,0,0,0,0,0,0,0,0,0,0,0,0,0,0,0,0,0,0,0,0,0,0,0,0,0,0,0,0,0,0,0,0,0,0,0,0,0,0,0,0,0,0,0,0,0,0,0,0,0,0,0,0,0,0,0,0,0,0,0,0,0,0,0,0,0,0,0,0,0,0,0,0,0,0,0,0,0,0,0,0,0,0,0,0,0,0,0,0,0,0,0,0,0,0,0,0,0,0,0,0,0,0,0,0,0,0,0,0,0,0,0,0,0,0,0,0,0,0,0,0,0,0,0,0,0,0,0
0,0,0,0,0,0,0,0,0,0,0,0,0,0,0,0,0,0,0,0,0,0,0,0,0,0,0,0,0,0,0,0,0,0,0,0,0,0,0,0,0,0,0,0,0,0,0,0,0,0,0,0,0,0,0,0,0,0,0,0,0,0,0,0,0,0,0,0,0,0,0,0,0,0,0,0,0,0,0,0,0,0,0,0,0,0,0,0,0,0,0,0,0,0,0,0,0,0,0,0,0,0,0,0,0,0,0,0,0,0,0,0,0,0,0,0,0,0,0,0,0,0,0,0,0,0,0,0,0,0,0,0,0,0,0,0,0,0,0,0,0,0,0,0,0,0,0,0,0,0,0,0,0,0,0,0,0,0,0,0,0,0,0,0,0,0,0,0,0,0,0,0,0,0,0,0,0,0,0,0
0,0,0,0,0,0,0,0,0,0,0,0,0,0,0,0,0,0,0,0,0,0,0,0,0,0,0,0,0,0,0,0,0,0,0,0,0,0,0,0,0,0,0,0,0,0,0,0,0,0,0,0,0,0,0,0,0,0,0,0,0,0,0,0,0,0,0,0,0,0,0,0,0,0,0,0,0,0,0,0,0,0,0,0,0,0,0,0,0,0,0,0,0,0,0,0,0,0,0,0,0,0,0,0,0,0,0,0,0,0,0,0,0,0,0,0,0,0,0,0,0,0,0,0,0,0,0,0,0,0,0,0,0,0,0,0,0,0,0,0,0,0,0,0,0,0,0,0,0,0,0,0,0,0,0,0,0,0,0,0,0,0,0,0,0,0,0,0,0,0,0,0,0,0,0,0,0,0,0,0
0,0,0,0,0,0,0,0,0,0,0,0,0,0,0,0,0,0,0,0,0,0,0,0,0,0,0,0,0,0,0,0,0,0,0,0,0,0,0,0,0,0,0,0,0,0,0,0,0,0,0,0,0,0,0,0,0,0,0,0,0,0,0,0,0,0,0,0,0,0,0,0,0,0,0,0,0,0,0,0,0,0,0,0,0,0,0,0,0,0,0,0,0,0,0,0,0,0,0,0,0,0,0,0,0,0,0,0,0,0,0,0,0,0,0,0,0,0,0,0,0,0,0,0,0,0,0,0,0,0,0,0,0,0,0,0,0,0,0,0,0,0,0,0,0,0,0,0,0,0,0,0,0,0,0,0,0,0,0,0,0,0,0,0,0,0,0,0,0,0,0,0,0,0,0,0,0,0,0,0
0,0,0,0,0,0,0,0,0,0,0,0,0,0,0,0,0,0,0,0,0,0,0,0,0,0,0,0,0,0,0,0,0,0,0,0,0,0,0,0,0,0,0,0,0,0,0,0,0,0,0,0,0,0,0,0,0,0,0,0,0,0,0,0,0,0,0,0,0,0,0,0,0,0,0,0,0,0,0,0,0,0,0,0,0,0,0,0,0,0,0,0,0,0,0,0,0,0,0,0,0,0,0,0,0,0,0,0,0,0,0,0,0,0,0,0,0,0,0,0,0,0,0,0,0,0,0,0,0,0,0,0,0,0,0,0,0,0,0,0,0,0,0,0,0,0,0,0,0,0,0,0,0,0,0,0,0,0,0,0,0,0,0,0,0,0,0,0,0,0,0,0,0,0,0,0,0,0,0,0
0,0,0,0,0,0,0,0,0,0,0,0,0,0,0,0,0,0,0,0,0,0,0,0,0,0,0,0,0,0,0,0,0,0,0,0,0,0,0,0,0,0,0,0,0,0,0,0,0,0,0,0,0,0,0,0,0,0,0,0,0,0,0,0,0,0,0,0,0,0,0,0,0,0,0,0,0,0,0,0,0,0,0,0,0,0,0,0,0,0,0,0,0,0,0,0,0,0,0,0,0,0,0,0,0,0,0,0,0,0,0,0,0,0,0,0,0,0,0,0,0,0,0,0,0,0,0,0,0,0,0,0,0,0,0,0,0,0,0,0,0,0,0,0,0,0,0,0,0,0,0,0,0,0,0,0,0,0,0,0,0,0,0,0,0,0,0,0,0,0,0,0,0,0,0,0,0,0,0,0
0,0,0,0,0,0,0,0,0,0,0,0,0,0,0,0,0,0,0,0,0,0,0,0,0,0,0,0,0,0,0,0,0,0,0,0,0,0,0,0,0,0,0,0,0,0,0,0,0,0,0,0,0,0,0,0,0,0,0,0,0,0,0,0,0,0,0,0,0,0,0,0,0,0,0,0,0,0,0,0,0,0,0,0,0,0,0,0,0,0,0,0,0,0,0,0,0,0,0,0,0,0,0,0,0,0,0,0,0,0,0,0,0,0,0,0,0,0,0,0,0,0,0,0,0,0,0,0,0,0,0,0,0,0,0,0,0,0,0,0,0,0,0,0,0,0,0,0,0,0,0,0,0,0,0,0,0,0,0,0,0,0,0,0,0,0,0,0,0,0,0,0,0,0,0,0,0,0,0,0
0,0,0,0,0,0,0,0,0,0,0,0,0,0,0,0,0,0,0,0,0,0,0,0,0,0,0,0,0,0,0,0,0,0,0,0,0,0,0,0,0,0,0,0,0,0,0,0,0,0,0,0,0,0,0,0,0,0,0,0,0,0,0,0,0,0,0,0,0,0,0,0,0,0,0,0,0,0,0,0,0,0,0,0,0,0,0,0,0,0,0,0,0,0,0,0,0,0,0,0,0,0,0,0,0,0,0,0,0,0,0,0,0,0,0,0,0,0,0,0,0,0,0,0,0,0,0,0,0,0,0,0,0,0,0,0,0,0,0,0,0,0,0,0,0,0,0,0,0,0,0,0,0,0,0,0,0,0,0,0,0,0,0,0,0,0,0,0,0,0,0,0,0,0,0,0,0,0,0,0
0,0,0,0,0,0,0,0,0,0,0,0,0,0,0,0,0,0,0,0,0,0,0,0,0,0,0,0,0,0,0,0,0,0,0,0,0,0,0,0,0,0,0,0,0,0,0,0,0,0,0,0,0,0,0,0,0,0,0,0,0,0,0,0,0,0,0,0,0,0,0,0,0,0,0,0,0,0,0,0,0,0,0,0,0,0,0,0,0,0,0,0,0,0,0,0,0,0,0,0,0,0,0,0,0,0,0,0,0,0,0,0,0,0,0,0,0,0,0,0,0,0,0,0,0,0,0,0,0,0,0,0,0,0,0,0,0,0,0,0,0,0,0,0,0,0,0,0,0,0,0,0,0,0,0,0,0,0,0,0,0,0,0,0,0,0,0,0,0,0,0,0,0,0,0,0,0,0,0,0
0,0,0,0,0,0,0,0,0,0,0,0,0,0,0,0,0,0,0,0,0,0,0,0,0,0,0,0,0,0,0,0,0,0,0,0,0,0,0,0,0,0,0,0,0,0,0,0,0,0,0,0,0,0,0,0,0,0,0,0,0,0,0,0,0,0,0,0,0,0,0,0,0,0,0,0,0,0,0,0,0,0,0,0,0,0,0,0,0,0,0,0,0,0,0,0,0,0,0,0,0,0,0,0,0,0,0,0,0,0,0,0,0,0,0,0,0,0,0,0,0,0,0,0,0,0,0,0,0,0,0,0,0,0,0,0,0,0,0,0,0,0,0,0,0,0,0,0,0,0,0,0,0,0,0,0,0,0,0,0,0,0,0,0,0,0,0,0,0,0,0,0,0,0,0,0,0,0,0,0
0,0,0,0,0,0,0,0,0,0,0,0,0,0,0,0,0,0,0,0,0,0,0,0,0,0,0,0,0,0,0,0,0,0,0,0,0,0,0,0,0,0,0,0,0,0,0,0,0,0,0,0,0,0,0,0,0,0,0,0,0,0,0,0,0,0,0,0,0,0,0,0,0,0,0,0,0,0,0,0,0,0,0,0,0,0,0,0,0,0,0,0,0,0,0,0,0,0,0,0,0,0,0,0,0,0,0,0,0,0,0,0,0,0,0,0,0,0,0,0,0,0,0,0,0,0,0,0,0,0,0,0,0,0,0,0,0,0,0,0,0,0,0,0,0,0,0,0,0,0,0,0,0,0,0,0,0,0,0,0,0,0,0,0,0,0,0,0,0,0,0,0,0,0,0,0,0,0,0,0
0,0,0,0,0,0,0,0,0,0,0,0,0,0,0,0,0,0,0,0,0,0,0,0,0,0,0,0,0,0,0,0,0,0,0,0,0,0,0,0,0,0,0,0,0,0,0,0,0,0,0,0,0,0,0,0,0,0,0,0,0,0,0,0,0,0,0,0,0,0,0,0,0,0,0,0,0,0,0,0,0,0,0,0,0,0,0,0,0,0,0,0,0,0,0,0,0,0,0,0,0,0,0,0,0,0,0,0,0,0,0,0,0,0,0,0,0,0,0,0,0,0,0,0,0,0,0,0,0,0,0,0,0,0,0,0,0,0,0,0,0,0,0,0,0,0,0,0,0,0,0,0,0,0,0,0,0,0,0,0,0,0,0,0,0,0,0,0,0,0,0,0,0,0,0,0,0,0,0,0
0,0,0,0,0,0,0,0,0,0,0,0,0,0,0,0,0,0,0,0,0,0,0,0,0,0,0,0,0,0,0,0,0,0,0,0,0,0,0,0,0,0,0,0,0,0,0,0,0,0,0,0,0,0,0,0,0,0,0,0,0,0,0,0,0,0,0,0,0,0,0,0,0,0,0,0,0,0,0,0,0,0,0,0,0,0,0,0,0,0,0,0,0,0,0,0,0,0,0,0,0,0,0,0,0,0,0,0,0,0,0,0,0,0,0,0,0,0,0,0,0,0,0,0,0,0,0,0,0,0,0,0,0,0,0,0,0,0,0,0,0,0,0,0,0,0,0,0,0,0,0,0,0,0,0,0,0,0,0,0,0,0,0,0,0,0,0,0,0,0,0,0,0,0,0,0,0,0,0,0
0,0,0,0,0,0,0,0,0,0,0,0,0,0,0,0,0,0,0,0,0,0,0,0,0,0,0,0,0,0,0,0,0,0,0,0,0,0,0,0,0,0,0,0,0,0,0,0,0,0,0,0,0,0,0,0,0,0,0,0,0,0,0,0,0,0,0,0,0,0,0,0,0,0,0,0,0,0,0,0,0,0,0,0,0,0,0,0,0,0,0,0,0,0,0,0,0,0,0,0,0,0,0,0,0,0,0,0,0,0,0,0,0,0,0,0,0,0,0,0,0,0,0,0,0,0,0,0,0,0,0,0,0,0,0,0,0,0,0,0,0,0,0,0,0,0,0,0,0,0,0,0,0,0,0,0,0,0,0,0,0,0,0,0,0,0,0,0,0,0,0,0,0,0,0,0,0,0,0,0
0,0,0,0,0,0,0,0,0,0,0,0,0,0,0,0,0,0,0,0,0,0,0,0,0,0,0,0,0,0,0,0,0,0,0,0,0,0,0,0,0,0,0,0,0,0,0,0,0,0,0,0,0,0,0,0,0,0,0,0,0,0,0,0,0,0,0,0,0,0,0,0,0,0,0,0,0,0,0,0,0,0,0,0,0,0,0,0,0,0,0,0,0,0,0,0,0,0,0,0,0,0,0,0,0,0,0,0,0,0,0,0,0,0,0,0,0,0,0,0,0,0,0,0,0,0,0,0,0,0,0,0,0,0,0,0,0,0,0,0,0,0,0,0,0,0,0,0,0,0,0,0,0,0,0,0,0,0,0,0,0,0,0,0,0,0,0,0,0,0,0,0,0,0,0,0,0,0,0,0
0,0,0,0,0,0,0,0,0,0,0,0,0,0,0,0,0,0,0,0,0,0,0,0,0,0,0,0,0,0,0,0,0,0,0,0,0,0,0,0,0,0,0,0,0,0,0,0,0,0,0,0,0,0,0,0,0,0,0,0,0,0,0,0,0,0,0,0,0,0,0,0,0,0,0,0,0,0,0,0,0,0,0,0,0,0,0,0,0,0,0,0,0,0,0,0,0,0,0,0,0,0,0,0,0,0,0,0,0,0,0,0,0,0,0,0,0,0,0,0,0,0,0,0,0,0,0,0,0,0,0,0,0,0,0,0,0,0,0,0,0,0,0,0,0,0,0,0,0,0,0,0,0,0,0,0,0,0,0,0,0,0,0,0,0,0,0,0,0,0,0,0,0,0,0,0,0,0,0,0
0,0,0,0,0,0,0,0,0,0,0,0,0,0,0,0,0,0,0,0,0,0,0,0,0,0,0,0,0,0,0,0,0,0,0,0,0,0,0,0,0,0,0,0,0,0,0,0,0,0,0,0,0,0,0,0,0,0,0,0,0,0,0,0,0,0,0,0,0,0,0,0,0,0,0,0,0,0,0,0,0,0,0,0,0,0,0,0,0,0,0,0,0,0,0,0,0,0,0,0,0,0,0,0,0,0,0,0,0,0,0,0,0,0,0,0,0,0,0,0,0,0,0,0,0,0,0,0,0,0,0,0,0,0,0,0,0,0,0,0,0,0,0,0,0,0,0,0,0,0,0,0,0,0,0,0,0,0,0,0,0,0,0,0,0,0,0,0,0,0,0,0,0,0,0,0,0,0,0,0
0,0,0,0,0,0,0,0,0,0,0,0,0,0,0,0,0,0,0,0,0,0,0,0,0,0,0,0,0,0,0,0,0,0,0,0,0,0,0,0,0,0,0,0,0,0,0,0,0,0,0,0,0,0,0,0,0,0,0,0,0,0,0,0,0,0,0,0,0,0,0,0,0,0,0,0,0,0,0,0,0,0,0,0,0,0,0,0,0,0,0,0,0,0,0,0,0,0,0,0,0,0,0,0,0,0,0,0,0,0,0,0,0,0,0,0,0,0,0,0,0,0,0,0,0,0,0,0,0,0,0,0,0,0,0,0,0,0,0,0,0,0,0,0,0,0,0,0,0,0,0,0,0,0,0,0,0,0,0,0,0,0,0,0,0,0,0,0,0,0,0,0,0,0,0,0,0,0,0,0
0,0,0,0,0,0,0,0,0,0,0,0,0,0,0,0,0,0,0,0,0,0,0,0,0,0,0,0,0,0,0,0,0,0,0,0,0,0,0,0,0,0,0,0,0,0,0,0,0,0,0,0,0,0,0,0,0,0,0,0,0,0,0,0,0,0,0,0,0,0,0,0,0,0,0,0,0,0,0,0,0,0,0,0,0,0,0,0,0,0,0,0,0,0,0,0,0,0,0,0,0,0,0,0,0,0,0,0,0,0,0,0,0,0,0,0,0,0,0,0,0,0,0,0,0,0,0,0,0,0,0,0,0,0,0,0,0,0,0,0,0,0,0,0,0,0,0,0,0,0,0,0,0,0,0,0,0,0,0,0,0,0,0,0,0,0,0,0,0,0,0,0,0,0,0,0,0,0,0,0
0,0,0,0,0,0,0,0,0,0,0,0,0,0,0,0,0,0,0,0,0,0,0,0,0,0,0,0,0,0,0,0,0,0,0,0,0,0,0,0,0,0,0,0,0,0,0,0,0,0,0,0,0,0,0,0,0,0,0,0,0,0,0,0,0,0,0,0,0,0,0,0,0,0,0,0,0,0,0,0,0,0,0,0,0,0,0,0,0,0,0,0,0,0,0,0,0,0,0,0,0,0,0,0,0,0,0,0,0,0,0,0,0,0,0,0,0,0,0,0,0,0,0,0,0,0,0,0,0,0,0,0,0,0,0,0,0,0,0,0,0,0,0,0,0,0,0,0,0,0,0,0,0,0,0,0,0,0,0,0,0,0,0,0,0,0,0,0,0,0,0,0,0,0,0,0,0,0,0,0
0,0,0,0,0,0,0,0,0,0,0,0,0,0,0,0,0,0,0,0,0,0,0,0,0,0,0,0,0,0,0,0,0,0,0,0,0,0,0,0,0,0,0,0,0,0,0,0,0,0,0,0,0,0,0,0,0,0,0,0,0,0,0,0,0,0,0,0,0,0,0,0,0,0,0,0,0,0,0,0,0,0,0,0,0,0,0,0,0,0,0,0,0,0,0,0,0,0,0,0,0,0,0,0,0,0,0,0,0,0,0,0,0,0,0,0,0,0,0,0,0,0,0,0,0,0,0,0,0,0,0,0,0,0,0,0,0,0,0,0,0,0,0,0,0,0,0,0,0,0,0,0,0,0,0,0,0,0,0,0,0,0,0,0,0,0,0,0,0,0,0,0,0,0,0,0,0,0,0,0
0,0,0,0,0,0,0,0,0,0,0,0,0,0,0,0,0,0,0,0,0,0,0,0,0,0,0,0,0,0,0,0,0,0,0,0,0,0,0,0,0,0,0,0,0,0,0,0,0,0,0,0,0,0,0,0,0,0,0,0,0,0,0,0,0,0,0,0,0,0,0,0,0,0,0,0,0,0,0,0,0,0,0,0,0,0,0,0,0,0,0,0,0,0,0,0,0,0,0,0,0,0,0,0,0,0,0,0,0,0,0,0,0,0,0,0,0,0,0,0,0,0,0,0,0,0,0,0,0,0,0,0,0,0,0,0,0,0,0,0,0,0,0,0,0,0,0,0,0,0,0,0,0,0,0,0,0,0,0,0,0,0,0,0,0,0,0,0,0,0,0,0,0,0,0,0,0,0,0,0
0,0,0,0,0,0,0,0,0,0,0,0,0,0,0,0,0,0,0,0,0,0,0,0,0,0,0,0,0,0,0,0,0,0,0,0,0,0,0,0,0,0,0,0,0,0,0,0,0,0,0,0,0,0,0,0,0,0,0,0,0,0,0,0,0,0,0,0,0,0,0,0,0,0,0,0,0,0,0,0,0,0,0,0,0,0,0,0,0,0,0,0,0,0,0,0,0,0,0,0,0,0,0,0,0,0,0,0,0,0,0,0,0,0,0,0,0,0,0,0,0,0,0,0,0,0,0,0,0,0,0,0,0,0,0,0,0,0,0,0,0,0,0,0,0,0,0,0,0,0,0,0,0,0,0,0,0,0,0,0,0,0,0,0,0,0,0,0,0,0,0,0,0,0,0,0,0,0,0,0
0,0,0,0,0,0,0,0,0,0,0,0,0,0,0,0,0,0,0,0,0,0,0,0,0,0,0,0,0,0,0,0,0,0,0,0,0,0,0,0,0,0,0,0,0,0,0,0,0,0,0,0,0,0,0,0,0,0,0,0,0,0,0,0,0,0,0,0,0,0,0,0,0,0,0,0,0,0,0,0,0,0,0,0,0,0,0,0,0,0,0,0,0,0,0,0,0,0,0,0,0,0,0,0,0,0,0,0,0,0,0,0,0,0,0,0,0,0,0,0,0,0,0,0,0,0,0,0,0,0,0,0,0,0,0,0,0,0,0,0,0,0,0,0,0,0,0,0,0,0,0,0,0,0,0,0,0,0,0,0,0,0,0,0,0,0,0,0,0,0,0,0,0,0,0,0,0,0,0,0
0,0,0,0,0,0,0,0,0,0,0,0,0,0,0,0,0,0,0,0,0,0,0,0,0,0,0,0,0,0,0,0,0,0,0,0,0,0,0,0,0,0,0,0,0,0,0,0,0,0,0,0,0,0,0,0,0,0,0,0,0,0,0,0,0,0,0,0,0,0,0,0,0,0,0,0,0,0,0,0,0,0,0,0,0,0,0,0,0,0,0,0,0,0,0,0,0,0,0,0,0,0,0,0,0,0,0,0,0,0,0,0,0,0,0,0,0,0,0,0,0,0,0,0,0,0,0,0,0,0,0,0,0,0,0,0,0,0,0,0,0,0,0,0,0,0,0,0,0,0,0,0,0,0,0,0,0,0,0,0,0,0,0,0,0,0,0,0,0,0,0,0,0,0,0,0,0,0,0,0
0,0,0,0,0,0,0,0,0,0,0,0,0,0,0,0,0,0,0,0,0,0,0,0,0,0,0,0,0,0,0,0,0,0,0,0,0,0,0,0,0,0,0,0,0,0,0,0,0,0,0,0,0,0,0,0,0,0,0,0,0,0,0,0,0,0,0,0,0,0,0,0,0,0,0,0,0,0,0,0,0,0,0,0,0,0,0,0,0,0,0,0,0,0,0,0,0,0,0,0,0,0,0,0,0,0,0,0,0,0,0,0,0,0,0,0,0,0,0,0,0,0,0,0,0,0,0,0,0,0,0,0,0,0,0,0,0,0,0,0,0,0,0,0,0,0,0,0,0,0,0,0,0,0,0,0,0,0,0,0,0,0,0,0,0,0,0,0,0,0,0,0,0,0,0,0,0,0,0,0
0,0,0,0,0,0,0,0,0,0,0,0,0,0,0,0,0,0,0,0,0,0,0,0,0,0,0,0,0,0,0,0,0,0,0,0,0,0,0,0,0,0,0,0,0,0,0,0,0,0,0,0,0,0,0,0,0,0,0,0,0,0,0,0,0,0,0,0,0,0,0,0,0,0,0,0,0,0,0,0,0,0,0,0,0,0,0,0,0,0,0,0,0,0,0,0,0,0,0,0,0,0,0,0,0,0,0,0,0,0,0,0,0,0,0,0,0,0,0,0,0,0,0,0,0,0,0,0,0,0,0,0,0,0,0,0,0,0,0,0,0,0,0,0,0,0,0,0,0,0,0,0,0,0,0,0,0,0,0,0,0,0,0,0,0,0,0,0,0,0,0,0,0,0,0,0,0,0,0,0
0,0,0,0,0,0,0,0,0,0,0,0,0,0,0,0,0,0,0,0,0,0,0,0,0,0,0,0,0,0,0,0,0,0,0,0,0,0,0,0,0,0,0,0,0,0,0,0,0,0,0,0,0,0,0,0,0,0,0,0,0,0,0,0,0,0,0,0,0,0,0,0,0,0,0,0,0,0,0,0,0,0,0,0,0,0,0,0,0,0,0,0,0,0,0,0,0,0,0,0,0,0,0,0,0,0,0,0,0,0,0,0,0,0,0,0,0,0,0,0,0,0,0,0,0,0,0,0,0,0,0,0,0,0,0,0,0,0,0,0,0,0,0,0,0,0,0,0,0,0,0,0,0,0,0,0,0,0,0,0,0,0,0,0,0,0,0,0,0,0,0,0,0,0,0,0,0,0,0,0
0,0,0,0,0,0,0,0,0,0,0,0,0,0,0,0,0,0,0,0,0,0,0,0,0,0,0,0,0,0,0,0,0,0,0,0,0,0,0,0,0,0,0,0,0,0,0,0,0,0,0,0,0,0,0,0,0,0,0,0,0,0,0,0,0,0,0,0,0,0,0,0,0,0,0,0,0,0,0,0,0,0,0,0,0,0,0,0,0,0,0,0,0,0,0,0,0,0,0,0,0,0,0,0,0,0,0,0,0,0,0,0,0,0,0,0,0,0,0,0,0,0,0,0,0,0,0,0,0,0,0,0,0,0,0,0,0,0,0,0,0,0,0,0,0,0,0,0,0,0,0,0,0,0,0,0,0,0,0,0,0,0,0,0,0,0,0,0,0,0,0,0,0,0,0,0,0,0,0,0
0,0,0,0,0,0,0,0,0,0,0,0,0,0,0,0,0,0,0,0,0,0,0,0,0,0,0,0,0,0,0,0,0,0,0,0,0,0,0,0,0,0,0,0,0,0,0,0,0,0,0,0,0,0,0,0,0,0,0,0,0,0,0,0,0,0,0,0,0,0,0,0,0,0,0,0,0,0,0,0,0,0,0,0,0,0,0,0,0,0,0,0,0,0,0,0,0,0,0,0,0,0,0,0,0,0,0,0,0,0,0,0,0,0,0,0,0,0,0,0,0,0,0,0,0,0,0,0,0,0,0,0,0,0,0,0,0,0,0,0,0,0,0,0,0,0,0,0,0,0,0,0,0,0,0,0,0,0,0,0,0,0,0,0,0,0,0,0,0,0,0,0,0,0,0,0,0,0,0,0
0,0,0,0,0,0,0,0,0,0,0,0,0,0,0,0,0,0,0,0,0,0,0,0,0,0,0,0,0,0,0,0,0,0,0,0,0,0,0,0,0,0,0,0,0,0,0,0,0,0,0,0,0,0,0,0,0,0,0,0,0,0,0,0,0,0,0,0,0,0,0,0,0,0,0,0,0,0,0,0,0,0,0,0,0,0,0,0,0,0,0,0,0,0,0,0,0,0,0,0,0,0,0,0,0,0,0,0,0,0,0,0,0,0,0,0,0,0,0,0,0,0,0,0,0,0,0,0,0,0,0,0,0,0,0,0,0,0,0,0,0,0,0,0,0,0,0,0,0,0,0,0,0,0,0,0,0,0,0,0,0,0,0,0,0,0,0,0,0,0,0,0,0,0,0,0,0,0,0,0
0,0,0,0,0,0,0,0,0,0,0,0,0,0,0,0,0,0,0,0,0,0,0,0,0,0,0,0,0,0,0,0,0,0,0,0,0,0,0,0,0,0,0,0,0,0,0,0,0,0,0,0,0,0,0,0,0,0,0,0,0,0,0,0,0,0,0,0,0,0,0,0,0,0,0,0,0,0,0,0,0,0,0,0,0,0,0,0,0,0,0,0,0,0,0,0,0,0,0,0,0,0,0,0,0,0,0,0,0,0,0,0,0,0,0,0,0,0,0,0,0,0,0,0,0,0,0,0,0,0,0,0,0,0,0,0,0,0,0,0,0,0,0,0,0,0,0,0,0,0,0,0,0,0,0,0,0,0,0,0,0,0,0,0,0,0,0,0,0,0,0,0,0,0,0,0,0,0,0,0
0,0,0,0,0,0,0,0,0,0,0,0,0,0,0,0,0,0,0,0,0,0,0,0,0,0,0,0,0,0,0,0,0,0,0,0,0,0,0,0,0,0,0,0,0,0,0,0,0,0,0,0,0,0,0,0,0,0,0,0,0,0,0,0,0,0,0,0,0,0,0,0,0,0,0,0,0,0,0,0,0,0,0,0,0,0,0,0,0,0,0,0,0,0,0,0,0,0,0,0,0,0,0,0,0,0,0,0,0,0,0,0,0,0,0,0,0,0,0,0,0,0,0,0,0,0,0,0,0,0,0,0,0,0,0,0,0,0,0,0,0,0,0,0,0,0,0,0,0,0,0,0,0,0,0,0,0,0,0,0,0,0,0,0,0,0,0,0,0,0,0,0,0,0,0,0,0,0,0,0
0,0,0,0,0,0,0,0,0,0,0,0,0,0,0,0,0,0,0,0,0,0,0,0,0,0,0,0,0,0,0,0,0,0,0,0,0,0,0,0,0,0,0,0,0,0,0,0,0,0,0,0,0,0,0,0,0,0,0,0,0,0,0,0,0,0,0,0,0,0,0,0,0,0,0,0,0,0,0,0,0,0,0,0,0,0,0,0,0,0,0,0,0,0,0,0,0,0,0,0,0,0,0,0,0,0,0,0,0,0,0,0,0,0,0,0,0,0,0,0,0,0,0,0,0,0,0,0,0,0,0,0,0,0,0,0,0,0,0,0,0,0,0,0,0,0,0,0,0,0,0,0,0,0,0,0,0,0,0,0,0,0,0,0,0,0,0,0,0,0,0,0,0,0,0,0,0,0,0,0
0,0,0,0,0,0,0,0,0,0,0,0,0,0,0,0,0,0,0,0,0,0,0,0,0,0,0,0,0,0,0,0,0,0,0,0,0,0,0,0,0,0,0,0,0,0,0,0,0,0,0,0,0,0,0,0,0,0,0,0,0,0,0,0,0,0,0,0,0,0,0,0,0,0,0,0,0,0,0,0,0,0,0,0,0,0,0,0,0,0,0,0,0,0,0,0,0,0,0,0,0,0,0,0,0,0,0,0,0,0,0,0,0,0,0,0,0,0,0,0,0,0,0,0,0,0,0,0,0,0,0,0,0,0,0,0,0,0,0,0,0,0,0,0,0,0,0,0,0,0,0,0,0,0,0,0,0,0,0,0,0,0,0,0,0,0,0,0,0,0,0,0,0,0,0,0,0,0,0,0
0,0,0,0,0,0,0,0,0,0,0,0,0,0,0,0,0,0,0,0,0,0,0,0,0,0,0,0,0,0,0,0,0,0,0,0,0,0,0,0,0,0,0,0,0,0,0,0,0,0,0,0,0,0,0,0,0,0,0,0,0,0,0,0,0,0,0,0,0,0,0,0,0,0,0,0,0,0,0,0,0,0,0,0,0,0,0,0,0,0,0,0,0,0,0,0,0,0,0,0,0,0,0,0,0,0,0,0,0,0,0,0,0,0,0,0,0,0,0,0,0,0,0,0,0,0,0,0,0,0,0,0,0,0,0,0,0,0,0,0,0,0,0,0,0,0,0,0,0,0,0,0,0,0,0,0,0,0,0,0,0,0,0,0,0,0,0,0,0,0,0,0,0,0,0,0,0,0,0,0
0,0,0,0,0,0,0,0,0,0,0,0,0,0,0,0,0,0,0,0,0,0,0,0,0,0,0,0,0,0,0,0,0,0,0,0,0,0,0,0,0,0,0,0,0,0,0,0,0,0,0,0,0,0,0,0,0,0,0,0,0,0,0,0,0,0,0,0,0,0,0,0,0,0,0,0,0,0,0,0,0,0,0,0,0,0,0,0,0,0,0,0,0,0,0,0,0,0,0,0,0,0,0,0,0,0,0,0,0,0,0,0,0,0,0,0,0,0,0,0,0,0,0,0,0,0,0,0,0,0,0,0,0,0,0,0,0,0,0,0,0,0,0,0,0,0,0,0,0,0,0,0,0,0,0,0,0,0,0,0,0,0,0,0,0,0,0,0,0,0,0,0,0,0,0,0,0,0,0,0
0,0,0,0,0,0,0,0,0,0,0,0,0,0,0,0,0,0,0,0,0,0,0,0,0,0,0,0,0,0,0,0,0,0,0,0,0,0,0,0,0,0,0,0,0,0,0,0,0,0,0,0,0,0,0,0,0,0,0,0,0,0,0,0,0,0,0,0,0,0,0,0,0,0,0,0,0,0,0,0,0,0,0,0,0,0,0,0,0,0,0,0,0,0,0,0,0,0,0,0,0,0,0,0,0,0,0,0,0,0,0,0,0,0,0,0,0,0,0,0,0,0,0,0,0,0,0,0,0,0,0,0,0,0,0,0,0,0,0,0,0,0,0,0,0,0,0,0,0,0,0,0,0,0,0,0,0,0,0,0,0,0,0,0,0,0,0,0,0,0,0,0,0,0,0,0,0,0,0,0
0,0,0,0,0,0,0,0,0,0,0,0,0,0,0,0,0,0,0,0,0,0,0,0,0,0,0,0,0,0,0,0,0,0,0,0,0,0,0,0,0,0,0,0,0,0,0,0,0,0,0,0,0,0,0,0,0,0,0,0,0,0,0,0,0,0,0,0,0,0,0,0,0,0,0,0,0,0,0,0,0,0,0,0,0,0,0,0,0,0,0,0,0,0,0,0,0,0,0,0,0,0,0,0,0,0,0,0,0,0,0,0,0,0,0,0,0,0,0,0,0,0,0,0,0,0,0,0,0,0,0,0,0,0,0,0,0,0,0,0,0,0,0,0,0,0,0,0,0,0,0,0,0,0,0,0,0,0,0,0,0,0,0,0,0,0,0,0,0,0,0,0,0,0,0,0,0,0,0,0
0,0,0,0,0,0,0,0,0,0,0,0,0,0,0,0,0,0,0,0,0,0,0,0,0,0,0,0,0,0,0,0,0,0,0,0,0,0,0,0,0,0,0,0,0,0,0,0,0,0,0,0,0,0,0,0,0,0,0,0,0,0,0,0,0,0,0,0,0,0,0,0,0,0,0,0,0,0,0,0,0,0,0,0,0,0,0,0,0,0,0,0,0,0,0,0,0,0,0,0,0,0,0,0,0,0,0,0,0,0,0,0,0,0,0,0,0,0,0,0,0,0,0,0,0,0,0,0,0,0,0,0,0,0,0,0,0,0,0,0,0,0,0,0,0,0,0,0,0,0,0,0,0,0,0,0,0,0,0,0,0,0,0,0,0,0,0,0,0,0,0,0,0,0,0,0,0,0,0,0
0,0,0,0,0,0,0,0,0,0,0,0,0,0,0,0,0,0,0,0,0,0,0,0,0,0,0,0,0,0,0,0,0,0,0,0,0,0,0,0,0,0,0,0,0,0,0,0,0,0,0,0,0,0,0,0,0,0,0,0,0,0,0,0,0,0,0,0,0,0,0,0,0,0,0,0,0,0,0,0,0,0,0,0,0,0,0,0,0,0,0,0,0,0,0,0,0,0,0,0,0,0,0,0,0,0,0,0,0,0,0,0,0,0,0,0,0,0,0,0,0,0,0,0,0,0,0,0,0,0,0,0,0,0,0,0,0,0,0,0,0,0,0,0,0,0,0,0,0,0,0,0,0,0,0,0,0,0,0,0,0,0,0,0,0,0,0,0,0,0,0,0,0,0,0,0,0,0,0,0
0,0,0,0,0,0,0,0,0,0,0,0,0,0,0,0,0,0,0,0,0,0,0,0,0,0,0,0,0,0,0,0,0,0,0,0,0,0,0,0,0,0,0,0,0,0,0,0,0,0,0,0,0,0,0,0,0,0,0,0,0,0,0,0,0,0,0,0,0,0,0,0,0,0,0,0,0,0,0,0,0,0,0,0,0,0,0,0,0,0,0,0,0,0,0,0,0,0,0,0,0,0,0,0,0,0,0,0,0,0,0,0,0,0,0,0,0,0,0,0,0,0,0,0,0,0,0,0,0,0,0,0,0,0,0,0,0,0,0,0,0,0,0,0,0,0,0,0,0,0,0,0,0,0,0,0,0,0,0,0,0,0,0,0,0,0,0,0,0,0,0,0,0,0,0,0,0,0,0,0
0,0,0,0,0,0,0,0,0,0,0,0,0,0,0,0,0,0,0,0,0,0,0,0,0,0,0,0,0,0,0,0,0,0,0,0,0,0,0,0,0,0,0,0,0,0,0,0,0,0,0,0,0,0,0,0,0,0,0,0,0,0,0,0,0,0,0,0,0,0,0,0,0,0,0,0,0,0,0,0,0,0,0,0,0,0,0,0,0,0,0,0,0,0,0,0,0,0,0,0,0,0,0,0,0,0,0,0,0,0,0,0,0,0,0,0,0,0,0,0,0,0,0,0,0,0,0,0,0,0,0,0,0,0,0,0,0,0,0,0,0,0,0,0,0,0,0,0,0,0,0,0,0,0,0,0,0,0,0,0,0,0,0,0,0,0,0,0,0,0,0,0,0,0,0,0,0,0,0,0
0,0,0,0,0,0,0,0,0,0,0,0,0,0,0,0,0,0,0,0,0,0,0,0,0,0,0,0,0,0,0,0,0,0,0,0,0,0,0,0,0,0,0,0,0,0,0,0,0,0,0,0,0,0,0,0,0,0,0,0,0,0,0,0,0,0,0,0,0,0,0,0,0,0,0,0,0,0,0,0,0,0,0,0,0,0,0,0,0,0,0,0,0,0,0,0,0,0,0,0,0,0,0,0,0,0,0,0,0,0,0,0,0,0,0,0,0,0,0,0,0,0,0,0,0,0,0,0,0,0,0,0,0,0,0,0,0,0,0,0,0,0,0,0,0,0,0,0,0,0,0,0,0,0,0,0,0,0,0,0,0,0,0,0,0,0,0,0,0,0,0,0,0,0,0,0,0,0,0,0
0,0,0,0,0,0,0,0,0,0,0,0,0,0,0,0,0,0,0,0,0,0,0,0,0,0,0,0,0,0,0,0,0,0,0,0,0,0,0,0,0,0,0,0,0,0,0,0,0,0,0,0,0,0,0,0,0,0,0,0,0,0,0,0,0,0,0,0,0,0,0,0,0,0,0,0,0,0,0,0,0,0,0,0,0,0,0,0,0,0,0,0,0,0,0,0,0,0,0,0,0,0,0,0,0,0,0,0,0,0,0,0,0,0,0,0,0,0,0,0,0,0,0,0,0,0,0,0,0,0,0,0,0,0,0,0,0,0,0,0,0,0,0,0,0,0,0,0,0,0,0,0,0,0,0,0,0,0,0,0,0,0,0,0,0,0,0,0,0,0,0,0,0,0,0,0,0,0,0,0
0,0,0,0,0,0,0,0,0,0,0,0,0,0,0,0,0,0,0,0,0,0,0,0,0,0,0,0,0,0,0,0,0,0,0,0,0,0,0,0,0,0,0,0,0,0,0,0,0,0,0,0,0,0,0,0,0,0,0,0,0,0,0,0,0,0,0,0,0,0,0,0,0,0,0,0,0,0,0,0,0,0,0,0,0,0,0,0,0,0,0,0,0,0,0,0,0,0,0,0,0,0,0,0,0,0,0,0,0,0,0,0,0,0,0,0,0,0,0,0,0,0,0,0,0,0,0,0,0,0,0,0,0,0,0,0,0,0,0,0,0,0,0,0,0,0,0,0,0,0,0,0,0,0,0,0,0,0,0,0,0,0,0,0,0,0,0,0,0,0,0,0,0,0,0,0,0,0,0,0
0,0,0,0,0,0,0,0,0,0,0,0,0,0,0,0,0,0,0,0,0,0,0,0,0,0,0,0,0,0,0,0,0,0,0,0,0,0,0,0,0,0,0,0,0,0,0,0,0,0,0,0,0,0,0,0,0,0,0,0,0,0,0,0,0,0,0,0,0,0,0,0,0,0,0,0,0,0,0,0,0,0,0,0,0,0,0,0,0,0,0,0,0,0,0,0,0,0,0,0,0,0,0,0,0,0,0,0,0,0,0,0,0,0,0,0,0,0,0,0,0,0,0,0,0,0,0,0,0,0,0,0,0,0,0,0,0,0,0,0,0,0,0,0,0,0,0,0,0,0,0,0,0,0,0,0,0,0,0,0,0,0,0,0,0,0,0,0,0,0,0,0,0,0,0,0,0,0,0,0
0,0,0,0,0,0,0,0,0,0,0,0,0,0,0,0,0,0,0,0,0,0,0,0,0,0,0,0,0,0,0,0,0,0,0,0,0,0,0,0,0,0,0,0,0,0,0,0,0,0,0,0,0,0,0,0,0,0,0,0,0,0,0,0,0,0,0,0,0,0,0,0,0,0,0,0,0,0,0,0,0,0,0,0,0,0,0,0,0,0,0,0,0,0,0,0,0,0,0,0,0,0,0,0,0,0,0,0,0,0,0,0,0,0,0,0,0,0,0,0,0,0,0,0,0,0,0,0,0,0,0,0,0,0,0,0,0,0,0,0,0,0,0,0,0,0,0,0,0,0,0,0,0,0,0,0,0,0,0,0,0,0,0,0,0,0,0,0,0,0,0,0,0,0,0,0,0,0,0,0
0,0,0,0,0,0,0,0,0,0,0,0,0,0,0,0,0,0,0,0,0,0,0,0,0,0,0,0,0,0,0,0,0,0,0,0,0,0,0,0,0,0,0,0,0,0,0,0,0,0,0,0,0,0,0,0,0,0,0,0,0,0,0,0,0,0,0,0,0,0,0,0,0,0,0,0,0,0,0,0,0,0,0,0,0,0,0,0,0,0,0,0,0,0,0,0,0,0,0,0,0,0,0,0,0,0,0,0,0,0,0,0,0,0,0,0,0,0,0,0,0,0,0,0,0,0,0,0,0,0,0,0,0,0,0,0,0,0,0,0,0,0,0,0,0,0,0,0,0,0,0,0,0,0,0,0,0,0,0,0,0,0,0,0,0,0,0,0,0,0,0,0,0,0,0,0,0,0,0,0
0,0,0,0,0,0,0,0,0,0,0,0,0,0,0,0,0,0,0,0,0,0,0,0,0,0,0,0,0,0,0,0,0,0,0,0,0,0,0,0,0,0,0,0,0,0,0,0,0,0,0,0,0,0,0,0,0,0,0,0,0,0,0,0,0,0,0,0,0,0,0,0,0,0,0,0,0,0,0,0,0,0,0,0,0,0,0,0,0,0,0,0,0,0,0,0,0,0,0,0,0,0,0,0,0,0,0,0,0,0,0,0,0,0,0,0,0,0,0,0,0,0,0,0,0,0,0,0,0,0,0,0,0,0,0,0,0,0,0,0,0,0,0,0,0,0,0,0,0,0,0,0,0,0,0,0,0,0,0,0,0,0,0,0,0,0,0,0,0,0,0,0,0,0,0,0,0,0,0,0
0,0,0,0,0,0,0,0,0,0,0,0,0,0,0,0,0,0,0,0,0,0,0,0,0,0,0,0,0,0,0,0,0,0,0,0,0,0,0,0,0,0,0,0,0,0,0,0,0,0,0,0,0,0,0,0,0,0,0,0,0,0,0,0,0,0,0,0,0,0,0,0,0,0,0,0,0,0,0,0,0,0,0,0,0,0,0,0,0,0,0,0,0,0,0,0,0,0,0,0,0,0,0,0,0,0,0,0,0,0,0,0,0,0,0,0,0,0,0,0,0,0,0,0,0,0,0,0,0,0,0,0,0,0,0,0,0,0,0,0,0,0,0,0,0,0,0,0,0,0,0,0,0,0,0,0,0,0,0,0,0,0,0,0,0,0,0,0,0,0,0,0,0,0,0,0,0,0,0,0
0,0,0,0,0,0,0,0,0,0,0,0,0,0,0,0,0,0,0,0,0,0,0,0,0,0,0,0,0,0,0,0,0,0,0,0,0,0,0,0,0,0,0,0,0,0,0,0,0,0,0,0,0,0,0,0,0,0,0,0,0,0,0,0,0,0,0,0,0,0,0,0,0,0,0,0,0,0,0,0,0,0,0,0,0,0,0,0,0,0,0,0,0,0,0,0,0,0,0,0,0,0,0,0,0,0,0,0,0,0,0,0,0,0,0,0,0,0,0,0,0,0,0,0,0,0,0,0,0,0,0,0,0,0,0,0,0,0,0,0,0,0,0,0,0,0,0,0,0,0,0,0,0,0,0,0,0,0,0,0,0,0,0,0,0,0,0,0,0,0,0,0,0,0,0,0,0,0,0,0
0,0,0,0,0,0,0,0,0,0,0,0,0,0,0,0,0,0,0,0,0,0,0,0,0,0,0,0,0,0,0,0,0,0,0,0,0,0,0,0,0,0,0,0,0,0,0,0,0,0,0,0,0,0,0,0,0,0,0,0,0,0,0,0,0,0,0,0,0,0,0,0,0,0,0,0,0,0,0,0,0,0,0,0,0,0,0,0,0,0,0,0,0,0,0,0,0,0,0,0,0,0,0,0,0,0,0,0,0,0,0,0,0,0,0,0,0,0,0,0,0,0,0,0,0,0,0,0,0,0,0,0,0,0,0,0,0,0,0,0,0,0,0,0,0,0,0,0,0,0,0,0,0,0,0,0,0,0,0,0,0,0,0,0,0,0,0,0,0,0,0,0,0,0,0,0,0,0,0,0
0,0,0,0,0,0,0,0,0,0,0,0,0,0,0,0,0,0,0,0,0,0,0,0,0,0,0,0,0,0,0,0,0,0,0,0,0,0,0,0,0,0,0,0,0,0,0,0,0,0,0,0,0,0,0,0,0,0,0,0,0,0,0,0,0,0,0,0,0,0,0,0,0,0,0,0,0,0,0,0,0,0,0,0,0,0,0,0,0,0,0,0,0,0,0,0,0,0,0,0,0,0,0,0,0,0,0,0,0,0,0,0,0,0,0,0,0,0,0,0,0,0,0,0,0,0,0,0,0,0,0,0,0,0,0,0,0,0,0,0,0,0,0,0,0,0,0,0,0,0,0,0,0,0,0,0,0,0,0,0,0,0,0,0,0,0,0,0,0,0,0,0,0,0,0,0,0,0,0,0
